plot,plot_section,plot_section_label,interval_order,month_start,month_end,genet,tag,genotype,species,month_start_date,month_end_date,source_files,match_types,actions,split_fuse_events,n_rows,plot_area_m2,taglab_area_units,area_start,area_end,area_start_m2,area_end_m2,present_start,present_end,survived_interval,died_interval,born_interval
Plot C,0-0,Plot C 0-0,1,November,April,0,NA,NA,Porites porites,2025-11-03,2026-04-03,Plot_C_Coki_PlotC_Survivorship_20251103_0-0-Coki_PlotC_Survivorship_20260403_0-0.csv,0-0,born,none,1,480,cm2,0,7.7175,0,7.7175e-4,FALSE,TRUE,FALSE,FALSE,TRUE
Plot C,0-0,Plot C 0-0,1,November,April,1,NA,NA,Porites porites,2025-11-03,2026-04-03,Plot_C_Coki_PlotC_Survivorship_20251103_0-0-Coki_PlotC_Survivorship_20260403_0-0.csv,0-0,born,none,1,480,cm2,0,11.3925,0,0.00113925,FALSE,TRUE,FALSE,FALSE,TRUE
Plot C,0-0,Plot C 0-0,1,November,April,10,NA,NA,Montastraea cavernosa,2025-11-03,2026-04-03,Plot_C_Coki_PlotC_Survivorship_20251103_0-0-Coki_PlotC_Survivorship_20260403_0-0.csv,0-0,born,none,1,480,cm2,0,4.6,0,4.5999999999999996e-4,FALSE,TRUE,FALSE,FALSE,TRUE
Plot C,0-0,Plot C 0-0,1,November,April,100,NA,NA,Porites porites,2025-11-03,2026-04-03,Plot_C_Coki_PlotC_Survivorship_20251103_0-0-Coki_PlotC_Survivorship_20260403_0-0.csv,0-0,born,none,1,480,cm2,0,4.8625,0,4.8625e-4,FALSE,TRUE,FALSE,FALSE,TRUE
Plot C,0-0,Plot C 0-0,1,November,April,101,NA,NA,Porites porites,2025-11-03,2026-04-03,Plot_C_Coki_PlotC_Survivorship_20251103_0-0-Coki_PlotC_Survivorship_20260403_0-0.csv,0-0,born,none,1,480,cm2,0,0.73,0,7.3e-5,FALSE,TRUE,FALSE,FALSE,TRUE
Plot C,0-0,Plot C 0-0,1,November,April,102,NA,NA,Porites porites,2025-11-03,2026-04-03,Plot_C_Coki_PlotC_Survivorship_20251103_0-0-Coki_PlotC_Survivorship_20260403_0-0.csv,0-0,born,none,1,480,cm2,0,5.9225,0,5.9225e-4,FALSE,TRUE,FALSE,FALSE,TRUE
Plot C,0-0,Plot C 0-0,1,November,April,103,NA,NA,Porites porites,2025-11-03,2026-04-03,Plot_C_Coki_PlotC_Survivorship_20251103_0-0-Coki_PlotC_Survivorship_20260403_0-0.csv,0-0,born,none,1,480,cm2,0,10.5125,0,0.0010512499999999999,FALSE,TRUE,FALSE,FALSE,TRUE
Plot C,0-0,Plot C 0-0,1,November,April,104,NA,NA,Porites porites,2025-11-03,2026-04-03,Plot_C_Coki_PlotC_Survivorship_20251103_0-0-Coki_PlotC_Survivorship_20260403_0-0.csv,0-0,born,none,1,480,cm2,0,3.335,0,3.335e-4,FALSE,TRUE,FALSE,FALSE,TRUE
Plot C,0-0,Plot C 0-0,1,November,April,105,NA,NA,Porites porites,2025-11-03,2026-04-03,Plot_C_Coki_PlotC_Survivorship_20251103_0-0-Coki_PlotC_Survivorship_20260403_0-0.csv,0-0,born,none,1,480,cm2,0,5.0375,0,5.0375e-4,FALSE,TRUE,FALSE,FALSE,TRUE
Plot C,0-0,Plot C 0-0,1,November,April,106,NA,NA,Porites porites,2025-11-03,2026-04-03,Plot_C_Coki_PlotC_Survivorship_20251103_0-0-Coki_PlotC_Survivorship_20260403_0-0.csv,0-0,born,none,1,480,cm2,0,6.5025,0,6.5025e-4,FALSE,TRUE,FALSE,FALSE,TRUE
Plot C,0-0,Plot C 0-0,1,November,April,107,NA,NA,Porites porites,2025-11-03,2026-04-03,Plot_C_Coki_PlotC_Survivorship_20251103_0-0-Coki_PlotC_Survivorship_20260403_0-0.csv,0-0,born,none,1,480,cm2,0,4.435,0,4.4349999999999994e-4,FALSE,TRUE,FALSE,FALSE,TRUE
Plot C,0-0,Plot C 0-0,1,November,April,108,NA,NA,Porites porites,2025-11-03,2026-04-03,Plot_C_Coki_PlotC_Survivorship_20251103_0-0-Coki_PlotC_Survivorship_20260403_0-0.csv,0-0,born,none,1,480,cm2,0,6.185,0,6.184999999999999e-4,FALSE,TRUE,FALSE,FALSE,TRUE
Plot C,0-0,Plot C 0-0,1,November,April,109,NA,NA,Porites porites,2025-11-03,2026-04-03,Plot_C_Coki_PlotC_Survivorship_20251103_0-0-Coki_PlotC_Survivorship_20260403_0-0.csv,0-0,born,none,1,480,cm2,0,7.61,0,7.610000000000001e-4,FALSE,TRUE,FALSE,FALSE,TRUE
Plot C,0-0,Plot C 0-0,1,November,April,11,NA,NA,Montastraea cavernosa,2025-11-03,2026-04-03,Plot_C_Coki_PlotC_Survivorship_20251103_0-0-Coki_PlotC_Survivorship_20260403_0-0.csv,0-0,born,none,1,480,cm2,0,4.7125,0,4.7125000000000004e-4,FALSE,TRUE,FALSE,FALSE,TRUE
Plot C,0-0,Plot C 0-0,1,November,April,110,NA,NA,Porites porites,2025-11-03,2026-04-03,Plot_C_Coki_PlotC_Survivorship_20251103_0-0-Coki_PlotC_Survivorship_20260403_0-0.csv,0-0,born,none,1,480,cm2,0,1.41,0,1.4099999999999998e-4,FALSE,TRUE,FALSE,FALSE,TRUE
Plot C,0-0,Plot C 0-0,1,November,April,111,NA,NA,Porites porites,2025-11-03,2026-04-03,Plot_C_Coki_PlotC_Survivorship_20251103_0-0-Coki_PlotC_Survivorship_20260403_0-0.csv,0-0,born,none,1,480,cm2,0,1.1675,0,1.1674999999999999e-4,FALSE,TRUE,FALSE,FALSE,TRUE
Plot C,0-0,Plot C 0-0,1,November,April,112,NA,NA,Porites porites,2025-11-03,2026-04-03,Plot_C_Coki_PlotC_Survivorship_20251103_0-0-Coki_PlotC_Survivorship_20260403_0-0.csv,0-0,born,none,1,480,cm2,0,9.4,0,9.400000000000001e-4,FALSE,TRUE,FALSE,FALSE,TRUE
Plot C,0-0,Plot C 0-0,1,November,April,113,NA,NA,Porites porites,2025-11-03,2026-04-03,Plot_C_Coki_PlotC_Survivorship_20251103_0-0-Coki_PlotC_Survivorship_20260403_0-0.csv,0-0,born,none,1,480,cm2,0,2.54,0,2.54e-4,FALSE,TRUE,FALSE,FALSE,TRUE
Plot C,0-0,Plot C 0-0,1,November,April,114,NA,NA,Porites porites,2025-11-03,2026-04-03,Plot_C_Coki_PlotC_Survivorship_20251103_0-0-Coki_PlotC_Survivorship_20260403_0-0.csv,0-0,born,none,1,480,cm2,0,5.9225,0,5.9225e-4,FALSE,TRUE,FALSE,FALSE,TRUE
Plot C,0-0,Plot C 0-0,1,November,April,115,NA,NA,Porites porites,2025-11-03,2026-04-03,Plot_C_Coki_PlotC_Survivorship_20251103_0-0-Coki_PlotC_Survivorship_20260403_0-0.csv,0-0,born,none,1,480,cm2,0,4.37,0,4.37e-4,FALSE,TRUE,FALSE,FALSE,TRUE
Plot C,0-0,Plot C 0-0,1,November,April,116,NA,NA,Porites porites,2025-11-03,2026-04-03,Plot_C_Coki_PlotC_Survivorship_20251103_0-0-Coki_PlotC_Survivorship_20260403_0-0.csv,0-0,born,none,1,480,cm2,0,5.0375,0,5.0375e-4,FALSE,TRUE,FALSE,FALSE,TRUE
Plot C,0-0,Plot C 0-0,1,November,April,117,NA,NA,Porites porites,2025-11-03,2026-04-03,Plot_C_Coki_PlotC_Survivorship_20251103_0-0-Coki_PlotC_Survivorship_20260403_0-0.csv,0-0,born,none,1,480,cm2,0,5.345,0,5.344999999999999e-4,FALSE,TRUE,FALSE,FALSE,TRUE
Plot C,0-0,Plot C 0-0,1,November,April,118,NA,NA,Porites porites,2025-11-03,2026-04-03,Plot_C_Coki_PlotC_Survivorship_20251103_0-0-Coki_PlotC_Survivorship_20260403_0-0.csv,0-0,born,none,1,480,cm2,0,9.5475,0,9.5475e-4,FALSE,TRUE,FALSE,FALSE,TRUE
Plot C,0-0,Plot C 0-0,1,November,April,119,NA,NA,Porites porites,2025-11-03,2026-04-03,Plot_C_Coki_PlotC_Survivorship_20251103_0-0-Coki_PlotC_Survivorship_20260403_0-0.csv,0-0,born,none,1,480,cm2,0,4.4175,0,4.4175000000000003e-4,FALSE,TRUE,FALSE,FALSE,TRUE
Plot C,0-0,Plot C 0-0,1,November,April,12,NA,NA,Montastraea cavernosa,2025-11-03,2026-04-03,Plot_C_Coki_PlotC_Survivorship_20251103_0-0-Coki_PlotC_Survivorship_20260403_0-0.csv,0-0,born,none,1,480,cm2,0,5.2575,0,5.257500000000001e-4,FALSE,TRUE,FALSE,FALSE,TRUE
Plot C,0-0,Plot C 0-0,1,November,April,120,NA,NA,Porites porites,2025-11-03,2026-04-03,Plot_C_Coki_PlotC_Survivorship_20251103_0-0-Coki_PlotC_Survivorship_20260403_0-0.csv,0-0,born,none,1,480,cm2,0,4.2175,0,4.2175000000000003e-4,FALSE,TRUE,FALSE,FALSE,TRUE
Plot C,0-0,Plot C 0-0,1,November,April,121,NA,NA,Porites porites,2025-11-03,2026-04-03,Plot_C_Coki_PlotC_Survivorship_20251103_0-0-Coki_PlotC_Survivorship_20260403_0-0.csv,0-0,born,none,1,480,cm2,0,3.9,0,3.9e-4,FALSE,TRUE,FALSE,FALSE,TRUE
Plot C,0-0,Plot C 0-0,1,November,April,122,NA,NA,Porites porites,2025-11-03,2026-04-03,Plot_C_Coki_PlotC_Survivorship_20251103_0-0-Coki_PlotC_Survivorship_20260403_0-0.csv,0-0,born,none,1,480,cm2,0,5.67,0,5.67e-4,FALSE,TRUE,FALSE,FALSE,TRUE
Plot C,0-0,Plot C 0-0,1,November,April,123,NA,NA,Porites porites,2025-11-03,2026-04-03,Plot_C_Coki_PlotC_Survivorship_20251103_0-0-Coki_PlotC_Survivorship_20260403_0-0.csv,0-0,born,none,1,480,cm2,0,5.305,0,5.304999999999999e-4,FALSE,TRUE,FALSE,FALSE,TRUE
Plot C,0-0,Plot C 0-0,1,November,April,124,NA,NA,Porites porites,2025-11-03,2026-04-03,Plot_C_Coki_PlotC_Survivorship_20251103_0-0-Coki_PlotC_Survivorship_20260403_0-0.csv,0-0,born,none,1,480,cm2,0,3.2325,0,3.2324999999999997e-4,FALSE,TRUE,FALSE,FALSE,TRUE
Plot C,0-0,Plot C 0-0,1,November,April,125,NA,NA,Porites porites,2025-11-03,2026-04-03,Plot_C_Coki_PlotC_Survivorship_20251103_0-0-Coki_PlotC_Survivorship_20260403_0-0.csv,0-0,born,none,1,480,cm2,0,2.99,0,2.99e-4,FALSE,TRUE,FALSE,FALSE,TRUE
Plot C,0-0,Plot C 0-0,1,November,April,126,NA,NA,Porites porites,2025-11-03,2026-04-03,Plot_C_Coki_PlotC_Survivorship_20251103_0-0-Coki_PlotC_Survivorship_20260403_0-0.csv,0-0,born,none,1,480,cm2,0,3.275,0,3.275e-4,FALSE,TRUE,FALSE,FALSE,TRUE
Plot C,0-0,Plot C 0-0,1,November,April,127,NA,NA,Porites porites,2025-11-03,2026-04-03,Plot_C_Coki_PlotC_Survivorship_20251103_0-0-Coki_PlotC_Survivorship_20260403_0-0.csv,0-0,born,none,1,480,cm2,0,7.105,0,7.105000000000001e-4,FALSE,TRUE,FALSE,FALSE,TRUE
Plot C,0-0,Plot C 0-0,1,November,April,128,NA,NA,Porites porites,2025-11-03,2026-04-03,Plot_C_Coki_PlotC_Survivorship_20251103_0-0-Coki_PlotC_Survivorship_20260403_0-0.csv,0-0,born,none,1,480,cm2,0,3.6275,0,3.6275e-4,FALSE,TRUE,FALSE,FALSE,TRUE
Plot C,0-0,Plot C 0-0,1,November,April,129,NA,NA,Porites porites,2025-11-03,2026-04-03,Plot_C_Coki_PlotC_Survivorship_20251103_0-0-Coki_PlotC_Survivorship_20260403_0-0.csv,0-0,born,none,1,480,cm2,0,2.665,0,2.665e-4,FALSE,TRUE,FALSE,FALSE,TRUE
Plot C,0-0,Plot C 0-0,1,November,April,13,NA,NA,Montastraea cavernosa,2025-11-03,2026-04-03,Plot_C_Coki_PlotC_Survivorship_20251103_0-0-Coki_PlotC_Survivorship_20260403_0-0.csv,0-0,born,none,1,480,cm2,0,4.195,0,4.195e-4,FALSE,TRUE,FALSE,FALSE,TRUE
Plot C,0-0,Plot C 0-0,1,November,April,130,NA,NA,Porites porites,2025-11-03,2026-04-03,Plot_C_Coki_PlotC_Survivorship_20251103_0-0-Coki_PlotC_Survivorship_20260403_0-0.csv,0-0,born,none,1,480,cm2,0,5.7275,0,5.7275e-4,FALSE,TRUE,FALSE,FALSE,TRUE
Plot C,0-0,Plot C 0-0,1,November,April,131,NA,NA,Porites porites,2025-11-03,2026-04-03,Plot_C_Coki_PlotC_Survivorship_20251103_0-0-Coki_PlotC_Survivorship_20260403_0-0.csv,0-0,born,none,1,480,cm2,0,2.3025,0,2.3025e-4,FALSE,TRUE,FALSE,FALSE,TRUE
Plot C,0-0,Plot C 0-0,1,November,April,132,NA,NA,Porites porites,2025-11-03,2026-04-03,Plot_C_Coki_PlotC_Survivorship_20251103_0-0-Coki_PlotC_Survivorship_20260403_0-0.csv,0-0,born,none,1,480,cm2,0,4.9575,0,4.9575e-4,FALSE,TRUE,FALSE,FALSE,TRUE
Plot C,0-0,Plot C 0-0,1,November,April,133,NA,NA,Porites porites,2025-11-03,2026-04-03,Plot_C_Coki_PlotC_Survivorship_20251103_0-0-Coki_PlotC_Survivorship_20260403_0-0.csv,0-0,born,none,1,480,cm2,0,5.93,0,5.93e-4,FALSE,TRUE,FALSE,FALSE,TRUE
Plot C,0-0,Plot C 0-0,1,November,April,134,NA,NA,Porites porites,2025-11-03,2026-04-03,Plot_C_Coki_PlotC_Survivorship_20251103_0-0-Coki_PlotC_Survivorship_20260403_0-0.csv,0-0,born,none,1,480,cm2,0,4.0425,0,4.0425000000000004e-4,FALSE,TRUE,FALSE,FALSE,TRUE
Plot C,0-0,Plot C 0-0,1,November,April,135,NA,NA,Porites porites,2025-11-03,2026-04-03,Plot_C_Coki_PlotC_Survivorship_20251103_0-0-Coki_PlotC_Survivorship_20260403_0-0.csv,0-0,born,none,1,480,cm2,0,2.325,0,2.325e-4,FALSE,TRUE,FALSE,FALSE,TRUE
Plot C,0-0,Plot C 0-0,1,November,April,136,NA,NA,Orbicella franksi,2025-11-03,2026-04-03,Plot_C_Coki_PlotC_Survivorship_20251103_0-0-Coki_PlotC_Survivorship_20260403_0-0.csv,0-0,born,none,1,480,cm2,0,3.28,0,3.28e-4,FALSE,TRUE,FALSE,FALSE,TRUE
Plot C,0-0,Plot C 0-0,1,November,April,137,NA,NA,Orbicella franksi,2025-11-03,2026-04-03,Plot_C_Coki_PlotC_Survivorship_20251103_0-0-Coki_PlotC_Survivorship_20260403_0-0.csv,0-0,born,none,1,480,cm2,0,3.9975,0,3.9975e-4,FALSE,TRUE,FALSE,FALSE,TRUE
Plot C,0-0,Plot C 0-0,1,November,April,138,NA,NA,Porites porites,2025-11-03,2026-04-03,Plot_C_Coki_PlotC_Survivorship_20251103_0-0-Coki_PlotC_Survivorship_20260403_0-0.csv,0-0,born,none,1,480,cm2,0,2.9,0,2.9e-4,FALSE,TRUE,FALSE,FALSE,TRUE
Plot C,0-0,Plot C 0-0,1,November,April,139,NA,NA,Porites porites,2025-11-03,2026-04-03,Plot_C_Coki_PlotC_Survivorship_20251103_0-0-Coki_PlotC_Survivorship_20260403_0-0.csv,0-0,born,none,1,480,cm2,0,5.5275,0,5.5275e-4,FALSE,TRUE,FALSE,FALSE,TRUE
Plot C,0-0,Plot C 0-0,1,November,April,14,NA,NA,Montastraea cavernosa,2025-11-03,2026-04-03,Plot_C_Coki_PlotC_Survivorship_20251103_0-0-Coki_PlotC_Survivorship_20260403_0-0.csv,0-0,born,none,1,480,cm2,0,3.9175,0,3.9175e-4,FALSE,TRUE,FALSE,FALSE,TRUE
Plot C,0-0,Plot C 0-0,1,November,April,140,NA,NA,Orbicella franksi,2025-11-03,2026-04-03,Plot_C_Coki_PlotC_Survivorship_20251103_0-0-Coki_PlotC_Survivorship_20260403_0-0.csv,0-0,born,none,1,480,cm2,0,4.2625,0,4.2625000000000003e-4,FALSE,TRUE,FALSE,FALSE,TRUE
Plot C,0-0,Plot C 0-0,1,November,April,141,NA,NA,Orbicella franksi,2025-11-03,2026-04-03,Plot_C_Coki_PlotC_Survivorship_20251103_0-0-Coki_PlotC_Survivorship_20260403_0-0.csv,0-0,born,none,1,480,cm2,0,6.8625,0,6.8625e-4,FALSE,TRUE,FALSE,FALSE,TRUE
Plot C,0-0,Plot C 0-0,1,November,April,142,NA,NA,Porites porites,2025-11-03,2026-04-03,Plot_C_Coki_PlotC_Survivorship_20251103_0-0-Coki_PlotC_Survivorship_20260403_0-0.csv,0-0,born,none,1,480,cm2,0,8.6675,0,8.6675e-4,FALSE,TRUE,FALSE,FALSE,TRUE
Plot C,0-0,Plot C 0-0,1,November,April,143,NA,NA,Orbicella franksi,2025-11-03,2026-04-03,Plot_C_Coki_PlotC_Survivorship_20251103_0-0-Coki_PlotC_Survivorship_20260403_0-0.csv,0-0,born,none,1,480,cm2,0,4.19,0,4.1900000000000005e-4,FALSE,TRUE,FALSE,FALSE,TRUE
Plot C,0-0,Plot C 0-0,1,November,April,144,NA,NA,Orbicella franksi,2025-11-03,2026-04-03,Plot_C_Coki_PlotC_Survivorship_20251103_0-0-Coki_PlotC_Survivorship_20260403_0-0.csv,0-0,born,none,1,480,cm2,0,4.8525,0,4.8525e-4,FALSE,TRUE,FALSE,FALSE,TRUE
Plot C,0-0,Plot C 0-0,1,November,April,145,NA,NA,Orbicella franksi,2025-11-03,2026-04-03,Plot_C_Coki_PlotC_Survivorship_20251103_0-0-Coki_PlotC_Survivorship_20260403_0-0.csv,0-0,born,none,1,480,cm2,0,7.8225,0,7.8225e-4,FALSE,TRUE,FALSE,FALSE,TRUE
Plot C,0-0,Plot C 0-0,1,November,April,146,NA,NA,Porites porites,2025-11-03,2026-04-03,Plot_C_Coki_PlotC_Survivorship_20251103_0-0-Coki_PlotC_Survivorship_20260403_0-0.csv,0-0,born,none,1,480,cm2,0,1.39,0,1.39e-4,FALSE,TRUE,FALSE,FALSE,TRUE
Plot C,0-0,Plot C 0-0,1,November,April,147,NA,NA,Orbicella franksi,2025-11-03,2026-04-03,Plot_C_Coki_PlotC_Survivorship_20251103_0-0-Coki_PlotC_Survivorship_20260403_0-0.csv,0-0,born,none,1,480,cm2,0,6.165,0,6.165e-4,FALSE,TRUE,FALSE,FALSE,TRUE
Plot C,0-0,Plot C 0-0,1,November,April,148,NA,NA,Orbicella franksi,2025-11-03,2026-04-03,Plot_C_Coki_PlotC_Survivorship_20251103_0-0-Coki_PlotC_Survivorship_20260403_0-0.csv,0-0,born,none,1,480,cm2,0,5.31,0,5.31e-4,FALSE,TRUE,FALSE,FALSE,TRUE
Plot C,0-0,Plot C 0-0,1,November,April,149,NA,NA,Orbicella franksi,2025-11-03,2026-04-03,Plot_C_Coki_PlotC_Survivorship_20251103_0-0-Coki_PlotC_Survivorship_20260403_0-0.csv,0-0,born,none,1,480,cm2,0,6.915,0,6.915000000000001e-4,FALSE,TRUE,FALSE,FALSE,TRUE
Plot C,0-0,Plot C 0-0,1,November,April,15,NA,NA,Montastraea cavernosa,2025-11-03,2026-04-03,Plot_C_Coki_PlotC_Survivorship_20251103_0-0-Coki_PlotC_Survivorship_20260403_0-0.csv,0-0,born,none,1,480,cm2,0,4.035,0,4.035e-4,FALSE,TRUE,FALSE,FALSE,TRUE
Plot C,0-0,Plot C 0-0,1,November,April,150,NA,NA,Orbicella franksi,2025-11-03,2026-04-03,Plot_C_Coki_PlotC_Survivorship_20251103_0-0-Coki_PlotC_Survivorship_20260403_0-0.csv,0-0,born,none,1,480,cm2,0,3.7125,0,3.7125e-4,FALSE,TRUE,FALSE,FALSE,TRUE
Plot C,0-0,Plot C 0-0,1,November,April,151,NA,NA,Orbicella franksi,2025-11-03,2026-04-03,Plot_C_Coki_PlotC_Survivorship_20251103_0-0-Coki_PlotC_Survivorship_20260403_0-0.csv,0-0,born,none,1,480,cm2,0,10.1675,0,0.00101675,FALSE,TRUE,FALSE,FALSE,TRUE
Plot C,0-0,Plot C 0-0,1,November,April,152,NA,NA,Orbicella franksi,2025-11-03,2026-04-03,Plot_C_Coki_PlotC_Survivorship_20251103_0-0-Coki_PlotC_Survivorship_20260403_0-0.csv,0-0,born,none,1,480,cm2,0,2.99,0,2.99e-4,FALSE,TRUE,FALSE,FALSE,TRUE
Plot C,0-0,Plot C 0-0,1,November,April,153,NA,NA,Porites porites,2025-11-03,2026-04-03,Plot_C_Coki_PlotC_Survivorship_20251103_0-0-Coki_PlotC_Survivorship_20260403_0-0.csv,0-0,born,none,1,480,cm2,0,8.835,0,8.835000000000001e-4,FALSE,TRUE,FALSE,FALSE,TRUE
Plot C,0-0,Plot C 0-0,1,November,April,154,NA,NA,Orbicella franksi,2025-11-03,2026-04-03,Plot_C_Coki_PlotC_Survivorship_20251103_0-0-Coki_PlotC_Survivorship_20260403_0-0.csv,0-0,born,none,1,480,cm2,0,8.5075,0,8.5075e-4,FALSE,TRUE,FALSE,FALSE,TRUE
Plot C,0-0,Plot C 0-0,1,November,April,155,NA,NA,Orbicella franksi,2025-11-03,2026-04-03,Plot_C_Coki_PlotC_Survivorship_20251103_0-0-Coki_PlotC_Survivorship_20260403_0-0.csv,0-0,born,none,1,480,cm2,0,4.8825,0,4.8825e-4,FALSE,TRUE,FALSE,FALSE,TRUE
Plot C,0-0,Plot C 0-0,1,November,April,156,NA,NA,Orbicella franksi,2025-11-03,2026-04-03,Plot_C_Coki_PlotC_Survivorship_20251103_0-0-Coki_PlotC_Survivorship_20260403_0-0.csv,0-0,born,none,1,480,cm2,0,6.855,0,6.855e-4,FALSE,TRUE,FALSE,FALSE,TRUE
Plot C,0-0,Plot C 0-0,1,November,April,157,NA,NA,Orbicella franksi,2025-11-03,2026-04-03,Plot_C_Coki_PlotC_Survivorship_20251103_0-0-Coki_PlotC_Survivorship_20260403_0-0.csv,0-0,born,none,1,480,cm2,0,8.215,0,8.215e-4,FALSE,TRUE,FALSE,FALSE,TRUE
Plot C,0-0,Plot C 0-0,1,November,April,158,NA,NA,Orbicella franksi,2025-11-03,2026-04-03,Plot_C_Coki_PlotC_Survivorship_20251103_0-0-Coki_PlotC_Survivorship_20260403_0-0.csv,0-0,born,none,1,480,cm2,0,6.2175,0,6.2175e-4,FALSE,TRUE,FALSE,FALSE,TRUE
Plot C,0-0,Plot C 0-0,1,November,April,159,NA,NA,Porites porites,2025-11-03,2026-04-03,Plot_C_Coki_PlotC_Survivorship_20251103_0-0-Coki_PlotC_Survivorship_20260403_0-0.csv,0-0,born,none,1,480,cm2,0,10.315,0,0.0010314999999999999,FALSE,TRUE,FALSE,FALSE,TRUE
Plot C,0-0,Plot C 0-0,1,November,April,16,NA,NA,Montastraea cavernosa,2025-11-03,2026-04-03,Plot_C_Coki_PlotC_Survivorship_20251103_0-0-Coki_PlotC_Survivorship_20260403_0-0.csv,0-0,born,none,1,480,cm2,0,1.9025,0,1.9025000000000002e-4,FALSE,TRUE,FALSE,FALSE,TRUE
Plot C,0-0,Plot C 0-0,1,November,April,160,NA,NA,Orbicella franksi,2025-11-03,2026-04-03,Plot_C_Coki_PlotC_Survivorship_20251103_0-0-Coki_PlotC_Survivorship_20260403_0-0.csv,0-0,born,none,1,480,cm2,0,5.425,0,5.425e-4,FALSE,TRUE,FALSE,FALSE,TRUE
Plot C,0-0,Plot C 0-0,1,November,April,161,NA,NA,Orbicella franksi,2025-11-03,2026-04-03,Plot_C_Coki_PlotC_Survivorship_20251103_0-0-Coki_PlotC_Survivorship_20260403_0-0.csv,0-0,born,none,1,480,cm2,0,4.055,0,4.055e-4,FALSE,TRUE,FALSE,FALSE,TRUE
Plot C,0-0,Plot C 0-0,1,November,April,162,NA,NA,Orbicella franksi,2025-11-03,2026-04-03,Plot_C_Coki_PlotC_Survivorship_20251103_0-0-Coki_PlotC_Survivorship_20260403_0-0.csv,0-0,born,none,1,480,cm2,0,4.235,0,4.2350000000000005e-4,FALSE,TRUE,FALSE,FALSE,TRUE
Plot C,0-0,Plot C 0-0,1,November,April,163,NA,NA,Orbicella franksi,2025-11-03,2026-04-03,Plot_C_Coki_PlotC_Survivorship_20251103_0-0-Coki_PlotC_Survivorship_20260403_0-0.csv,0-0,born,none,1,480,cm2,0,2.875,0,2.875e-4,FALSE,TRUE,FALSE,FALSE,TRUE
Plot C,0-0,Plot C 0-0,1,November,April,164,NA,NA,Orbicella franksi,2025-11-03,2026-04-03,Plot_C_Coki_PlotC_Survivorship_20251103_0-0-Coki_PlotC_Survivorship_20260403_0-0.csv,0-0,born,none,1,480,cm2,0,1.7325,0,1.7324999999999998e-4,FALSE,TRUE,FALSE,FALSE,TRUE
Plot C,0-0,Plot C 0-0,1,November,April,166,NA,NA,Orbicella annularis,2025-11-03,2026-04-03,Plot_C_Coki_PlotC_Survivorship_20251103_0-0-Coki_PlotC_Survivorship_20260403_0-0.csv,0-0,born,none,19,480,cm2,0,148.6225,0,0.01486225,FALSE,TRUE,FALSE,FALSE,TRUE
Plot C,0-0,Plot C 0-0,1,November,April,167,NA,NA,Porites porites,2025-11-03,2026-04-03,Plot_C_Coki_PlotC_Survivorship_20251103_0-0-Coki_PlotC_Survivorship_20260403_0-0.csv,0-0,born,none,1,480,cm2,0,1.6575,0,1.6575e-4,FALSE,TRUE,FALSE,FALSE,TRUE
Plot C,0-0,Plot C 0-0,1,November,April,168,NA,NA,Porites porites,2025-11-03,2026-04-03,Plot_C_Coki_PlotC_Survivorship_20251103_0-0-Coki_PlotC_Survivorship_20260403_0-0.csv,0-0,born,none,1,480,cm2,0,3.2475,0,3.2475e-4,FALSE,TRUE,FALSE,FALSE,TRUE
Plot C,0-0,Plot C 0-0,1,November,April,169,NA,NA,Porites porites,2025-11-03,2026-04-03,Plot_C_Coki_PlotC_Survivorship_20251103_0-0-Coki_PlotC_Survivorship_20260403_0-0.csv,0-0,born,none,1,480,cm2,0,2.5275,0,2.5275e-4,FALSE,TRUE,FALSE,FALSE,TRUE
Plot C,0-0,Plot C 0-0,1,November,April,17,NA,NA,Montastraea cavernosa,2025-11-03,2026-04-03,Plot_C_Coki_PlotC_Survivorship_20251103_0-0-Coki_PlotC_Survivorship_20260403_0-0.csv,0-0,born,none,1,480,cm2,0,3.7775,0,3.7775e-4,FALSE,TRUE,FALSE,FALSE,TRUE
Plot C,0-0,Plot C 0-0,1,November,April,170,NA,NA,Porites porites,2025-11-03,2026-04-03,Plot_C_Coki_PlotC_Survivorship_20251103_0-0-Coki_PlotC_Survivorship_20260403_0-0.csv,0-0,born,none,1,480,cm2,0,1.61,0,1.61e-4,FALSE,TRUE,FALSE,FALSE,TRUE
Plot C,0-0,Plot C 0-0,1,November,April,171,NA,NA,Porites porites,2025-11-03,2026-04-03,Plot_C_Coki_PlotC_Survivorship_20251103_0-0-Coki_PlotC_Survivorship_20260403_0-0.csv,0-0,born,none,1,480,cm2,0,0.9975,0,9.975e-5,FALSE,TRUE,FALSE,FALSE,TRUE
Plot C,0-0,Plot C 0-0,1,November,April,172,NA,NA,Porites porites,2025-11-03,2026-04-03,Plot_C_Coki_PlotC_Survivorship_20251103_0-0-Coki_PlotC_Survivorship_20260403_0-0.csv,0-0,born,none,1,480,cm2,0,0.5425,0,5.425e-5,FALSE,TRUE,FALSE,FALSE,TRUE
Plot C,0-0,Plot C 0-0,1,November,April,173,NA,NA,Porites porites,2025-11-03,2026-04-03,Plot_C_Coki_PlotC_Survivorship_20251103_0-0-Coki_PlotC_Survivorship_20260403_0-0.csv,0-0,born,none,1,480,cm2,0,1.425,0,1.425e-4,FALSE,TRUE,FALSE,FALSE,TRUE
Plot C,0-0,Plot C 0-0,1,November,April,174,NA,NA,Porites porites,2025-11-03,2026-04-03,Plot_C_Coki_PlotC_Survivorship_20251103_0-0-Coki_PlotC_Survivorship_20260403_0-0.csv,0-0,born,none,1,480,cm2,0,3.0475,0,3.0475e-4,FALSE,TRUE,FALSE,FALSE,TRUE
Plot C,0-0,Plot C 0-0,1,November,April,175,NA,NA,Porites porites,2025-11-03,2026-04-03,Plot_C_Coki_PlotC_Survivorship_20251103_0-0-Coki_PlotC_Survivorship_20260403_0-0.csv,0-0,born,none,1,480,cm2,0,6.97,0,6.97e-4,FALSE,TRUE,FALSE,FALSE,TRUE
Plot C,0-0,Plot C 0-0,1,November,April,176,NA,NA,Porites porites,2025-11-03,2026-04-03,Plot_C_Coki_PlotC_Survivorship_20251103_0-0-Coki_PlotC_Survivorship_20260403_0-0.csv,0-0,born,none,1,480,cm2,0,4.625,0,4.625e-4,FALSE,TRUE,FALSE,FALSE,TRUE
Plot C,0-0,Plot C 0-0,1,November,April,177,NA,NA,Porites porites,2025-11-03,2026-04-03,Plot_C_Coki_PlotC_Survivorship_20251103_0-0-Coki_PlotC_Survivorship_20260403_0-0.csv,0-0,born,none,1,480,cm2,0,3.7175,0,3.7174999999999996e-4,FALSE,TRUE,FALSE,FALSE,TRUE
Plot C,0-0,Plot C 0-0,1,November,April,178,NA,NA,Porites porites,2025-11-03,2026-04-03,Plot_C_Coki_PlotC_Survivorship_20251103_0-0-Coki_PlotC_Survivorship_20260403_0-0.csv,0-0,born,none,1,480,cm2,0,4.0375,0,4.0375e-4,FALSE,TRUE,FALSE,FALSE,TRUE
Plot C,0-0,Plot C 0-0,1,November,April,179,NA,NA,Porites porites,2025-11-03,2026-04-03,Plot_C_Coki_PlotC_Survivorship_20251103_0-0-Coki_PlotC_Survivorship_20260403_0-0.csv,0-0,born,none,1,480,cm2,0,5.3925,0,5.3925e-4,FALSE,TRUE,FALSE,FALSE,TRUE
Plot C,0-0,Plot C 0-0,1,November,April,18,NA,NA,Montastraea cavernosa,2025-11-03,2026-04-03,Plot_C_Coki_PlotC_Survivorship_20251103_0-0-Coki_PlotC_Survivorship_20260403_0-0.csv,0-0,born,none,1,480,cm2,0,4.41,0,4.4100000000000004e-4,FALSE,TRUE,FALSE,FALSE,TRUE
Plot C,0-0,Plot C 0-0,1,November,April,180,NA,NA,Porites porites,2025-11-03,2026-04-03,Plot_C_Coki_PlotC_Survivorship_20251103_0-0-Coki_PlotC_Survivorship_20260403_0-0.csv,0-0,born,none,1,480,cm2,0,8.175,0,8.175000000000001e-4,FALSE,TRUE,FALSE,FALSE,TRUE
Plot C,0-0,Plot C 0-0,1,November,April,181,NA,NA,Porites porites,2025-11-03,2026-04-03,Plot_C_Coki_PlotC_Survivorship_20251103_0-0-Coki_PlotC_Survivorship_20260403_0-0.csv,0-0,born,none,1,480,cm2,0,4.37,0,4.37e-4,FALSE,TRUE,FALSE,FALSE,TRUE
Plot C,0-0,Plot C 0-0,1,November,April,182,NA,NA,Porites porites,2025-11-03,2026-04-03,Plot_C_Coki_PlotC_Survivorship_20251103_0-0-Coki_PlotC_Survivorship_20260403_0-0.csv,0-0,born,none,1,480,cm2,0,7.0425,0,7.0425e-4,FALSE,TRUE,FALSE,FALSE,TRUE
Plot C,0-0,Plot C 0-0,1,November,April,183,NA,NA,Porites porites,2025-11-03,2026-04-03,Plot_C_Coki_PlotC_Survivorship_20251103_0-0-Coki_PlotC_Survivorship_20260403_0-0.csv,0-0,born,none,1,480,cm2,0,5.44,0,5.44e-4,FALSE,TRUE,FALSE,FALSE,TRUE
Plot C,0-0,Plot C 0-0,1,November,April,184,NA,NA,Porites porites,2025-11-03,2026-04-03,Plot_C_Coki_PlotC_Survivorship_20251103_0-0-Coki_PlotC_Survivorship_20260403_0-0.csv,0-0,born,none,1,480,cm2,0,2.3975,0,2.3975e-4,FALSE,TRUE,FALSE,FALSE,TRUE
Plot C,0-0,Plot C 0-0,1,November,April,185,NA,NA,Porites porites,2025-11-03,2026-04-03,Plot_C_Coki_PlotC_Survivorship_20251103_0-0-Coki_PlotC_Survivorship_20260403_0-0.csv,0-0,born,none,1,480,cm2,0,4.7275,0,4.7275e-4,FALSE,TRUE,FALSE,FALSE,TRUE
Plot C,0-0,Plot C 0-0,1,November,April,186,NA,NA,Porites porites,2025-11-03,2026-04-03,Plot_C_Coki_PlotC_Survivorship_20251103_0-0-Coki_PlotC_Survivorship_20260403_0-0.csv,0-0,born,none,1,480,cm2,0,3.58,0,3.5800000000000003e-4,FALSE,TRUE,FALSE,FALSE,TRUE
Plot C,0-0,Plot C 0-0,1,November,April,187,NA,NA,Porites porites,2025-11-03,2026-04-03,Plot_C_Coki_PlotC_Survivorship_20251103_0-0-Coki_PlotC_Survivorship_20260403_0-0.csv,0-0,born,none,1,480,cm2,0,4.9225,0,4.922500000000001e-4,FALSE,TRUE,FALSE,FALSE,TRUE
Plot C,0-0,Plot C 0-0,1,November,April,188,NA,NA,Porites porites,2025-11-03,2026-04-03,Plot_C_Coki_PlotC_Survivorship_20251103_0-0-Coki_PlotC_Survivorship_20260403_0-0.csv,0-0,born,none,1,480,cm2,0,5.9125,0,5.9125e-4,FALSE,TRUE,FALSE,FALSE,TRUE
Plot C,0-0,Plot C 0-0,1,November,April,189,NA,NA,Porites porites,2025-11-03,2026-04-03,Plot_C_Coki_PlotC_Survivorship_20251103_0-0-Coki_PlotC_Survivorship_20260403_0-0.csv,0-0,born,none,1,480,cm2,0,4.175,0,4.1749999999999996e-4,FALSE,TRUE,FALSE,FALSE,TRUE
Plot C,0-0,Plot C 0-0,1,November,April,19,NA,NA,Montastraea cavernosa,2025-11-03,2026-04-03,Plot_C_Coki_PlotC_Survivorship_20251103_0-0-Coki_PlotC_Survivorship_20260403_0-0.csv,0-0,born,none,1,480,cm2,0,4.48,0,4.4800000000000005e-4,FALSE,TRUE,FALSE,FALSE,TRUE
Plot C,0-0,Plot C 0-0,1,November,April,190,NA,NA,Porites porites,2025-11-03,2026-04-03,Plot_C_Coki_PlotC_Survivorship_20251103_0-0-Coki_PlotC_Survivorship_20260403_0-0.csv,0-0,born,none,1,480,cm2,0,2.2725,0,2.2725e-4,FALSE,TRUE,FALSE,FALSE,TRUE
Plot C,0-0,Plot C 0-0,1,November,April,191,NA,NA,Porites porites,2025-11-03,2026-04-03,Plot_C_Coki_PlotC_Survivorship_20251103_0-0-Coki_PlotC_Survivorship_20260403_0-0.csv,0-0,born,none,1,480,cm2,0,3.945,0,3.945e-4,FALSE,TRUE,FALSE,FALSE,TRUE
Plot C,0-0,Plot C 0-0,1,November,April,192,NA,NA,Porites porites,2025-11-03,2026-04-03,Plot_C_Coki_PlotC_Survivorship_20251103_0-0-Coki_PlotC_Survivorship_20260403_0-0.csv,0-0,born,none,1,480,cm2,0,2.88,0,2.88e-4,FALSE,TRUE,FALSE,FALSE,TRUE
Plot C,0-0,Plot C 0-0,1,November,April,193,NA,NA,Porites porites,2025-11-03,2026-04-03,Plot_C_Coki_PlotC_Survivorship_20251103_0-0-Coki_PlotC_Survivorship_20260403_0-0.csv,0-0,born,none,1,480,cm2,0,3.255,0,3.255e-4,FALSE,TRUE,FALSE,FALSE,TRUE
Plot C,0-0,Plot C 0-0,1,November,April,194,NA,NA,Porites porites,2025-11-03,2026-04-03,Plot_C_Coki_PlotC_Survivorship_20251103_0-0-Coki_PlotC_Survivorship_20260403_0-0.csv,0-0,born,none,1,480,cm2,0,3.625,0,3.625e-4,FALSE,TRUE,FALSE,FALSE,TRUE
Plot C,0-0,Plot C 0-0,1,November,April,195,NA,NA,Porites porites,2025-11-03,2026-04-03,Plot_C_Coki_PlotC_Survivorship_20251103_0-0-Coki_PlotC_Survivorship_20260403_0-0.csv,0-0,born,none,1,480,cm2,0,2.6775,0,2.6775000000000003e-4,FALSE,TRUE,FALSE,FALSE,TRUE
Plot C,0-0,Plot C 0-0,1,November,April,196,NA,NA,Porites porites,2025-11-03,2026-04-03,Plot_C_Coki_PlotC_Survivorship_20251103_0-0-Coki_PlotC_Survivorship_20260403_0-0.csv,0-0,born,none,1,480,cm2,0,3.3475,0,3.3475000000000003e-4,FALSE,TRUE,FALSE,FALSE,TRUE
Plot C,0-0,Plot C 0-0,1,November,April,197,NA,NA,Porites porites,2025-11-03,2026-04-03,Plot_C_Coki_PlotC_Survivorship_20251103_0-0-Coki_PlotC_Survivorship_20260403_0-0.csv,0-0,born,none,1,480,cm2,0,2.1,0,2.1e-4,FALSE,TRUE,FALSE,FALSE,TRUE
Plot C,0-0,Plot C 0-0,1,November,April,198,NA,NA,Porites porites,2025-11-03,2026-04-03,Plot_C_Coki_PlotC_Survivorship_20251103_0-0-Coki_PlotC_Survivorship_20260403_0-0.csv,0-0,born,none,1,480,cm2,0,3.8225,0,3.8225e-4,FALSE,TRUE,FALSE,FALSE,TRUE
Plot C,0-0,Plot C 0-0,1,November,April,199,NA,NA,Porites porites,2025-11-03,2026-04-03,Plot_C_Coki_PlotC_Survivorship_20251103_0-0-Coki_PlotC_Survivorship_20260403_0-0.csv,0-0,born,none,1,480,cm2,0,5.71,0,5.71e-4,FALSE,TRUE,FALSE,FALSE,TRUE
Plot C,0-0,Plot C 0-0,1,November,April,2,NA,NA,Orbicella annularis,2025-11-03,2026-04-03,Plot_C_Coki_PlotC_Survivorship_20251103_0-0-Coki_PlotC_Survivorship_20260403_0-0.csv,0-0,born,none,1,480,cm2,0,25.15,0,0.002515,FALSE,TRUE,FALSE,FALSE,TRUE
Plot C,0-0,Plot C 0-0,1,November,April,20,NA,NA,Montastraea cavernosa,2025-11-03,2026-04-03,Plot_C_Coki_PlotC_Survivorship_20251103_0-0-Coki_PlotC_Survivorship_20260403_0-0.csv,0-0,born,none,1,480,cm2,0,1.7125,0,1.7125e-4,FALSE,TRUE,FALSE,FALSE,TRUE
Plot C,0-0,Plot C 0-0,1,November,April,200,NA,NA,Porites porites,2025-11-03,2026-04-03,Plot_C_Coki_PlotC_Survivorship_20251103_0-0-Coki_PlotC_Survivorship_20260403_0-0.csv,0-0,born,none,1,480,cm2,0,5.275,0,5.275000000000001e-4,FALSE,TRUE,FALSE,FALSE,TRUE
Plot C,0-0,Plot C 0-0,1,November,April,201,NA,NA,Porites porites,2025-11-03,2026-04-03,Plot_C_Coki_PlotC_Survivorship_20251103_0-0-Coki_PlotC_Survivorship_20260403_0-0.csv,0-0,born,none,1,480,cm2,0,3.6275,0,3.6275e-4,FALSE,TRUE,FALSE,FALSE,TRUE
Plot C,0-0,Plot C 0-0,1,November,April,202,NA,NA,Porites porites,2025-11-03,2026-04-03,Plot_C_Coki_PlotC_Survivorship_20251103_0-0-Coki_PlotC_Survivorship_20260403_0-0.csv,0-0,born,none,1,480,cm2,0,1.9425,0,1.9424999999999998e-4,FALSE,TRUE,FALSE,FALSE,TRUE
Plot C,0-0,Plot C 0-0,1,November,April,203,NA,NA,Porites porites,2025-11-03,2026-04-03,Plot_C_Coki_PlotC_Survivorship_20251103_0-0-Coki_PlotC_Survivorship_20260403_0-0.csv,0-0,born,none,1,480,cm2,0,1.0275,0,1.0275e-4,FALSE,TRUE,FALSE,FALSE,TRUE
Plot C,0-0,Plot C 0-0,1,November,April,204,NA,NA,Porites porites,2025-11-03,2026-04-03,Plot_C_Coki_PlotC_Survivorship_20251103_0-0-Coki_PlotC_Survivorship_20260403_0-0.csv,0-0,born,none,1,480,cm2,0,2.755,0,2.755e-4,FALSE,TRUE,FALSE,FALSE,TRUE
Plot C,0-0,Plot C 0-0,1,November,April,205,NA,NA,Porites porites,2025-11-03,2026-04-03,Plot_C_Coki_PlotC_Survivorship_20251103_0-0-Coki_PlotC_Survivorship_20260403_0-0.csv,0-0,born,none,1,480,cm2,0,4.655,0,4.6550000000000004e-4,FALSE,TRUE,FALSE,FALSE,TRUE
Plot C,0-0,Plot C 0-0,1,November,April,206,NA,NA,Porites porites,2025-11-03,2026-04-03,Plot_C_Coki_PlotC_Survivorship_20251103_0-0-Coki_PlotC_Survivorship_20260403_0-0.csv,0-0,born,none,1,480,cm2,0,5.5275,0,5.5275e-4,FALSE,TRUE,FALSE,FALSE,TRUE
Plot C,0-0,Plot C 0-0,1,November,April,207,NA,NA,Unidentified coral,2025-11-03,2026-04-03,Plot_C_Coki_PlotC_Survivorship_20251103_0-0-Coki_PlotC_Survivorship_20260403_0-0.csv,0-0,born,none,1,480,cm2,0,0.2325,0,2.3250000000000003e-5,FALSE,TRUE,FALSE,FALSE,TRUE
Plot C,0-0,Plot C 0-0,1,November,April,208,NA,NA,Porites porites,2025-11-03,2026-04-03,Plot_C_Coki_PlotC_Survivorship_20251103_0-0-Coki_PlotC_Survivorship_20260403_0-0.csv,0-0,born,none,1,480,cm2,0,3.695,0,3.695e-4,FALSE,TRUE,FALSE,FALSE,TRUE
Plot C,0-0,Plot C 0-0,1,November,April,209,NA,NA,Porites porites,2025-11-03,2026-04-03,Plot_C_Coki_PlotC_Survivorship_20251103_0-0-Coki_PlotC_Survivorship_20260403_0-0.csv,0-0,born,none,1,480,cm2,0,8.2125,0,8.2125e-4,FALSE,TRUE,FALSE,FALSE,TRUE
Plot C,0-0,Plot C 0-0,1,November,April,21,NA,NA,Montastraea cavernosa,2025-11-03,2026-04-03,Plot_C_Coki_PlotC_Survivorship_20251103_0-0-Coki_PlotC_Survivorship_20260403_0-0.csv,0-0,born,none,1,480,cm2,0,1.965,0,1.965e-4,FALSE,TRUE,FALSE,FALSE,TRUE
Plot C,0-0,Plot C 0-0,1,November,April,210,NA,NA,Porites porites,2025-11-03,2026-04-03,Plot_C_Coki_PlotC_Survivorship_20251103_0-0-Coki_PlotC_Survivorship_20260403_0-0.csv,0-0,born,none,1,480,cm2,0,0.965,0,9.65e-5,FALSE,TRUE,FALSE,FALSE,TRUE
Plot C,0-0,Plot C 0-0,1,November,April,211,NA,NA,Porites porites,2025-11-03,2026-04-03,Plot_C_Coki_PlotC_Survivorship_20251103_0-0-Coki_PlotC_Survivorship_20260403_0-0.csv,0-0,born,none,1,480,cm2,0,5.1675,0,5.167500000000001e-4,FALSE,TRUE,FALSE,FALSE,TRUE
Plot C,0-0,Plot C 0-0,1,November,April,212,NA,NA,Porites porites,2025-11-03,2026-04-03,Plot_C_Coki_PlotC_Survivorship_20251103_0-0-Coki_PlotC_Survivorship_20260403_0-0.csv,0-0,born,none,1,480,cm2,0,4.0525,0,4.0525e-4,FALSE,TRUE,FALSE,FALSE,TRUE
Plot C,0-0,Plot C 0-0,1,November,April,213,NA,NA,Porites porites,2025-11-03,2026-04-03,Plot_C_Coki_PlotC_Survivorship_20251103_0-0-Coki_PlotC_Survivorship_20260403_0-0.csv,0-0,born,none,1,480,cm2,0,8.6925,0,8.692500000000001e-4,FALSE,TRUE,FALSE,FALSE,TRUE
Plot C,0-0,Plot C 0-0,1,November,April,214,NA,NA,Porites porites,2025-11-03,2026-04-03,Plot_C_Coki_PlotC_Survivorship_20251103_0-0-Coki_PlotC_Survivorship_20260403_0-0.csv,0-0,born,none,1,480,cm2,0,2.795,0,2.795e-4,FALSE,TRUE,FALSE,FALSE,TRUE
Plot C,0-0,Plot C 0-0,1,November,April,215,NA,NA,Porites porites,2025-11-03,2026-04-03,Plot_C_Coki_PlotC_Survivorship_20251103_0-0-Coki_PlotC_Survivorship_20260403_0-0.csv,0-0,born,none,1,480,cm2,0,7.6025,0,7.6025e-4,FALSE,TRUE,FALSE,FALSE,TRUE
Plot C,0-0,Plot C 0-0,1,November,April,216,NA,NA,Porites porites,2025-11-03,2026-04-03,Plot_C_Coki_PlotC_Survivorship_20251103_0-0-Coki_PlotC_Survivorship_20260403_0-0.csv,0-0,born,none,1,480,cm2,0,5.385,0,5.385e-4,FALSE,TRUE,FALSE,FALSE,TRUE
Plot C,0-0,Plot C 0-0,1,November,April,217,NA,NA,Porites porites,2025-11-03,2026-04-03,Plot_C_Coki_PlotC_Survivorship_20251103_0-0-Coki_PlotC_Survivorship_20260403_0-0.csv,0-0,born,none,1,480,cm2,0,7.1875,0,7.1875e-4,FALSE,TRUE,FALSE,FALSE,TRUE
Plot C,0-0,Plot C 0-0,1,November,April,218,NA,NA,Porites porites,2025-11-03,2026-04-03,Plot_C_Coki_PlotC_Survivorship_20251103_0-0-Coki_PlotC_Survivorship_20260403_0-0.csv,0-0,born,none,1,480,cm2,0,4.8875,0,4.8875e-4,FALSE,TRUE,FALSE,FALSE,TRUE
Plot C,0-0,Plot C 0-0,1,November,April,219,NA,NA,Porites porites,2025-11-03,2026-04-03,Plot_C_Coki_PlotC_Survivorship_20251103_0-0-Coki_PlotC_Survivorship_20260403_0-0.csv,0-0,born,none,1,480,cm2,0,4.54,0,4.54e-4,FALSE,TRUE,FALSE,FALSE,TRUE
Plot C,0-0,Plot C 0-0,1,November,April,22,NA,NA,Orbicella annularis,2025-11-03,2026-04-03,Plot_C_Coki_PlotC_Survivorship_20251103_0-0-Coki_PlotC_Survivorship_20260403_0-0.csv,0-0,born,none,1,480,cm2,0,19.7725,0,0.0019772500000000003,FALSE,TRUE,FALSE,FALSE,TRUE
Plot C,0-0,Plot C 0-0,1,November,April,220,NA,NA,Porites porites,2025-11-03,2026-04-03,Plot_C_Coki_PlotC_Survivorship_20251103_0-0-Coki_PlotC_Survivorship_20260403_0-0.csv,0-0,born,none,1,480,cm2,0,5.34,0,5.34e-4,FALSE,TRUE,FALSE,FALSE,TRUE
Plot C,0-0,Plot C 0-0,1,November,April,221,NA,NA,Porites porites,2025-11-03,2026-04-03,Plot_C_Coki_PlotC_Survivorship_20251103_0-0-Coki_PlotC_Survivorship_20260403_0-0.csv,0-0,born,none,1,480,cm2,0,5.1825,0,5.1825e-4,FALSE,TRUE,FALSE,FALSE,TRUE
Plot C,0-0,Plot C 0-0,1,November,April,222,NA,NA,Porites porites,2025-11-03,2026-04-03,Plot_C_Coki_PlotC_Survivorship_20251103_0-0-Coki_PlotC_Survivorship_20260403_0-0.csv,0-0,born,none,1,480,cm2,0,1.145,0,1.145e-4,FALSE,TRUE,FALSE,FALSE,TRUE
Plot C,0-0,Plot C 0-0,1,November,April,223,NA,NA,Porites porites,2025-11-03,2026-04-03,Plot_C_Coki_PlotC_Survivorship_20251103_0-0-Coki_PlotC_Survivorship_20260403_0-0.csv,0-0,born,none,1,480,cm2,0,4.8225,0,4.8225e-4,FALSE,TRUE,FALSE,FALSE,TRUE
Plot C,0-0,Plot C 0-0,1,November,April,224,NA,NA,Porites porites,2025-11-03,2026-04-03,Plot_C_Coki_PlotC_Survivorship_20251103_0-0-Coki_PlotC_Survivorship_20260403_0-0.csv,0-0,born,none,1,480,cm2,0,6.9775,0,6.9775e-4,FALSE,TRUE,FALSE,FALSE,TRUE
Plot C,0-0,Plot C 0-0,1,November,April,225,NA,NA,Porites porites,2025-11-03,2026-04-03,Plot_C_Coki_PlotC_Survivorship_20251103_0-0-Coki_PlotC_Survivorship_20260403_0-0.csv,0-0,born,none,1,480,cm2,0,4.1975,0,4.1975e-4,FALSE,TRUE,FALSE,FALSE,TRUE
Plot C,0-0,Plot C 0-0,1,November,April,226,NA,NA,Porites porites,2025-11-03,2026-04-03,Plot_C_Coki_PlotC_Survivorship_20251103_0-0-Coki_PlotC_Survivorship_20260403_0-0.csv,0-0,born,none,1,480,cm2,0,4.205,0,4.2050000000000003e-4,FALSE,TRUE,FALSE,FALSE,TRUE
Plot C,0-0,Plot C 0-0,1,November,April,227,NA,NA,Porites porites,2025-11-03,2026-04-03,Plot_C_Coki_PlotC_Survivorship_20251103_0-0-Coki_PlotC_Survivorship_20260403_0-0.csv,0-0,born,none,1,480,cm2,0,5.89,0,5.89e-4,FALSE,TRUE,FALSE,FALSE,TRUE
Plot C,0-0,Plot C 0-0,1,November,April,228,NA,NA,Porites porites,2025-11-03,2026-04-03,Plot_C_Coki_PlotC_Survivorship_20251103_0-0-Coki_PlotC_Survivorship_20260403_0-0.csv,0-0,born,none,1,480,cm2,0,1.415,0,1.415e-4,FALSE,TRUE,FALSE,FALSE,TRUE
Plot C,0-0,Plot C 0-0,1,November,April,229,NA,NA,Porites porites,2025-11-03,2026-04-03,Plot_C_Coki_PlotC_Survivorship_20251103_0-0-Coki_PlotC_Survivorship_20260403_0-0.csv,0-0,born,none,1,480,cm2,0,1.1575,0,1.1575e-4,FALSE,TRUE,FALSE,FALSE,TRUE
Plot C,0-0,Plot C 0-0,1,November,April,23,NA,NA,Montastraea cavernosa,2025-11-03,2026-04-03,Plot_C_Coki_PlotC_Survivorship_20251103_0-0-Coki_PlotC_Survivorship_20260403_0-0.csv,0-0,born,none,1,480,cm2,0,2.855,0,2.855e-4,FALSE,TRUE,FALSE,FALSE,TRUE
Plot C,0-0,Plot C 0-0,1,November,April,230,NA,NA,Porites porites,2025-11-03,2026-04-03,Plot_C_Coki_PlotC_Survivorship_20251103_0-0-Coki_PlotC_Survivorship_20260403_0-0.csv,0-0,born,none,1,480,cm2,0,2.98,0,2.98e-4,FALSE,TRUE,FALSE,FALSE,TRUE
Plot C,0-0,Plot C 0-0,1,November,April,231,NA,NA,Porites porites,2025-11-03,2026-04-03,Plot_C_Coki_PlotC_Survivorship_20251103_0-0-Coki_PlotC_Survivorship_20260403_0-0.csv,0-0,born,none,1,480,cm2,0,1.6125,0,1.6125000000000002e-4,FALSE,TRUE,FALSE,FALSE,TRUE
Plot C,0-0,Plot C 0-0,1,November,April,232,NA,NA,Porites porites,2025-11-03,2026-04-03,Plot_C_Coki_PlotC_Survivorship_20251103_0-0-Coki_PlotC_Survivorship_20260403_0-0.csv,0-0,born,none,1,480,cm2,0,4.13,0,4.13e-4,FALSE,TRUE,FALSE,FALSE,TRUE
Plot C,0-0,Plot C 0-0,1,November,April,233,NA,NA,Porites porites,2025-11-03,2026-04-03,Plot_C_Coki_PlotC_Survivorship_20251103_0-0-Coki_PlotC_Survivorship_20260403_0-0.csv,0-0,born,none,1,480,cm2,0,2.4525,0,2.4525e-4,FALSE,TRUE,FALSE,FALSE,TRUE
Plot C,0-0,Plot C 0-0,1,November,April,234,NA,NA,Porites porites,2025-11-03,2026-04-03,Plot_C_Coki_PlotC_Survivorship_20251103_0-0-Coki_PlotC_Survivorship_20260403_0-0.csv,0-0,born,none,1,480,cm2,0,5.3625,0,5.362499999999999e-4,FALSE,TRUE,FALSE,FALSE,TRUE
Plot C,0-0,Plot C 0-0,1,November,April,235,NA,NA,Porites porites,2025-11-03,2026-04-03,Plot_C_Coki_PlotC_Survivorship_20251103_0-0-Coki_PlotC_Survivorship_20260403_0-0.csv,0-0,born,none,1,480,cm2,0,3.8325,0,3.8325e-4,FALSE,TRUE,FALSE,FALSE,TRUE
Plot C,0-0,Plot C 0-0,1,November,April,236,NA,NA,Porites porites,2025-11-03,2026-04-03,Plot_C_Coki_PlotC_Survivorship_20251103_0-0-Coki_PlotC_Survivorship_20260403_0-0.csv,0-0,born,none,1,480,cm2,0,43.75,0,0.004375,FALSE,TRUE,FALSE,FALSE,TRUE
Plot C,0-0,Plot C 0-0,1,November,April,237,NA,NA,Orbicella faveolata,2025-11-03,2026-04-03,Plot_C_Coki_PlotC_Survivorship_20251103_0-0-Coki_PlotC_Survivorship_20260403_0-0.csv,0-0,born,none,2,480,cm2,0,19.115000000000002,0,0.0019115,FALSE,TRUE,FALSE,FALSE,TRUE
Plot C,0-0,Plot C 0-0,1,November,April,238,NA,NA,Orbicella faveolata,2025-11-03,2026-04-03,Plot_C_Coki_PlotC_Survivorship_20251103_0-0-Coki_PlotC_Survivorship_20260403_0-0.csv,0-0,born,none,6,480,cm2,0,46.4,0,0.00464,FALSE,TRUE,FALSE,FALSE,TRUE
Plot C,0-0,Plot C 0-0,1,November,April,239,NA,NA,Orbicella faveolata,2025-11-03,2026-04-03,Plot_C_Coki_PlotC_Survivorship_20251103_0-0-Coki_PlotC_Survivorship_20260403_0-0.csv,0-0,born,none,2,480,cm2,0,13.5475,0,0.00135475,FALSE,TRUE,FALSE,FALSE,TRUE
Plot C,0-0,Plot C 0-0,1,November,April,24,NA,NA,Montastraea cavernosa,2025-11-03,2026-04-03,Plot_C_Coki_PlotC_Survivorship_20251103_0-0-Coki_PlotC_Survivorship_20260403_0-0.csv,0-0,born,none,1,480,cm2,0,4.4675,0,4.4675000000000004e-4,FALSE,TRUE,FALSE,FALSE,TRUE
Plot C,0-0,Plot C 0-0,1,November,April,240,NA,NA,Orbicella faveolata,2025-11-03,2026-04-03,Plot_C_Coki_PlotC_Survivorship_20251103_0-0-Coki_PlotC_Survivorship_20260403_0-0.csv,0-0,born,none,1,480,cm2,0,6.555,0,6.554999999999999e-4,FALSE,TRUE,FALSE,FALSE,TRUE
Plot C,0-0,Plot C 0-0,1,November,April,241,NA,NA,Orbicella faveolata,2025-11-03,2026-04-03,Plot_C_Coki_PlotC_Survivorship_20251103_0-0-Coki_PlotC_Survivorship_20260403_0-0.csv,0-0,born,none,1,480,cm2,0,7.79,0,7.79e-4,FALSE,TRUE,FALSE,FALSE,TRUE
Plot C,0-0,Plot C 0-0,1,November,April,242,NA,NA,Orbicella faveolata,2025-11-03,2026-04-03,Plot_C_Coki_PlotC_Survivorship_20251103_0-0-Coki_PlotC_Survivorship_20260403_0-0.csv,0-0,born,none,2,480,cm2,0,16.7925,0,0.0016792500000000002,FALSE,TRUE,FALSE,FALSE,TRUE
Plot C,0-0,Plot C 0-0,1,November,April,243,NA,NA,Orbicella faveolata,2025-11-03,2026-04-03,Plot_C_Coki_PlotC_Survivorship_20251103_0-0-Coki_PlotC_Survivorship_20260403_0-0.csv,0-0,born,none,1,480,cm2,0,5.2725,0,5.2725e-4,FALSE,TRUE,FALSE,FALSE,TRUE
Plot C,0-0,Plot C 0-0,1,November,April,244,NA,NA,Orbicella faveolata,2025-11-03,2026-04-03,Plot_C_Coki_PlotC_Survivorship_20251103_0-0-Coki_PlotC_Survivorship_20260403_0-0.csv,0-0,born,none,2,480,cm2,0,18.11,0,0.001811,FALSE,TRUE,FALSE,FALSE,TRUE
Plot C,0-0,Plot C 0-0,1,November,April,245,NA,NA,Porites porites,2025-11-03,2026-04-03,Plot_C_Coki_PlotC_Survivorship_20251103_0-0-Coki_PlotC_Survivorship_20260403_0-0.csv,0-0,born,none,1,480,cm2,0,30.84,0,0.003084,FALSE,TRUE,FALSE,FALSE,TRUE
Plot C,0-0,Plot C 0-0,1,November,April,246,NA,NA,Orbicella faveolata,2025-11-03,2026-04-03,Plot_C_Coki_PlotC_Survivorship_20251103_0-0-Coki_PlotC_Survivorship_20260403_0-0.csv,0-0,born,none,1,480,cm2,0,7.87,0,7.87e-4,FALSE,TRUE,FALSE,FALSE,TRUE
Plot C,0-0,Plot C 0-0,1,November,April,247,NA,NA,Orbicella faveolata,2025-11-03,2026-04-03,Plot_C_Coki_PlotC_Survivorship_20251103_0-0-Coki_PlotC_Survivorship_20260403_0-0.csv,0-0,born,none,1,480,cm2,0,7.41,0,7.41e-4,FALSE,TRUE,FALSE,FALSE,TRUE
Plot C,0-0,Plot C 0-0,1,November,April,248,NA,NA,Orbicella faveolata,2025-11-03,2026-04-03,Plot_C_Coki_PlotC_Survivorship_20251103_0-0-Coki_PlotC_Survivorship_20260403_0-0.csv,0-0,born,none,2,480,cm2,0,20.6725,0,0.00206725,FALSE,TRUE,FALSE,FALSE,TRUE
Plot C,0-0,Plot C 0-0,1,November,April,249,NA,NA,Orbicella faveolata,2025-11-03,2026-04-03,Plot_C_Coki_PlotC_Survivorship_20251103_0-0-Coki_PlotC_Survivorship_20260403_0-0.csv,0-0,born,none,2,480,cm2,0,18.255,0,0.0018254999999999999,FALSE,TRUE,FALSE,FALSE,TRUE
Plot C,0-0,Plot C 0-0,1,November,April,25,NA,NA,Montastraea cavernosa,2025-11-03,2026-04-03,Plot_C_Coki_PlotC_Survivorship_20251103_0-0-Coki_PlotC_Survivorship_20260403_0-0.csv,0-0,born,none,1,480,cm2,0,3.39,0,3.39e-4,FALSE,TRUE,FALSE,FALSE,TRUE
Plot C,0-0,Plot C 0-0,1,November,April,250,NA,NA,Porites porites,2025-11-03,2026-04-03,Plot_C_Coki_PlotC_Survivorship_20251103_0-0-Coki_PlotC_Survivorship_20260403_0-0.csv,0-0,born,none,1,480,cm2,0,8.5625,0,8.5625e-4,FALSE,TRUE,FALSE,FALSE,TRUE
Plot C,0-0,Plot C 0-0,1,November,April,251,NA,NA,Orbicella faveolata,2025-11-03,2026-04-03,Plot_C_Coki_PlotC_Survivorship_20251103_0-0-Coki_PlotC_Survivorship_20260403_0-0.csv,0-0,born,none,1,480,cm2,0,8.325,0,8.324999999999999e-4,FALSE,TRUE,FALSE,FALSE,TRUE
Plot C,0-0,Plot C 0-0,1,November,April,252,NA,NA,Porites porites,2025-11-03,2026-04-03,Plot_C_Coki_PlotC_Survivorship_20251103_0-0-Coki_PlotC_Survivorship_20260403_0-0.csv,0-0,born,none,1,480,cm2,0,8.085,0,8.085000000000001e-4,FALSE,TRUE,FALSE,FALSE,TRUE
Plot C,0-0,Plot C 0-0,1,November,April,253,NA,NA,Porites porites,2025-11-03,2026-04-03,Plot_C_Coki_PlotC_Survivorship_20251103_0-0-Coki_PlotC_Survivorship_20260403_0-0.csv,0-0,born,none,1,480,cm2,0,4.3575,0,4.3575e-4,FALSE,TRUE,FALSE,FALSE,TRUE
Plot C,0-0,Plot C 0-0,1,November,April,254,NA,NA,Porites porites,2025-11-03,2026-04-03,Plot_C_Coki_PlotC_Survivorship_20251103_0-0-Coki_PlotC_Survivorship_20260403_0-0.csv,0-0,born,none,1,480,cm2,0,6.1875,0,6.1875e-4,FALSE,TRUE,FALSE,FALSE,TRUE
Plot C,0-0,Plot C 0-0,1,November,April,255,NA,NA,Porites porites,2025-11-03,2026-04-03,Plot_C_Coki_PlotC_Survivorship_20251103_0-0-Coki_PlotC_Survivorship_20260403_0-0.csv,0-0,born,none,1,480,cm2,0,6.165,0,6.165e-4,FALSE,TRUE,FALSE,FALSE,TRUE
Plot C,0-0,Plot C 0-0,1,November,April,256,NA,NA,Porites porites,2025-11-03,2026-04-03,Plot_C_Coki_PlotC_Survivorship_20251103_0-0-Coki_PlotC_Survivorship_20260403_0-0.csv,0-0,born,none,1,480,cm2,0,7.645,0,7.645e-4,FALSE,TRUE,FALSE,FALSE,TRUE
Plot C,0-0,Plot C 0-0,1,November,April,257,NA,NA,Porites porites,2025-11-03,2026-04-03,Plot_C_Coki_PlotC_Survivorship_20251103_0-0-Coki_PlotC_Survivorship_20260403_0-0.csv,0-0,born,none,1,480,cm2,0,5.11,0,5.110000000000001e-4,FALSE,TRUE,FALSE,FALSE,TRUE
Plot C,0-0,Plot C 0-0,1,November,April,258,NA,NA,Porites porites,2025-11-03,2026-04-03,Plot_C_Coki_PlotC_Survivorship_20251103_0-0-Coki_PlotC_Survivorship_20260403_0-0.csv,0-0,born,none,1,480,cm2,0,1.3775,0,1.3775e-4,FALSE,TRUE,FALSE,FALSE,TRUE
Plot C,0-0,Plot C 0-0,1,November,April,259,NA,NA,Porites porites,2025-11-03,2026-04-03,Plot_C_Coki_PlotC_Survivorship_20251103_0-0-Coki_PlotC_Survivorship_20260403_0-0.csv,0-0,born,none,1,480,cm2,0,2.325,0,2.325e-4,FALSE,TRUE,FALSE,FALSE,TRUE
Plot C,0-0,Plot C 0-0,1,November,April,26,NA,NA,Montastraea cavernosa,2025-11-03,2026-04-03,Plot_C_Coki_PlotC_Survivorship_20251103_0-0-Coki_PlotC_Survivorship_20260403_0-0.csv,0-0,born,none,1,480,cm2,0,4.915,0,4.915e-4,FALSE,TRUE,FALSE,FALSE,TRUE
Plot C,0-0,Plot C 0-0,1,November,April,260,NA,NA,Porites porites,2025-11-03,2026-04-03,Plot_C_Coki_PlotC_Survivorship_20251103_0-0-Coki_PlotC_Survivorship_20260403_0-0.csv,0-0,born,none,1,480,cm2,0,4.545,0,4.545e-4,FALSE,TRUE,FALSE,FALSE,TRUE
Plot C,0-0,Plot C 0-0,1,November,April,261,NA,NA,Porites porites,2025-11-03,2026-04-03,Plot_C_Coki_PlotC_Survivorship_20251103_0-0-Coki_PlotC_Survivorship_20260403_0-0.csv,0-0,born,none,1,480,cm2,0,1.005,0,1.0049999999999999e-4,FALSE,TRUE,FALSE,FALSE,TRUE
Plot C,0-0,Plot C 0-0,1,November,April,262,NA,NA,Porites porites,2025-11-03,2026-04-03,Plot_C_Coki_PlotC_Survivorship_20251103_0-0-Coki_PlotC_Survivorship_20260403_0-0.csv,0-0,born,none,1,480,cm2,0,6.6,0,6.6e-4,FALSE,TRUE,FALSE,FALSE,TRUE
Plot C,0-0,Plot C 0-0,1,November,April,263,NA,NA,Porites porites,2025-11-03,2026-04-03,Plot_C_Coki_PlotC_Survivorship_20251103_0-0-Coki_PlotC_Survivorship_20260403_0-0.csv,0-0,born,none,1,480,cm2,0,6.7325,0,6.7325e-4,FALSE,TRUE,FALSE,FALSE,TRUE
Plot C,0-0,Plot C 0-0,1,November,April,264,NA,NA,Porites porites,2025-11-03,2026-04-03,Plot_C_Coki_PlotC_Survivorship_20251103_0-0-Coki_PlotC_Survivorship_20260403_0-0.csv,0-0,born,none,1,480,cm2,0,2.9125,0,2.9125e-4,FALSE,TRUE,FALSE,FALSE,TRUE
Plot C,0-0,Plot C 0-0,1,November,April,265,NA,NA,Porites porites,2025-11-03,2026-04-03,Plot_C_Coki_PlotC_Survivorship_20251103_0-0-Coki_PlotC_Survivorship_20260403_0-0.csv,0-0,born,none,1,480,cm2,0,4.68,0,4.68e-4,FALSE,TRUE,FALSE,FALSE,TRUE
Plot C,0-0,Plot C 0-0,1,November,April,266,NA,NA,Porites porites,2025-11-03,2026-04-03,Plot_C_Coki_PlotC_Survivorship_20251103_0-0-Coki_PlotC_Survivorship_20260403_0-0.csv,0-0,born,none,1,480,cm2,0,5.23,0,5.23e-4,FALSE,TRUE,FALSE,FALSE,TRUE
Plot C,0-0,Plot C 0-0,1,November,April,267,NA,NA,Porites porites,2025-11-03,2026-04-03,Plot_C_Coki_PlotC_Survivorship_20251103_0-0-Coki_PlotC_Survivorship_20260403_0-0.csv,0-0,born,none,1,480,cm2,0,3.44,0,3.44e-4,FALSE,TRUE,FALSE,FALSE,TRUE
Plot C,0-0,Plot C 0-0,1,November,April,268,NA,NA,Porites porites,2025-11-03,2026-04-03,Plot_C_Coki_PlotC_Survivorship_20251103_0-0-Coki_PlotC_Survivorship_20260403_0-0.csv,0-0,born,none,1,480,cm2,0,5.3725,0,5.3725e-4,FALSE,TRUE,FALSE,FALSE,TRUE
Plot C,0-0,Plot C 0-0,1,November,April,269,NA,NA,Porites porites,2025-11-03,2026-04-03,Plot_C_Coki_PlotC_Survivorship_20251103_0-0-Coki_PlotC_Survivorship_20260403_0-0.csv,0-0,born,none,1,480,cm2,0,3.3375,0,3.3375e-4,FALSE,TRUE,FALSE,FALSE,TRUE
Plot C,0-0,Plot C 0-0,1,November,April,27,NA,NA,Montastraea cavernosa,2025-11-03,2026-04-03,Plot_C_Coki_PlotC_Survivorship_20251103_0-0-Coki_PlotC_Survivorship_20260403_0-0.csv,0-0,born,none,1,480,cm2,0,3.6375,0,3.6375000000000003e-4,FALSE,TRUE,FALSE,FALSE,TRUE
Plot C,0-0,Plot C 0-0,1,November,April,270,NA,NA,Porites porites,2025-11-03,2026-04-03,Plot_C_Coki_PlotC_Survivorship_20251103_0-0-Coki_PlotC_Survivorship_20260403_0-0.csv,0-0,born,none,1,480,cm2,0,1.715,0,1.715e-4,FALSE,TRUE,FALSE,FALSE,TRUE
Plot C,0-0,Plot C 0-0,1,November,April,271,NA,NA,Porites porites,2025-11-03,2026-04-03,Plot_C_Coki_PlotC_Survivorship_20251103_0-0-Coki_PlotC_Survivorship_20260403_0-0.csv,0-0,born,none,1,480,cm2,0,7.8625,0,7.8625e-4,FALSE,TRUE,FALSE,FALSE,TRUE
Plot C,0-0,Plot C 0-0,1,November,April,272,NA,NA,Porites porites,2025-11-03,2026-04-03,Plot_C_Coki_PlotC_Survivorship_20251103_0-0-Coki_PlotC_Survivorship_20260403_0-0.csv,0-0,born,none,1,480,cm2,0,8.97,0,8.97e-4,FALSE,TRUE,FALSE,FALSE,TRUE
Plot C,0-0,Plot C 0-0,1,November,April,273,NA,NA,Porites porites,2025-11-03,2026-04-03,Plot_C_Coki_PlotC_Survivorship_20251103_0-0-Coki_PlotC_Survivorship_20260403_0-0.csv,0-0,born,none,1,480,cm2,0,3.7575,0,3.7575e-4,FALSE,TRUE,FALSE,FALSE,TRUE
Plot C,0-0,Plot C 0-0,1,November,April,274,NA,NA,Porites porites,2025-11-03,2026-04-03,Plot_C_Coki_PlotC_Survivorship_20251103_0-0-Coki_PlotC_Survivorship_20260403_0-0.csv,0-0,born,none,1,480,cm2,0,10.86,0,0.001086,FALSE,TRUE,FALSE,FALSE,TRUE
Plot C,0-0,Plot C 0-0,1,November,April,275,NA,NA,Porites porites,2025-11-03,2026-04-03,Plot_C_Coki_PlotC_Survivorship_20251103_0-0-Coki_PlotC_Survivorship_20260403_0-0.csv,0-0,born,none,1,480,cm2,0,8.4625,0,8.4625e-4,FALSE,TRUE,FALSE,FALSE,TRUE
Plot C,0-0,Plot C 0-0,1,November,April,276,NA,NA,Porites porites,2025-11-03,2026-04-03,Plot_C_Coki_PlotC_Survivorship_20251103_0-0-Coki_PlotC_Survivorship_20260403_0-0.csv,0-0,born,none,1,480,cm2,0,7.5175,0,7.5175e-4,FALSE,TRUE,FALSE,FALSE,TRUE
Plot C,0-0,Plot C 0-0,1,November,April,277,NA,NA,Porites porites,2025-11-03,2026-04-03,Plot_C_Coki_PlotC_Survivorship_20251103_0-0-Coki_PlotC_Survivorship_20260403_0-0.csv,0-0,born,none,1,480,cm2,0,4.2675,0,4.2675e-4,FALSE,TRUE,FALSE,FALSE,TRUE
Plot C,0-0,Plot C 0-0,1,November,April,278,NA,NA,Orbicella franksi,2025-11-03,2026-04-03,Plot_C_Coki_PlotC_Survivorship_20251103_0-0-Coki_PlotC_Survivorship_20260403_0-0.csv,0-0,born,none,2,480,cm2,0,12.5,0,0.0012499999999999998,FALSE,TRUE,FALSE,FALSE,TRUE
Plot C,0-0,Plot C 0-0,1,November,April,279,NA,NA,Orbicella franksi,2025-11-03,2026-04-03,Plot_C_Coki_PlotC_Survivorship_20251103_0-0-Coki_PlotC_Survivorship_20260403_0-0.csv,0-0,born,none,1,480,cm2,0,5.9275,0,5.927500000000001e-4,FALSE,TRUE,FALSE,FALSE,TRUE
Plot C,0-0,Plot C 0-0,1,November,April,28,NA,NA,Montastraea cavernosa,2025-11-03,2026-04-03,Plot_C_Coki_PlotC_Survivorship_20251103_0-0-Coki_PlotC_Survivorship_20260403_0-0.csv,0-0,born,none,1,480,cm2,0,4.115,0,4.1150000000000003e-4,FALSE,TRUE,FALSE,FALSE,TRUE
Plot C,0-0,Plot C 0-0,1,November,April,280,NA,NA,Orbicella franksi,2025-11-03,2026-04-03,Plot_C_Coki_PlotC_Survivorship_20251103_0-0-Coki_PlotC_Survivorship_20260403_0-0.csv,0-0,born,none,1,480,cm2,0,4.3,0,4.3e-4,FALSE,TRUE,FALSE,FALSE,TRUE
Plot C,0-0,Plot C 0-0,1,November,April,281,NA,NA,Orbicella franksi,2025-11-03,2026-04-03,Plot_C_Coki_PlotC_Survivorship_20251103_0-0-Coki_PlotC_Survivorship_20260403_0-0.csv,0-0,born,none,1,480,cm2,0,5.02,0,5.02e-4,FALSE,TRUE,FALSE,FALSE,TRUE
Plot C,0-0,Plot C 0-0,1,November,April,283,NA,NA,Orbicella franksi,2025-11-03,2026-04-03,Plot_C_Coki_PlotC_Survivorship_20251103_0-0-Coki_PlotC_Survivorship_20260403_0-0.csv,0-0,born,none,1,480,cm2,0,3.4475,0,3.4475e-4,FALSE,TRUE,FALSE,FALSE,TRUE
Plot C,0-0,Plot C 0-0,1,November,April,284,NA,NA,Orbicella franksi,2025-11-03,2026-04-03,Plot_C_Coki_PlotC_Survivorship_20251103_0-0-Coki_PlotC_Survivorship_20260403_0-0.csv,0-0,born,none,1,480,cm2,0,3.91,0,3.91e-4,FALSE,TRUE,FALSE,FALSE,TRUE
Plot C,0-0,Plot C 0-0,1,November,April,285,NA,NA,Orbicella franksi,2025-11-03,2026-04-03,Plot_C_Coki_PlotC_Survivorship_20251103_0-0-Coki_PlotC_Survivorship_20260403_0-0.csv,0-0,born,none,1,480,cm2,0,2.4075,0,2.4075000000000002e-4,FALSE,TRUE,FALSE,FALSE,TRUE
Plot C,0-0,Plot C 0-0,1,November,April,286,NA,NA,Orbicella franksi,2025-11-03,2026-04-03,Plot_C_Coki_PlotC_Survivorship_20251103_0-0-Coki_PlotC_Survivorship_20260403_0-0.csv,0-0,born,none,1,480,cm2,0,3.6575,0,3.6575e-4,FALSE,TRUE,FALSE,FALSE,TRUE
Plot C,0-0,Plot C 0-0,1,November,April,287,NA,NA,Orbicella franksi,2025-11-03,2026-04-03,Plot_C_Coki_PlotC_Survivorship_20251103_0-0-Coki_PlotC_Survivorship_20260403_0-0.csv,0-0,born,none,1,480,cm2,0,3.565,0,3.565e-4,FALSE,TRUE,FALSE,FALSE,TRUE
Plot C,0-0,Plot C 0-0,1,November,April,288,NA,NA,Orbicella franksi,2025-11-03,2026-04-03,Plot_C_Coki_PlotC_Survivorship_20251103_0-0-Coki_PlotC_Survivorship_20260403_0-0.csv,0-0,born,none,1,480,cm2,0,2.915,0,2.915e-4,FALSE,TRUE,FALSE,FALSE,TRUE
Plot C,0-0,Plot C 0-0,1,November,April,289,NA,NA,Orbicella franksi,2025-11-03,2026-04-03,Plot_C_Coki_PlotC_Survivorship_20251103_0-0-Coki_PlotC_Survivorship_20260403_0-0.csv,0-0,born,none,1,480,cm2,0,4.7675,0,4.7675e-4,FALSE,TRUE,FALSE,FALSE,TRUE
Plot C,0-0,Plot C 0-0,1,November,April,29,NA,NA,Montastraea cavernosa,2025-11-03,2026-04-03,Plot_C_Coki_PlotC_Survivorship_20251103_0-0-Coki_PlotC_Survivorship_20260403_0-0.csv,0-0,born,none,1,480,cm2,0,3.51,0,3.5099999999999997e-4,FALSE,TRUE,FALSE,FALSE,TRUE
Plot C,0-0,Plot C 0-0,1,November,April,290,NA,NA,Orbicella franksi,2025-11-03,2026-04-03,Plot_C_Coki_PlotC_Survivorship_20251103_0-0-Coki_PlotC_Survivorship_20260403_0-0.csv,0-0,born,none,1,480,cm2,0,4.315,0,4.315e-4,FALSE,TRUE,FALSE,FALSE,TRUE
Plot C,0-0,Plot C 0-0,1,November,April,291,NA,NA,Orbicella franksi,2025-11-03,2026-04-03,Plot_C_Coki_PlotC_Survivorship_20251103_0-0-Coki_PlotC_Survivorship_20260403_0-0.csv,0-0,born,none,1,480,cm2,0,3.495,0,3.495e-4,FALSE,TRUE,FALSE,FALSE,TRUE
Plot C,0-0,Plot C 0-0,1,November,April,292,NA,NA,Orbicella faveolata,2025-11-03,2026-04-03,Plot_C_Coki_PlotC_Survivorship_20251103_0-0-Coki_PlotC_Survivorship_20260403_0-0.csv,0-0,born,none,3,480,cm2,0,35.6825,0,0.0035682500000000002,FALSE,TRUE,FALSE,FALSE,TRUE
Plot C,0-0,Plot C 0-0,1,November,April,293,NA,NA,Orbicella faveolata,2025-11-03,2026-04-03,Plot_C_Coki_PlotC_Survivorship_20251103_0-0-Coki_PlotC_Survivorship_20260403_0-0.csv,0-0,born,none,3,480,cm2,0,32.2725,0,0.00322725,FALSE,TRUE,FALSE,FALSE,TRUE
Plot C,0-0,Plot C 0-0,1,November,April,294,NA,NA,Orbicella faveolata,2025-11-03,2026-04-03,Plot_C_Coki_PlotC_Survivorship_20251103_0-0-Coki_PlotC_Survivorship_20260403_0-0.csv,0-0,born,none,3,480,cm2,0,25.285000000000004,0,0.0025285,FALSE,TRUE,FALSE,FALSE,TRUE
Plot C,0-0,Plot C 0-0,1,November,April,295,NA,NA,Orbicella faveolata,2025-11-03,2026-04-03,Plot_C_Coki_PlotC_Survivorship_20251103_0-0-Coki_PlotC_Survivorship_20260403_0-0.csv,0-0,born,none,1,480,cm2,0,9.96,0,9.960000000000001e-4,FALSE,TRUE,FALSE,FALSE,TRUE
Plot C,0-0,Plot C 0-0,1,November,April,296,NA,NA,Orbicella faveolata,2025-11-03,2026-04-03,Plot_C_Coki_PlotC_Survivorship_20251103_0-0-Coki_PlotC_Survivorship_20260403_0-0.csv,0-0,born,none,1,480,cm2,0,8.475,0,8.475e-4,FALSE,TRUE,FALSE,FALSE,TRUE
Plot C,0-0,Plot C 0-0,1,November,April,297,NA,NA,Orbicella faveolata,2025-11-03,2026-04-03,Plot_C_Coki_PlotC_Survivorship_20251103_0-0-Coki_PlotC_Survivorship_20260403_0-0.csv,0-0,born,none,2,480,cm2,0,14.0825,0,0.00140825,FALSE,TRUE,FALSE,FALSE,TRUE
Plot C,0-0,Plot C 0-0,1,November,April,298,NA,NA,Orbicella faveolata,2025-11-03,2026-04-03,Plot_C_Coki_PlotC_Survivorship_20251103_0-0-Coki_PlotC_Survivorship_20260403_0-0.csv,0-0,born,none,7,480,cm2,0,50.7675,0,0.0050767500000000005,FALSE,TRUE,FALSE,FALSE,TRUE
Plot C,0-0,Plot C 0-0,1,November,April,299,NA,NA,Orbicella faveolata,2025-11-03,2026-04-03,Plot_C_Coki_PlotC_Survivorship_20251103_0-0-Coki_PlotC_Survivorship_20260403_0-0.csv,0-0,born,none,1,480,cm2,0,9.59,0,9.59e-4,FALSE,TRUE,FALSE,FALSE,TRUE
Plot C,0-0,Plot C 0-0,1,November,April,3,NA,NA,Montastraea cavernosa,2025-11-03,2026-04-03,Plot_C_Coki_PlotC_Survivorship_20251103_0-0-Coki_PlotC_Survivorship_20260403_0-0.csv,0-0,born,none,1,480,cm2,0,4.05,0,4.05e-4,FALSE,TRUE,FALSE,FALSE,TRUE
Plot C,0-0,Plot C 0-0,1,November,April,30,NA,NA,Montastraea cavernosa,2025-11-03,2026-04-03,Plot_C_Coki_PlotC_Survivorship_20251103_0-0-Coki_PlotC_Survivorship_20260403_0-0.csv,0-0,born,none,1,480,cm2,0,3.7275,0,3.7275e-4,FALSE,TRUE,FALSE,FALSE,TRUE
Plot C,0-0,Plot C 0-0,1,November,April,300,NA,NA,Orbicella faveolata,2025-11-03,2026-04-03,Plot_C_Coki_PlotC_Survivorship_20251103_0-0-Coki_PlotC_Survivorship_20260403_0-0.csv,0-0,born,none,1,480,cm2,0,7.6025,0,7.6025e-4,FALSE,TRUE,FALSE,FALSE,TRUE
Plot C,0-0,Plot C 0-0,1,November,April,301,NA,NA,Orbicella faveolata,2025-11-03,2026-04-03,Plot_C_Coki_PlotC_Survivorship_20251103_0-0-Coki_PlotC_Survivorship_20260403_0-0.csv,0-0,born,none,1,480,cm2,0,7.235,0,7.235000000000001e-4,FALSE,TRUE,FALSE,FALSE,TRUE
Plot C,0-0,Plot C 0-0,1,November,April,302,NA,NA,Orbicella faveolata,2025-11-03,2026-04-03,Plot_C_Coki_PlotC_Survivorship_20251103_0-0-Coki_PlotC_Survivorship_20260403_0-0.csv,0-0,born,none,1,480,cm2,0,7.5275,0,7.5275e-4,FALSE,TRUE,FALSE,FALSE,TRUE
Plot C,0-0,Plot C 0-0,1,November,April,303,NA,NA,Orbicella faveolata,2025-11-03,2026-04-03,Plot_C_Coki_PlotC_Survivorship_20251103_0-0-Coki_PlotC_Survivorship_20260403_0-0.csv,0-0,born,none,1,480,cm2,0,8.8475,0,8.8475e-4,FALSE,TRUE,FALSE,FALSE,TRUE
Plot C,0-0,Plot C 0-0,1,November,April,31,NA,NA,Montastraea cavernosa,2025-11-03,2026-04-03,Plot_C_Coki_PlotC_Survivorship_20251103_0-0-Coki_PlotC_Survivorship_20260403_0-0.csv,0-0,born,none,1,480,cm2,0,3.575,0,3.575e-4,FALSE,TRUE,FALSE,FALSE,TRUE
Plot C,0-0,Plot C 0-0,1,November,April,32,NA,NA,Montastraea cavernosa,2025-11-03,2026-04-03,Plot_C_Coki_PlotC_Survivorship_20251103_0-0-Coki_PlotC_Survivorship_20260403_0-0.csv,0-0,born,none,1,480,cm2,0,5.1075,0,5.1075e-4,FALSE,TRUE,FALSE,FALSE,TRUE
Plot C,0-0,Plot C 0-0,1,November,April,33,NA,NA,Montastraea cavernosa,2025-11-03,2026-04-03,Plot_C_Coki_PlotC_Survivorship_20251103_0-0-Coki_PlotC_Survivorship_20260403_0-0.csv,0-0,born,none,1,480,cm2,0,5.3725,0,5.3725e-4,FALSE,TRUE,FALSE,FALSE,TRUE
Plot C,0-0,Plot C 0-0,1,November,April,34,NA,NA,Montastraea cavernosa,2025-11-03,2026-04-03,Plot_C_Coki_PlotC_Survivorship_20251103_0-0-Coki_PlotC_Survivorship_20260403_0-0.csv,0-0,born,none,1,480,cm2,0,5.35,0,5.35e-4,FALSE,TRUE,FALSE,FALSE,TRUE
Plot C,0-0,Plot C 0-0,1,November,April,35,NA,NA,Montastraea cavernosa,2025-11-03,2026-04-03,Plot_C_Coki_PlotC_Survivorship_20251103_0-0-Coki_PlotC_Survivorship_20260403_0-0.csv,0-0,born,none,1,480,cm2,0,3.6375,0,3.6375000000000003e-4,FALSE,TRUE,FALSE,FALSE,TRUE
Plot C,0-0,Plot C 0-0,1,November,April,36,NA,NA,Montastraea cavernosa,2025-11-03,2026-04-03,Plot_C_Coki_PlotC_Survivorship_20251103_0-0-Coki_PlotC_Survivorship_20260403_0-0.csv,0-0,born,none,1,480,cm2,0,3.75,0,3.75e-4,FALSE,TRUE,FALSE,FALSE,TRUE
Plot C,0-0,Plot C 0-0,1,November,April,37,NA,NA,Montastraea cavernosa,2025-11-03,2026-04-03,Plot_C_Coki_PlotC_Survivorship_20251103_0-0-Coki_PlotC_Survivorship_20260403_0-0.csv,0-0,born,none,1,480,cm2,0,5.19,0,5.19e-4,FALSE,TRUE,FALSE,FALSE,TRUE
Plot C,0-0,Plot C 0-0,1,November,April,38,NA,NA,Montastraea cavernosa,2025-11-03,2026-04-03,Plot_C_Coki_PlotC_Survivorship_20251103_0-0-Coki_PlotC_Survivorship_20260403_0-0.csv,0-0,born,none,1,480,cm2,0,4.72,0,4.72e-4,FALSE,TRUE,FALSE,FALSE,TRUE
Plot C,0-0,Plot C 0-0,1,November,April,39,NA,NA,Montastraea cavernosa,2025-11-03,2026-04-03,Plot_C_Coki_PlotC_Survivorship_20251103_0-0-Coki_PlotC_Survivorship_20260403_0-0.csv,0-0,born,none,1,480,cm2,0,6.805,0,6.805e-4,FALSE,TRUE,FALSE,FALSE,TRUE
Plot C,0-0,Plot C 0-0,1,November,April,4,NA,NA,Montastraea cavernosa,2025-11-03,2026-04-03,Plot_C_Coki_PlotC_Survivorship_20251103_0-0-Coki_PlotC_Survivorship_20260403_0-0.csv,0-0,born,none,1,480,cm2,0,4.97,0,4.969999999999999e-4,FALSE,TRUE,FALSE,FALSE,TRUE
Plot C,0-0,Plot C 0-0,1,November,April,40,NA,NA,Montastraea cavernosa,2025-11-03,2026-04-03,Plot_C_Coki_PlotC_Survivorship_20251103_0-0-Coki_PlotC_Survivorship_20260403_0-0.csv,0-0,born,none,1,480,cm2,0,5.0625,0,5.0625e-4,FALSE,TRUE,FALSE,FALSE,TRUE
Plot C,0-0,Plot C 0-0,1,November,April,41,NA,NA,Montastraea cavernosa,2025-11-03,2026-04-03,Plot_C_Coki_PlotC_Survivorship_20251103_0-0-Coki_PlotC_Survivorship_20260403_0-0.csv,0-0,born,none,1,480,cm2,0,4.6,0,4.5999999999999996e-4,FALSE,TRUE,FALSE,FALSE,TRUE
Plot C,0-0,Plot C 0-0,1,November,April,42,NA,NA,Montastraea cavernosa,2025-11-03,2026-04-03,Plot_C_Coki_PlotC_Survivorship_20251103_0-0-Coki_PlotC_Survivorship_20260403_0-0.csv,0-0,born,none,1,480,cm2,0,4.0575,0,4.0575e-4,FALSE,TRUE,FALSE,FALSE,TRUE
Plot C,0-0,Plot C 0-0,1,November,April,43,NA,NA,Montastraea cavernosa,2025-11-03,2026-04-03,Plot_C_Coki_PlotC_Survivorship_20251103_0-0-Coki_PlotC_Survivorship_20260403_0-0.csv,0-0,born,none,1,480,cm2,0,4.635,0,4.635e-4,FALSE,TRUE,FALSE,FALSE,TRUE
Plot C,0-0,Plot C 0-0,1,November,April,44,NA,NA,Orbicella annularis,2025-11-03,2026-04-03,Plot_C_Coki_PlotC_Survivorship_20251103_0-0-Coki_PlotC_Survivorship_20260403_0-0.csv,0-0,born,none,1,480,cm2,0,16.1225,0,0.00161225,FALSE,TRUE,FALSE,FALSE,TRUE
Plot C,0-0,Plot C 0-0,1,November,April,45,NA,NA,Montastraea cavernosa,2025-11-03,2026-04-03,Plot_C_Coki_PlotC_Survivorship_20251103_0-0-Coki_PlotC_Survivorship_20260403_0-0.csv,0-0,born,none,1,480,cm2,0,3.69,0,3.6899999999999997e-4,FALSE,TRUE,FALSE,FALSE,TRUE
Plot C,0-0,Plot C 0-0,1,November,April,46,NA,NA,Montastraea cavernosa,2025-11-03,2026-04-03,Plot_C_Coki_PlotC_Survivorship_20251103_0-0-Coki_PlotC_Survivorship_20260403_0-0.csv,0-0,born,none,1,480,cm2,0,3.0275,0,3.0274999999999996e-4,FALSE,TRUE,FALSE,FALSE,TRUE
Plot C,0-0,Plot C 0-0,1,November,April,47,NA,NA,Montastraea cavernosa,2025-11-03,2026-04-03,Plot_C_Coki_PlotC_Survivorship_20251103_0-0-Coki_PlotC_Survivorship_20260403_0-0.csv,0-0,born,none,1,480,cm2,0,3.6275,0,3.6275e-4,FALSE,TRUE,FALSE,FALSE,TRUE
Plot C,0-0,Plot C 0-0,1,November,April,48,NA,NA,Montastraea cavernosa,2025-11-03,2026-04-03,Plot_C_Coki_PlotC_Survivorship_20251103_0-0-Coki_PlotC_Survivorship_20260403_0-0.csv,0-0,born,none,1,480,cm2,0,3.445,0,3.4449999999999997e-4,FALSE,TRUE,FALSE,FALSE,TRUE
Plot C,0-0,Plot C 0-0,1,November,April,49,NA,NA,Montastraea cavernosa,2025-11-03,2026-04-03,Plot_C_Coki_PlotC_Survivorship_20251103_0-0-Coki_PlotC_Survivorship_20260403_0-0.csv,0-0,born,none,1,480,cm2,0,4.0425,0,4.0425000000000004e-4,FALSE,TRUE,FALSE,FALSE,TRUE
Plot C,0-0,Plot C 0-0,1,November,April,5,NA,NA,Montastraea cavernosa,2025-11-03,2026-04-03,Plot_C_Coki_PlotC_Survivorship_20251103_0-0-Coki_PlotC_Survivorship_20260403_0-0.csv,0-0,born,none,1,480,cm2,0,4.4675,0,4.4675000000000004e-4,FALSE,TRUE,FALSE,FALSE,TRUE
Plot C,0-0,Plot C 0-0,1,November,April,50,NA,NA,Montastraea cavernosa,2025-11-03,2026-04-03,Plot_C_Coki_PlotC_Survivorship_20251103_0-0-Coki_PlotC_Survivorship_20260403_0-0.csv,0-0,born,none,1,480,cm2,0,4.3475,0,4.3475e-4,FALSE,TRUE,FALSE,FALSE,TRUE
Plot C,0-0,Plot C 0-0,1,November,April,51,NA,NA,Montastraea cavernosa,2025-11-03,2026-04-03,Plot_C_Coki_PlotC_Survivorship_20251103_0-0-Coki_PlotC_Survivorship_20260403_0-0.csv,0-0,born,none,1,480,cm2,0,4.5325,0,4.5325e-4,FALSE,TRUE,FALSE,FALSE,TRUE
Plot C,0-0,Plot C 0-0,1,November,April,52,NA,NA,Montastraea cavernosa,2025-11-03,2026-04-03,Plot_C_Coki_PlotC_Survivorship_20251103_0-0-Coki_PlotC_Survivorship_20260403_0-0.csv,0-0,born,none,1,480,cm2,0,3.835,0,3.835e-4,FALSE,TRUE,FALSE,FALSE,TRUE
Plot C,0-0,Plot C 0-0,1,November,April,53,NA,NA,Montastraea cavernosa,2025-11-03,2026-04-03,Plot_C_Coki_PlotC_Survivorship_20251103_0-0-Coki_PlotC_Survivorship_20260403_0-0.csv,0-0,born,none,1,480,cm2,0,4.315,0,4.315e-4,FALSE,TRUE,FALSE,FALSE,TRUE
Plot C,0-0,Plot C 0-0,1,November,April,54,NA,NA,Montastraea cavernosa,2025-11-03,2026-04-03,Plot_C_Coki_PlotC_Survivorship_20251103_0-0-Coki_PlotC_Survivorship_20260403_0-0.csv,0-0,born,none,1,480,cm2,0,3.6875,0,3.6875e-4,FALSE,TRUE,FALSE,FALSE,TRUE
Plot C,0-0,Plot C 0-0,1,November,April,55,NA,NA,Montastraea cavernosa,2025-11-03,2026-04-03,Plot_C_Coki_PlotC_Survivorship_20251103_0-0-Coki_PlotC_Survivorship_20260403_0-0.csv,0-0,born,none,1,480,cm2,0,5.34,0,5.34e-4,FALSE,TRUE,FALSE,FALSE,TRUE
Plot C,0-0,Plot C 0-0,1,November,April,56,NA,NA,Montastraea cavernosa,2025-11-03,2026-04-03,Plot_C_Coki_PlotC_Survivorship_20251103_0-0-Coki_PlotC_Survivorship_20260403_0-0.csv,0-0,born,none,1,480,cm2,0,4.165,0,4.165e-4,FALSE,TRUE,FALSE,FALSE,TRUE
Plot C,0-0,Plot C 0-0,1,November,April,57,NA,NA,Montastraea cavernosa,2025-11-03,2026-04-03,Plot_C_Coki_PlotC_Survivorship_20251103_0-0-Coki_PlotC_Survivorship_20260403_0-0.csv,0-0,born,none,1,480,cm2,0,2.5525,0,2.5525e-4,FALSE,TRUE,FALSE,FALSE,TRUE
Plot C,0-0,Plot C 0-0,1,November,April,59,NA,NA,Montastraea cavernosa,2025-11-03,2026-04-03,Plot_C_Coki_PlotC_Survivorship_20251103_0-0-Coki_PlotC_Survivorship_20260403_0-0.csv,0-0,born,none,1,480,cm2,0,5.12,0,5.12e-4,FALSE,TRUE,FALSE,FALSE,TRUE
Plot C,0-0,Plot C 0-0,1,November,April,6,NA,NA,Montastraea cavernosa,2025-11-03,2026-04-03,Plot_C_Coki_PlotC_Survivorship_20251103_0-0-Coki_PlotC_Survivorship_20260403_0-0.csv,0-0,born,none,1,480,cm2,0,4.685,0,4.6849999999999995e-4,FALSE,TRUE,FALSE,FALSE,TRUE
Plot C,0-0,Plot C 0-0,1,November,April,60,NA,NA,Montastraea cavernosa,2025-11-03,2026-04-03,Plot_C_Coki_PlotC_Survivorship_20251103_0-0-Coki_PlotC_Survivorship_20260403_0-0.csv,0-0,born,none,1,480,cm2,0,4,0,4e-4,FALSE,TRUE,FALSE,FALSE,TRUE
Plot C,0-0,Plot C 0-0,1,November,April,61,NA,NA,Montastraea cavernosa,2025-11-03,2026-04-03,Plot_C_Coki_PlotC_Survivorship_20251103_0-0-Coki_PlotC_Survivorship_20260403_0-0.csv,0-0,born,none,1,480,cm2,0,4.035,0,4.035e-4,FALSE,TRUE,FALSE,FALSE,TRUE
Plot C,0-0,Plot C 0-0,1,November,April,62,NA,NA,Montastraea cavernosa,2025-11-03,2026-04-03,Plot_C_Coki_PlotC_Survivorship_20251103_0-0-Coki_PlotC_Survivorship_20260403_0-0.csv,0-0,born,none,1,480,cm2,0,3.685,0,3.685e-4,FALSE,TRUE,FALSE,FALSE,TRUE
Plot C,0-0,Plot C 0-0,1,November,April,63,NA,NA,Montastraea cavernosa,2025-11-03,2026-04-03,Plot_C_Coki_PlotC_Survivorship_20251103_0-0-Coki_PlotC_Survivorship_20260403_0-0.csv,0-0,born,none,1,480,cm2,0,4.02,0,4.0199999999999996e-4,FALSE,TRUE,FALSE,FALSE,TRUE
Plot C,0-0,Plot C 0-0,1,November,April,64,NA,NA,Montastraea cavernosa,2025-11-03,2026-04-03,Plot_C_Coki_PlotC_Survivorship_20251103_0-0-Coki_PlotC_Survivorship_20260403_0-0.csv,0-0,born,none,1,480,cm2,0,4.105,0,4.1050000000000006e-4,FALSE,TRUE,FALSE,FALSE,TRUE
Plot C,0-0,Plot C 0-0,1,November,April,65,NA,NA,Montastraea cavernosa,2025-11-03,2026-04-03,Plot_C_Coki_PlotC_Survivorship_20251103_0-0-Coki_PlotC_Survivorship_20260403_0-0.csv,0-0,born,none,1,480,cm2,0,2.75,0,2.75e-4,FALSE,TRUE,FALSE,FALSE,TRUE
Plot C,0-0,Plot C 0-0,1,November,April,66,NA,NA,Porites porites,2025-11-03,2026-04-03,Plot_C_Coki_PlotC_Survivorship_20251103_0-0-Coki_PlotC_Survivorship_20260403_0-0.csv,0-0,born,none,1,480,cm2,0,13.4825,0,0.00134825,FALSE,TRUE,FALSE,FALSE,TRUE
Plot C,0-0,Plot C 0-0,1,November,April,67,NA,NA,Porites porites,2025-11-03,2026-04-03,Plot_C_Coki_PlotC_Survivorship_20251103_0-0-Coki_PlotC_Survivorship_20260403_0-0.csv,0-0,born,none,1,480,cm2,0,9.715,0,9.715e-4,FALSE,TRUE,FALSE,FALSE,TRUE
Plot C,0-0,Plot C 0-0,1,November,April,68,NA,NA,Montastraea cavernosa,2025-11-03,2026-04-03,Plot_C_Coki_PlotC_Survivorship_20251103_0-0-Coki_PlotC_Survivorship_20260403_0-0.csv,0-0,born,none,1,480,cm2,0,3.0625,0,3.0625e-4,FALSE,TRUE,FALSE,FALSE,TRUE
Plot C,0-0,Plot C 0-0,1,November,April,69,NA,NA,Montastraea cavernosa,2025-11-03,2026-04-03,Plot_C_Coki_PlotC_Survivorship_20251103_0-0-Coki_PlotC_Survivorship_20260403_0-0.csv,0-0,born,none,1,480,cm2,0,3.775,0,3.775e-4,FALSE,TRUE,FALSE,FALSE,TRUE
Plot C,0-0,Plot C 0-0,1,November,April,7,NA,NA,Montastraea cavernosa,2025-11-03,2026-04-03,Plot_C_Coki_PlotC_Survivorship_20251103_0-0-Coki_PlotC_Survivorship_20260403_0-0.csv,0-0,born,none,1,480,cm2,0,4.195,0,4.195e-4,FALSE,TRUE,FALSE,FALSE,TRUE
Plot C,0-0,Plot C 0-0,1,November,April,70,NA,NA,Montastraea cavernosa,2025-11-03,2026-04-03,Plot_C_Coki_PlotC_Survivorship_20251103_0-0-Coki_PlotC_Survivorship_20260403_0-0.csv,0-0,born,none,1,480,cm2,0,3.55,0,3.5499999999999996e-4,FALSE,TRUE,FALSE,FALSE,TRUE
Plot C,0-0,Plot C 0-0,1,November,April,71,NA,NA,Montastraea cavernosa,2025-11-03,2026-04-03,Plot_C_Coki_PlotC_Survivorship_20251103_0-0-Coki_PlotC_Survivorship_20260403_0-0.csv,0-0,born,none,1,480,cm2,0,5.64,0,5.639999999999999e-4,FALSE,TRUE,FALSE,FALSE,TRUE
Plot C,0-0,Plot C 0-0,1,November,April,72,NA,NA,Montastraea cavernosa,2025-11-03,2026-04-03,Plot_C_Coki_PlotC_Survivorship_20251103_0-0-Coki_PlotC_Survivorship_20260403_0-0.csv,0-0,born,none,1,480,cm2,0,4.52,0,4.52e-4,FALSE,TRUE,FALSE,FALSE,TRUE
Plot C,0-0,Plot C 0-0,1,November,April,73,NA,NA,Montastraea cavernosa,2025-11-03,2026-04-03,Plot_C_Coki_PlotC_Survivorship_20251103_0-0-Coki_PlotC_Survivorship_20260403_0-0.csv,0-0,born,none,1,480,cm2,0,6.2725,0,6.2725e-4,FALSE,TRUE,FALSE,FALSE,TRUE
Plot C,0-0,Plot C 0-0,1,November,April,74,NA,NA,Montastraea cavernosa,2025-11-03,2026-04-03,Plot_C_Coki_PlotC_Survivorship_20251103_0-0-Coki_PlotC_Survivorship_20260403_0-0.csv,0-0,born,none,1,480,cm2,0,4.06,0,4.0599999999999995e-4,FALSE,TRUE,FALSE,FALSE,TRUE
Plot C,0-0,Plot C 0-0,1,November,April,75,NA,NA,Montastraea cavernosa,2025-11-03,2026-04-03,Plot_C_Coki_PlotC_Survivorship_20251103_0-0-Coki_PlotC_Survivorship_20260403_0-0.csv,0-0,born,none,1,480,cm2,0,4.54,0,4.54e-4,FALSE,TRUE,FALSE,FALSE,TRUE
Plot C,0-0,Plot C 0-0,1,November,April,76,NA,NA,Montastraea cavernosa,2025-11-03,2026-04-03,Plot_C_Coki_PlotC_Survivorship_20251103_0-0-Coki_PlotC_Survivorship_20260403_0-0.csv,0-0,born,none,1,480,cm2,0,5.27,0,5.269999999999999e-4,FALSE,TRUE,FALSE,FALSE,TRUE
Plot C,0-0,Plot C 0-0,1,November,April,77,NA,NA,Montastraea cavernosa,2025-11-03,2026-04-03,Plot_C_Coki_PlotC_Survivorship_20251103_0-0-Coki_PlotC_Survivorship_20260403_0-0.csv,0-0,born,none,1,480,cm2,0,4.11,0,4.11e-4,FALSE,TRUE,FALSE,FALSE,TRUE
Plot C,0-0,Plot C 0-0,1,November,April,78,NA,NA,Montastraea cavernosa,2025-11-03,2026-04-03,Plot_C_Coki_PlotC_Survivorship_20251103_0-0-Coki_PlotC_Survivorship_20260403_0-0.csv,0-0,born,none,1,480,cm2,0,5.6625,0,5.662499999999999e-4,FALSE,TRUE,FALSE,FALSE,TRUE
Plot C,0-0,Plot C 0-0,1,November,April,79,NA,NA,Montastraea cavernosa,2025-11-03,2026-04-03,Plot_C_Coki_PlotC_Survivorship_20251103_0-0-Coki_PlotC_Survivorship_20260403_0-0.csv,0-0,born,none,1,480,cm2,0,7.955,0,7.955e-4,FALSE,TRUE,FALSE,FALSE,TRUE
Plot C,0-0,Plot C 0-0,1,November,April,8,NA,NA,Montastraea cavernosa,2025-11-03,2026-04-03,Plot_C_Coki_PlotC_Survivorship_20251103_0-0-Coki_PlotC_Survivorship_20260403_0-0.csv,0-0,born,none,1,480,cm2,0,4.35,0,4.3499999999999995e-4,FALSE,TRUE,FALSE,FALSE,TRUE
Plot C,0-0,Plot C 0-0,1,November,April,80,NA,NA,Montastraea cavernosa,2025-11-03,2026-04-03,Plot_C_Coki_PlotC_Survivorship_20251103_0-0-Coki_PlotC_Survivorship_20260403_0-0.csv,0-0,born,none,1,480,cm2,0,3.6125,0,3.6124999999999997e-4,FALSE,TRUE,FALSE,FALSE,TRUE
Plot C,0-0,Plot C 0-0,1,November,April,81,NA,NA,Montastraea cavernosa,2025-11-03,2026-04-03,Plot_C_Coki_PlotC_Survivorship_20251103_0-0-Coki_PlotC_Survivorship_20260403_0-0.csv,0-0,born,none,1,480,cm2,0,5.9475,0,5.9475e-4,FALSE,TRUE,FALSE,FALSE,TRUE
Plot C,0-0,Plot C 0-0,1,November,April,82,NA,NA,Montastraea cavernosa,2025-11-03,2026-04-03,Plot_C_Coki_PlotC_Survivorship_20251103_0-0-Coki_PlotC_Survivorship_20260403_0-0.csv,0-0,born,none,1,480,cm2,0,2.9475,0,2.9475e-4,FALSE,TRUE,FALSE,FALSE,TRUE
Plot C,0-0,Plot C 0-0,1,November,April,83,NA,NA,Montastraea cavernosa,2025-11-03,2026-04-03,Plot_C_Coki_PlotC_Survivorship_20251103_0-0-Coki_PlotC_Survivorship_20260403_0-0.csv,0-0,born,none,1,480,cm2,0,5.685,0,5.685e-4,FALSE,TRUE,FALSE,FALSE,TRUE
Plot C,0-0,Plot C 0-0,1,November,April,84,NA,NA,Montastraea cavernosa,2025-11-03,2026-04-03,Plot_C_Coki_PlotC_Survivorship_20251103_0-0-Coki_PlotC_Survivorship_20260403_0-0.csv,0-0,born,none,1,480,cm2,0,4.6475,0,4.6475e-4,FALSE,TRUE,FALSE,FALSE,TRUE
Plot C,0-0,Plot C 0-0,1,November,April,85,NA,NA,Montastraea cavernosa,2025-11-03,2026-04-03,Plot_C_Coki_PlotC_Survivorship_20251103_0-0-Coki_PlotC_Survivorship_20260403_0-0.csv,0-0,born,none,1,480,cm2,0,6.3325,0,6.332499999999999e-4,FALSE,TRUE,FALSE,FALSE,TRUE
Plot C,0-0,Plot C 0-0,1,November,April,86,NA,NA,Montastraea cavernosa,2025-11-03,2026-04-03,Plot_C_Coki_PlotC_Survivorship_20251103_0-0-Coki_PlotC_Survivorship_20260403_0-0.csv,0-0,born,none,1,480,cm2,0,6.3225,0,6.3225e-4,FALSE,TRUE,FALSE,FALSE,TRUE
Plot C,0-0,Plot C 0-0,1,November,April,87,NA,NA,Montastraea cavernosa,2025-11-03,2026-04-03,Plot_C_Coki_PlotC_Survivorship_20251103_0-0-Coki_PlotC_Survivorship_20260403_0-0.csv,0-0,born,none,1,480,cm2,0,4.12,0,4.12e-4,FALSE,TRUE,FALSE,FALSE,TRUE
Plot C,0-0,Plot C 0-0,1,November,April,88,NA,NA,Porites porites,2025-11-03,2026-04-03,Plot_C_Coki_PlotC_Survivorship_20251103_0-0-Coki_PlotC_Survivorship_20260403_0-0.csv,0-0,born,none,1,480,cm2,0,5.0175,0,5.0175e-4,FALSE,TRUE,FALSE,FALSE,TRUE
Plot C,0-0,Plot C 0-0,1,November,April,89,NA,NA,Orbicella annularis,2025-11-03,2026-04-03,Plot_C_Coki_PlotC_Survivorship_20251103_0-0-Coki_PlotC_Survivorship_20260403_0-0.csv,0-0,born,none,1,480,cm2,0,17.9675,0,0.0017967500000000002,FALSE,TRUE,FALSE,FALSE,TRUE
Plot C,0-0,Plot C 0-0,1,November,April,9,NA,NA,Montastraea cavernosa,2025-11-03,2026-04-03,Plot_C_Coki_PlotC_Survivorship_20251103_0-0-Coki_PlotC_Survivorship_20260403_0-0.csv,0-0,born,none,1,480,cm2,0,2.16,0,2.1600000000000002e-4,FALSE,TRUE,FALSE,FALSE,TRUE
Plot C,0-0,Plot C 0-0,1,November,April,90,NA,NA,Porites porites,2025-11-03,2026-04-03,Plot_C_Coki_PlotC_Survivorship_20251103_0-0-Coki_PlotC_Survivorship_20260403_0-0.csv,0-0,born,none,1,480,cm2,0,2.4775,0,2.4775e-4,FALSE,TRUE,FALSE,FALSE,TRUE
Plot C,0-0,Plot C 0-0,1,November,April,91,NA,NA,Porites porites,2025-11-03,2026-04-03,Plot_C_Coki_PlotC_Survivorship_20251103_0-0-Coki_PlotC_Survivorship_20260403_0-0.csv,0-0,born,none,1,480,cm2,0,0.4775,0,4.7749999999999995e-5,FALSE,TRUE,FALSE,FALSE,TRUE
Plot C,0-0,Plot C 0-0,1,November,April,92,NA,NA,Porites porites,2025-11-03,2026-04-03,Plot_C_Coki_PlotC_Survivorship_20251103_0-0-Coki_PlotC_Survivorship_20260403_0-0.csv,0-0,born,none,1,480,cm2,0,6.945,0,6.945e-4,FALSE,TRUE,FALSE,FALSE,TRUE
Plot C,0-0,Plot C 0-0,1,November,April,93,NA,NA,Porites porites,2025-11-03,2026-04-03,Plot_C_Coki_PlotC_Survivorship_20251103_0-0-Coki_PlotC_Survivorship_20260403_0-0.csv,0-0,born,none,1,480,cm2,0,7.4775,0,7.4775e-4,FALSE,TRUE,FALSE,FALSE,TRUE
Plot C,0-0,Plot C 0-0,1,November,April,94,NA,NA,Porites porites,2025-11-03,2026-04-03,Plot_C_Coki_PlotC_Survivorship_20251103_0-0-Coki_PlotC_Survivorship_20260403_0-0.csv,0-0,born,none,1,480,cm2,0,4.775,0,4.7750000000000006e-4,FALSE,TRUE,FALSE,FALSE,TRUE
Plot C,0-0,Plot C 0-0,1,November,April,95,NA,NA,Porites porites,2025-11-03,2026-04-03,Plot_C_Coki_PlotC_Survivorship_20251103_0-0-Coki_PlotC_Survivorship_20260403_0-0.csv,0-0,born,none,1,480,cm2,0,5.72,0,5.72e-4,FALSE,TRUE,FALSE,FALSE,TRUE
Plot C,0-0,Plot C 0-0,1,November,April,96,NA,NA,Porites porites,2025-11-03,2026-04-03,Plot_C_Coki_PlotC_Survivorship_20251103_0-0-Coki_PlotC_Survivorship_20260403_0-0.csv,0-0,born,none,1,480,cm2,0,2.225,0,2.2250000000000001e-4,FALSE,TRUE,FALSE,FALSE,TRUE
Plot C,0-0,Plot C 0-0,1,November,April,97,NA,NA,Porites porites,2025-11-03,2026-04-03,Plot_C_Coki_PlotC_Survivorship_20251103_0-0-Coki_PlotC_Survivorship_20260403_0-0.csv,0-0,born,none,1,480,cm2,0,9.89,0,9.89e-4,FALSE,TRUE,FALSE,FALSE,TRUE
Plot C,0-0,Plot C 0-0,1,November,April,98,NA,NA,Porites porites,2025-11-03,2026-04-03,Plot_C_Coki_PlotC_Survivorship_20251103_0-0-Coki_PlotC_Survivorship_20260403_0-0.csv,0-0,born,none,1,480,cm2,0,0.515,0,5.15e-5,FALSE,TRUE,FALSE,FALSE,TRUE
Plot C,0-0,Plot C 0-0,1,November,April,99,NA,NA,Porites porites,2025-11-03,2026-04-03,Plot_C_Coki_PlotC_Survivorship_20251103_0-0-Coki_PlotC_Survivorship_20260403_0-0.csv,0-0,born,none,1,480,cm2,0,4.855,0,4.8550000000000004e-4,FALSE,TRUE,FALSE,FALSE,TRUE
Plot C,0-0,Plot C 0-0,2,April,June,10,NA,NA,Montastraea cavernosa,2026-04-03,2026-06-06,Plot_C_Coki_PlotC_Survivorship_20260403_0-0-Coki_PlotC_Survivorship_20260606_0-0.csv,0-0,grow,n/s,1,480,cm2,4.6,4.93,4.5999999999999996e-4,4.93e-4,TRUE,TRUE,TRUE,FALSE,FALSE
Plot C,0-0,Plot C 0-0,2,April,June,100,NA,NA,Porites porites,2026-04-03,2026-06-06,Plot_C_Coki_PlotC_Survivorship_20260403_0-0-Coki_PlotC_Survivorship_20260606_0-0.csv,0-0,shrink,n/s,1,480,cm2,4.8625,3.8975,4.8625e-4,3.8975e-4,TRUE,TRUE,TRUE,FALSE,FALSE
Plot C,0-0,Plot C 0-0,2,April,June,101,NA,NA,Porites porites,2026-04-03,2026-06-06,Plot_C_Coki_PlotC_Survivorship_20260403_0-0-Coki_PlotC_Survivorship_20260606_0-0.csv,0-0,grow,n/s,1,480,cm2,0.73,1.04,7.3e-5,1.0400000000000001e-4,TRUE,TRUE,TRUE,FALSE,FALSE
Plot C,0-0,Plot C 0-0,2,April,June,102,NA,NA,Porites porites,2026-04-03,2026-06-06,Plot_C_Coki_PlotC_Survivorship_20260403_0-0-Coki_PlotC_Survivorship_20260606_0-0.csv,0-0,shrink,n/s,1,480,cm2,5.9225,4.03,5.9225e-4,4.0300000000000004e-4,TRUE,TRUE,TRUE,FALSE,FALSE
Plot C,0-0,Plot C 0-0,2,April,June,103,NA,NA,Porites porites,2026-04-03,2026-06-06,Plot_C_Coki_PlotC_Survivorship_20260403_0-0-Coki_PlotC_Survivorship_20260606_0-0.csv,0-0,shrink,n/s,1,480,cm2,10.5125,9.4025,0.0010512499999999999,9.4025e-4,TRUE,TRUE,TRUE,FALSE,FALSE
Plot C,0-0,Plot C 0-0,2,April,June,104,NA,NA,Porites porites,2026-04-03,2026-06-06,Plot_C_Coki_PlotC_Survivorship_20260403_0-0-Coki_PlotC_Survivorship_20260606_0-0.csv,0-0,shrink,n/s,1,480,cm2,3.335,1.45,3.335e-4,1.45e-4,TRUE,TRUE,TRUE,FALSE,FALSE
Plot C,0-0,Plot C 0-0,2,April,June,105,NA,NA,Porites porites,2026-04-03,2026-06-06,Plot_C_Coki_PlotC_Survivorship_20260403_0-0-Coki_PlotC_Survivorship_20260606_0-0.csv,0-0,shrink,n/s,1,480,cm2,5.0375,2.595,5.0375e-4,2.595e-4,TRUE,TRUE,TRUE,FALSE,FALSE
Plot C,0-0,Plot C 0-0,2,April,June,106,NA,NA,Porites porites,2026-04-03,2026-06-06,Plot_C_Coki_PlotC_Survivorship_20260403_0-0-Coki_PlotC_Survivorship_20260606_0-0.csv,0-0,shrink,n/s,1,480,cm2,6.5025,4.1325,6.5025e-4,4.1325000000000004e-4,TRUE,TRUE,TRUE,FALSE,FALSE
Plot C,0-0,Plot C 0-0,2,April,June,107,NA,NA,Porites porites,2026-04-03,2026-06-06,Plot_C_Coki_PlotC_Survivorship_20260403_0-0-Coki_PlotC_Survivorship_20260606_0-0.csv,0-0,shrink,n/s,1,480,cm2,4.435,1.7575,4.4349999999999994e-4,1.7575000000000002e-4,TRUE,TRUE,TRUE,FALSE,FALSE
Plot C,0-0,Plot C 0-0,2,April,June,108,NA,NA,Porites porites,2026-04-03,2026-06-06,Plot_C_Coki_PlotC_Survivorship_20260403_0-0-Coki_PlotC_Survivorship_20260606_0-0.csv,0-0,shrink,n/s,1,480,cm2,6.185,4.46,6.184999999999999e-4,4.46e-4,TRUE,TRUE,TRUE,FALSE,FALSE
Plot C,0-0,Plot C 0-0,2,April,June,109,NA,NA,Porites porites,2026-04-03,2026-06-06,Plot_C_Coki_PlotC_Survivorship_20260403_0-0-Coki_PlotC_Survivorship_20260606_0-0.csv,0-0,shrink,n/s,1,480,cm2,7.61,3.9125,7.610000000000001e-4,3.9125e-4,TRUE,TRUE,TRUE,FALSE,FALSE
Plot C,0-0,Plot C 0-0,2,April,June,11,NA,NA,Montastraea cavernosa,2026-04-03,2026-06-06,Plot_C_Coki_PlotC_Survivorship_20260403_0-0-Coki_PlotC_Survivorship_20260606_0-0.csv,0-0,same,n/s,1,480,cm2,4.7125,4.685,4.7125000000000004e-4,4.6849999999999995e-4,TRUE,TRUE,TRUE,FALSE,FALSE
Plot C,0-0,Plot C 0-0,2,April,June,110,NA,NA,Porites porites,2026-04-03,2026-06-06,Plot_C_Coki_PlotC_Survivorship_20260403_0-0-Coki_PlotC_Survivorship_20260606_0-0.csv,0-0,grow,n/s,1,480,cm2,1.41,1.6475,1.4099999999999998e-4,1.6475e-4,TRUE,TRUE,TRUE,FALSE,FALSE
Plot C,0-0,Plot C 0-0,2,April,June,111,NA,NA,Porites porites,2026-04-03,2026-06-06,Plot_C_Coki_PlotC_Survivorship_20260403_0-0-Coki_PlotC_Survivorship_20260606_0-0.csv,0-0,shrink,n/s,1,480,cm2,1.1675,0.665,1.1674999999999999e-4,6.65e-5,TRUE,TRUE,TRUE,FALSE,FALSE
Plot C,0-0,Plot C 0-0,2,April,June,112,NA,NA,Porites porites,2026-04-03,2026-06-06,Plot_C_Coki_PlotC_Survivorship_20260403_0-0-Coki_PlotC_Survivorship_20260606_0-0.csv,0-0,shrink,n/s,1,480,cm2,9.4,1.95,9.400000000000001e-4,1.95e-4,TRUE,TRUE,TRUE,FALSE,FALSE
Plot C,0-0,Plot C 0-0,2,April,June,113,NA,NA,Porites porites,2026-04-03,2026-06-06,Plot_C_Coki_PlotC_Survivorship_20260403_0-0-Coki_PlotC_Survivorship_20260606_0-0.csv,0-0,same,n/s,1,480,cm2,2.54,2.54,2.54e-4,2.54e-4,TRUE,TRUE,TRUE,FALSE,FALSE
Plot C,0-0,Plot C 0-0,2,April,June,114,NA,NA,Porites porites,2026-04-03,2026-06-06,Plot_C_Coki_PlotC_Survivorship_20260403_0-0-Coki_PlotC_Survivorship_20260606_0-0.csv,0-0,shrink,n/s,1,480,cm2,5.9225,3.475,5.9225e-4,3.475e-4,TRUE,TRUE,TRUE,FALSE,FALSE
Plot C,0-0,Plot C 0-0,2,April,June,115,NA,NA,Porites porites,2026-04-03,2026-06-06,Plot_C_Coki_PlotC_Survivorship_20260403_0-0-Coki_PlotC_Survivorship_20260606_0-0.csv,0-0,shrink,n/s,1,480,cm2,4.37,4.16,4.37e-4,4.1600000000000003e-4,TRUE,TRUE,TRUE,FALSE,FALSE
Plot C,0-0,Plot C 0-0,2,April,June,116,NA,NA,Porites porites,2026-04-03,2026-06-06,Plot_C_Coki_PlotC_Survivorship_20260403_0-0-Coki_PlotC_Survivorship_20260606_0-0.csv,0-0,shrink,n/s,1,480,cm2,5.0375,4.0025,5.0375e-4,4.0025000000000005e-4,TRUE,TRUE,TRUE,FALSE,FALSE
Plot C,0-0,Plot C 0-0,2,April,June,117,NA,NA,Porites porites,2026-04-03,2026-06-06,Plot_C_Coki_PlotC_Survivorship_20260403_0-0-Coki_PlotC_Survivorship_20260606_0-0.csv,0-0,same,n/s,1,480,cm2,5.345,5.345,5.344999999999999e-4,5.344999999999999e-4,TRUE,TRUE,TRUE,FALSE,FALSE
Plot C,0-0,Plot C 0-0,2,April,June,118,NA,NA,Porites porites,2026-04-03,2026-06-06,Plot_C_Coki_PlotC_Survivorship_20260403_0-0-Coki_PlotC_Survivorship_20260606_0-0.csv,0-0,same,n/s,1,480,cm2,9.5475,9.795,9.5475e-4,9.795e-4,TRUE,TRUE,TRUE,FALSE,FALSE
Plot C,0-0,Plot C 0-0,2,April,June,119,NA,NA,Porites porites,2026-04-03,2026-06-06,Plot_C_Coki_PlotC_Survivorship_20260403_0-0-Coki_PlotC_Survivorship_20260606_0-0.csv,0-0,shrink,n/s,1,480,cm2,4.4175,3.705,4.4175000000000003e-4,3.705e-4,TRUE,TRUE,TRUE,FALSE,FALSE
Plot C,0-0,Plot C 0-0,2,April,June,12,NA,NA,Montastraea cavernosa,2026-04-03,2026-06-06,Plot_C_Coki_PlotC_Survivorship_20260403_0-0-Coki_PlotC_Survivorship_20260606_0-0.csv,0-0,shrink,n/s,1,480,cm2,5.2575,3.2175,5.257500000000001e-4,3.2175e-4,TRUE,TRUE,TRUE,FALSE,FALSE
Plot C,0-0,Plot C 0-0,2,April,June,120,NA,NA,Porites porites,2026-04-03,2026-06-06,Plot_C_Coki_PlotC_Survivorship_20260403_0-0-Coki_PlotC_Survivorship_20260606_0-0.csv,0-0,shrink,n/s,1,480,cm2,4.2175,3.4125,4.2175000000000003e-4,3.4125000000000003e-4,TRUE,TRUE,TRUE,FALSE,FALSE
Plot C,0-0,Plot C 0-0,2,April,June,121,NA,NA,Porites porites,2026-04-03,2026-06-06,Plot_C_Coki_PlotC_Survivorship_20260403_0-0-Coki_PlotC_Survivorship_20260606_0-0.csv,0-0,grow,n/s,1,480,cm2,3.9,5.6425,3.9e-4,5.6425e-4,TRUE,TRUE,TRUE,FALSE,FALSE
Plot C,0-0,Plot C 0-0,2,April,June,122,NA,NA,Porites porites,2026-04-03,2026-06-06,Plot_C_Coki_PlotC_Survivorship_20260403_0-0-Coki_PlotC_Survivorship_20260606_0-0.csv,0-0,shrink,n/s,1,480,cm2,5.67,3.3625,5.67e-4,3.3624999999999996e-4,TRUE,TRUE,TRUE,FALSE,FALSE
Plot C,0-0,Plot C 0-0,2,April,June,123,NA,NA,Porites porites,2026-04-03,2026-06-06,Plot_C_Coki_PlotC_Survivorship_20260403_0-0-Coki_PlotC_Survivorship_20260606_0-0.csv,0-0,shrink,n/s,1,480,cm2,5.305,3.045,5.304999999999999e-4,3.045e-4,TRUE,TRUE,TRUE,FALSE,FALSE
Plot C,0-0,Plot C 0-0,2,April,June,124,NA,NA,Porites porites,2026-04-03,2026-06-06,Plot_C_Coki_PlotC_Survivorship_20260403_0-0-Coki_PlotC_Survivorship_20260606_0-0.csv,0-0,shrink,n/s,1,480,cm2,3.2325,2.3325,3.2324999999999997e-4,2.3325e-4,TRUE,TRUE,TRUE,FALSE,FALSE
Plot C,0-0,Plot C 0-0,2,April,June,125,NA,NA,Porites porites,2026-04-03,2026-06-06,Plot_C_Coki_PlotC_Survivorship_20260403_0-0-Coki_PlotC_Survivorship_20260606_0-0.csv,0-0,shrink,n/s,1,480,cm2,2.99,1.7625,2.99e-4,1.7625e-4,TRUE,TRUE,TRUE,FALSE,FALSE
Plot C,0-0,Plot C 0-0,2,April,June,126,NA,NA,Porites porites,2026-04-03,2026-06-06,Plot_C_Coki_PlotC_Survivorship_20260403_0-0-Coki_PlotC_Survivorship_20260606_0-0.csv,0-0,shrink,n/s,1,480,cm2,3.275,2.01,3.275e-4,2.0099999999999998e-4,TRUE,TRUE,TRUE,FALSE,FALSE
Plot C,0-0,Plot C 0-0,2,April,June,127,NA,NA,Porites porites,2026-04-03,2026-06-06,Plot_C_Coki_PlotC_Survivorship_20260403_0-0-Coki_PlotC_Survivorship_20260606_0-0.csv,0-0,shrink,n/s,1,480,cm2,7.105,0.8825,7.105000000000001e-4,8.824999999999999e-5,TRUE,TRUE,TRUE,FALSE,FALSE
Plot C,0-0,Plot C 0-0,2,April,June,128,NA,NA,Porites porites,2026-04-03,2026-06-06,Plot_C_Coki_PlotC_Survivorship_20260403_0-0-Coki_PlotC_Survivorship_20260606_0-0.csv,0-0,shrink,n/s,1,480,cm2,3.6275,2.66,3.6275e-4,2.66e-4,TRUE,TRUE,TRUE,FALSE,FALSE
Plot C,0-0,Plot C 0-0,2,April,June,129,NA,NA,Porites porites,2026-04-03,2026-06-06,Plot_C_Coki_PlotC_Survivorship_20260403_0-0-Coki_PlotC_Survivorship_20260606_0-0.csv,0-0,shrink,n/s,1,480,cm2,2.665,1.0725,2.665e-4,1.0725e-4,TRUE,TRUE,TRUE,FALSE,FALSE
Plot C,0-0,Plot C 0-0,2,April,June,13,NA,NA,Montastraea cavernosa,2026-04-03,2026-06-06,Plot_C_Coki_PlotC_Survivorship_20260403_0-0-Coki_PlotC_Survivorship_20260606_0-0.csv,0-0,shrink,n/s,1,480,cm2,4.195,2.43,4.195e-4,2.4300000000000002e-4,TRUE,TRUE,TRUE,FALSE,FALSE
Plot C,0-0,Plot C 0-0,2,April,June,130,NA,NA,Porites porites,2026-04-03,2026-06-06,Plot_C_Coki_PlotC_Survivorship_20260403_0-0-Coki_PlotC_Survivorship_20260606_0-0.csv,0-0,shrink,n/s,1,480,cm2,5.7275,1.8275,5.7275e-4,1.8275e-4,TRUE,TRUE,TRUE,FALSE,FALSE
Plot C,0-0,Plot C 0-0,2,April,June,131,NA,NA,Porites porites,2026-04-03,2026-06-06,Plot_C_Coki_PlotC_Survivorship_20260403_0-0-Coki_PlotC_Survivorship_20260606_0-0.csv,0-0,same,n/s,1,480,cm2,2.3025,2.2775,2.3025e-4,2.2774999999999998e-4,TRUE,TRUE,TRUE,FALSE,FALSE
Plot C,0-0,Plot C 0-0,2,April,June,132,NA,NA,Porites porites,2026-04-03,2026-06-06,Plot_C_Coki_PlotC_Survivorship_20260403_0-0-Coki_PlotC_Survivorship_20260606_0-0.csv,0-0,shrink,n/s,1,480,cm2,4.9575,2.915,4.9575e-4,2.915e-4,TRUE,TRUE,TRUE,FALSE,FALSE
Plot C,0-0,Plot C 0-0,2,April,June,133,NA,NA,Porites porites,2026-04-03,2026-06-06,Plot_C_Coki_PlotC_Survivorship_20260403_0-0-Coki_PlotC_Survivorship_20260606_0-0.csv,0-0,shrink,n/s,1,480,cm2,5.93,1.77,5.93e-4,1.77e-4,TRUE,TRUE,TRUE,FALSE,FALSE
Plot C,0-0,Plot C 0-0,2,April,June,134,NA,NA,Porites porites,2026-04-03,2026-06-06,Plot_C_Coki_PlotC_Survivorship_20260403_0-0-Coki_PlotC_Survivorship_20260606_0-0.csv,0-0,shrink,n/s,1,480,cm2,4.0425,2.2875,4.0425000000000004e-4,2.2875e-4,TRUE,TRUE,TRUE,FALSE,FALSE
Plot C,0-0,Plot C 0-0,2,April,June,135,NA,NA,Porites porites,2026-04-03,2026-06-06,Plot_C_Coki_PlotC_Survivorship_20260403_0-0-Coki_PlotC_Survivorship_20260606_0-0.csv,0-0,shrink,n/s,1,480,cm2,2.325,1.5675,2.325e-4,1.5675e-4,TRUE,TRUE,TRUE,FALSE,FALSE
Plot C,0-0,Plot C 0-0,2,April,June,136,NA,NA,Orbicella franksi,2026-04-03,2026-06-06,Plot_C_Coki_PlotC_Survivorship_20260403_0-0-Coki_PlotC_Survivorship_20260606_0-0.csv,0-0,shrink,n/s,1,480,cm2,3.28,3.02,3.28e-4,3.02e-4,TRUE,TRUE,TRUE,FALSE,FALSE
Plot C,0-0,Plot C 0-0,2,April,June,137,NA,NA,Orbicella franksi,2026-04-03,2026-06-06,Plot_C_Coki_PlotC_Survivorship_20260403_0-0-Coki_PlotC_Survivorship_20260606_0-0.csv,0-0,shrink,n/s,1,480,cm2,3.9975,3.5925,3.9975e-4,3.5925e-4,TRUE,TRUE,TRUE,FALSE,FALSE
Plot C,0-0,Plot C 0-0,2,April,June,138,NA,NA,Porites porites,2026-04-03,2026-06-06,Plot_C_Coki_PlotC_Survivorship_20260403_0-0-Coki_PlotC_Survivorship_20260606_0-0.csv,0-0,shrink,n/s,1,480,cm2,2.9,1.3475,2.9e-4,1.3475e-4,TRUE,TRUE,TRUE,FALSE,FALSE
Plot C,0-0,Plot C 0-0,2,April,June,139,NA,NA,Porites porites,2026-04-03,2026-06-06,Plot_C_Coki_PlotC_Survivorship_20260403_0-0-Coki_PlotC_Survivorship_20260606_0-0.csv,0-0,shrink,n/s,1,480,cm2,5.5275,1.6025,5.5275e-4,1.6025e-4,TRUE,TRUE,TRUE,FALSE,FALSE
Plot C,0-0,Plot C 0-0,2,April,June,14,NA,NA,Montastraea cavernosa,2026-04-03,2026-06-06,Plot_C_Coki_PlotC_Survivorship_20260403_0-0-Coki_PlotC_Survivorship_20260606_0-0.csv,0-0,grow,n/s,1,480,cm2,3.9175,4.7425,3.9175e-4,4.7424999999999995e-4,TRUE,TRUE,TRUE,FALSE,FALSE
Plot C,0-0,Plot C 0-0,2,April,June,140,NA,NA,Orbicella franksi,2026-04-03,2026-06-06,Plot_C_Coki_PlotC_Survivorship_20260403_0-0-Coki_PlotC_Survivorship_20260606_0-0.csv,0-0,same,n/s,1,480,cm2,4.2625,4.435,4.2625000000000003e-4,4.4349999999999994e-4,TRUE,TRUE,TRUE,FALSE,FALSE
Plot C,0-0,Plot C 0-0,2,April,June,141,NA,NA,Orbicella franksi,2026-04-03,2026-06-06,Plot_C_Coki_PlotC_Survivorship_20260403_0-0-Coki_PlotC_Survivorship_20260606_0-0.csv,0-0,same,n/s,1,480,cm2,6.8625,7.205,6.8625e-4,7.205e-4,TRUE,TRUE,TRUE,FALSE,FALSE
Plot C,0-0,Plot C 0-0,2,April,June,142,NA,NA,Porites porites,2026-04-03,2026-06-06,Plot_C_Coki_PlotC_Survivorship_20260403_0-0-Coki_PlotC_Survivorship_20260606_0-0.csv,0-0,shrink,n/s,1,480,cm2,8.6675,6.095,8.6675e-4,6.095e-4,TRUE,TRUE,TRUE,FALSE,FALSE
Plot C,0-0,Plot C 0-0,2,April,June,143,NA,NA,Orbicella franksi,2026-04-03,2026-06-06,Plot_C_Coki_PlotC_Survivorship_20260403_0-0-Coki_PlotC_Survivorship_20260606_0-0.csv,0-0,same,n/s,1,480,cm2,4.19,4.2575,4.1900000000000005e-4,4.2575e-4,TRUE,TRUE,TRUE,FALSE,FALSE
Plot C,0-0,Plot C 0-0,2,April,June,144,NA,NA,Orbicella franksi,2026-04-03,2026-06-06,Plot_C_Coki_PlotC_Survivorship_20260403_0-0-Coki_PlotC_Survivorship_20260606_0-0.csv,0-0,shrink,n/s,1,480,cm2,4.8525,4.51,4.8525e-4,4.5099999999999996e-4,TRUE,TRUE,TRUE,FALSE,FALSE
Plot C,0-0,Plot C 0-0,2,April,June,145,NA,NA,Orbicella franksi,2026-04-03,2026-06-06,Plot_C_Coki_PlotC_Survivorship_20260403_0-0-Coki_PlotC_Survivorship_20260606_0-0.csv,0-0,shrink,n/s,1,480,cm2,7.8225,7.405,7.8225e-4,7.405000000000001e-4,TRUE,TRUE,TRUE,FALSE,FALSE
Plot C,0-0,Plot C 0-0,2,April,June,146,NA,NA,Porites porites,2026-04-03,2026-06-06,Plot_C_Coki_PlotC_Survivorship_20260403_0-0-Coki_PlotC_Survivorship_20260606_0-0.csv,0-0,grow,n/s,1,480,cm2,1.39,2.1675,1.39e-4,2.1675e-4,TRUE,TRUE,TRUE,FALSE,FALSE
Plot C,0-0,Plot C 0-0,2,April,June,147,NA,NA,Orbicella franksi,2026-04-03,2026-06-06,Plot_C_Coki_PlotC_Survivorship_20260403_0-0-Coki_PlotC_Survivorship_20260606_0-0.csv,0-0,shrink,n/s,1,480,cm2,6.165,5.4575,6.165e-4,5.4575e-4,TRUE,TRUE,TRUE,FALSE,FALSE
Plot C,0-0,Plot C 0-0,2,April,June,148,NA,NA,Orbicella franksi,2026-04-03,2026-06-06,Plot_C_Coki_PlotC_Survivorship_20260403_0-0-Coki_PlotC_Survivorship_20260606_0-0.csv,0-0,same,n/s,1,480,cm2,5.31,5.4025,5.31e-4,5.402499999999999e-4,TRUE,TRUE,TRUE,FALSE,FALSE
Plot C,0-0,Plot C 0-0,2,April,June,149,NA,NA,Orbicella franksi,2026-04-03,2026-06-06,Plot_C_Coki_PlotC_Survivorship_20260403_0-0-Coki_PlotC_Survivorship_20260606_0-0.csv,0-0,same,n/s,1,480,cm2,6.915,7.03,6.915000000000001e-4,7.030000000000001e-4,TRUE,TRUE,TRUE,FALSE,FALSE
Plot C,0-0,Plot C 0-0,2,April,June,15,NA,NA,Montastraea cavernosa,2026-04-03,2026-06-06,Plot_C_Coki_PlotC_Survivorship_20260403_0-0-Coki_PlotC_Survivorship_20260606_0-0.csv,0-0,grow,n/s,1,480,cm2,4.035,4.47,4.035e-4,4.4699999999999997e-4,TRUE,TRUE,TRUE,FALSE,FALSE
Plot C,0-0,Plot C 0-0,2,April,June,150,NA,NA,Orbicella franksi,2026-04-03,2026-06-06,Plot_C_Coki_PlotC_Survivorship_20260403_0-0-Coki_PlotC_Survivorship_20260606_0-0.csv,0-0,shrink,n/s,1,480,cm2,3.7125,3.23,3.7125e-4,3.23e-4,TRUE,TRUE,TRUE,FALSE,FALSE
Plot C,0-0,Plot C 0-0,2,April,June,151,NA,NA,Orbicella franksi,2026-04-03,2026-06-06,Plot_C_Coki_PlotC_Survivorship_20260403_0-0-Coki_PlotC_Survivorship_20260606_0-0.csv,0-0,grow,n/s,1,480,cm2,10.1675,10.945,0.00101675,0.0010945,TRUE,TRUE,TRUE,FALSE,FALSE
Plot C,0-0,Plot C 0-0,2,April,June,152,NA,NA,Orbicella franksi,2026-04-03,2026-06-06,Plot_C_Coki_PlotC_Survivorship_20260403_0-0-Coki_PlotC_Survivorship_20260606_0-0.csv,0-0,same,n/s,1,480,cm2,2.99,2.9225,2.99e-4,2.9225e-4,TRUE,TRUE,TRUE,FALSE,FALSE
Plot C,0-0,Plot C 0-0,2,April,June,153,NA,NA,Porites porites,2026-04-03,2026-06-06,Plot_C_Coki_PlotC_Survivorship_20260403_0-0-Coki_PlotC_Survivorship_20260606_0-0.csv,0-0,grow,n/s,1,480,cm2,8.835,9.6325,8.835000000000001e-4,9.6325e-4,TRUE,TRUE,TRUE,FALSE,FALSE
Plot C,0-0,Plot C 0-0,2,April,June,154,NA,NA,Orbicella franksi,2026-04-03,2026-06-06,Plot_C_Coki_PlotC_Survivorship_20260403_0-0-Coki_PlotC_Survivorship_20260606_0-0.csv,0-0,shrink,n/s,1,480,cm2,8.5075,7.8025,8.5075e-4,7.8025e-4,TRUE,TRUE,TRUE,FALSE,FALSE
Plot C,0-0,Plot C 0-0,2,April,June,155,NA,NA,Orbicella franksi,2026-04-03,2026-06-06,Plot_C_Coki_PlotC_Survivorship_20260403_0-0-Coki_PlotC_Survivorship_20260606_0-0.csv,0-0,shrink,n/s,1,480,cm2,4.8825,4.4,4.8825e-4,4.4e-4,TRUE,TRUE,TRUE,FALSE,FALSE
Plot C,0-0,Plot C 0-0,2,April,June,156,NA,NA,Orbicella franksi,2026-04-03,2026-06-06,Plot_C_Coki_PlotC_Survivorship_20260403_0-0-Coki_PlotC_Survivorship_20260606_0-0.csv,0-0,same,n/s,1,480,cm2,6.855,6.975,6.855e-4,6.975e-4,TRUE,TRUE,TRUE,FALSE,FALSE
Plot C,0-0,Plot C 0-0,2,April,June,157,NA,NA,Orbicella franksi,2026-04-03,2026-06-06,Plot_C_Coki_PlotC_Survivorship_20260403_0-0-Coki_PlotC_Survivorship_20260606_0-0.csv,0-0,shrink,n/s,1,480,cm2,8.215,6.3125,8.215e-4,6.3125e-4,TRUE,TRUE,TRUE,FALSE,FALSE
Plot C,0-0,Plot C 0-0,2,April,June,158,NA,NA,Orbicella franksi,2026-04-03,2026-06-06,Plot_C_Coki_PlotC_Survivorship_20260403_0-0-Coki_PlotC_Survivorship_20260606_0-0.csv,0-0,same,n/s,1,480,cm2,6.2175,6.015,6.2175e-4,6.014999999999999e-4,TRUE,TRUE,TRUE,FALSE,FALSE
Plot C,0-0,Plot C 0-0,2,April,June,159,NA,NA,Porites porites,2026-04-03,2026-06-06,Plot_C_Coki_PlotC_Survivorship_20260403_0-0-Coki_PlotC_Survivorship_20260606_0-0.csv,0-0,same,n/s,1,480,cm2,10.315,10.0075,0.0010314999999999999,0.0010007500000000001,TRUE,TRUE,TRUE,FALSE,FALSE
Plot C,0-0,Plot C 0-0,2,April,June,16,NA,NA,Montastraea cavernosa,2026-04-03,2026-06-06,Plot_C_Coki_PlotC_Survivorship_20260403_0-0-Coki_PlotC_Survivorship_20260606_0-0.csv,0-0,shrink,n/s,1,480,cm2,1.9025,1.485,1.9025000000000002e-4,1.485e-4,TRUE,TRUE,TRUE,FALSE,FALSE
Plot C,0-0,Plot C 0-0,2,April,June,160,NA,NA,Orbicella franksi,2026-04-03,2026-06-06,Plot_C_Coki_PlotC_Survivorship_20260403_0-0-Coki_PlotC_Survivorship_20260606_0-0.csv,0-0,shrink,n/s,1,480,cm2,5.425,3.665,5.425e-4,3.665e-4,TRUE,TRUE,TRUE,FALSE,FALSE
Plot C,0-0,Plot C 0-0,2,April,June,161,NA,NA,Orbicella franksi,2026-04-03,2026-06-06,Plot_C_Coki_PlotC_Survivorship_20260403_0-0-Coki_PlotC_Survivorship_20260606_0-0.csv,0-0,same,n/s,1,480,cm2,4.055,4.2275,4.055e-4,4.2275e-4,TRUE,TRUE,TRUE,FALSE,FALSE
Plot C,0-0,Plot C 0-0,2,April,June,162,NA,NA,Orbicella franksi,2026-04-03,2026-06-06,Plot_C_Coki_PlotC_Survivorship_20260403_0-0-Coki_PlotC_Survivorship_20260606_0-0.csv,0-0,shrink,n/s,1,480,cm2,4.235,3.8425,4.2350000000000005e-4,3.8425e-4,TRUE,TRUE,TRUE,FALSE,FALSE
Plot C,0-0,Plot C 0-0,2,April,June,164,NA,NA,Orbicella franksi,2026-04-03,2026-06-06,Plot_C_Coki_PlotC_Survivorship_20260403_0-0-Coki_PlotC_Survivorship_20260606_0-0.csv,0-0,same,n/s,1,480,cm2,1.7325,1.7525,1.7324999999999998e-4,1.7525e-4,TRUE,TRUE,TRUE,FALSE,FALSE
Plot C,0-0,Plot C 0-0,2,April,June,165,NA,NA,Orbicella annularis,2026-04-03,2026-06-06,Plot_C_Coki_PlotC_Survivorship_20260403_0-0-Coki_PlotC_Survivorship_20260606_0-0.csv,0-0,same,n/s,1,480,cm2,13.9875,13.69,0.00139875,0.001369,TRUE,TRUE,TRUE,FALSE,FALSE
Plot C,0-0,Plot C 0-0,2,April,June,166,NA,NA,Orbicella annularis,2026-04-03,2026-06-06,Plot_C_Coki_PlotC_Survivorship_20260403_0-0-Coki_PlotC_Survivorship_20260606_0-0.csv,0-0,n/s,fuse,19,480,cm2,148.6225,172.305,0.01486225,0.0172305,TRUE,TRUE,TRUE,FALSE,FALSE
Plot C,0-0,Plot C 0-0,2,April,June,167,NA,NA,Porites porites,2026-04-03,2026-06-06,Plot_C_Coki_PlotC_Survivorship_20260403_0-0-Coki_PlotC_Survivorship_20260606_0-0.csv,0-0,shrink,n/s,1,480,cm2,1.6575,1.565,1.6575e-4,1.5649999999999998e-4,TRUE,TRUE,TRUE,FALSE,FALSE
Plot C,0-0,Plot C 0-0,2,April,June,168,NA,NA,Porites porites,2026-04-03,2026-06-06,Plot_C_Coki_PlotC_Survivorship_20260403_0-0-Coki_PlotC_Survivorship_20260606_0-0.csv,0-0,shrink,n/s,1,480,cm2,3.2475,1,3.2475e-4,1e-4,TRUE,TRUE,TRUE,FALSE,FALSE
Plot C,0-0,Plot C 0-0,2,April,June,169,NA,NA,Porites porites,2026-04-03,2026-06-06,Plot_C_Coki_PlotC_Survivorship_20260403_0-0-Coki_PlotC_Survivorship_20260606_0-0.csv,0-0,shrink,n/s,1,480,cm2,2.5275,1.11,2.5275e-4,1.1100000000000001e-4,TRUE,TRUE,TRUE,FALSE,FALSE
Plot C,0-0,Plot C 0-0,2,April,June,17,NA,NA,Montastraea cavernosa,2026-04-03,2026-06-06,Plot_C_Coki_PlotC_Survivorship_20260403_0-0-Coki_PlotC_Survivorship_20260606_0-0.csv,0-0,grow,n/s,1,480,cm2,3.7775,4.37,3.7775e-4,4.37e-4,TRUE,TRUE,TRUE,FALSE,FALSE
Plot C,0-0,Plot C 0-0,2,April,June,170,NA,NA,Porites porites,2026-04-03,2026-06-06,Plot_C_Coki_PlotC_Survivorship_20260403_0-0-Coki_PlotC_Survivorship_20260606_0-0.csv,0-0,same,n/s,1,480,cm2,1.61,1.61,1.61e-4,1.61e-4,TRUE,TRUE,TRUE,FALSE,FALSE
Plot C,0-0,Plot C 0-0,2,April,June,171,NA,NA,Porites porites,2026-04-03,2026-06-06,Plot_C_Coki_PlotC_Survivorship_20260403_0-0-Coki_PlotC_Survivorship_20260606_0-0.csv,0-0,same,n/s,1,480,cm2,0.9975,0.9975,9.975e-5,9.975e-5,TRUE,TRUE,TRUE,FALSE,FALSE
Plot C,0-0,Plot C 0-0,2,April,June,172,NA,NA,Porites porites,2026-04-03,2026-06-06,Plot_C_Coki_PlotC_Survivorship_20260403_0-0-Coki_PlotC_Survivorship_20260606_0-0.csv,0-0,same,n/s,1,480,cm2,0.5425,0.5425,5.425e-5,5.425e-5,TRUE,TRUE,TRUE,FALSE,FALSE
Plot C,0-0,Plot C 0-0,2,April,June,173,NA,NA,Porites porites,2026-04-03,2026-06-06,Plot_C_Coki_PlotC_Survivorship_20260403_0-0-Coki_PlotC_Survivorship_20260606_0-0.csv,0-0,same,n/s,1,480,cm2,1.425,1.425,1.425e-4,1.425e-4,TRUE,TRUE,TRUE,FALSE,FALSE
Plot C,0-0,Plot C 0-0,2,April,June,174,NA,NA,Porites porites,2026-04-03,2026-06-06,Plot_C_Coki_PlotC_Survivorship_20260403_0-0-Coki_PlotC_Survivorship_20260606_0-0.csv,0-0,grow,n/s,1,480,cm2,3.0475,3.7925,3.0475e-4,3.7925e-4,TRUE,TRUE,TRUE,FALSE,FALSE
Plot C,0-0,Plot C 0-0,2,April,June,175,NA,NA,Porites porites,2026-04-03,2026-06-06,Plot_C_Coki_PlotC_Survivorship_20260403_0-0-Coki_PlotC_Survivorship_20260606_0-0.csv,0-0,same,n/s,1,480,cm2,6.97,7.255,6.97e-4,7.255e-4,TRUE,TRUE,TRUE,FALSE,FALSE
Plot C,0-0,Plot C 0-0,2,April,June,176,NA,NA,Porites porites,2026-04-03,2026-06-06,Plot_C_Coki_PlotC_Survivorship_20260403_0-0-Coki_PlotC_Survivorship_20260606_0-0.csv,0-0,shrink,n/s,1,480,cm2,4.625,3.46,4.625e-4,3.46e-4,TRUE,TRUE,TRUE,FALSE,FALSE
Plot C,0-0,Plot C 0-0,2,April,June,177,NA,NA,Porites porites,2026-04-03,2026-06-06,Plot_C_Coki_PlotC_Survivorship_20260403_0-0-Coki_PlotC_Survivorship_20260606_0-0.csv,0-0,shrink,n/s,1,480,cm2,3.7175,2.1575,3.7174999999999996e-4,2.1575e-4,TRUE,TRUE,TRUE,FALSE,FALSE
Plot C,0-0,Plot C 0-0,2,April,June,178,NA,NA,Porites porites,2026-04-03,2026-06-06,Plot_C_Coki_PlotC_Survivorship_20260403_0-0-Coki_PlotC_Survivorship_20260606_0-0.csv,0-0,grow,n/s,1,480,cm2,4.0375,4.295,4.0375e-4,4.295e-4,TRUE,TRUE,TRUE,FALSE,FALSE
Plot C,0-0,Plot C 0-0,2,April,June,179,NA,NA,Porites porites,2026-04-03,2026-06-06,Plot_C_Coki_PlotC_Survivorship_20260403_0-0-Coki_PlotC_Survivorship_20260606_0-0.csv,0-0,shrink,n/s,1,480,cm2,5.3925,4.92,5.3925e-4,4.92e-4,TRUE,TRUE,TRUE,FALSE,FALSE
Plot C,0-0,Plot C 0-0,2,April,June,18,NA,NA,Montastraea cavernosa,2026-04-03,2026-06-06,Plot_C_Coki_PlotC_Survivorship_20260403_0-0-Coki_PlotC_Survivorship_20260606_0-0.csv,0-0,grow,n/s,1,480,cm2,4.41,5.1325,4.4100000000000004e-4,5.1325e-4,TRUE,TRUE,TRUE,FALSE,FALSE
Plot C,0-0,Plot C 0-0,2,April,June,180,NA,NA,Porites porites,2026-04-03,2026-06-06,Plot_C_Coki_PlotC_Survivorship_20260403_0-0-Coki_PlotC_Survivorship_20260606_0-0.csv,0-0,grow,n/s,1,480,cm2,8.175,10.1775,8.175000000000001e-4,0.00101775,TRUE,TRUE,TRUE,FALSE,FALSE
Plot C,0-0,Plot C 0-0,2,April,June,181,NA,NA,Porites porites,2026-04-03,2026-06-06,Plot_C_Coki_PlotC_Survivorship_20260403_0-0-Coki_PlotC_Survivorship_20260606_0-0.csv,0-0,shrink,n/s,1,480,cm2,4.37,3.2925,4.37e-4,3.2925e-4,TRUE,TRUE,TRUE,FALSE,FALSE
Plot C,0-0,Plot C 0-0,2,April,June,182,NA,NA,Porites porites,2026-04-03,2026-06-06,Plot_C_Coki_PlotC_Survivorship_20260403_0-0-Coki_PlotC_Survivorship_20260606_0-0.csv,0-0,same,n/s,1,480,cm2,7.0425,7.2475,7.0425e-4,7.247499999999999e-4,TRUE,TRUE,TRUE,FALSE,FALSE
Plot C,0-0,Plot C 0-0,2,April,June,183,NA,NA,Porites porites,2026-04-03,2026-06-06,Plot_C_Coki_PlotC_Survivorship_20260403_0-0-Coki_PlotC_Survivorship_20260606_0-0.csv,0-0,grow,n/s,1,480,cm2,5.44,5.8425,5.44e-4,5.8425e-4,TRUE,TRUE,TRUE,FALSE,FALSE
Plot C,0-0,Plot C 0-0,2,April,June,184,NA,NA,Porites porites,2026-04-03,2026-06-06,Plot_C_Coki_PlotC_Survivorship_20260403_0-0-Coki_PlotC_Survivorship_20260606_0-0.csv,0-0,shrink,n/s,1,480,cm2,2.3975,1.3625,2.3975e-4,1.3625e-4,TRUE,TRUE,TRUE,FALSE,FALSE
Plot C,0-0,Plot C 0-0,2,April,June,185,NA,NA,Porites porites,2026-04-03,2026-06-06,Plot_C_Coki_PlotC_Survivorship_20260403_0-0-Coki_PlotC_Survivorship_20260606_0-0.csv,0-0,shrink,n/s,1,480,cm2,4.7275,4.1425,4.7275e-4,4.1425e-4,TRUE,TRUE,TRUE,FALSE,FALSE
Plot C,0-0,Plot C 0-0,2,April,June,186,NA,NA,Porites porites,2026-04-03,2026-06-06,Plot_C_Coki_PlotC_Survivorship_20260403_0-0-Coki_PlotC_Survivorship_20260606_0-0.csv,0-0,shrink,n/s,1,480,cm2,3.58,2.6475,3.5800000000000003e-4,2.6475e-4,TRUE,TRUE,TRUE,FALSE,FALSE
Plot C,0-0,Plot C 0-0,2,April,June,187,NA,NA,Porites porites,2026-04-03,2026-06-06,Plot_C_Coki_PlotC_Survivorship_20260403_0-0-Coki_PlotC_Survivorship_20260606_0-0.csv,0-0,shrink,n/s,1,480,cm2,4.9225,1.8275,4.922500000000001e-4,1.8275e-4,TRUE,TRUE,TRUE,FALSE,FALSE
Plot C,0-0,Plot C 0-0,2,April,June,188,NA,NA,Porites porites,2026-04-03,2026-06-06,Plot_C_Coki_PlotC_Survivorship_20260403_0-0-Coki_PlotC_Survivorship_20260606_0-0.csv,0-0,same,n/s,1,480,cm2,5.9125,5.785,5.9125e-4,5.785e-4,TRUE,TRUE,TRUE,FALSE,FALSE
Plot C,0-0,Plot C 0-0,2,April,June,189,NA,NA,Porites porites,2026-04-03,2026-06-06,Plot_C_Coki_PlotC_Survivorship_20260403_0-0-Coki_PlotC_Survivorship_20260606_0-0.csv,0-0,shrink,n/s,1,480,cm2,4.175,2.0075,4.1749999999999996e-4,2.0074999999999997e-4,TRUE,TRUE,TRUE,FALSE,FALSE
Plot C,0-0,Plot C 0-0,2,April,June,19,NA,NA,Montastraea cavernosa,2026-04-03,2026-06-06,Plot_C_Coki_PlotC_Survivorship_20260403_0-0-Coki_PlotC_Survivorship_20260606_0-0.csv,0-0,grow,n/s,1,480,cm2,4.48,4.8975,4.4800000000000005e-4,4.8975e-4,TRUE,TRUE,TRUE,FALSE,FALSE
Plot C,0-0,Plot C 0-0,2,April,June,190,NA,NA,Porites porites,2026-04-03,2026-06-06,Plot_C_Coki_PlotC_Survivorship_20260403_0-0-Coki_PlotC_Survivorship_20260606_0-0.csv,0-0,shrink,n/s,1,480,cm2,2.2725,1.64,2.2725e-4,1.64e-4,TRUE,TRUE,TRUE,FALSE,FALSE
Plot C,0-0,Plot C 0-0,2,April,June,191,NA,NA,Porites porites,2026-04-03,2026-06-06,Plot_C_Coki_PlotC_Survivorship_20260403_0-0-Coki_PlotC_Survivorship_20260606_0-0.csv,0-0,shrink,n/s,1,480,cm2,3.945,2.8825,3.945e-4,2.8825e-4,TRUE,TRUE,TRUE,FALSE,FALSE
Plot C,0-0,Plot C 0-0,2,April,June,192,NA,NA,Porites porites,2026-04-03,2026-06-06,Plot_C_Coki_PlotC_Survivorship_20260403_0-0-Coki_PlotC_Survivorship_20260606_0-0.csv,0-0,shrink,n/s,1,480,cm2,2.88,2.085,2.88e-4,2.085e-4,TRUE,TRUE,TRUE,FALSE,FALSE
Plot C,0-0,Plot C 0-0,2,April,June,193,NA,NA,Porites porites,2026-04-03,2026-06-06,Plot_C_Coki_PlotC_Survivorship_20260403_0-0-Coki_PlotC_Survivorship_20260606_0-0.csv,0-0,shrink,n/s,1,480,cm2,3.255,2.445,3.255e-4,2.445e-4,TRUE,TRUE,TRUE,FALSE,FALSE
Plot C,0-0,Plot C 0-0,2,April,June,194,NA,NA,Porites porites,2026-04-03,2026-06-06,Plot_C_Coki_PlotC_Survivorship_20260403_0-0-Coki_PlotC_Survivorship_20260606_0-0.csv,0-0,shrink,n/s,1,480,cm2,3.625,3.095,3.625e-4,3.0950000000000004e-4,TRUE,TRUE,TRUE,FALSE,FALSE
Plot C,0-0,Plot C 0-0,2,April,June,195,NA,NA,Porites porites,2026-04-03,2026-06-06,Plot_C_Coki_PlotC_Survivorship_20260403_0-0-Coki_PlotC_Survivorship_20260606_0-0.csv,0-0,same,n/s,1,480,cm2,2.6775,2.655,2.6775000000000003e-4,2.655e-4,TRUE,TRUE,TRUE,FALSE,FALSE
Plot C,0-0,Plot C 0-0,2,April,June,196,NA,NA,Porites porites,2026-04-03,2026-06-06,Plot_C_Coki_PlotC_Survivorship_20260403_0-0-Coki_PlotC_Survivorship_20260606_0-0.csv,0-0,grow,n/s,1,480,cm2,3.3475,4.435,3.3475000000000003e-4,4.4349999999999994e-4,TRUE,TRUE,TRUE,FALSE,FALSE
Plot C,0-0,Plot C 0-0,2,April,June,197,NA,NA,Porites porites,2026-04-03,2026-06-06,Plot_C_Coki_PlotC_Survivorship_20260403_0-0-Coki_PlotC_Survivorship_20260606_0-0.csv,0-0,same,n/s,1,480,cm2,2.1,2.06,2.1e-4,2.06e-4,TRUE,TRUE,TRUE,FALSE,FALSE
Plot C,0-0,Plot C 0-0,2,April,June,198,NA,NA,Porites porites,2026-04-03,2026-06-06,Plot_C_Coki_PlotC_Survivorship_20260403_0-0-Coki_PlotC_Survivorship_20260606_0-0.csv,0-0,shrink,n/s,1,480,cm2,3.8225,2.7425,3.8225e-4,2.7425e-4,TRUE,TRUE,TRUE,FALSE,FALSE
Plot C,0-0,Plot C 0-0,2,April,June,199,NA,NA,Porites porites,2026-04-03,2026-06-06,Plot_C_Coki_PlotC_Survivorship_20260403_0-0-Coki_PlotC_Survivorship_20260606_0-0.csv,0-0,shrink,n/s,1,480,cm2,5.71,4.84,5.71e-4,4.84e-4,TRUE,TRUE,TRUE,FALSE,FALSE
Plot C,0-0,Plot C 0-0,2,April,June,2,NA,NA,Orbicella annularis,2026-04-03,2026-06-06,Plot_C_Coki_PlotC_Survivorship_20260403_0-0-Coki_PlotC_Survivorship_20260606_0-0.csv,0-0,shrink,n/s,1,480,cm2,25.15,23.45,0.002515,0.002345,TRUE,TRUE,TRUE,FALSE,FALSE
Plot C,0-0,Plot C 0-0,2,April,June,20,NA,NA,Montastraea cavernosa,2026-04-03,2026-06-06,Plot_C_Coki_PlotC_Survivorship_20260403_0-0-Coki_PlotC_Survivorship_20260606_0-0.csv,0-0,shrink,n/s,1,480,cm2,1.7125,1.335,1.7125e-4,1.335e-4,TRUE,TRUE,TRUE,FALSE,FALSE
Plot C,0-0,Plot C 0-0,2,April,June,200,NA,NA,Porites porites,2026-04-03,2026-06-06,Plot_C_Coki_PlotC_Survivorship_20260403_0-0-Coki_PlotC_Survivorship_20260606_0-0.csv,0-0,shrink,n/s,1,480,cm2,5.275,4.6975,5.275000000000001e-4,4.6974999999999995e-4,TRUE,TRUE,TRUE,FALSE,FALSE
Plot C,0-0,Plot C 0-0,2,April,June,201,NA,NA,Porites porites,2026-04-03,2026-06-06,Plot_C_Coki_PlotC_Survivorship_20260403_0-0-Coki_PlotC_Survivorship_20260606_0-0.csv,0-0,shrink,n/s,1,480,cm2,3.6275,1.705,3.6275e-4,1.705e-4,TRUE,TRUE,TRUE,FALSE,FALSE
Plot C,0-0,Plot C 0-0,2,April,June,202,NA,NA,Porites porites,2026-04-03,2026-06-06,Plot_C_Coki_PlotC_Survivorship_20260403_0-0-Coki_PlotC_Survivorship_20260606_0-0.csv,0-0,same,n/s,1,480,cm2,1.9425,1.9575,1.9424999999999998e-4,1.9575000000000001e-4,TRUE,TRUE,TRUE,FALSE,FALSE
Plot C,0-0,Plot C 0-0,2,April,June,203,NA,NA,Porites porites,2026-04-03,2026-06-06,Plot_C_Coki_PlotC_Survivorship_20260403_0-0-Coki_PlotC_Survivorship_20260606_0-0.csv,0-0,dead,none,1,480,cm2,1.0275,0,1.0275e-4,0,TRUE,FALSE,FALSE,TRUE,FALSE
Plot C,0-0,Plot C 0-0,2,April,June,204,NA,NA,Porites porites,2026-04-03,2026-06-06,Plot_C_Coki_PlotC_Survivorship_20260403_0-0-Coki_PlotC_Survivorship_20260606_0-0.csv,0-0,shrink,n/s,1,480,cm2,2.755,1.125,2.755e-4,1.125e-4,TRUE,TRUE,TRUE,FALSE,FALSE
Plot C,0-0,Plot C 0-0,2,April,June,205,NA,NA,Porites porites,2026-04-03,2026-06-06,Plot_C_Coki_PlotC_Survivorship_20260403_0-0-Coki_PlotC_Survivorship_20260606_0-0.csv,0-0,shrink,n/s,1,480,cm2,4.655,2.2775,4.6550000000000004e-4,2.2774999999999998e-4,TRUE,TRUE,TRUE,FALSE,FALSE
Plot C,0-0,Plot C 0-0,2,April,June,206,NA,NA,Porites porites,2026-04-03,2026-06-06,Plot_C_Coki_PlotC_Survivorship_20260403_0-0-Coki_PlotC_Survivorship_20260606_0-0.csv,0-0,shrink,n/s,1,480,cm2,5.5275,2.9375,5.5275e-4,2.9375e-4,TRUE,TRUE,TRUE,FALSE,FALSE
Plot C,0-0,Plot C 0-0,2,April,June,207,NA,NA,Unidentified coral,2026-04-03,2026-06-06,Plot_C_Coki_PlotC_Survivorship_20260403_0-0-Coki_PlotC_Survivorship_20260606_0-0.csv,0-0,dead,none,1,480,cm2,0.2325,0,2.3250000000000003e-5,0,TRUE,FALSE,FALSE,TRUE,FALSE
Plot C,0-0,Plot C 0-0,2,April,June,208,NA,NA,Porites porites,2026-04-03,2026-06-06,Plot_C_Coki_PlotC_Survivorship_20260403_0-0-Coki_PlotC_Survivorship_20260606_0-0.csv,0-0,grow,n/s,1,480,cm2,3.695,4.09,3.695e-4,4.0899999999999997e-4,TRUE,TRUE,TRUE,FALSE,FALSE
Plot C,0-0,Plot C 0-0,2,April,June,209,NA,NA,Porites porites,2026-04-03,2026-06-06,Plot_C_Coki_PlotC_Survivorship_20260403_0-0-Coki_PlotC_Survivorship_20260606_0-0.csv,0-0,shrink,n/s,1,480,cm2,8.2125,6.01,8.2125e-4,6.01e-4,TRUE,TRUE,TRUE,FALSE,FALSE
Plot C,0-0,Plot C 0-0,2,April,June,21,NA,NA,Montastraea cavernosa,2026-04-03,2026-06-06,Plot_C_Coki_PlotC_Survivorship_20260403_0-0-Coki_PlotC_Survivorship_20260606_0-0.csv,0-0,shrink,n/s,1,480,cm2,1.965,1.5125,1.965e-4,1.5125e-4,TRUE,TRUE,TRUE,FALSE,FALSE
Plot C,0-0,Plot C 0-0,2,April,June,210,NA,NA,Porites porites,2026-04-03,2026-06-06,Plot_C_Coki_PlotC_Survivorship_20260403_0-0-Coki_PlotC_Survivorship_20260606_0-0.csv,0-0,grow,n/s,1,480,cm2,0.965,1.3425,9.65e-5,1.3425e-4,TRUE,TRUE,TRUE,FALSE,FALSE
Plot C,0-0,Plot C 0-0,2,April,June,211,NA,NA,Porites porites,2026-04-03,2026-06-06,Plot_C_Coki_PlotC_Survivorship_20260403_0-0-Coki_PlotC_Survivorship_20260606_0-0.csv,0-0,same,n/s,1,480,cm2,5.1675,5.0025,5.167500000000001e-4,5.0025e-4,TRUE,TRUE,TRUE,FALSE,FALSE
Plot C,0-0,Plot C 0-0,2,April,June,212,NA,NA,Porites porites,2026-04-03,2026-06-06,Plot_C_Coki_PlotC_Survivorship_20260403_0-0-Coki_PlotC_Survivorship_20260606_0-0.csv,0-0,shrink,n/s,1,480,cm2,4.0525,3.015,4.0525e-4,3.015e-4,TRUE,TRUE,TRUE,FALSE,FALSE
Plot C,0-0,Plot C 0-0,2,April,June,213,NA,NA,Porites porites,2026-04-03,2026-06-06,Plot_C_Coki_PlotC_Survivorship_20260403_0-0-Coki_PlotC_Survivorship_20260606_0-0.csv,0-0,grow,n/s,1,480,cm2,8.6925,9.875,8.692500000000001e-4,9.875e-4,TRUE,TRUE,TRUE,FALSE,FALSE
Plot C,0-0,Plot C 0-0,2,April,June,214,NA,NA,Porites porites,2026-04-03,2026-06-06,Plot_C_Coki_PlotC_Survivorship_20260403_0-0-Coki_PlotC_Survivorship_20260606_0-0.csv,0-0,shrink,n/s,1,480,cm2,2.795,1.53,2.795e-4,1.53e-4,TRUE,TRUE,TRUE,FALSE,FALSE
Plot C,0-0,Plot C 0-0,2,April,June,215,NA,NA,Porites porites,2026-04-03,2026-06-06,Plot_C_Coki_PlotC_Survivorship_20260403_0-0-Coki_PlotC_Survivorship_20260606_0-0.csv,0-0,shrink,n/s,1,480,cm2,7.6025,6.275,7.6025e-4,6.275e-4,TRUE,TRUE,TRUE,FALSE,FALSE
Plot C,0-0,Plot C 0-0,2,April,June,216,NA,NA,Porites porites,2026-04-03,2026-06-06,Plot_C_Coki_PlotC_Survivorship_20260403_0-0-Coki_PlotC_Survivorship_20260606_0-0.csv,0-0,shrink,n/s,1,480,cm2,5.385,5.035,5.385e-4,5.035e-4,TRUE,TRUE,TRUE,FALSE,FALSE
Plot C,0-0,Plot C 0-0,2,April,June,217,NA,NA,Porites porites,2026-04-03,2026-06-06,Plot_C_Coki_PlotC_Survivorship_20260403_0-0-Coki_PlotC_Survivorship_20260606_0-0.csv,0-0,shrink,n/s,1,480,cm2,7.1875,5.135,7.1875e-4,5.135e-4,TRUE,TRUE,TRUE,FALSE,FALSE
Plot C,0-0,Plot C 0-0,2,April,June,219,NA,NA,Porites porites,2026-04-03,2026-06-06,Plot_C_Coki_PlotC_Survivorship_20260403_0-0-Coki_PlotC_Survivorship_20260606_0-0.csv,0-0,shrink,n/s,1,480,cm2,4.54,2.17,4.54e-4,2.17e-4,TRUE,TRUE,TRUE,FALSE,FALSE
Plot C,0-0,Plot C 0-0,2,April,June,22,NA,NA,Orbicella annularis,2026-04-03,2026-06-06,Plot_C_Coki_PlotC_Survivorship_20260403_0-0-Coki_PlotC_Survivorship_20260606_0-0.csv,0-0,grow,n/s,1,480,cm2,19.7725,23.22,0.0019772500000000003,0.002322,TRUE,TRUE,TRUE,FALSE,FALSE
Plot C,0-0,Plot C 0-0,2,April,June,220,NA,NA,Porites porites,2026-04-03,2026-06-06,Plot_C_Coki_PlotC_Survivorship_20260403_0-0-Coki_PlotC_Survivorship_20260606_0-0.csv,0-0,shrink,n/s,1,480,cm2,5.34,4.9825,5.34e-4,4.9825e-4,TRUE,TRUE,TRUE,FALSE,FALSE
Plot C,0-0,Plot C 0-0,2,April,June,221,NA,NA,Porites porites,2026-04-03,2026-06-06,Plot_C_Coki_PlotC_Survivorship_20260403_0-0-Coki_PlotC_Survivorship_20260606_0-0.csv,0-0,shrink,n/s,1,480,cm2,5.1825,3.6525,5.1825e-4,3.6524999999999996e-4,TRUE,TRUE,TRUE,FALSE,FALSE
Plot C,0-0,Plot C 0-0,2,April,June,222,NA,NA,Porites porites,2026-04-03,2026-06-06,Plot_C_Coki_PlotC_Survivorship_20260403_0-0-Coki_PlotC_Survivorship_20260606_0-0.csv,0-0,grow,n/s,1,480,cm2,1.145,5.3625,1.145e-4,5.362499999999999e-4,TRUE,TRUE,TRUE,FALSE,FALSE
Plot C,0-0,Plot C 0-0,2,April,June,223,NA,NA,Porites porites,2026-04-03,2026-06-06,Plot_C_Coki_PlotC_Survivorship_20260403_0-0-Coki_PlotC_Survivorship_20260606_0-0.csv,0-0,shrink,n/s,1,480,cm2,4.8225,4.075,4.8225e-4,4.0750000000000004e-4,TRUE,TRUE,TRUE,FALSE,FALSE
Plot C,0-0,Plot C 0-0,2,April,June,224,NA,NA,Porites porites,2026-04-03,2026-06-06,Plot_C_Coki_PlotC_Survivorship_20260403_0-0-Coki_PlotC_Survivorship_20260606_0-0.csv,0-0,shrink,n/s,1,480,cm2,6.9775,3.725,6.9775e-4,3.725e-4,TRUE,TRUE,TRUE,FALSE,FALSE
Plot C,0-0,Plot C 0-0,2,April,June,225,NA,NA,Porites porites,2026-04-03,2026-06-06,Plot_C_Coki_PlotC_Survivorship_20260403_0-0-Coki_PlotC_Survivorship_20260606_0-0.csv,0-0,shrink,n/s,1,480,cm2,4.1975,1.575,4.1975e-4,1.575e-4,TRUE,TRUE,TRUE,FALSE,FALSE
Plot C,0-0,Plot C 0-0,2,April,June,226,NA,NA,Porites porites,2026-04-03,2026-06-06,Plot_C_Coki_PlotC_Survivorship_20260403_0-0-Coki_PlotC_Survivorship_20260606_0-0.csv,0-0,shrink,n/s,1,480,cm2,4.205,1.2375,4.2050000000000003e-4,1.2375e-4,TRUE,TRUE,TRUE,FALSE,FALSE
Plot C,0-0,Plot C 0-0,2,April,June,227,NA,NA,Porites porites,2026-04-03,2026-06-06,Plot_C_Coki_PlotC_Survivorship_20260403_0-0-Coki_PlotC_Survivorship_20260606_0-0.csv,0-0,shrink,n/s,1,480,cm2,5.89,5.4325,5.89e-4,5.4325e-4,TRUE,TRUE,TRUE,FALSE,FALSE
Plot C,0-0,Plot C 0-0,2,April,June,228,NA,NA,Porites porites,2026-04-03,2026-06-06,Plot_C_Coki_PlotC_Survivorship_20260403_0-0-Coki_PlotC_Survivorship_20260606_0-0.csv,0-0,shrink,n/s,1,480,cm2,1.415,0.8375,1.415e-4,8.375e-5,TRUE,TRUE,TRUE,FALSE,FALSE
Plot C,0-0,Plot C 0-0,2,April,June,229,NA,NA,Porites porites,2026-04-03,2026-06-06,Plot_C_Coki_PlotC_Survivorship_20260403_0-0-Coki_PlotC_Survivorship_20260606_0-0.csv,0-0,grow,n/s,1,480,cm2,1.1575,1.4875,1.1575e-4,1.4875e-4,TRUE,TRUE,TRUE,FALSE,FALSE
Plot C,0-0,Plot C 0-0,2,April,June,23,NA,NA,Montastraea cavernosa,2026-04-03,2026-06-06,Plot_C_Coki_PlotC_Survivorship_20260403_0-0-Coki_PlotC_Survivorship_20260606_0-0.csv,0-0,shrink,n/s,1,480,cm2,2.855,0.9975,2.855e-4,9.975e-5,TRUE,TRUE,TRUE,FALSE,FALSE
Plot C,0-0,Plot C 0-0,2,April,June,230,NA,NA,Porites porites,2026-04-03,2026-06-06,Plot_C_Coki_PlotC_Survivorship_20260403_0-0-Coki_PlotC_Survivorship_20260606_0-0.csv,0-0,grow,n/s,1,480,cm2,2.98,4.585,2.98e-4,4.585e-4,TRUE,TRUE,TRUE,FALSE,FALSE
Plot C,0-0,Plot C 0-0,2,April,June,231,NA,NA,Porites porites,2026-04-03,2026-06-06,Plot_C_Coki_PlotC_Survivorship_20260403_0-0-Coki_PlotC_Survivorship_20260606_0-0.csv,0-0,grow,n/s,1,480,cm2,1.6125,3.5825,1.6125000000000002e-4,3.5825e-4,TRUE,TRUE,TRUE,FALSE,FALSE
Plot C,0-0,Plot C 0-0,2,April,June,232,NA,NA,Porites porites,2026-04-03,2026-06-06,Plot_C_Coki_PlotC_Survivorship_20260403_0-0-Coki_PlotC_Survivorship_20260606_0-0.csv,0-0,grow,n/s,1,480,cm2,4.13,6.1575,4.13e-4,6.1575e-4,TRUE,TRUE,TRUE,FALSE,FALSE
Plot C,0-0,Plot C 0-0,2,April,June,233,NA,NA,Porites porites,2026-04-03,2026-06-06,Plot_C_Coki_PlotC_Survivorship_20260403_0-0-Coki_PlotC_Survivorship_20260606_0-0.csv,0-0,grow,n/s,1,480,cm2,2.4525,4.645,2.4525e-4,4.6449999999999996e-4,TRUE,TRUE,TRUE,FALSE,FALSE
Plot C,0-0,Plot C 0-0,2,April,June,234,NA,NA,Porites porites,2026-04-03,2026-06-06,Plot_C_Coki_PlotC_Survivorship_20260403_0-0-Coki_PlotC_Survivorship_20260606_0-0.csv,0-0,grow,n/s,1,480,cm2,5.3625,6.6175,5.362499999999999e-4,6.6175e-4,TRUE,TRUE,TRUE,FALSE,FALSE
Plot C,0-0,Plot C 0-0,2,April,June,235,NA,NA,Porites porites,2026-04-03,2026-06-06,Plot_C_Coki_PlotC_Survivorship_20260403_0-0-Coki_PlotC_Survivorship_20260606_0-0.csv,0-0,grow,n/s,1,480,cm2,3.8325,5.15,3.8325e-4,5.15e-4,TRUE,TRUE,TRUE,FALSE,FALSE
Plot C,0-0,Plot C 0-0,2,April,June,236,NA,NA,Porites porites,2026-04-03,2026-06-06,Plot_C_Coki_PlotC_Survivorship_20260403_0-0-Coki_PlotC_Survivorship_20260606_0-0.csv,0-0,same,n/s,1,480,cm2,43.75,44.4275,0.004375,0.0044427500000000005,TRUE,TRUE,TRUE,FALSE,FALSE
Plot C,0-0,Plot C 0-0,2,April,June,237,NA,NA,Orbicella faveolata,2026-04-03,2026-06-06,Plot_C_Coki_PlotC_Survivorship_20260403_0-0-Coki_PlotC_Survivorship_20260606_0-0.csv,0-0,n/s,fuse,2,480,cm2,19.115000000000002,20.13,0.0019115,0.002013,TRUE,TRUE,TRUE,FALSE,FALSE
Plot C,0-0,Plot C 0-0,2,April,June,238,NA,NA,Orbicella faveolata,2026-04-03,2026-06-06,Plot_C_Coki_PlotC_Survivorship_20260403_0-0-Coki_PlotC_Survivorship_20260606_0-0.csv,0-0,n/s,fuse,6,480,cm2,46.4,51.3675,0.00464,0.00513675,TRUE,TRUE,TRUE,FALSE,FALSE
Plot C,0-0,Plot C 0-0,2,April,June,239,NA,NA,Orbicella faveolata,2026-04-03,2026-06-06,Plot_C_Coki_PlotC_Survivorship_20260403_0-0-Coki_PlotC_Survivorship_20260606_0-0.csv,0-0,n/s,fuse,2,480,cm2,13.5475,13.57,0.00135475,0.0013570000000000001,TRUE,TRUE,TRUE,FALSE,FALSE
Plot C,0-0,Plot C 0-0,2,April,June,24,NA,NA,Montastraea cavernosa,2026-04-03,2026-06-06,Plot_C_Coki_PlotC_Survivorship_20260403_0-0-Coki_PlotC_Survivorship_20260606_0-0.csv,0-0,shrink,n/s,1,480,cm2,4.4675,3.875,4.4675000000000004e-4,3.875e-4,TRUE,TRUE,TRUE,FALSE,FALSE
Plot C,0-0,Plot C 0-0,2,April,June,240,NA,NA,Orbicella faveolata,2026-04-03,2026-06-06,Plot_C_Coki_PlotC_Survivorship_20260403_0-0-Coki_PlotC_Survivorship_20260606_0-0.csv,0-0,grow,n/s,1,480,cm2,6.555,7.78,6.554999999999999e-4,7.78e-4,TRUE,TRUE,TRUE,FALSE,FALSE
Plot C,0-0,Plot C 0-0,2,April,June,241,NA,NA,Orbicella faveolata,2026-04-03,2026-06-06,Plot_C_Coki_PlotC_Survivorship_20260403_0-0-Coki_PlotC_Survivorship_20260606_0-0.csv,0-0,shrink,n/s,1,480,cm2,7.79,6.9925,7.79e-4,6.9925e-4,TRUE,TRUE,TRUE,FALSE,FALSE
Plot C,0-0,Plot C 0-0,2,April,June,242,NA,NA,Orbicella faveolata,2026-04-03,2026-06-06,Plot_C_Coki_PlotC_Survivorship_20260403_0-0-Coki_PlotC_Survivorship_20260606_0-0.csv,0-0,n/s,fuse,3,480,cm2,27.1175,31.2275,0.00271175,0.00312275,TRUE,TRUE,TRUE,FALSE,FALSE
Plot C,0-0,Plot C 0-0,2,April,June,243,NA,NA,Orbicella faveolata,2026-04-03,2026-06-06,Plot_C_Coki_PlotC_Survivorship_20260403_0-0-Coki_PlotC_Survivorship_20260606_0-0.csv,0-0,grow,n/s,1,480,cm2,5.2725,7.195,5.2725e-4,7.195e-4,TRUE,TRUE,TRUE,FALSE,FALSE
Plot C,0-0,Plot C 0-0,2,April,June,244,NA,NA,Orbicella faveolata,2026-04-03,2026-06-06,Plot_C_Coki_PlotC_Survivorship_20260403_0-0-Coki_PlotC_Survivorship_20260606_0-0.csv,0-0,n/s,fuse,2,480,cm2,18.11,19.8475,0.001811,0.00198475,TRUE,TRUE,TRUE,FALSE,FALSE
Plot C,0-0,Plot C 0-0,2,April,June,245,NA,NA,Porites porites,2026-04-03,2026-06-06,Plot_C_Coki_PlotC_Survivorship_20260403_0-0-Coki_PlotC_Survivorship_20260606_0-0.csv,0-0,shrink,n/s,1,480,cm2,30.84,6.5175,0.003084,6.5175e-4,TRUE,TRUE,TRUE,FALSE,FALSE
Plot C,0-0,Plot C 0-0,2,April,June,246,NA,NA,Orbicella faveolata,2026-04-03,2026-06-06,Plot_C_Coki_PlotC_Survivorship_20260403_0-0-Coki_PlotC_Survivorship_20260606_0-0.csv,0-0,grow,n/s,1,480,cm2,7.87,8.78,7.87e-4,8.78e-4,TRUE,TRUE,TRUE,FALSE,FALSE
Plot C,0-0,Plot C 0-0,2,April,June,247,NA,NA,Orbicella faveolata,2026-04-03,2026-06-06,Plot_C_Coki_PlotC_Survivorship_20260403_0-0-Coki_PlotC_Survivorship_20260606_0-0.csv,0-0,grow,n/s,1,480,cm2,7.41,8.0425,7.41e-4,8.042500000000001e-4,TRUE,TRUE,TRUE,FALSE,FALSE
Plot C,0-0,Plot C 0-0,2,April,June,248,NA,NA,Orbicella faveolata,2026-04-03,2026-06-06,Plot_C_Coki_PlotC_Survivorship_20260403_0-0-Coki_PlotC_Survivorship_20260606_0-0.csv,0-0,n/s,fuse,2,480,cm2,20.6725,21.6925,0.00206725,0.0021692499999999997,TRUE,TRUE,TRUE,FALSE,FALSE
Plot C,0-0,Plot C 0-0,2,April,June,249,NA,NA,Orbicella faveolata,2026-04-03,2026-06-06,Plot_C_Coki_PlotC_Survivorship_20260403_0-0-Coki_PlotC_Survivorship_20260606_0-0.csv,0-0,n/s,fuse,2,480,cm2,18.255,21.1125,0.0018254999999999999,0.0021112500000000003,TRUE,TRUE,TRUE,FALSE,FALSE
Plot C,0-0,Plot C 0-0,2,April,June,25,NA,NA,Montastraea cavernosa,2026-04-03,2026-06-06,Plot_C_Coki_PlotC_Survivorship_20260403_0-0-Coki_PlotC_Survivorship_20260606_0-0.csv,0-0,grow,n/s,1,480,cm2,3.39,3.73,3.39e-4,3.73e-4,TRUE,TRUE,TRUE,FALSE,FALSE
Plot C,0-0,Plot C 0-0,2,April,June,250,NA,NA,Porites porites,2026-04-03,2026-06-06,Plot_C_Coki_PlotC_Survivorship_20260403_0-0-Coki_PlotC_Survivorship_20260606_0-0.csv,0-0,shrink,n/s,1,480,cm2,8.5625,5.6075,8.5625e-4,5.607499999999999e-4,TRUE,TRUE,TRUE,FALSE,FALSE
Plot C,0-0,Plot C 0-0,2,April,June,251,NA,NA,Orbicella faveolata,2026-04-03,2026-06-06,Plot_C_Coki_PlotC_Survivorship_20260403_0-0-Coki_PlotC_Survivorship_20260606_0-0.csv,0-0,same,n/s,1,480,cm2,8.325,8.6525,8.324999999999999e-4,8.6525e-4,TRUE,TRUE,TRUE,FALSE,FALSE
Plot C,0-0,Plot C 0-0,2,April,June,252,NA,NA,Porites porites,2026-04-03,2026-06-06,Plot_C_Coki_PlotC_Survivorship_20260403_0-0-Coki_PlotC_Survivorship_20260606_0-0.csv,0-0,shrink,n/s,1,480,cm2,8.085,4.08,8.085000000000001e-4,4.08e-4,TRUE,TRUE,TRUE,FALSE,FALSE
Plot C,0-0,Plot C 0-0,2,April,June,253,NA,NA,Porites porites,2026-04-03,2026-06-06,Plot_C_Coki_PlotC_Survivorship_20260403_0-0-Coki_PlotC_Survivorship_20260606_0-0.csv,0-0,shrink,n/s,1,480,cm2,4.3575,2.135,4.3575e-4,2.1349999999999999e-4,TRUE,TRUE,TRUE,FALSE,FALSE
Plot C,0-0,Plot C 0-0,2,April,June,254,NA,NA,Porites porites,2026-04-03,2026-06-06,Plot_C_Coki_PlotC_Survivorship_20260403_0-0-Coki_PlotC_Survivorship_20260606_0-0.csv,0-0,grow,n/s,1,480,cm2,6.1875,7.0225,6.1875e-4,7.0225e-4,TRUE,TRUE,TRUE,FALSE,FALSE
Plot C,0-0,Plot C 0-0,2,April,June,255,NA,NA,Porites porites,2026-04-03,2026-06-06,Plot_C_Coki_PlotC_Survivorship_20260403_0-0-Coki_PlotC_Survivorship_20260606_0-0.csv,0-0,grow,n/s,1,480,cm2,6.165,8.5675,6.165e-4,8.567500000000001e-4,TRUE,TRUE,TRUE,FALSE,FALSE
Plot C,0-0,Plot C 0-0,2,April,June,256,NA,NA,Porites porites,2026-04-03,2026-06-06,Plot_C_Coki_PlotC_Survivorship_20260403_0-0-Coki_PlotC_Survivorship_20260606_0-0.csv,0-0,shrink,n/s,1,480,cm2,7.645,3.985,7.645e-4,3.985e-4,TRUE,TRUE,TRUE,FALSE,FALSE
Plot C,0-0,Plot C 0-0,2,April,June,257,NA,NA,Porites porites,2026-04-03,2026-06-06,Plot_C_Coki_PlotC_Survivorship_20260403_0-0-Coki_PlotC_Survivorship_20260606_0-0.csv,0-0,shrink,n/s,1,480,cm2,5.11,4.0425,5.110000000000001e-4,4.0425000000000004e-4,TRUE,TRUE,TRUE,FALSE,FALSE
Plot C,0-0,Plot C 0-0,2,April,June,258,NA,NA,Porites porites,2026-04-03,2026-06-06,Plot_C_Coki_PlotC_Survivorship_20260403_0-0-Coki_PlotC_Survivorship_20260606_0-0.csv,0-0,shrink,n/s,1,480,cm2,1.3775,0.785,1.3775e-4,7.85e-5,TRUE,TRUE,TRUE,FALSE,FALSE
Plot C,0-0,Plot C 0-0,2,April,June,259,NA,NA,Porites porites,2026-04-03,2026-06-06,Plot_C_Coki_PlotC_Survivorship_20260403_0-0-Coki_PlotC_Survivorship_20260606_0-0.csv,0-0,shrink,n/s,1,480,cm2,2.325,1.29,2.325e-4,1.29e-4,TRUE,TRUE,TRUE,FALSE,FALSE
Plot C,0-0,Plot C 0-0,2,April,June,26,NA,NA,Montastraea cavernosa,2026-04-03,2026-06-06,Plot_C_Coki_PlotC_Survivorship_20260403_0-0-Coki_PlotC_Survivorship_20260606_0-0.csv,0-0,shrink,n/s,1,480,cm2,4.915,3.55,4.915e-4,3.5499999999999996e-4,TRUE,TRUE,TRUE,FALSE,FALSE
Plot C,0-0,Plot C 0-0,2,April,June,260,NA,NA,Porites porites,2026-04-03,2026-06-06,Plot_C_Coki_PlotC_Survivorship_20260403_0-0-Coki_PlotC_Survivorship_20260606_0-0.csv,0-0,shrink,n/s,1,480,cm2,4.545,1.245,4.545e-4,1.2450000000000002e-4,TRUE,TRUE,TRUE,FALSE,FALSE
Plot C,0-0,Plot C 0-0,2,April,June,261,NA,NA,Porites porites,2026-04-03,2026-06-06,Plot_C_Coki_PlotC_Survivorship_20260403_0-0-Coki_PlotC_Survivorship_20260606_0-0.csv,0-0,shrink,n/s,1,480,cm2,1.005,0.5675,1.0049999999999999e-4,5.675e-5,TRUE,TRUE,TRUE,FALSE,FALSE
Plot C,0-0,Plot C 0-0,2,April,June,262,NA,NA,Porites porites,2026-04-03,2026-06-06,Plot_C_Coki_PlotC_Survivorship_20260403_0-0-Coki_PlotC_Survivorship_20260606_0-0.csv,0-0,grow,n/s,1,480,cm2,6.6,7.2275,6.6e-4,7.2275e-4,TRUE,TRUE,TRUE,FALSE,FALSE
Plot C,0-0,Plot C 0-0,2,April,June,263,NA,NA,Porites porites,2026-04-03,2026-06-06,Plot_C_Coki_PlotC_Survivorship_20260403_0-0-Coki_PlotC_Survivorship_20260606_0-0.csv,0-0,same,n/s,1,480,cm2,6.7325,6.625,6.7325e-4,6.625e-4,TRUE,TRUE,TRUE,FALSE,FALSE
Plot C,0-0,Plot C 0-0,2,April,June,264,NA,NA,Porites porites,2026-04-03,2026-06-06,Plot_C_Coki_PlotC_Survivorship_20260403_0-0-Coki_PlotC_Survivorship_20260606_0-0.csv,0-0,shrink,n/s,1,480,cm2,2.9125,2.515,2.9125e-4,2.515e-4,TRUE,TRUE,TRUE,FALSE,FALSE
Plot C,0-0,Plot C 0-0,2,April,June,265,NA,NA,Porites porites,2026-04-03,2026-06-06,Plot_C_Coki_PlotC_Survivorship_20260403_0-0-Coki_PlotC_Survivorship_20260606_0-0.csv,0-0,grow,n/s,1,480,cm2,4.68,6.8175,4.68e-4,6.8175e-4,TRUE,TRUE,TRUE,FALSE,FALSE
Plot C,0-0,Plot C 0-0,2,April,June,266,NA,NA,Porites porites,2026-04-03,2026-06-06,Plot_C_Coki_PlotC_Survivorship_20260403_0-0-Coki_PlotC_Survivorship_20260606_0-0.csv,0-0,same,n/s,1,480,cm2,5.23,5.1525,5.23e-4,5.1525e-4,TRUE,TRUE,TRUE,FALSE,FALSE
Plot C,0-0,Plot C 0-0,2,April,June,267,NA,NA,Porites porites,2026-04-03,2026-06-06,Plot_C_Coki_PlotC_Survivorship_20260403_0-0-Coki_PlotC_Survivorship_20260606_0-0.csv,0-0,shrink,n/s,1,480,cm2,3.44,1.3425,3.44e-4,1.3425e-4,TRUE,TRUE,TRUE,FALSE,FALSE
Plot C,0-0,Plot C 0-0,2,April,June,268,NA,NA,Porites porites,2026-04-03,2026-06-06,Plot_C_Coki_PlotC_Survivorship_20260403_0-0-Coki_PlotC_Survivorship_20260606_0-0.csv,0-0,shrink,n/s,1,480,cm2,5.3725,2.64,5.3725e-4,2.64e-4,TRUE,TRUE,TRUE,FALSE,FALSE
Plot C,0-0,Plot C 0-0,2,April,June,269,NA,NA,Porites porites,2026-04-03,2026-06-06,Plot_C_Coki_PlotC_Survivorship_20260403_0-0-Coki_PlotC_Survivorship_20260606_0-0.csv,0-0,shrink,n/s,1,480,cm2,3.3375,2.165,3.3375e-4,2.165e-4,TRUE,TRUE,TRUE,FALSE,FALSE
Plot C,0-0,Plot C 0-0,2,April,June,27,NA,NA,Montastraea cavernosa,2026-04-03,2026-06-06,Plot_C_Coki_PlotC_Survivorship_20260403_0-0-Coki_PlotC_Survivorship_20260606_0-0.csv,0-0,same,n/s,1,480,cm2,3.6375,3.755,3.6375000000000003e-4,3.7549999999999997e-4,TRUE,TRUE,TRUE,FALSE,FALSE
Plot C,0-0,Plot C 0-0,2,April,June,270,NA,NA,Porites porites,2026-04-03,2026-06-06,Plot_C_Coki_PlotC_Survivorship_20260403_0-0-Coki_PlotC_Survivorship_20260606_0-0.csv,0-0,grow,n/s,1,480,cm2,1.715,1.845,1.715e-4,1.8449999999999999e-4,TRUE,TRUE,TRUE,FALSE,FALSE
Plot C,0-0,Plot C 0-0,2,April,June,271,NA,NA,Porites porites,2026-04-03,2026-06-06,Plot_C_Coki_PlotC_Survivorship_20260403_0-0-Coki_PlotC_Survivorship_20260606_0-0.csv,0-0,shrink,n/s,1,480,cm2,7.8625,6.695,7.8625e-4,6.695000000000001e-4,TRUE,TRUE,TRUE,FALSE,FALSE
Plot C,0-0,Plot C 0-0,2,April,June,272,NA,NA,Porites porites,2026-04-03,2026-06-06,Plot_C_Coki_PlotC_Survivorship_20260403_0-0-Coki_PlotC_Survivorship_20260606_0-0.csv,0-0,same,n/s,1,480,cm2,8.97,9.145,8.97e-4,9.145e-4,TRUE,TRUE,TRUE,FALSE,FALSE
Plot C,0-0,Plot C 0-0,2,April,June,273,NA,NA,Porites porites,2026-04-03,2026-06-06,Plot_C_Coki_PlotC_Survivorship_20260403_0-0-Coki_PlotC_Survivorship_20260606_0-0.csv,0-0,shrink,n/s,1,480,cm2,3.7575,2.6175,3.7575e-4,2.6175e-4,TRUE,TRUE,TRUE,FALSE,FALSE
Plot C,0-0,Plot C 0-0,2,April,June,274,NA,NA,Porites porites,2026-04-03,2026-06-06,Plot_C_Coki_PlotC_Survivorship_20260403_0-0-Coki_PlotC_Survivorship_20260606_0-0.csv,0-0,shrink,n/s,1,480,cm2,10.86,9.235,0.001086,9.235e-4,TRUE,TRUE,TRUE,FALSE,FALSE
Plot C,0-0,Plot C 0-0,2,April,June,275,NA,NA,Porites porites,2026-04-03,2026-06-06,Plot_C_Coki_PlotC_Survivorship_20260403_0-0-Coki_PlotC_Survivorship_20260606_0-0.csv,0-0,grow,n/s,1,480,cm2,8.4625,8.9925,8.4625e-4,8.9925e-4,TRUE,TRUE,TRUE,FALSE,FALSE
Plot C,0-0,Plot C 0-0,2,April,June,276,NA,NA,Porites porites,2026-04-03,2026-06-06,Plot_C_Coki_PlotC_Survivorship_20260403_0-0-Coki_PlotC_Survivorship_20260606_0-0.csv,0-0,shrink,n/s,1,480,cm2,7.5175,2.4625,7.5175e-4,2.4625e-4,TRUE,TRUE,TRUE,FALSE,FALSE
Plot C,0-0,Plot C 0-0,2,April,June,277,NA,NA,Porites porites,2026-04-03,2026-06-06,Plot_C_Coki_PlotC_Survivorship_20260403_0-0-Coki_PlotC_Survivorship_20260606_0-0.csv,0-0,shrink,n/s,1,480,cm2,4.2675,3.8175,4.2675e-4,3.8175e-4,TRUE,TRUE,TRUE,FALSE,FALSE
Plot C,0-0,Plot C 0-0,2,April,June,278,NA,NA,Orbicella franksi,2026-04-03,2026-06-06,Plot_C_Coki_PlotC_Survivorship_20260403_0-0-Coki_PlotC_Survivorship_20260606_0-0.csv,0-0,n/s,fuse,2,480,cm2,12.5,13.0775,0.0012499999999999998,0.00130775,TRUE,TRUE,TRUE,FALSE,FALSE
Plot C,0-0,Plot C 0-0,2,April,June,279,NA,NA,Orbicella franksi,2026-04-03,2026-06-06,Plot_C_Coki_PlotC_Survivorship_20260403_0-0-Coki_PlotC_Survivorship_20260606_0-0.csv,0-0,same,n/s,1,480,cm2,5.9275,5.7575,5.927500000000001e-4,5.7575e-4,TRUE,TRUE,TRUE,FALSE,FALSE
Plot C,0-0,Plot C 0-0,2,April,June,28,NA,NA,Montastraea cavernosa,2026-04-03,2026-06-06,Plot_C_Coki_PlotC_Survivorship_20260403_0-0-Coki_PlotC_Survivorship_20260606_0-0.csv,0-0,same,n/s,1,480,cm2,4.115,4.0975,4.1150000000000003e-4,4.0975e-4,TRUE,TRUE,TRUE,FALSE,FALSE
Plot C,0-0,Plot C 0-0,2,April,June,280,NA,NA,Orbicella franksi,2026-04-03,2026-06-06,Plot_C_Coki_PlotC_Survivorship_20260403_0-0-Coki_PlotC_Survivorship_20260606_0-0.csv,0-0,shrink,n/s,1,480,cm2,4.3,3.59,4.3e-4,3.59e-4,TRUE,TRUE,TRUE,FALSE,FALSE
Plot C,0-0,Plot C 0-0,2,April,June,281,NA,NA,Orbicella franksi,2026-04-03,2026-06-06,Plot_C_Coki_PlotC_Survivorship_20260403_0-0-Coki_PlotC_Survivorship_20260606_0-0.csv,0-0,grow,n/s,1,480,cm2,5.02,5.9875,5.02e-4,5.9875e-4,TRUE,TRUE,TRUE,FALSE,FALSE
Plot C,0-0,Plot C 0-0,2,April,June,282,NA,NA,Orbicella franksi,2026-04-03,2026-06-06,Plot_C_Coki_PlotC_Survivorship_20260403_0-0-Coki_PlotC_Survivorship_20260606_0-0.csv,0-0,grow,n/s,1,480,cm2,2.53,3.76,2.5299999999999997e-4,3.76e-4,TRUE,TRUE,TRUE,FALSE,FALSE
Plot C,0-0,Plot C 0-0,2,April,June,283,NA,NA,Orbicella franksi,2026-04-03,2026-06-06,Plot_C_Coki_PlotC_Survivorship_20260403_0-0-Coki_PlotC_Survivorship_20260606_0-0.csv,0-0,grow,n/s,1,480,cm2,3.4475,4.865,3.4475e-4,4.865e-4,TRUE,TRUE,TRUE,FALSE,FALSE
Plot C,0-0,Plot C 0-0,2,April,June,284,NA,NA,Orbicella franksi,2026-04-03,2026-06-06,Plot_C_Coki_PlotC_Survivorship_20260403_0-0-Coki_PlotC_Survivorship_20260606_0-0.csv,0-0,same,n/s,1,480,cm2,3.91,4.0125,3.91e-4,4.0125e-4,TRUE,TRUE,TRUE,FALSE,FALSE
Plot C,0-0,Plot C 0-0,2,April,June,285,NA,NA,Orbicella franksi,2026-04-03,2026-06-06,Plot_C_Coki_PlotC_Survivorship_20260403_0-0-Coki_PlotC_Survivorship_20260606_0-0.csv,0-0,grow,n/s,1,480,cm2,2.4075,3.565,2.4075000000000002e-4,3.565e-4,TRUE,TRUE,TRUE,FALSE,FALSE
Plot C,0-0,Plot C 0-0,2,April,June,286,NA,NA,Orbicella franksi,2026-04-03,2026-06-06,Plot_C_Coki_PlotC_Survivorship_20260403_0-0-Coki_PlotC_Survivorship_20260606_0-0.csv,0-0,shrink,n/s,1,480,cm2,3.6575,2.4525,3.6575e-4,2.4525e-4,TRUE,TRUE,TRUE,FALSE,FALSE
Plot C,0-0,Plot C 0-0,2,April,June,287,NA,NA,Orbicella franksi,2026-04-03,2026-06-06,Plot_C_Coki_PlotC_Survivorship_20260403_0-0-Coki_PlotC_Survivorship_20260606_0-0.csv,0-0,grow,n/s,1,480,cm2,3.565,4.745,3.565e-4,4.745e-4,TRUE,TRUE,TRUE,FALSE,FALSE
Plot C,0-0,Plot C 0-0,2,April,June,288,NA,NA,Orbicella franksi,2026-04-03,2026-06-06,Plot_C_Coki_PlotC_Survivorship_20260403_0-0-Coki_PlotC_Survivorship_20260606_0-0.csv,0-0,same,n/s,1,480,cm2,2.915,2.985,2.915e-4,2.985e-4,TRUE,TRUE,TRUE,FALSE,FALSE
Plot C,0-0,Plot C 0-0,2,April,June,289,NA,NA,Orbicella franksi,2026-04-03,2026-06-06,Plot_C_Coki_PlotC_Survivorship_20260403_0-0-Coki_PlotC_Survivorship_20260606_0-0.csv,0-0,grow,n/s,1,480,cm2,4.7675,5.5975,4.7675e-4,5.5975e-4,TRUE,TRUE,TRUE,FALSE,FALSE
Plot C,0-0,Plot C 0-0,2,April,June,29,NA,NA,Montastraea cavernosa,2026-04-03,2026-06-06,Plot_C_Coki_PlotC_Survivorship_20260403_0-0-Coki_PlotC_Survivorship_20260606_0-0.csv,0-0,grow,n/s,1,480,cm2,3.51,3.7525,3.5099999999999997e-4,3.7525e-4,TRUE,TRUE,TRUE,FALSE,FALSE
Plot C,0-0,Plot C 0-0,2,April,June,290,NA,NA,Orbicella franksi,2026-04-03,2026-06-06,Plot_C_Coki_PlotC_Survivorship_20260403_0-0-Coki_PlotC_Survivorship_20260606_0-0.csv,0-0,grow,n/s,1,480,cm2,4.315,5.055,4.315e-4,5.055e-4,TRUE,TRUE,TRUE,FALSE,FALSE
Plot C,0-0,Plot C 0-0,2,April,June,291,NA,NA,Orbicella franksi,2026-04-03,2026-06-06,Plot_C_Coki_PlotC_Survivorship_20260403_0-0-Coki_PlotC_Survivorship_20260606_0-0.csv,0-0,same,n/s,1,480,cm2,3.495,3.5575,3.495e-4,3.5575e-4,TRUE,TRUE,TRUE,FALSE,FALSE
Plot C,0-0,Plot C 0-0,2,April,June,292,NA,NA,Orbicella faveolata,2026-04-03,2026-06-06,Plot_C_Coki_PlotC_Survivorship_20260403_0-0-Coki_PlotC_Survivorship_20260606_0-0.csv,0-0,n/s,fuse,3,480,cm2,35.6825,38.8675,0.0035682500000000002,0.00388675,TRUE,TRUE,TRUE,FALSE,FALSE
Plot C,0-0,Plot C 0-0,2,April,June,293,NA,NA,Orbicella faveolata,2026-04-03,2026-06-06,Plot_C_Coki_PlotC_Survivorship_20260403_0-0-Coki_PlotC_Survivorship_20260606_0-0.csv,0-0,n/s,fuse,3,480,cm2,32.2725,37.7,0.00322725,0.0037700000000000003,TRUE,TRUE,TRUE,FALSE,FALSE
Plot C,0-0,Plot C 0-0,2,April,June,294,NA,NA,Orbicella faveolata,2026-04-03,2026-06-06,Plot_C_Coki_PlotC_Survivorship_20260403_0-0-Coki_PlotC_Survivorship_20260606_0-0.csv,0-0,n/s,fuse,3,480,cm2,25.285000000000004,30.1025,0.0025285,0.00301025,TRUE,TRUE,TRUE,FALSE,FALSE
Plot C,0-0,Plot C 0-0,2,April,June,295,NA,NA,Orbicella faveolata,2026-04-03,2026-06-06,Plot_C_Coki_PlotC_Survivorship_20260403_0-0-Coki_PlotC_Survivorship_20260606_0-0.csv,0-0,grow,n/s,1,480,cm2,9.96,10.655,9.960000000000001e-4,0.0010655,TRUE,TRUE,TRUE,FALSE,FALSE
Plot C,0-0,Plot C 0-0,2,April,June,296,NA,NA,Orbicella faveolata,2026-04-03,2026-06-06,Plot_C_Coki_PlotC_Survivorship_20260403_0-0-Coki_PlotC_Survivorship_20260606_0-0.csv,0-0,grow,n/s,1,480,cm2,8.475,10.3975,8.475e-4,0.00103975,TRUE,TRUE,TRUE,FALSE,FALSE
Plot C,0-0,Plot C 0-0,2,April,June,297,NA,NA,Orbicella faveolata,2026-04-03,2026-06-06,Plot_C_Coki_PlotC_Survivorship_20260403_0-0-Coki_PlotC_Survivorship_20260606_0-0.csv,0-0,n/s,fuse,2,480,cm2,14.0825,16.175,0.00140825,0.0016175,TRUE,TRUE,TRUE,FALSE,FALSE
Plot C,0-0,Plot C 0-0,2,April,June,298,NA,NA,Orbicella faveolata,2026-04-03,2026-06-06,Plot_C_Coki_PlotC_Survivorship_20260403_0-0-Coki_PlotC_Survivorship_20260606_0-0.csv,0-0,n/s,fuse,7,480,cm2,50.7675,64.98,0.0050767500000000005,0.006498,TRUE,TRUE,TRUE,FALSE,FALSE
Plot C,0-0,Plot C 0-0,2,April,June,299,NA,NA,Orbicella faveolata,2026-04-03,2026-06-06,Plot_C_Coki_PlotC_Survivorship_20260403_0-0-Coki_PlotC_Survivorship_20260606_0-0.csv,0-0,same,n/s,1,480,cm2,9.59,9.2975,9.59e-4,9.297499999999999e-4,TRUE,TRUE,TRUE,FALSE,FALSE
Plot C,0-0,Plot C 0-0,2,April,June,3,NA,NA,Montastraea cavernosa,2026-04-03,2026-06-06,Plot_C_Coki_PlotC_Survivorship_20260403_0-0-Coki_PlotC_Survivorship_20260606_0-0.csv,0-0,shrink,n/s,1,480,cm2,4.05,3.505,4.05e-4,3.505e-4,TRUE,TRUE,TRUE,FALSE,FALSE
Plot C,0-0,Plot C 0-0,2,April,June,30,NA,NA,Montastraea cavernosa,2026-04-03,2026-06-06,Plot_C_Coki_PlotC_Survivorship_20260403_0-0-Coki_PlotC_Survivorship_20260606_0-0.csv,0-0,grow,n/s,1,480,cm2,3.7275,4.5925,3.7275e-4,4.5925e-4,TRUE,TRUE,TRUE,FALSE,FALSE
Plot C,0-0,Plot C 0-0,2,April,June,300,NA,NA,Orbicella faveolata,2026-04-03,2026-06-06,Plot_C_Coki_PlotC_Survivorship_20260403_0-0-Coki_PlotC_Survivorship_20260606_0-0.csv,0-0,grow,n/s,1,480,cm2,7.6025,8.5825,7.6025e-4,8.5825e-4,TRUE,TRUE,TRUE,FALSE,FALSE
Plot C,0-0,Plot C 0-0,2,April,June,302,NA,NA,Orbicella faveolata,2026-04-03,2026-06-06,Plot_C_Coki_PlotC_Survivorship_20260403_0-0-Coki_PlotC_Survivorship_20260606_0-0.csv,0-0,grow,n/s,1,480,cm2,7.5275,8.83,7.5275e-4,8.83e-4,TRUE,TRUE,TRUE,FALSE,FALSE
Plot C,0-0,Plot C 0-0,2,April,June,31,NA,NA,Montastraea cavernosa,2026-04-03,2026-06-06,Plot_C_Coki_PlotC_Survivorship_20260403_0-0-Coki_PlotC_Survivorship_20260606_0-0.csv,0-0,grow,n/s,1,480,cm2,3.575,4.505,3.575e-4,4.505e-4,TRUE,TRUE,TRUE,FALSE,FALSE
Plot C,0-0,Plot C 0-0,2,April,June,32,NA,NA,Montastraea cavernosa,2026-04-03,2026-06-06,Plot_C_Coki_PlotC_Survivorship_20260403_0-0-Coki_PlotC_Survivorship_20260606_0-0.csv,0-0,same,n/s,1,480,cm2,5.1075,5.03,5.1075e-4,5.03e-4,TRUE,TRUE,TRUE,FALSE,FALSE
Plot C,0-0,Plot C 0-0,2,April,June,33,NA,NA,Montastraea cavernosa,2026-04-03,2026-06-06,Plot_C_Coki_PlotC_Survivorship_20260403_0-0-Coki_PlotC_Survivorship_20260606_0-0.csv,0-0,shrink,n/s,1,480,cm2,5.3725,4.9925,5.3725e-4,4.9925e-4,TRUE,TRUE,TRUE,FALSE,FALSE
Plot C,0-0,Plot C 0-0,2,April,June,34,NA,NA,Montastraea cavernosa,2026-04-03,2026-06-06,Plot_C_Coki_PlotC_Survivorship_20260403_0-0-Coki_PlotC_Survivorship_20260606_0-0.csv,0-0,same,n/s,1,480,cm2,5.35,5.155,5.35e-4,5.155e-4,TRUE,TRUE,TRUE,FALSE,FALSE
Plot C,0-0,Plot C 0-0,2,April,June,35,NA,NA,Montastraea cavernosa,2026-04-03,2026-06-06,Plot_C_Coki_PlotC_Survivorship_20260403_0-0-Coki_PlotC_Survivorship_20260606_0-0.csv,0-0,grow,n/s,1,480,cm2,3.6375,3.8575,3.6375000000000003e-4,3.8574999999999997e-4,TRUE,TRUE,TRUE,FALSE,FALSE
Plot C,0-0,Plot C 0-0,2,April,June,36,NA,NA,Montastraea cavernosa,2026-04-03,2026-06-06,Plot_C_Coki_PlotC_Survivorship_20260403_0-0-Coki_PlotC_Survivorship_20260606_0-0.csv,0-0,grow,n/s,1,480,cm2,3.75,3.965,3.75e-4,3.965e-4,TRUE,TRUE,TRUE,FALSE,FALSE
Plot C,0-0,Plot C 0-0,2,April,June,37,NA,NA,Montastraea cavernosa,2026-04-03,2026-06-06,Plot_C_Coki_PlotC_Survivorship_20260403_0-0-Coki_PlotC_Survivorship_20260606_0-0.csv,0-0,same,n/s,1,480,cm2,5.19,5.2375,5.19e-4,5.2375e-4,TRUE,TRUE,TRUE,FALSE,FALSE
Plot C,0-0,Plot C 0-0,2,April,June,38,NA,NA,Montastraea cavernosa,2026-04-03,2026-06-06,Plot_C_Coki_PlotC_Survivorship_20260403_0-0-Coki_PlotC_Survivorship_20260606_0-0.csv,0-0,shrink,n/s,1,480,cm2,4.72,3.89,4.72e-4,3.89e-4,TRUE,TRUE,TRUE,FALSE,FALSE
Plot C,0-0,Plot C 0-0,2,April,June,39,NA,NA,Montastraea cavernosa,2026-04-03,2026-06-06,Plot_C_Coki_PlotC_Survivorship_20260403_0-0-Coki_PlotC_Survivorship_20260606_0-0.csv,0-0,grow,n/s,1,480,cm2,6.805,7.2275,6.805e-4,7.2275e-4,TRUE,TRUE,TRUE,FALSE,FALSE
Plot C,0-0,Plot C 0-0,2,April,June,4,NA,NA,Montastraea cavernosa,2026-04-03,2026-06-06,Plot_C_Coki_PlotC_Survivorship_20260403_0-0-Coki_PlotC_Survivorship_20260606_0-0.csv,0-0,same,n/s,1,480,cm2,4.97,5.02,4.969999999999999e-4,5.02e-4,TRUE,TRUE,TRUE,FALSE,FALSE
Plot C,0-0,Plot C 0-0,2,April,June,40,NA,NA,Montastraea cavernosa,2026-04-03,2026-06-06,Plot_C_Coki_PlotC_Survivorship_20260403_0-0-Coki_PlotC_Survivorship_20260606_0-0.csv,0-0,shrink,n/s,1,480,cm2,5.0625,4.4375,5.0625e-4,4.4375e-4,TRUE,TRUE,TRUE,FALSE,FALSE
Plot C,0-0,Plot C 0-0,2,April,June,41,NA,NA,Montastraea cavernosa,2026-04-03,2026-06-06,Plot_C_Coki_PlotC_Survivorship_20260403_0-0-Coki_PlotC_Survivorship_20260606_0-0.csv,0-0,shrink,n/s,1,480,cm2,4.6,3.525,4.5999999999999996e-4,3.525e-4,TRUE,TRUE,TRUE,FALSE,FALSE
Plot C,0-0,Plot C 0-0,2,April,June,42,NA,NA,Montastraea cavernosa,2026-04-03,2026-06-06,Plot_C_Coki_PlotC_Survivorship_20260403_0-0-Coki_PlotC_Survivorship_20260606_0-0.csv,0-0,grow,n/s,1,480,cm2,4.0575,4.675,4.0575e-4,4.675e-4,TRUE,TRUE,TRUE,FALSE,FALSE
Plot C,0-0,Plot C 0-0,2,April,June,43,NA,NA,Montastraea cavernosa,2026-04-03,2026-06-06,Plot_C_Coki_PlotC_Survivorship_20260403_0-0-Coki_PlotC_Survivorship_20260606_0-0.csv,0-0,grow,n/s,1,480,cm2,4.635,5.155,4.635e-4,5.155e-4,TRUE,TRUE,TRUE,FALSE,FALSE
Plot C,0-0,Plot C 0-0,2,April,June,44,NA,NA,Orbicella annularis,2026-04-03,2026-06-06,Plot_C_Coki_PlotC_Survivorship_20260403_0-0-Coki_PlotC_Survivorship_20260606_0-0.csv,0-0,same,n/s,1,480,cm2,16.1225,16.1225,0.00161225,0.00161225,TRUE,TRUE,TRUE,FALSE,FALSE
Plot C,0-0,Plot C 0-0,2,April,June,45,NA,NA,Montastraea cavernosa,2026-04-03,2026-06-06,Plot_C_Coki_PlotC_Survivorship_20260403_0-0-Coki_PlotC_Survivorship_20260606_0-0.csv,0-0,same,n/s,1,480,cm2,3.69,3.8125,3.6899999999999997e-4,3.8125e-4,TRUE,TRUE,TRUE,FALSE,FALSE
Plot C,0-0,Plot C 0-0,2,April,June,46,NA,NA,Montastraea cavernosa,2026-04-03,2026-06-06,Plot_C_Coki_PlotC_Survivorship_20260403_0-0-Coki_PlotC_Survivorship_20260606_0-0.csv,0-0,shrink,n/s,1,480,cm2,3.0275,2.2075,3.0274999999999996e-4,2.2075e-4,TRUE,TRUE,TRUE,FALSE,FALSE
Plot C,0-0,Plot C 0-0,2,April,June,47,NA,NA,Montastraea cavernosa,2026-04-03,2026-06-06,Plot_C_Coki_PlotC_Survivorship_20260403_0-0-Coki_PlotC_Survivorship_20260606_0-0.csv,0-0,grow,n/s,1,480,cm2,3.6275,3.92,3.6275e-4,3.92e-4,TRUE,TRUE,TRUE,FALSE,FALSE
Plot C,0-0,Plot C 0-0,2,April,June,48,NA,NA,Montastraea cavernosa,2026-04-03,2026-06-06,Plot_C_Coki_PlotC_Survivorship_20260403_0-0-Coki_PlotC_Survivorship_20260606_0-0.csv,0-0,shrink,n/s,1,480,cm2,3.445,3.1325,3.4449999999999997e-4,3.1325e-4,TRUE,TRUE,TRUE,FALSE,FALSE
Plot C,0-0,Plot C 0-0,2,April,June,49,NA,NA,Montastraea cavernosa,2026-04-03,2026-06-06,Plot_C_Coki_PlotC_Survivorship_20260403_0-0-Coki_PlotC_Survivorship_20260606_0-0.csv,0-0,shrink,n/s,1,480,cm2,4.0425,2.045,4.0425000000000004e-4,2.0449999999999998e-4,TRUE,TRUE,TRUE,FALSE,FALSE
Plot C,0-0,Plot C 0-0,2,April,June,5,NA,NA,Montastraea cavernosa,2026-04-03,2026-06-06,Plot_C_Coki_PlotC_Survivorship_20260403_0-0-Coki_PlotC_Survivorship_20260606_0-0.csv,0-0,shrink,n/s,1,480,cm2,4.4675,3.3425,4.4675000000000004e-4,3.3424999999999997e-4,TRUE,TRUE,TRUE,FALSE,FALSE
Plot C,0-0,Plot C 0-0,2,April,June,50,NA,NA,Montastraea cavernosa,2026-04-03,2026-06-06,Plot_C_Coki_PlotC_Survivorship_20260403_0-0-Coki_PlotC_Survivorship_20260606_0-0.csv,0-0,shrink,n/s,1,480,cm2,4.3475,3.9525,4.3475e-4,3.9525000000000004e-4,TRUE,TRUE,TRUE,FALSE,FALSE
Plot C,0-0,Plot C 0-0,2,April,June,51,NA,NA,Montastraea cavernosa,2026-04-03,2026-06-06,Plot_C_Coki_PlotC_Survivorship_20260403_0-0-Coki_PlotC_Survivorship_20260606_0-0.csv,0-0,shrink,n/s,1,480,cm2,4.5325,4.02,4.5325e-4,4.0199999999999996e-4,TRUE,TRUE,TRUE,FALSE,FALSE
Plot C,0-0,Plot C 0-0,2,April,June,52,NA,NA,Montastraea cavernosa,2026-04-03,2026-06-06,Plot_C_Coki_PlotC_Survivorship_20260403_0-0-Coki_PlotC_Survivorship_20260606_0-0.csv,0-0,shrink,n/s,1,480,cm2,3.835,2.97,3.835e-4,2.97e-4,TRUE,TRUE,TRUE,FALSE,FALSE
Plot C,0-0,Plot C 0-0,2,April,June,53,NA,NA,Montastraea cavernosa,2026-04-03,2026-06-06,Plot_C_Coki_PlotC_Survivorship_20260403_0-0-Coki_PlotC_Survivorship_20260606_0-0.csv,0-0,shrink,n/s,1,480,cm2,4.315,3.4925,4.315e-4,3.4925e-4,TRUE,TRUE,TRUE,FALSE,FALSE
Plot C,0-0,Plot C 0-0,2,April,June,54,NA,NA,Montastraea cavernosa,2026-04-03,2026-06-06,Plot_C_Coki_PlotC_Survivorship_20260403_0-0-Coki_PlotC_Survivorship_20260606_0-0.csv,0-0,shrink,n/s,1,480,cm2,3.6875,3.135,3.6875e-4,3.135e-4,TRUE,TRUE,TRUE,FALSE,FALSE
Plot C,0-0,Plot C 0-0,2,April,June,55,NA,NA,Montastraea cavernosa,2026-04-03,2026-06-06,Plot_C_Coki_PlotC_Survivorship_20260403_0-0-Coki_PlotC_Survivorship_20260606_0-0.csv,0-0,same,n/s,1,480,cm2,5.34,5.385,5.34e-4,5.385e-4,TRUE,TRUE,TRUE,FALSE,FALSE
Plot C,0-0,Plot C 0-0,2,April,June,56,NA,NA,Montastraea cavernosa,2026-04-03,2026-06-06,Plot_C_Coki_PlotC_Survivorship_20260403_0-0-Coki_PlotC_Survivorship_20260606_0-0.csv,0-0,shrink,n/s,1,480,cm2,4.165,3.33,4.165e-4,3.33e-4,TRUE,TRUE,TRUE,FALSE,FALSE
Plot C,0-0,Plot C 0-0,2,April,June,57,NA,NA,Montastraea cavernosa,2026-04-03,2026-06-06,Plot_C_Coki_PlotC_Survivorship_20260403_0-0-Coki_PlotC_Survivorship_20260606_0-0.csv,0-0,shrink,n/s,1,480,cm2,2.5525,1.9525,2.5525e-4,1.9525e-4,TRUE,TRUE,TRUE,FALSE,FALSE
Plot C,0-0,Plot C 0-0,2,April,June,58,NA,NA,Orbicella annularis,2026-04-03,2026-06-06,Plot_C_Coki_PlotC_Survivorship_20260403_0-0-Coki_PlotC_Survivorship_20260606_0-0.csv,0-0,grow,n/s,1,480,cm2,17.33,18.8625,0.0017329999999999997,0.0018862500000000001,TRUE,TRUE,TRUE,FALSE,FALSE
Plot C,0-0,Plot C 0-0,2,April,June,59,NA,NA,Montastraea cavernosa,2026-04-03,2026-06-06,Plot_C_Coki_PlotC_Survivorship_20260403_0-0-Coki_PlotC_Survivorship_20260606_0-0.csv,0-0,shrink,n/s,1,480,cm2,5.12,4.09,5.12e-4,4.0899999999999997e-4,TRUE,TRUE,TRUE,FALSE,FALSE
Plot C,0-0,Plot C 0-0,2,April,June,6,NA,NA,Montastraea cavernosa,2026-04-03,2026-06-06,Plot_C_Coki_PlotC_Survivorship_20260403_0-0-Coki_PlotC_Survivorship_20260606_0-0.csv,0-0,shrink,n/s,1,480,cm2,4.685,4.415,4.6849999999999995e-4,4.415e-4,TRUE,TRUE,TRUE,FALSE,FALSE
Plot C,0-0,Plot C 0-0,2,April,June,60,NA,NA,Montastraea cavernosa,2026-04-03,2026-06-06,Plot_C_Coki_PlotC_Survivorship_20260403_0-0-Coki_PlotC_Survivorship_20260606_0-0.csv,0-0,grow,n/s,1,480,cm2,4,4.2375,4e-4,4.2375e-4,TRUE,TRUE,TRUE,FALSE,FALSE
Plot C,0-0,Plot C 0-0,2,April,June,61,NA,NA,Montastraea cavernosa,2026-04-03,2026-06-06,Plot_C_Coki_PlotC_Survivorship_20260403_0-0-Coki_PlotC_Survivorship_20260606_0-0.csv,0-0,shrink,n/s,1,480,cm2,4.035,2.2725,4.035e-4,2.2725e-4,TRUE,TRUE,TRUE,FALSE,FALSE
Plot C,0-0,Plot C 0-0,2,April,June,62,NA,NA,Montastraea cavernosa,2026-04-03,2026-06-06,Plot_C_Coki_PlotC_Survivorship_20260403_0-0-Coki_PlotC_Survivorship_20260606_0-0.csv,0-0,grow,n/s,1,480,cm2,3.685,3.96,3.685e-4,3.96e-4,TRUE,TRUE,TRUE,FALSE,FALSE
Plot C,0-0,Plot C 0-0,2,April,June,63,NA,NA,Montastraea cavernosa,2026-04-03,2026-06-06,Plot_C_Coki_PlotC_Survivorship_20260403_0-0-Coki_PlotC_Survivorship_20260606_0-0.csv,0-0,grow,n/s,1,480,cm2,4.02,5.135,4.0199999999999996e-4,5.135e-4,TRUE,TRUE,TRUE,FALSE,FALSE
Plot C,0-0,Plot C 0-0,2,April,June,64,NA,NA,Montastraea cavernosa,2026-04-03,2026-06-06,Plot_C_Coki_PlotC_Survivorship_20260403_0-0-Coki_PlotC_Survivorship_20260606_0-0.csv,0-0,grow,n/s,1,480,cm2,4.105,4.4525,4.1050000000000006e-4,4.4524999999999995e-4,TRUE,TRUE,TRUE,FALSE,FALSE
Plot C,0-0,Plot C 0-0,2,April,June,65,NA,NA,Montastraea cavernosa,2026-04-03,2026-06-06,Plot_C_Coki_PlotC_Survivorship_20260403_0-0-Coki_PlotC_Survivorship_20260606_0-0.csv,0-0,shrink,n/s,1,480,cm2,2.75,1.8825,2.75e-4,1.8825e-4,TRUE,TRUE,TRUE,FALSE,FALSE
Plot C,0-0,Plot C 0-0,2,April,June,66,NA,NA,Porites porites,2026-04-03,2026-06-06,Plot_C_Coki_PlotC_Survivorship_20260403_0-0-Coki_PlotC_Survivorship_20260606_0-0.csv,0-0,same,n/s,1,480,cm2,13.4825,13.445,0.00134825,0.0013445,TRUE,TRUE,TRUE,FALSE,FALSE
Plot C,0-0,Plot C 0-0,2,April,June,67,NA,NA,Porites porites,2026-04-03,2026-06-06,Plot_C_Coki_PlotC_Survivorship_20260403_0-0-Coki_PlotC_Survivorship_20260606_0-0.csv,0-0,shrink,n/s,1,480,cm2,9.715,7.135,9.715e-4,7.134999999999999e-4,TRUE,TRUE,TRUE,FALSE,FALSE
Plot C,0-0,Plot C 0-0,2,April,June,68,NA,NA,Montastraea cavernosa,2026-04-03,2026-06-06,Plot_C_Coki_PlotC_Survivorship_20260403_0-0-Coki_PlotC_Survivorship_20260606_0-0.csv,0-0,grow,n/s,1,480,cm2,3.0625,4.1425,3.0625e-4,4.1425e-4,TRUE,TRUE,TRUE,FALSE,FALSE
Plot C,0-0,Plot C 0-0,2,April,June,69,NA,NA,Montastraea cavernosa,2026-04-03,2026-06-06,Plot_C_Coki_PlotC_Survivorship_20260403_0-0-Coki_PlotC_Survivorship_20260606_0-0.csv,0-0,same,n/s,1,480,cm2,3.775,3.8375,3.775e-4,3.8375e-4,TRUE,TRUE,TRUE,FALSE,FALSE
Plot C,0-0,Plot C 0-0,2,April,June,7,NA,NA,Montastraea cavernosa,2026-04-03,2026-06-06,Plot_C_Coki_PlotC_Survivorship_20260403_0-0-Coki_PlotC_Survivorship_20260606_0-0.csv,0-0,same,n/s,1,480,cm2,4.195,4.13,4.195e-4,4.13e-4,TRUE,TRUE,TRUE,FALSE,FALSE
Plot C,0-0,Plot C 0-0,2,April,June,70,NA,NA,Montastraea cavernosa,2026-04-03,2026-06-06,Plot_C_Coki_PlotC_Survivorship_20260403_0-0-Coki_PlotC_Survivorship_20260606_0-0.csv,0-0,grow,n/s,1,480,cm2,3.55,4.4675,3.5499999999999996e-4,4.4675000000000004e-4,TRUE,TRUE,TRUE,FALSE,FALSE
Plot C,0-0,Plot C 0-0,2,April,June,71,NA,NA,Montastraea cavernosa,2026-04-03,2026-06-06,Plot_C_Coki_PlotC_Survivorship_20260403_0-0-Coki_PlotC_Survivorship_20260606_0-0.csv,0-0,shrink,n/s,1,480,cm2,5.64,5.14,5.639999999999999e-4,5.139999999999999e-4,TRUE,TRUE,TRUE,FALSE,FALSE
Plot C,0-0,Plot C 0-0,2,April,June,72,NA,NA,Montastraea cavernosa,2026-04-03,2026-06-06,Plot_C_Coki_PlotC_Survivorship_20260403_0-0-Coki_PlotC_Survivorship_20260606_0-0.csv,0-0,grow,n/s,1,480,cm2,4.52,4.77,4.52e-4,4.7699999999999994e-4,TRUE,TRUE,TRUE,FALSE,FALSE
Plot C,0-0,Plot C 0-0,2,April,June,73,NA,NA,Montastraea cavernosa,2026-04-03,2026-06-06,Plot_C_Coki_PlotC_Survivorship_20260403_0-0-Coki_PlotC_Survivorship_20260606_0-0.csv,0-0,same,n/s,1,480,cm2,6.2725,6.08,6.2725e-4,6.08e-4,TRUE,TRUE,TRUE,FALSE,FALSE
Plot C,0-0,Plot C 0-0,2,April,June,74,NA,NA,Montastraea cavernosa,2026-04-03,2026-06-06,Plot_C_Coki_PlotC_Survivorship_20260403_0-0-Coki_PlotC_Survivorship_20260606_0-0.csv,0-0,same,n/s,1,480,cm2,4.06,3.8975,4.0599999999999995e-4,3.8975e-4,TRUE,TRUE,TRUE,FALSE,FALSE
Plot C,0-0,Plot C 0-0,2,April,June,75,NA,NA,Montastraea cavernosa,2026-04-03,2026-06-06,Plot_C_Coki_PlotC_Survivorship_20260403_0-0-Coki_PlotC_Survivorship_20260606_0-0.csv,0-0,same,n/s,1,480,cm2,4.54,4.4875,4.54e-4,4.4875e-4,TRUE,TRUE,TRUE,FALSE,FALSE
Plot C,0-0,Plot C 0-0,2,April,June,76,NA,NA,Montastraea cavernosa,2026-04-03,2026-06-06,Plot_C_Coki_PlotC_Survivorship_20260403_0-0-Coki_PlotC_Survivorship_20260606_0-0.csv,0-0,same,n/s,1,480,cm2,5.27,5.4975,5.269999999999999e-4,5.4975e-4,TRUE,TRUE,TRUE,FALSE,FALSE
Plot C,0-0,Plot C 0-0,2,April,June,77,NA,NA,Montastraea cavernosa,2026-04-03,2026-06-06,Plot_C_Coki_PlotC_Survivorship_20260403_0-0-Coki_PlotC_Survivorship_20260606_0-0.csv,0-0,grow,n/s,1,480,cm2,4.11,4.475,4.11e-4,4.475e-4,TRUE,TRUE,TRUE,FALSE,FALSE
Plot C,0-0,Plot C 0-0,2,April,June,78,NA,NA,Montastraea cavernosa,2026-04-03,2026-06-06,Plot_C_Coki_PlotC_Survivorship_20260403_0-0-Coki_PlotC_Survivorship_20260606_0-0.csv,0-0,same,n/s,1,480,cm2,5.6625,5.9275,5.662499999999999e-4,5.927500000000001e-4,TRUE,TRUE,TRUE,FALSE,FALSE
Plot C,0-0,Plot C 0-0,2,April,June,79,NA,NA,Montastraea cavernosa,2026-04-03,2026-06-06,Plot_C_Coki_PlotC_Survivorship_20260403_0-0-Coki_PlotC_Survivorship_20260606_0-0.csv,0-0,shrink,n/s,1,480,cm2,7.955,7.355,7.955e-4,7.355e-4,TRUE,TRUE,TRUE,FALSE,FALSE
Plot C,0-0,Plot C 0-0,2,April,June,8,NA,NA,Montastraea cavernosa,2026-04-03,2026-06-06,Plot_C_Coki_PlotC_Survivorship_20260403_0-0-Coki_PlotC_Survivorship_20260606_0-0.csv,0-0,shrink,n/s,1,480,cm2,4.35,3.5775,4.3499999999999995e-4,3.5775e-4,TRUE,TRUE,TRUE,FALSE,FALSE
Plot C,0-0,Plot C 0-0,2,April,June,80,NA,NA,Montastraea cavernosa,2026-04-03,2026-06-06,Plot_C_Coki_PlotC_Survivorship_20260403_0-0-Coki_PlotC_Survivorship_20260606_0-0.csv,0-0,shrink,n/s,1,480,cm2,3.6125,2.6125,3.6124999999999997e-4,2.6125e-4,TRUE,TRUE,TRUE,FALSE,FALSE
Plot C,0-0,Plot C 0-0,2,April,June,81,NA,NA,Montastraea cavernosa,2026-04-03,2026-06-06,Plot_C_Coki_PlotC_Survivorship_20260403_0-0-Coki_PlotC_Survivorship_20260606_0-0.csv,0-0,shrink,n/s,1,480,cm2,5.9475,5.3425,5.9475e-4,5.3425e-4,TRUE,TRUE,TRUE,FALSE,FALSE
Plot C,0-0,Plot C 0-0,2,April,June,82,NA,NA,Montastraea cavernosa,2026-04-03,2026-06-06,Plot_C_Coki_PlotC_Survivorship_20260403_0-0-Coki_PlotC_Survivorship_20260606_0-0.csv,0-0,grow,n/s,1,480,cm2,2.9475,3.1725,2.9475e-4,3.1725e-4,TRUE,TRUE,TRUE,FALSE,FALSE
Plot C,0-0,Plot C 0-0,2,April,June,83,NA,NA,Montastraea cavernosa,2026-04-03,2026-06-06,Plot_C_Coki_PlotC_Survivorship_20260403_0-0-Coki_PlotC_Survivorship_20260606_0-0.csv,0-0,grow,n/s,1,480,cm2,5.685,6.065,5.685e-4,6.065e-4,TRUE,TRUE,TRUE,FALSE,FALSE
Plot C,0-0,Plot C 0-0,2,April,June,84,NA,NA,Montastraea cavernosa,2026-04-03,2026-06-06,Plot_C_Coki_PlotC_Survivorship_20260403_0-0-Coki_PlotC_Survivorship_20260606_0-0.csv,0-0,shrink,n/s,1,480,cm2,4.6475,4.1675,4.6475e-4,4.1675e-4,TRUE,TRUE,TRUE,FALSE,FALSE
Plot C,0-0,Plot C 0-0,2,April,June,85,NA,NA,Montastraea cavernosa,2026-04-03,2026-06-06,Plot_C_Coki_PlotC_Survivorship_20260403_0-0-Coki_PlotC_Survivorship_20260606_0-0.csv,0-0,shrink,n/s,1,480,cm2,6.3325,5.975,6.332499999999999e-4,5.974999999999999e-4,TRUE,TRUE,TRUE,FALSE,FALSE
Plot C,0-0,Plot C 0-0,2,April,June,86,NA,NA,Montastraea cavernosa,2026-04-03,2026-06-06,Plot_C_Coki_PlotC_Survivorship_20260403_0-0-Coki_PlotC_Survivorship_20260606_0-0.csv,0-0,same,n/s,1,480,cm2,6.3225,6.1425,6.3225e-4,6.1425e-4,TRUE,TRUE,TRUE,FALSE,FALSE
Plot C,0-0,Plot C 0-0,2,April,June,87,NA,NA,Montastraea cavernosa,2026-04-03,2026-06-06,Plot_C_Coki_PlotC_Survivorship_20260403_0-0-Coki_PlotC_Survivorship_20260606_0-0.csv,0-0,grow,n/s,1,480,cm2,4.12,4.545,4.12e-4,4.545e-4,TRUE,TRUE,TRUE,FALSE,FALSE
Plot C,0-0,Plot C 0-0,2,April,June,88,NA,NA,Porites porites,2026-04-03,2026-06-06,Plot_C_Coki_PlotC_Survivorship_20260403_0-0-Coki_PlotC_Survivorship_20260606_0-0.csv,0-0,grow,n/s,1,480,cm2,5.0175,6.585,5.0175e-4,6.585e-4,TRUE,TRUE,TRUE,FALSE,FALSE
Plot C,0-0,Plot C 0-0,2,April,June,89,NA,NA,Orbicella annularis,2026-04-03,2026-06-06,Plot_C_Coki_PlotC_Survivorship_20260403_0-0-Coki_PlotC_Survivorship_20260606_0-0.csv,0-0,shrink,n/s,1,480,cm2,17.9675,15.1375,0.0017967500000000002,0.00151375,TRUE,TRUE,TRUE,FALSE,FALSE
Plot C,0-0,Plot C 0-0,2,April,June,9,NA,NA,Montastraea cavernosa,2026-04-03,2026-06-06,Plot_C_Coki_PlotC_Survivorship_20260403_0-0-Coki_PlotC_Survivorship_20260606_0-0.csv,0-0,shrink,n/s,1,480,cm2,2.16,1.1975,2.1600000000000002e-4,1.1975e-4,TRUE,TRUE,TRUE,FALSE,FALSE
Plot C,0-0,Plot C 0-0,2,April,June,90,NA,NA,Porites porites,2026-04-03,2026-06-06,Plot_C_Coki_PlotC_Survivorship_20260403_0-0-Coki_PlotC_Survivorship_20260606_0-0.csv,0-0,shrink,n/s,1,480,cm2,2.4775,2.315,2.4775e-4,2.315e-4,TRUE,TRUE,TRUE,FALSE,FALSE
Plot C,0-0,Plot C 0-0,2,April,June,91,NA,NA,Porites porites,2026-04-03,2026-06-06,Plot_C_Coki_PlotC_Survivorship_20260403_0-0-Coki_PlotC_Survivorship_20260606_0-0.csv,0-0,grow,n/s,1,480,cm2,0.4775,1.035,4.7749999999999995e-5,1.035e-4,TRUE,TRUE,TRUE,FALSE,FALSE
Plot C,0-0,Plot C 0-0,2,April,June,92,NA,NA,Porites porites,2026-04-03,2026-06-06,Plot_C_Coki_PlotC_Survivorship_20260403_0-0-Coki_PlotC_Survivorship_20260606_0-0.csv,0-0,shrink,n/s,1,480,cm2,6.945,6.1125,6.945e-4,6.1125e-4,TRUE,TRUE,TRUE,FALSE,FALSE
Plot C,0-0,Plot C 0-0,2,April,June,93,NA,NA,Porites porites,2026-04-03,2026-06-06,Plot_C_Coki_PlotC_Survivorship_20260403_0-0-Coki_PlotC_Survivorship_20260606_0-0.csv,0-0,shrink,n/s,1,480,cm2,7.4775,5.995,7.4775e-4,5.995e-4,TRUE,TRUE,TRUE,FALSE,FALSE
Plot C,0-0,Plot C 0-0,2,April,June,94,NA,NA,Porites porites,2026-04-03,2026-06-06,Plot_C_Coki_PlotC_Survivorship_20260403_0-0-Coki_PlotC_Survivorship_20260606_0-0.csv,0-0,shrink,n/s,1,480,cm2,4.775,4.045,4.7750000000000006e-4,4.0449999999999997e-4,TRUE,TRUE,TRUE,FALSE,FALSE
Plot C,0-0,Plot C 0-0,2,April,June,95,NA,NA,Porites porites,2026-04-03,2026-06-06,Plot_C_Coki_PlotC_Survivorship_20260403_0-0-Coki_PlotC_Survivorship_20260606_0-0.csv,0-0,shrink,n/s,1,480,cm2,5.72,5.0025,5.72e-4,5.0025e-4,TRUE,TRUE,TRUE,FALSE,FALSE
Plot C,0-0,Plot C 0-0,2,April,June,96,NA,NA,Porites porites,2026-04-03,2026-06-06,Plot_C_Coki_PlotC_Survivorship_20260403_0-0-Coki_PlotC_Survivorship_20260606_0-0.csv,0-0,shrink,n/s,1,480,cm2,2.225,1.4425,2.2250000000000001e-4,1.4424999999999998e-4,TRUE,TRUE,TRUE,FALSE,FALSE
Plot C,0-0,Plot C 0-0,2,April,June,97,NA,NA,Porites porites,2026-04-03,2026-06-06,Plot_C_Coki_PlotC_Survivorship_20260403_0-0-Coki_PlotC_Survivorship_20260606_0-0.csv,0-0,same,n/s,1,480,cm2,9.89,9.7025,9.89e-4,9.702500000000001e-4,TRUE,TRUE,TRUE,FALSE,FALSE
Plot C,0-0,Plot C 0-0,2,April,June,98,NA,NA,Porites porites,2026-04-03,2026-06-06,Plot_C_Coki_PlotC_Survivorship_20260403_0-0-Coki_PlotC_Survivorship_20260606_0-0.csv,0-0,grow,n/s,1,480,cm2,0.515,0.85,5.15e-5,8.499999999999999e-5,TRUE,TRUE,TRUE,FALSE,FALSE
Plot C,0-0,Plot C 0-0,2,April,June,99,NA,NA,Porites porites,2026-04-03,2026-06-06,Plot_C_Coki_PlotC_Survivorship_20260403_0-0-Coki_PlotC_Survivorship_20260606_0-0.csv,0-0,shrink,n/s,1,480,cm2,4.855,4.0725,4.8550000000000004e-4,4.0725e-4,TRUE,TRUE,TRUE,FALSE,FALSE
Plot C,1-0,Plot C 1-0,1,November,April,0,NA,NA,Orbicella annularis,2025-11-03,2026-04-03,Plot_C_Coki_PlotC_Survivorship_20251103_1-0-Coki_PlotC_Survivorship_20260403_1-0.csv,1-0,born,none,1,480,cm2,0,24.8925,0,0.0024892499999999997,FALSE,TRUE,FALSE,FALSE,TRUE
Plot C,1-0,Plot C 1-0,1,November,April,1,NA,NA,Orbicella annularis,2025-11-03,2026-04-03,Plot_C_Coki_PlotC_Survivorship_20251103_1-0-Coki_PlotC_Survivorship_20260403_1-0.csv,1-0,born,none,1,480,cm2,0,0.2875,0,2.8749999999999997e-5,FALSE,TRUE,FALSE,FALSE,TRUE
Plot C,1-0,Plot C 1-0,1,November,April,10,NA,NA,Orbicella annularis,2025-11-03,2026-04-03,Plot_C_Coki_PlotC_Survivorship_20251103_1-0-Coki_PlotC_Survivorship_20260403_1-0.csv,1-0,born,none,1,480,cm2,0,0.63,0,6.3e-5,FALSE,TRUE,FALSE,FALSE,TRUE
Plot C,1-0,Plot C 1-0,1,November,April,100,NA,NA,Orbicella franksi,2025-11-03,2026-04-03,Plot_C_Coki_PlotC_Survivorship_20251103_1-0-Coki_PlotC_Survivorship_20260403_1-0.csv,1-0,born,none,1,480,cm2,0,4.6175,0,4.6175e-4,FALSE,TRUE,FALSE,FALSE,TRUE
Plot C,1-0,Plot C 1-0,1,November,April,101,NA,NA,Orbicella franksi,2025-11-03,2026-04-03,Plot_C_Coki_PlotC_Survivorship_20251103_1-0-Coki_PlotC_Survivorship_20260403_1-0.csv,1-0,born,none,1,480,cm2,0,8.365,0,8.365e-4,FALSE,TRUE,FALSE,FALSE,TRUE
Plot C,1-0,Plot C 1-0,1,November,April,102,NA,NA,Orbicella franksi,2025-11-03,2026-04-03,Plot_C_Coki_PlotC_Survivorship_20251103_1-0-Coki_PlotC_Survivorship_20260403_1-0.csv,1-0,born,none,1,480,cm2,0,3.73,0,3.73e-4,FALSE,TRUE,FALSE,FALSE,TRUE
Plot C,1-0,Plot C 1-0,1,November,April,103,NA,NA,Orbicella franksi,2025-11-03,2026-04-03,Plot_C_Coki_PlotC_Survivorship_20251103_1-0-Coki_PlotC_Survivorship_20260403_1-0.csv,1-0,born,none,1,480,cm2,0,7.8725,0,7.8725e-4,FALSE,TRUE,FALSE,FALSE,TRUE
Plot C,1-0,Plot C 1-0,1,November,April,104,NA,NA,Montastraea cavernosa,2025-11-03,2026-04-03,Plot_C_Coki_PlotC_Survivorship_20251103_1-0-Coki_PlotC_Survivorship_20260403_1-0.csv,1-0,born,none,1,480,cm2,0,6.0375,0,6.0375e-4,FALSE,TRUE,FALSE,FALSE,TRUE
Plot C,1-0,Plot C 1-0,1,November,April,105,NA,NA,Orbicella franksi,2025-11-03,2026-04-03,Plot_C_Coki_PlotC_Survivorship_20251103_1-0-Coki_PlotC_Survivorship_20260403_1-0.csv,1-0,born,none,1,480,cm2,0,5.2625,0,5.2625e-4,FALSE,TRUE,FALSE,FALSE,TRUE
Plot C,1-0,Plot C 1-0,1,November,April,106,NA,NA,Orbicella franksi,2025-11-03,2026-04-03,Plot_C_Coki_PlotC_Survivorship_20251103_1-0-Coki_PlotC_Survivorship_20260403_1-0.csv,1-0,born,none,1,480,cm2,0,6.3775,0,6.377500000000001e-4,FALSE,TRUE,FALSE,FALSE,TRUE
Plot C,1-0,Plot C 1-0,1,November,April,107,NA,NA,Montastraea cavernosa,2025-11-03,2026-04-03,Plot_C_Coki_PlotC_Survivorship_20251103_1-0-Coki_PlotC_Survivorship_20260403_1-0.csv,1-0,born,none,1,480,cm2,0,7.91,0,7.91e-4,FALSE,TRUE,FALSE,FALSE,TRUE
Plot C,1-0,Plot C 1-0,1,November,April,108,NA,NA,Montastraea cavernosa,2025-11-03,2026-04-03,Plot_C_Coki_PlotC_Survivorship_20251103_1-0-Coki_PlotC_Survivorship_20260403_1-0.csv,1-0,born,none,1,480,cm2,0,4.515,0,4.5149999999999997e-4,FALSE,TRUE,FALSE,FALSE,TRUE
Plot C,1-0,Plot C 1-0,1,November,April,109,NA,NA,Montastraea cavernosa,2025-11-03,2026-04-03,Plot_C_Coki_PlotC_Survivorship_20251103_1-0-Coki_PlotC_Survivorship_20260403_1-0.csv,1-0,born,none,1,480,cm2,0,3.6525,0,3.6524999999999996e-4,FALSE,TRUE,FALSE,FALSE,TRUE
Plot C,1-0,Plot C 1-0,1,November,April,11,NA,NA,Orbicella annularis,2025-11-03,2026-04-03,Plot_C_Coki_PlotC_Survivorship_20251103_1-0-Coki_PlotC_Survivorship_20260403_1-0.csv,1-0,born,none,1,480,cm2,0,0.56,0,5.6000000000000006e-5,FALSE,TRUE,FALSE,FALSE,TRUE
Plot C,1-0,Plot C 1-0,1,November,April,110,NA,NA,Orbicella franksi,2025-11-03,2026-04-03,Plot_C_Coki_PlotC_Survivorship_20251103_1-0-Coki_PlotC_Survivorship_20260403_1-0.csv,1-0,born,none,1,480,cm2,0,3.295,0,3.295e-4,FALSE,TRUE,FALSE,FALSE,TRUE
Plot C,1-0,Plot C 1-0,1,November,April,111,NA,NA,Montastraea cavernosa,2025-11-03,2026-04-03,Plot_C_Coki_PlotC_Survivorship_20251103_1-0-Coki_PlotC_Survivorship_20260403_1-0.csv,1-0,born,none,1,480,cm2,0,6.7425,0,6.742499999999999e-4,FALSE,TRUE,FALSE,FALSE,TRUE
Plot C,1-0,Plot C 1-0,1,November,April,112,NA,NA,Montastraea cavernosa,2025-11-03,2026-04-03,Plot_C_Coki_PlotC_Survivorship_20251103_1-0-Coki_PlotC_Survivorship_20260403_1-0.csv,1-0,born,none,1,480,cm2,0,3.485,0,3.485e-4,FALSE,TRUE,FALSE,FALSE,TRUE
Plot C,1-0,Plot C 1-0,1,November,April,113,NA,NA,Orbicella franksi,2025-11-03,2026-04-03,Plot_C_Coki_PlotC_Survivorship_20251103_1-0-Coki_PlotC_Survivorship_20260403_1-0.csv,1-0,born,none,1,480,cm2,0,2.695,0,2.695e-4,FALSE,TRUE,FALSE,FALSE,TRUE
Plot C,1-0,Plot C 1-0,1,November,April,114,NA,NA,Montastraea cavernosa,2025-11-03,2026-04-03,Plot_C_Coki_PlotC_Survivorship_20251103_1-0-Coki_PlotC_Survivorship_20260403_1-0.csv,1-0,born,none,1,480,cm2,0,5.1525,0,5.1525e-4,FALSE,TRUE,FALSE,FALSE,TRUE
Plot C,1-0,Plot C 1-0,1,November,April,115,NA,NA,Montastraea cavernosa,2025-11-03,2026-04-03,Plot_C_Coki_PlotC_Survivorship_20251103_1-0-Coki_PlotC_Survivorship_20260403_1-0.csv,1-0,born,none,1,480,cm2,0,5.2675,0,5.2675e-4,FALSE,TRUE,FALSE,FALSE,TRUE
Plot C,1-0,Plot C 1-0,1,November,April,116,NA,NA,Montastraea cavernosa,2025-11-03,2026-04-03,Plot_C_Coki_PlotC_Survivorship_20251103_1-0-Coki_PlotC_Survivorship_20260403_1-0.csv,1-0,born,none,1,480,cm2,0,6.17,0,6.17e-4,FALSE,TRUE,FALSE,FALSE,TRUE
Plot C,1-0,Plot C 1-0,1,November,April,117,NA,NA,Montastraea cavernosa,2025-11-03,2026-04-03,Plot_C_Coki_PlotC_Survivorship_20251103_1-0-Coki_PlotC_Survivorship_20260403_1-0.csv,1-0,born,none,1,480,cm2,0,5.31,0,5.31e-4,FALSE,TRUE,FALSE,FALSE,TRUE
Plot C,1-0,Plot C 1-0,1,November,April,118,NA,NA,Montastraea cavernosa,2025-11-03,2026-04-03,Plot_C_Coki_PlotC_Survivorship_20251103_1-0-Coki_PlotC_Survivorship_20260403_1-0.csv,1-0,born,none,1,480,cm2,0,6.97,0,6.97e-4,FALSE,TRUE,FALSE,FALSE,TRUE
Plot C,1-0,Plot C 1-0,1,November,April,119,NA,NA,Montastraea cavernosa,2025-11-03,2026-04-03,Plot_C_Coki_PlotC_Survivorship_20251103_1-0-Coki_PlotC_Survivorship_20260403_1-0.csv,1-0,born,none,1,480,cm2,0,5.89,0,5.89e-4,FALSE,TRUE,FALSE,FALSE,TRUE
Plot C,1-0,Plot C 1-0,1,November,April,12,NA,NA,Orbicella annularis,2025-11-03,2026-04-03,Plot_C_Coki_PlotC_Survivorship_20251103_1-0-Coki_PlotC_Survivorship_20260403_1-0.csv,1-0,born,none,1,480,cm2,0,0.47,0,4.7e-5,FALSE,TRUE,FALSE,FALSE,TRUE
Plot C,1-0,Plot C 1-0,1,November,April,120,NA,NA,Orbicella franksi,2025-11-03,2026-04-03,Plot_C_Coki_PlotC_Survivorship_20251103_1-0-Coki_PlotC_Survivorship_20260403_1-0.csv,1-0,born,none,1,480,cm2,0,2.9775,0,2.9775e-4,FALSE,TRUE,FALSE,FALSE,TRUE
Plot C,1-0,Plot C 1-0,1,November,April,121,NA,NA,Orbicella franksi,2025-11-03,2026-04-03,Plot_C_Coki_PlotC_Survivorship_20251103_1-0-Coki_PlotC_Survivorship_20260403_1-0.csv,1-0,born,none,1,480,cm2,0,4.1975,0,4.1975e-4,FALSE,TRUE,FALSE,FALSE,TRUE
Plot C,1-0,Plot C 1-0,1,November,April,122,NA,NA,Montastraea cavernosa,2025-11-03,2026-04-03,Plot_C_Coki_PlotC_Survivorship_20251103_1-0-Coki_PlotC_Survivorship_20260403_1-0.csv,1-0,born,none,1,480,cm2,0,5.0925,0,5.0925e-4,FALSE,TRUE,FALSE,FALSE,TRUE
Plot C,1-0,Plot C 1-0,1,November,April,123,NA,NA,Montastraea cavernosa,2025-11-03,2026-04-03,Plot_C_Coki_PlotC_Survivorship_20251103_1-0-Coki_PlotC_Survivorship_20260403_1-0.csv,1-0,born,none,1,480,cm2,0,5.4225,0,5.4225e-4,FALSE,TRUE,FALSE,FALSE,TRUE
Plot C,1-0,Plot C 1-0,1,November,April,124,NA,NA,Montastraea cavernosa,2025-11-03,2026-04-03,Plot_C_Coki_PlotC_Survivorship_20251103_1-0-Coki_PlotC_Survivorship_20260403_1-0.csv,1-0,born,none,1,480,cm2,0,6.08,0,6.08e-4,FALSE,TRUE,FALSE,FALSE,TRUE
Plot C,1-0,Plot C 1-0,1,November,April,125,NA,NA,Montastraea cavernosa,2025-11-03,2026-04-03,Plot_C_Coki_PlotC_Survivorship_20251103_1-0-Coki_PlotC_Survivorship_20260403_1-0.csv,1-0,born,none,1,480,cm2,0,5.6275,0,5.6275e-4,FALSE,TRUE,FALSE,FALSE,TRUE
Plot C,1-0,Plot C 1-0,1,November,April,126,NA,NA,Montastraea cavernosa,2025-11-03,2026-04-03,Plot_C_Coki_PlotC_Survivorship_20251103_1-0-Coki_PlotC_Survivorship_20260403_1-0.csv,1-0,born,none,1,480,cm2,0,5.485,0,5.485e-4,FALSE,TRUE,FALSE,FALSE,TRUE
Plot C,1-0,Plot C 1-0,1,November,April,127,NA,NA,Orbicella franksi,2025-11-03,2026-04-03,Plot_C_Coki_PlotC_Survivorship_20251103_1-0-Coki_PlotC_Survivorship_20260403_1-0.csv,1-0,born,none,1,480,cm2,0,4.32,0,4.3200000000000004e-4,FALSE,TRUE,FALSE,FALSE,TRUE
Plot C,1-0,Plot C 1-0,1,November,April,128,NA,NA,Montastraea cavernosa,2025-11-03,2026-04-03,Plot_C_Coki_PlotC_Survivorship_20251103_1-0-Coki_PlotC_Survivorship_20260403_1-0.csv,1-0,born,none,1,480,cm2,0,5.85,0,5.85e-4,FALSE,TRUE,FALSE,FALSE,TRUE
Plot C,1-0,Plot C 1-0,1,November,April,129,NA,NA,Montastraea cavernosa,2025-11-03,2026-04-03,Plot_C_Coki_PlotC_Survivorship_20251103_1-0-Coki_PlotC_Survivorship_20260403_1-0.csv,1-0,born,none,1,480,cm2,0,6.39,0,6.389999999999999e-4,FALSE,TRUE,FALSE,FALSE,TRUE
Plot C,1-0,Plot C 1-0,1,November,April,13,NA,NA,Orbicella annularis,2025-11-03,2026-04-03,Plot_C_Coki_PlotC_Survivorship_20251103_1-0-Coki_PlotC_Survivorship_20260403_1-0.csv,1-0,born,none,1,480,cm2,0,0.88,0,8.8e-5,FALSE,TRUE,FALSE,FALSE,TRUE
Plot C,1-0,Plot C 1-0,1,November,April,130,NA,NA,Montastraea cavernosa,2025-11-03,2026-04-03,Plot_C_Coki_PlotC_Survivorship_20251103_1-0-Coki_PlotC_Survivorship_20260403_1-0.csv,1-0,born,none,1,480,cm2,0,8.875,0,8.875e-4,FALSE,TRUE,FALSE,FALSE,TRUE
Plot C,1-0,Plot C 1-0,1,November,April,131,NA,NA,Montastraea cavernosa,2025-11-03,2026-04-03,Plot_C_Coki_PlotC_Survivorship_20251103_1-0-Coki_PlotC_Survivorship_20260403_1-0.csv,1-0,born,none,1,480,cm2,0,4.2925,0,4.2925000000000005e-4,FALSE,TRUE,FALSE,FALSE,TRUE
Plot C,1-0,Plot C 1-0,1,November,April,132,NA,NA,Montastraea cavernosa,2025-11-03,2026-04-03,Plot_C_Coki_PlotC_Survivorship_20251103_1-0-Coki_PlotC_Survivorship_20260403_1-0.csv,1-0,born,none,1,480,cm2,0,6.3225,0,6.3225e-4,FALSE,TRUE,FALSE,FALSE,TRUE
Plot C,1-0,Plot C 1-0,1,November,April,133,NA,NA,Montastraea cavernosa,2025-11-03,2026-04-03,Plot_C_Coki_PlotC_Survivorship_20251103_1-0-Coki_PlotC_Survivorship_20260403_1-0.csv,1-0,born,none,1,480,cm2,0,9.6,0,9.599999999999999e-4,FALSE,TRUE,FALSE,FALSE,TRUE
Plot C,1-0,Plot C 1-0,1,November,April,134,NA,NA,Montastraea cavernosa,2025-11-03,2026-04-03,Plot_C_Coki_PlotC_Survivorship_20251103_1-0-Coki_PlotC_Survivorship_20260403_1-0.csv,1-0,born,none,1,480,cm2,0,6.655,0,6.655000000000001e-4,FALSE,TRUE,FALSE,FALSE,TRUE
Plot C,1-0,Plot C 1-0,1,November,April,135,NA,NA,Montastraea cavernosa,2025-11-03,2026-04-03,Plot_C_Coki_PlotC_Survivorship_20251103_1-0-Coki_PlotC_Survivorship_20260403_1-0.csv,1-0,born,none,1,480,cm2,0,5.0225,0,5.0225e-4,FALSE,TRUE,FALSE,FALSE,TRUE
Plot C,1-0,Plot C 1-0,1,November,April,136,NA,NA,Orbicella franksi,2025-11-03,2026-04-03,Plot_C_Coki_PlotC_Survivorship_20251103_1-0-Coki_PlotC_Survivorship_20260403_1-0.csv,1-0,born,none,1,480,cm2,0,7.265,0,7.264999999999999e-4,FALSE,TRUE,FALSE,FALSE,TRUE
Plot C,1-0,Plot C 1-0,1,November,April,137,NA,NA,Montastraea cavernosa,2025-11-03,2026-04-03,Plot_C_Coki_PlotC_Survivorship_20251103_1-0-Coki_PlotC_Survivorship_20260403_1-0.csv,1-0,born,none,1,480,cm2,0,6.735,0,6.735e-4,FALSE,TRUE,FALSE,FALSE,TRUE
Plot C,1-0,Plot C 1-0,1,November,April,138,NA,NA,Montastraea cavernosa,2025-11-03,2026-04-03,Plot_C_Coki_PlotC_Survivorship_20251103_1-0-Coki_PlotC_Survivorship_20260403_1-0.csv,1-0,born,none,1,480,cm2,0,5.0275,0,5.027499999999999e-4,FALSE,TRUE,FALSE,FALSE,TRUE
Plot C,1-0,Plot C 1-0,1,November,April,139,NA,NA,Montastraea cavernosa,2025-11-03,2026-04-03,Plot_C_Coki_PlotC_Survivorship_20251103_1-0-Coki_PlotC_Survivorship_20260403_1-0.csv,1-0,born,none,1,480,cm2,0,6.6425,0,6.6425e-4,FALSE,TRUE,FALSE,FALSE,TRUE
Plot C,1-0,Plot C 1-0,1,November,April,14,NA,NA,Orbicella annularis,2025-11-03,2026-04-03,Plot_C_Coki_PlotC_Survivorship_20251103_1-0-Coki_PlotC_Survivorship_20260403_1-0.csv,1-0,born,none,1,480,cm2,0,0.6275,0,6.275e-5,FALSE,TRUE,FALSE,FALSE,TRUE
Plot C,1-0,Plot C 1-0,1,November,April,140,NA,NA,Orbicella franksi,2025-11-03,2026-04-03,Plot_C_Coki_PlotC_Survivorship_20251103_1-0-Coki_PlotC_Survivorship_20260403_1-0.csv,1-0,born,none,1,480,cm2,0,5.0725,0,5.0725e-4,FALSE,TRUE,FALSE,FALSE,TRUE
Plot C,1-0,Plot C 1-0,1,November,April,141,NA,NA,Montastraea cavernosa,2025-11-03,2026-04-03,Plot_C_Coki_PlotC_Survivorship_20251103_1-0-Coki_PlotC_Survivorship_20260403_1-0.csv,1-0,born,none,1,480,cm2,0,5.105,0,5.105e-4,FALSE,TRUE,FALSE,FALSE,TRUE
Plot C,1-0,Plot C 1-0,1,November,April,142,NA,NA,Montastraea cavernosa,2025-11-03,2026-04-03,Plot_C_Coki_PlotC_Survivorship_20251103_1-0-Coki_PlotC_Survivorship_20260403_1-0.csv,1-0,born,none,1,480,cm2,0,6.61,0,6.61e-4,FALSE,TRUE,FALSE,FALSE,TRUE
Plot C,1-0,Plot C 1-0,1,November,April,143,NA,NA,Montastraea cavernosa,2025-11-03,2026-04-03,Plot_C_Coki_PlotC_Survivorship_20251103_1-0-Coki_PlotC_Survivorship_20260403_1-0.csv,1-0,born,none,1,480,cm2,0,6.4725,0,6.4725e-4,FALSE,TRUE,FALSE,FALSE,TRUE
Plot C,1-0,Plot C 1-0,1,November,April,144,NA,NA,Orbicella franksi,2025-11-03,2026-04-03,Plot_C_Coki_PlotC_Survivorship_20251103_1-0-Coki_PlotC_Survivorship_20260403_1-0.csv,1-0,born,none,1,480,cm2,0,4.8375,0,4.8375e-4,FALSE,TRUE,FALSE,FALSE,TRUE
Plot C,1-0,Plot C 1-0,1,November,April,145,NA,NA,Montastraea cavernosa,2025-11-03,2026-04-03,Plot_C_Coki_PlotC_Survivorship_20251103_1-0-Coki_PlotC_Survivorship_20260403_1-0.csv,1-0,born,none,1,480,cm2,0,6.575,0,6.575e-4,FALSE,TRUE,FALSE,FALSE,TRUE
Plot C,1-0,Plot C 1-0,1,November,April,146,NA,NA,Montastraea cavernosa,2025-11-03,2026-04-03,Plot_C_Coki_PlotC_Survivorship_20251103_1-0-Coki_PlotC_Survivorship_20260403_1-0.csv,1-0,born,none,1,480,cm2,0,6.045,0,6.045e-4,FALSE,TRUE,FALSE,FALSE,TRUE
Plot C,1-0,Plot C 1-0,1,November,April,147,NA,NA,Montastraea cavernosa,2025-11-03,2026-04-03,Plot_C_Coki_PlotC_Survivorship_20251103_1-0-Coki_PlotC_Survivorship_20260403_1-0.csv,1-0,born,none,1,480,cm2,0,5.0575,0,5.0575e-4,FALSE,TRUE,FALSE,FALSE,TRUE
Plot C,1-0,Plot C 1-0,1,November,April,148,NA,NA,Montastraea cavernosa,2025-11-03,2026-04-03,Plot_C_Coki_PlotC_Survivorship_20251103_1-0-Coki_PlotC_Survivorship_20260403_1-0.csv,1-0,born,none,1,480,cm2,0,4.1725,0,4.1725000000000003e-4,FALSE,TRUE,FALSE,FALSE,TRUE
Plot C,1-0,Plot C 1-0,1,November,April,149,NA,NA,Montastraea cavernosa,2025-11-03,2026-04-03,Plot_C_Coki_PlotC_Survivorship_20251103_1-0-Coki_PlotC_Survivorship_20260403_1-0.csv,1-0,born,none,1,480,cm2,0,7.71,0,7.71e-4,FALSE,TRUE,FALSE,FALSE,TRUE
Plot C,1-0,Plot C 1-0,1,November,April,15,NA,NA,Orbicella annularis,2025-11-03,2026-04-03,Plot_C_Coki_PlotC_Survivorship_20251103_1-0-Coki_PlotC_Survivorship_20260403_1-0.csv,1-0,born,none,1,480,cm2,0,0.765,0,7.65e-5,FALSE,TRUE,FALSE,FALSE,TRUE
Plot C,1-0,Plot C 1-0,1,November,April,150,NA,NA,Orbicella annularis,2025-11-03,2026-04-03,Plot_C_Coki_PlotC_Survivorship_20251103_1-0-Coki_PlotC_Survivorship_20260403_1-0.csv,1-0,born,none,1,480,cm2,0,23.3375,0,0.00233375,FALSE,TRUE,FALSE,FALSE,TRUE
Plot C,1-0,Plot C 1-0,1,November,April,151,NA,NA,Montastraea cavernosa,2025-11-03,2026-04-03,Plot_C_Coki_PlotC_Survivorship_20251103_1-0-Coki_PlotC_Survivorship_20260403_1-0.csv,1-0,born,none,1,480,cm2,0,6.0975,0,6.0975e-4,FALSE,TRUE,FALSE,FALSE,TRUE
Plot C,1-0,Plot C 1-0,1,November,April,152,NA,NA,Montastraea cavernosa,2025-11-03,2026-04-03,Plot_C_Coki_PlotC_Survivorship_20251103_1-0-Coki_PlotC_Survivorship_20260403_1-0.csv,1-0,born,none,1,480,cm2,0,4.89,0,4.89e-4,FALSE,TRUE,FALSE,FALSE,TRUE
Plot C,1-0,Plot C 1-0,1,November,April,153,NA,NA,Orbicella franksi,2025-11-03,2026-04-03,Plot_C_Coki_PlotC_Survivorship_20251103_1-0-Coki_PlotC_Survivorship_20260403_1-0.csv,1-0,born,none,1,480,cm2,0,8.3625,0,8.362500000000001e-4,FALSE,TRUE,FALSE,FALSE,TRUE
Plot C,1-0,Plot C 1-0,1,November,April,154,NA,NA,Montastraea cavernosa,2025-11-03,2026-04-03,Plot_C_Coki_PlotC_Survivorship_20251103_1-0-Coki_PlotC_Survivorship_20260403_1-0.csv,1-0,born,none,1,480,cm2,0,6.8725,0,6.872499999999999e-4,FALSE,TRUE,FALSE,FALSE,TRUE
Plot C,1-0,Plot C 1-0,1,November,April,155,NA,NA,Orbicella franksi,2025-11-03,2026-04-03,Plot_C_Coki_PlotC_Survivorship_20251103_1-0-Coki_PlotC_Survivorship_20260403_1-0.csv,1-0,born,none,1,480,cm2,0,9.025,0,9.025e-4,FALSE,TRUE,FALSE,FALSE,TRUE
Plot C,1-0,Plot C 1-0,1,November,April,156,NA,NA,Montastraea cavernosa,2025-11-03,2026-04-03,Plot_C_Coki_PlotC_Survivorship_20251103_1-0-Coki_PlotC_Survivorship_20260403_1-0.csv,1-0,born,none,1,480,cm2,0,5.525,0,5.525e-4,FALSE,TRUE,FALSE,FALSE,TRUE
Plot C,1-0,Plot C 1-0,1,November,April,157,NA,NA,Montastraea cavernosa,2025-11-03,2026-04-03,Plot_C_Coki_PlotC_Survivorship_20251103_1-0-Coki_PlotC_Survivorship_20260403_1-0.csv,1-0,born,none,1,480,cm2,0,6.235,0,6.235e-4,FALSE,TRUE,FALSE,FALSE,TRUE
Plot C,1-0,Plot C 1-0,1,November,April,158,NA,NA,Montastraea cavernosa,2025-11-03,2026-04-03,Plot_C_Coki_PlotC_Survivorship_20251103_1-0-Coki_PlotC_Survivorship_20260403_1-0.csv,1-0,born,none,1,480,cm2,0,6.78,0,6.78e-4,FALSE,TRUE,FALSE,FALSE,TRUE
Plot C,1-0,Plot C 1-0,1,November,April,159,NA,NA,Montastraea cavernosa,2025-11-03,2026-04-03,Plot_C_Coki_PlotC_Survivorship_20251103_1-0-Coki_PlotC_Survivorship_20260403_1-0.csv,1-0,born,none,1,480,cm2,0,5.5475,0,5.5475e-4,FALSE,TRUE,FALSE,FALSE,TRUE
Plot C,1-0,Plot C 1-0,1,November,April,16,NA,NA,Orbicella annularis,2025-11-03,2026-04-03,Plot_C_Coki_PlotC_Survivorship_20251103_1-0-Coki_PlotC_Survivorship_20260403_1-0.csv,1-0,born,none,1,480,cm2,0,0.82,0,8.2e-5,FALSE,TRUE,FALSE,FALSE,TRUE
Plot C,1-0,Plot C 1-0,1,November,April,160,NA,NA,Montastraea cavernosa,2025-11-03,2026-04-03,Plot_C_Coki_PlotC_Survivorship_20251103_1-0-Coki_PlotC_Survivorship_20260403_1-0.csv,1-0,born,none,1,480,cm2,0,6.145,0,6.144999999999999e-4,FALSE,TRUE,FALSE,FALSE,TRUE
Plot C,1-0,Plot C 1-0,1,November,April,161,NA,NA,Montastraea cavernosa,2025-11-03,2026-04-03,Plot_C_Coki_PlotC_Survivorship_20251103_1-0-Coki_PlotC_Survivorship_20260403_1-0.csv,1-0,born,none,1,480,cm2,0,5.9025,0,5.9025e-4,FALSE,TRUE,FALSE,FALSE,TRUE
Plot C,1-0,Plot C 1-0,1,November,April,162,NA,NA,Montastraea cavernosa,2025-11-03,2026-04-03,Plot_C_Coki_PlotC_Survivorship_20251103_1-0-Coki_PlotC_Survivorship_20260403_1-0.csv,1-0,born,none,1,480,cm2,0,5.97,0,5.97e-4,FALSE,TRUE,FALSE,FALSE,TRUE
Plot C,1-0,Plot C 1-0,1,November,April,163,NA,NA,Montastraea cavernosa,2025-11-03,2026-04-03,Plot_C_Coki_PlotC_Survivorship_20251103_1-0-Coki_PlotC_Survivorship_20260403_1-0.csv,1-0,born,none,1,480,cm2,0,6.0575,0,6.057500000000001e-4,FALSE,TRUE,FALSE,FALSE,TRUE
Plot C,1-0,Plot C 1-0,1,November,April,164,NA,NA,Montastraea cavernosa,2025-11-03,2026-04-03,Plot_C_Coki_PlotC_Survivorship_20251103_1-0-Coki_PlotC_Survivorship_20260403_1-0.csv,1-0,born,none,1,480,cm2,0,5.8025,0,5.8025e-4,FALSE,TRUE,FALSE,FALSE,TRUE
Plot C,1-0,Plot C 1-0,1,November,April,165,NA,NA,Montastraea cavernosa,2025-11-03,2026-04-03,Plot_C_Coki_PlotC_Survivorship_20251103_1-0-Coki_PlotC_Survivorship_20260403_1-0.csv,1-0,born,none,1,480,cm2,0,6.2175,0,6.2175e-4,FALSE,TRUE,FALSE,FALSE,TRUE
Plot C,1-0,Plot C 1-0,1,November,April,166,NA,NA,Montastraea cavernosa,2025-11-03,2026-04-03,Plot_C_Coki_PlotC_Survivorship_20251103_1-0-Coki_PlotC_Survivorship_20260403_1-0.csv,1-0,born,none,1,480,cm2,0,5.9825,0,5.9825e-4,FALSE,TRUE,FALSE,FALSE,TRUE
Plot C,1-0,Plot C 1-0,1,November,April,167,NA,NA,Orbicella franksi,2025-11-03,2026-04-03,Plot_C_Coki_PlotC_Survivorship_20251103_1-0-Coki_PlotC_Survivorship_20260403_1-0.csv,1-0,born,none,1,480,cm2,0,6.6975,0,6.6975e-4,FALSE,TRUE,FALSE,FALSE,TRUE
Plot C,1-0,Plot C 1-0,1,November,April,168,NA,NA,Orbicella franksi,2025-11-03,2026-04-03,Plot_C_Coki_PlotC_Survivorship_20251103_1-0-Coki_PlotC_Survivorship_20260403_1-0.csv,1-0,born,none,1,480,cm2,0,1.605,0,1.605e-4,FALSE,TRUE,FALSE,FALSE,TRUE
Plot C,1-0,Plot C 1-0,1,November,April,169,NA,NA,Orbicella franksi,2025-11-03,2026-04-03,Plot_C_Coki_PlotC_Survivorship_20251103_1-0-Coki_PlotC_Survivorship_20260403_1-0.csv,1-0,born,none,1,480,cm2,0,4.2175,0,4.2175000000000003e-4,FALSE,TRUE,FALSE,FALSE,TRUE
Plot C,1-0,Plot C 1-0,1,November,April,17,NA,NA,Orbicella annularis,2025-11-03,2026-04-03,Plot_C_Coki_PlotC_Survivorship_20251103_1-0-Coki_PlotC_Survivorship_20260403_1-0.csv,1-0,born,none,1,480,cm2,0,0.405,0,4.05e-5,FALSE,TRUE,FALSE,FALSE,TRUE
Plot C,1-0,Plot C 1-0,1,November,April,170,NA,NA,Orbicella franksi,2025-11-03,2026-04-03,Plot_C_Coki_PlotC_Survivorship_20251103_1-0-Coki_PlotC_Survivorship_20260403_1-0.csv,1-0,born,none,1,480,cm2,0,4.13,0,4.13e-4,FALSE,TRUE,FALSE,FALSE,TRUE
Plot C,1-0,Plot C 1-0,1,November,April,171,NA,NA,Orbicella franksi,2025-11-03,2026-04-03,Plot_C_Coki_PlotC_Survivorship_20251103_1-0-Coki_PlotC_Survivorship_20260403_1-0.csv,1-0,born,none,1,480,cm2,0,3.1,0,3.1e-4,FALSE,TRUE,FALSE,FALSE,TRUE
Plot C,1-0,Plot C 1-0,1,November,April,172,NA,NA,Orbicella franksi,2025-11-03,2026-04-03,Plot_C_Coki_PlotC_Survivorship_20251103_1-0-Coki_PlotC_Survivorship_20260403_1-0.csv,1-0,born,none,1,480,cm2,0,5.7625,0,5.7625e-4,FALSE,TRUE,FALSE,FALSE,TRUE
Plot C,1-0,Plot C 1-0,1,November,April,173,NA,NA,Orbicella franksi,2025-11-03,2026-04-03,Plot_C_Coki_PlotC_Survivorship_20251103_1-0-Coki_PlotC_Survivorship_20260403_1-0.csv,1-0,born,none,1,480,cm2,0,8.285,0,8.285e-4,FALSE,TRUE,FALSE,FALSE,TRUE
Plot C,1-0,Plot C 1-0,1,November,April,174,NA,NA,Orbicella franksi,2025-11-03,2026-04-03,Plot_C_Coki_PlotC_Survivorship_20251103_1-0-Coki_PlotC_Survivorship_20260403_1-0.csv,1-0,born,none,1,480,cm2,0,3.07,0,3.07e-4,FALSE,TRUE,FALSE,FALSE,TRUE
Plot C,1-0,Plot C 1-0,1,November,April,175,NA,NA,Orbicella franksi,2025-11-03,2026-04-03,Plot_C_Coki_PlotC_Survivorship_20251103_1-0-Coki_PlotC_Survivorship_20260403_1-0.csv,1-0,born,none,1,480,cm2,0,5.4925,0,5.492499999999999e-4,FALSE,TRUE,FALSE,FALSE,TRUE
Plot C,1-0,Plot C 1-0,1,November,April,176,NA,NA,Orbicella franksi,2025-11-03,2026-04-03,Plot_C_Coki_PlotC_Survivorship_20251103_1-0-Coki_PlotC_Survivorship_20260403_1-0.csv,1-0,born,none,1,480,cm2,0,8.805,0,8.805e-4,FALSE,TRUE,FALSE,FALSE,TRUE
Plot C,1-0,Plot C 1-0,1,November,April,177,NA,NA,Orbicella franksi,2025-11-03,2026-04-03,Plot_C_Coki_PlotC_Survivorship_20251103_1-0-Coki_PlotC_Survivorship_20260403_1-0.csv,1-0,born,none,1,480,cm2,0,3.655,0,3.655e-4,FALSE,TRUE,FALSE,FALSE,TRUE
Plot C,1-0,Plot C 1-0,1,November,April,178,NA,NA,Orbicella franksi,2025-11-03,2026-04-03,Plot_C_Coki_PlotC_Survivorship_20251103_1-0-Coki_PlotC_Survivorship_20260403_1-0.csv,1-0,born,none,1,480,cm2,0,5.8225,0,5.8225e-4,FALSE,TRUE,FALSE,FALSE,TRUE
Plot C,1-0,Plot C 1-0,1,November,April,179,NA,NA,Orbicella franksi,2025-11-03,2026-04-03,Plot_C_Coki_PlotC_Survivorship_20251103_1-0-Coki_PlotC_Survivorship_20260403_1-0.csv,1-0,born,none,1,480,cm2,0,2.6125,0,2.6125e-4,FALSE,TRUE,FALSE,FALSE,TRUE
Plot C,1-0,Plot C 1-0,1,November,April,18,NA,NA,Orbicella annularis,2025-11-03,2026-04-03,Plot_C_Coki_PlotC_Survivorship_20251103_1-0-Coki_PlotC_Survivorship_20260403_1-0.csv,1-0,born,none,1,480,cm2,0,0.605,0,6.05e-5,FALSE,TRUE,FALSE,FALSE,TRUE
Plot C,1-0,Plot C 1-0,1,November,April,180,NA,NA,Orbicella franksi,2025-11-03,2026-04-03,Plot_C_Coki_PlotC_Survivorship_20251103_1-0-Coki_PlotC_Survivorship_20260403_1-0.csv,1-0,born,none,1,480,cm2,0,3.79,0,3.79e-4,FALSE,TRUE,FALSE,FALSE,TRUE
Plot C,1-0,Plot C 1-0,1,November,April,181,NA,NA,Orbicella franksi,2025-11-03,2026-04-03,Plot_C_Coki_PlotC_Survivorship_20251103_1-0-Coki_PlotC_Survivorship_20260403_1-0.csv,1-0,born,none,1,480,cm2,0,5.4425,0,5.4425e-4,FALSE,TRUE,FALSE,FALSE,TRUE
Plot C,1-0,Plot C 1-0,1,November,April,182,NA,NA,Orbicella annularis,2025-11-03,2026-04-03,Plot_C_Coki_PlotC_Survivorship_20251103_1-0-Coki_PlotC_Survivorship_20260403_1-0.csv,1-0,born,none,1,480,cm2,0,30.26,0,0.003026,FALSE,TRUE,FALSE,FALSE,TRUE
Plot C,1-0,Plot C 1-0,1,November,April,183,NA,NA,Porites porites,2025-11-03,2026-04-03,Plot_C_Coki_PlotC_Survivorship_20251103_1-0-Coki_PlotC_Survivorship_20260403_1-0.csv,1-0,born,none,1,480,cm2,0,4.34,0,4.34e-4,FALSE,TRUE,FALSE,FALSE,TRUE
Plot C,1-0,Plot C 1-0,1,November,April,184,NA,NA,Porites porites,2025-11-03,2026-04-03,Plot_C_Coki_PlotC_Survivorship_20251103_1-0-Coki_PlotC_Survivorship_20260403_1-0.csv,1-0,born,none,1,480,cm2,0,5.84,0,5.84e-4,FALSE,TRUE,FALSE,FALSE,TRUE
Plot C,1-0,Plot C 1-0,1,November,April,185,NA,NA,Orbicella franksi,2025-11-03,2026-04-03,Plot_C_Coki_PlotC_Survivorship_20251103_1-0-Coki_PlotC_Survivorship_20260403_1-0.csv,1-0,born,none,1,480,cm2,0,16.0625,0,0.00160625,FALSE,TRUE,FALSE,FALSE,TRUE
Plot C,1-0,Plot C 1-0,1,November,April,186,NA,NA,Orbicella annularis,2025-11-03,2026-04-03,Plot_C_Coki_PlotC_Survivorship_20251103_1-0-Coki_PlotC_Survivorship_20260403_1-0.csv,1-0,born,none,1,480,cm2,0,15.04,0,0.001504,FALSE,TRUE,FALSE,FALSE,TRUE
Plot C,1-0,Plot C 1-0,1,November,April,187,NA,NA,Orbicella franksi,2025-11-03,2026-04-03,Plot_C_Coki_PlotC_Survivorship_20251103_1-0-Coki_PlotC_Survivorship_20260403_1-0.csv,1-0,born,none,1,480,cm2,0,6.3225,0,6.3225e-4,FALSE,TRUE,FALSE,FALSE,TRUE
Plot C,1-0,Plot C 1-0,1,November,April,188,NA,NA,Orbicella franksi,2025-11-03,2026-04-03,Plot_C_Coki_PlotC_Survivorship_20251103_1-0-Coki_PlotC_Survivorship_20260403_1-0.csv,1-0,born,none,1,480,cm2,0,3.86,0,3.86e-4,FALSE,TRUE,FALSE,FALSE,TRUE
Plot C,1-0,Plot C 1-0,1,November,April,189,NA,NA,Orbicella franksi,2025-11-03,2026-04-03,Plot_C_Coki_PlotC_Survivorship_20251103_1-0-Coki_PlotC_Survivorship_20260403_1-0.csv,1-0,born,none,1,480,cm2,0,6.97,0,6.97e-4,FALSE,TRUE,FALSE,FALSE,TRUE
Plot C,1-0,Plot C 1-0,1,November,April,19,NA,NA,Orbicella annularis,2025-11-03,2026-04-03,Plot_C_Coki_PlotC_Survivorship_20251103_1-0-Coki_PlotC_Survivorship_20260403_1-0.csv,1-0,born,none,1,480,cm2,0,0.5375,0,5.375e-5,FALSE,TRUE,FALSE,FALSE,TRUE
Plot C,1-0,Plot C 1-0,1,November,April,190,NA,NA,Orbicella franksi,2025-11-03,2026-04-03,Plot_C_Coki_PlotC_Survivorship_20251103_1-0-Coki_PlotC_Survivorship_20260403_1-0.csv,1-0,born,none,1,480,cm2,0,7.3775,0,7.3775e-4,FALSE,TRUE,FALSE,FALSE,TRUE
Plot C,1-0,Plot C 1-0,1,November,April,191,NA,NA,Orbicella franksi,2025-11-03,2026-04-03,Plot_C_Coki_PlotC_Survivorship_20251103_1-0-Coki_PlotC_Survivorship_20260403_1-0.csv,1-0,born,none,1,480,cm2,0,3.37,0,3.37e-4,FALSE,TRUE,FALSE,FALSE,TRUE
Plot C,1-0,Plot C 1-0,1,November,April,192,NA,NA,Orbicella franksi,2025-11-03,2026-04-03,Plot_C_Coki_PlotC_Survivorship_20251103_1-0-Coki_PlotC_Survivorship_20260403_1-0.csv,1-0,born,none,1,480,cm2,0,6.4775,0,6.4775e-4,FALSE,TRUE,FALSE,FALSE,TRUE
Plot C,1-0,Plot C 1-0,1,November,April,193,NA,NA,Orbicella franksi,2025-11-03,2026-04-03,Plot_C_Coki_PlotC_Survivorship_20251103_1-0-Coki_PlotC_Survivorship_20260403_1-0.csv,1-0,born,none,1,480,cm2,0,6.155,0,6.155e-4,FALSE,TRUE,FALSE,FALSE,TRUE
Plot C,1-0,Plot C 1-0,1,November,April,194,NA,NA,Orbicella franksi,2025-11-03,2026-04-03,Plot_C_Coki_PlotC_Survivorship_20251103_1-0-Coki_PlotC_Survivorship_20260403_1-0.csv,1-0,born,none,1,480,cm2,0,8.83,0,8.83e-4,FALSE,TRUE,FALSE,FALSE,TRUE
Plot C,1-0,Plot C 1-0,1,November,April,195,NA,NA,Porites porites,2025-11-03,2026-04-03,Plot_C_Coki_PlotC_Survivorship_20251103_1-0-Coki_PlotC_Survivorship_20260403_1-0.csv,1-0,born,none,1,480,cm2,0,10.455,0,0.0010455,FALSE,TRUE,FALSE,FALSE,TRUE
Plot C,1-0,Plot C 1-0,1,November,April,196,NA,NA,Orbicella franksi,2025-11-03,2026-04-03,Plot_C_Coki_PlotC_Survivorship_20251103_1-0-Coki_PlotC_Survivorship_20260403_1-0.csv,1-0,born,none,1,480,cm2,0,3.6075,0,3.6075e-4,FALSE,TRUE,FALSE,FALSE,TRUE
Plot C,1-0,Plot C 1-0,1,November,April,197,NA,NA,Porites porites,2025-11-03,2026-04-03,Plot_C_Coki_PlotC_Survivorship_20251103_1-0-Coki_PlotC_Survivorship_20260403_1-0.csv,1-0,born,none,1,480,cm2,0,6.84,0,6.84e-4,FALSE,TRUE,FALSE,FALSE,TRUE
Plot C,1-0,Plot C 1-0,1,November,April,198,NA,NA,Orbicella franksi,2025-11-03,2026-04-03,Plot_C_Coki_PlotC_Survivorship_20251103_1-0-Coki_PlotC_Survivorship_20260403_1-0.csv,1-0,born,none,1,480,cm2,0,5.045,0,5.045e-4,FALSE,TRUE,FALSE,FALSE,TRUE
Plot C,1-0,Plot C 1-0,1,November,April,199,NA,NA,Orbicella franksi,2025-11-03,2026-04-03,Plot_C_Coki_PlotC_Survivorship_20251103_1-0-Coki_PlotC_Survivorship_20260403_1-0.csv,1-0,born,none,1,480,cm2,0,6.2925,0,6.2925e-4,FALSE,TRUE,FALSE,FALSE,TRUE
Plot C,1-0,Plot C 1-0,1,November,April,2,NA,NA,Orbicella annularis,2025-11-03,2026-04-03,Plot_C_Coki_PlotC_Survivorship_20251103_1-0-Coki_PlotC_Survivorship_20260403_1-0.csv,1-0,born,none,1,480,cm2,0,0.32,0,3.2e-5,FALSE,TRUE,FALSE,FALSE,TRUE
Plot C,1-0,Plot C 1-0,1,November,April,20,NA,NA,Orbicella annularis,2025-11-03,2026-04-03,Plot_C_Coki_PlotC_Survivorship_20251103_1-0-Coki_PlotC_Survivorship_20260403_1-0.csv,1-0,born,none,1,480,cm2,0,1.3425,0,1.3425e-4,FALSE,TRUE,FALSE,FALSE,TRUE
Plot C,1-0,Plot C 1-0,1,November,April,200,NA,NA,Orbicella franksi,2025-11-03,2026-04-03,Plot_C_Coki_PlotC_Survivorship_20251103_1-0-Coki_PlotC_Survivorship_20260403_1-0.csv,1-0,born,none,1,480,cm2,0,4.2925,0,4.2925000000000005e-4,FALSE,TRUE,FALSE,FALSE,TRUE
Plot C,1-0,Plot C 1-0,1,November,April,201,NA,NA,Orbicella franksi,2025-11-03,2026-04-03,Plot_C_Coki_PlotC_Survivorship_20251103_1-0-Coki_PlotC_Survivorship_20260403_1-0.csv,1-0,born,none,1,480,cm2,0,7.3975,0,7.3975e-4,FALSE,TRUE,FALSE,FALSE,TRUE
Plot C,1-0,Plot C 1-0,1,November,April,202,NA,NA,Orbicella franksi,2025-11-03,2026-04-03,Plot_C_Coki_PlotC_Survivorship_20251103_1-0-Coki_PlotC_Survivorship_20260403_1-0.csv,1-0,born,none,1,480,cm2,0,29.2325,0,0.00292325,FALSE,TRUE,FALSE,FALSE,TRUE
Plot C,1-0,Plot C 1-0,1,November,April,203,NA,NA,Porites porites,2025-11-03,2026-04-03,Plot_C_Coki_PlotC_Survivorship_20251103_1-0-Coki_PlotC_Survivorship_20260403_1-0.csv,1-0,born,none,1,480,cm2,0,8.6925,0,8.692500000000001e-4,FALSE,TRUE,FALSE,FALSE,TRUE
Plot C,1-0,Plot C 1-0,1,November,April,204,NA,NA,Porites porites,2025-11-03,2026-04-03,Plot_C_Coki_PlotC_Survivorship_20251103_1-0-Coki_PlotC_Survivorship_20260403_1-0.csv,1-0,born,none,1,480,cm2,0,8.985,0,8.985e-4,FALSE,TRUE,FALSE,FALSE,TRUE
Plot C,1-0,Plot C 1-0,1,November,April,205,NA,NA,Porites porites,2025-11-03,2026-04-03,Plot_C_Coki_PlotC_Survivorship_20251103_1-0-Coki_PlotC_Survivorship_20260403_1-0.csv,1-0,born,none,1,480,cm2,0,9.04,0,9.04e-4,FALSE,TRUE,FALSE,FALSE,TRUE
Plot C,1-0,Plot C 1-0,1,November,April,206,NA,NA,Orbicella franksi,2025-11-03,2026-04-03,Plot_C_Coki_PlotC_Survivorship_20251103_1-0-Coki_PlotC_Survivorship_20260403_1-0.csv,1-0,born,none,1,480,cm2,0,8.885,0,8.885e-4,FALSE,TRUE,FALSE,FALSE,TRUE
Plot C,1-0,Plot C 1-0,1,November,April,207,NA,NA,Porites porites,2025-11-03,2026-04-03,Plot_C_Coki_PlotC_Survivorship_20251103_1-0-Coki_PlotC_Survivorship_20260403_1-0.csv,1-0,born,none,1,480,cm2,0,8.3625,0,8.362500000000001e-4,FALSE,TRUE,FALSE,FALSE,TRUE
Plot C,1-0,Plot C 1-0,1,November,April,208,NA,NA,Orbicella franksi,2025-11-03,2026-04-03,Plot_C_Coki_PlotC_Survivorship_20251103_1-0-Coki_PlotC_Survivorship_20260403_1-0.csv,1-0,born,none,1,480,cm2,0,8.385,0,8.384999999999999e-4,FALSE,TRUE,FALSE,FALSE,TRUE
Plot C,1-0,Plot C 1-0,1,November,April,209,NA,NA,Orbicella franksi,2025-11-03,2026-04-03,Plot_C_Coki_PlotC_Survivorship_20251103_1-0-Coki_PlotC_Survivorship_20260403_1-0.csv,1-0,born,none,1,480,cm2,0,7.3575,0,7.3575e-4,FALSE,TRUE,FALSE,FALSE,TRUE
Plot C,1-0,Plot C 1-0,1,November,April,21,NA,NA,Orbicella annularis,2025-11-03,2026-04-03,Plot_C_Coki_PlotC_Survivorship_20251103_1-0-Coki_PlotC_Survivorship_20260403_1-0.csv,1-0,born,none,1,480,cm2,0,0.435,0,4.35e-5,FALSE,TRUE,FALSE,FALSE,TRUE
Plot C,1-0,Plot C 1-0,1,November,April,210,NA,NA,Orbicella franksi,2025-11-03,2026-04-03,Plot_C_Coki_PlotC_Survivorship_20251103_1-0-Coki_PlotC_Survivorship_20260403_1-0.csv,1-0,born,none,1,480,cm2,0,5.525,0,5.525e-4,FALSE,TRUE,FALSE,FALSE,TRUE
Plot C,1-0,Plot C 1-0,1,November,April,211,NA,NA,Porites porites,2025-11-03,2026-04-03,Plot_C_Coki_PlotC_Survivorship_20251103_1-0-Coki_PlotC_Survivorship_20260403_1-0.csv,1-0,born,none,1,480,cm2,0,8.9825,0,8.9825e-4,FALSE,TRUE,FALSE,FALSE,TRUE
Plot C,1-0,Plot C 1-0,1,November,April,212,NA,NA,Orbicella franksi,2025-11-03,2026-04-03,Plot_C_Coki_PlotC_Survivorship_20251103_1-0-Coki_PlotC_Survivorship_20260403_1-0.csv,1-0,born,none,1,480,cm2,0,7.2375,0,7.2375e-4,FALSE,TRUE,FALSE,FALSE,TRUE
Plot C,1-0,Plot C 1-0,1,November,April,213,NA,NA,Porites porites,2025-11-03,2026-04-03,Plot_C_Coki_PlotC_Survivorship_20251103_1-0-Coki_PlotC_Survivorship_20260403_1-0.csv,1-0,born,none,1,480,cm2,0,9.3475,0,9.3475e-4,FALSE,TRUE,FALSE,FALSE,TRUE
Plot C,1-0,Plot C 1-0,1,November,April,214,NA,NA,Porites porites,2025-11-03,2026-04-03,Plot_C_Coki_PlotC_Survivorship_20251103_1-0-Coki_PlotC_Survivorship_20260403_1-0.csv,1-0,born,none,1,480,cm2,0,7.24,0,7.24e-4,FALSE,TRUE,FALSE,FALSE,TRUE
Plot C,1-0,Plot C 1-0,1,November,April,215,NA,NA,Porites porites,2025-11-03,2026-04-03,Plot_C_Coki_PlotC_Survivorship_20251103_1-0-Coki_PlotC_Survivorship_20260403_1-0.csv,1-0,born,none,1,480,cm2,0,7.3425,0,7.3425e-4,FALSE,TRUE,FALSE,FALSE,TRUE
Plot C,1-0,Plot C 1-0,1,November,April,216,NA,NA,Porites porites,2025-11-03,2026-04-03,Plot_C_Coki_PlotC_Survivorship_20251103_1-0-Coki_PlotC_Survivorship_20260403_1-0.csv,1-0,born,none,1,480,cm2,0,8.705,0,8.705e-4,FALSE,TRUE,FALSE,FALSE,TRUE
Plot C,1-0,Plot C 1-0,1,November,April,217,NA,NA,Porites porites,2025-11-03,2026-04-03,Plot_C_Coki_PlotC_Survivorship_20251103_1-0-Coki_PlotC_Survivorship_20260403_1-0.csv,1-0,born,none,1,480,cm2,0,8.6925,0,8.692500000000001e-4,FALSE,TRUE,FALSE,FALSE,TRUE
Plot C,1-0,Plot C 1-0,1,November,April,218,NA,NA,Orbicella franksi,2025-11-03,2026-04-03,Plot_C_Coki_PlotC_Survivorship_20251103_1-0-Coki_PlotC_Survivorship_20260403_1-0.csv,1-0,born,none,1,480,cm2,0,6.0825,0,6.0825e-4,FALSE,TRUE,FALSE,FALSE,TRUE
Plot C,1-0,Plot C 1-0,1,November,April,219,NA,NA,Orbicella franksi,2025-11-03,2026-04-03,Plot_C_Coki_PlotC_Survivorship_20251103_1-0-Coki_PlotC_Survivorship_20260403_1-0.csv,1-0,born,none,1,480,cm2,0,7.4225,0,7.422500000000001e-4,FALSE,TRUE,FALSE,FALSE,TRUE
Plot C,1-0,Plot C 1-0,1,November,April,22,NA,NA,Orbicella annularis,2025-11-03,2026-04-03,Plot_C_Coki_PlotC_Survivorship_20251103_1-0-Coki_PlotC_Survivorship_20260403_1-0.csv,1-0,born,none,1,480,cm2,0,0.255,0,2.55e-5,FALSE,TRUE,FALSE,FALSE,TRUE
Plot C,1-0,Plot C 1-0,1,November,April,220,NA,NA,Porites porites,2025-11-03,2026-04-03,Plot_C_Coki_PlotC_Survivorship_20251103_1-0-Coki_PlotC_Survivorship_20260403_1-0.csv,1-0,born,none,1,480,cm2,0,8.5775,0,8.5775e-4,FALSE,TRUE,FALSE,FALSE,TRUE
Plot C,1-0,Plot C 1-0,1,November,April,221,NA,NA,Porites porites,2025-11-03,2026-04-03,Plot_C_Coki_PlotC_Survivorship_20251103_1-0-Coki_PlotC_Survivorship_20260403_1-0.csv,1-0,born,none,1,480,cm2,0,9.4625,0,9.4625e-4,FALSE,TRUE,FALSE,FALSE,TRUE
Plot C,1-0,Plot C 1-0,1,November,April,222,NA,NA,Porites porites,2025-11-03,2026-04-03,Plot_C_Coki_PlotC_Survivorship_20251103_1-0-Coki_PlotC_Survivorship_20260403_1-0.csv,1-0,born,none,1,480,cm2,0,9.22,0,9.220000000000001e-4,FALSE,TRUE,FALSE,FALSE,TRUE
Plot C,1-0,Plot C 1-0,1,November,April,223,NA,NA,Orbicella franksi,2025-11-03,2026-04-03,Plot_C_Coki_PlotC_Survivorship_20251103_1-0-Coki_PlotC_Survivorship_20260403_1-0.csv,1-0,born,none,1,480,cm2,0,8.2875,0,8.2875e-4,FALSE,TRUE,FALSE,FALSE,TRUE
Plot C,1-0,Plot C 1-0,1,November,April,224,NA,NA,Porites porites,2025-11-03,2026-04-03,Plot_C_Coki_PlotC_Survivorship_20251103_1-0-Coki_PlotC_Survivorship_20260403_1-0.csv,1-0,born,none,1,480,cm2,0,4.9975,0,4.9975e-4,FALSE,TRUE,FALSE,FALSE,TRUE
Plot C,1-0,Plot C 1-0,1,November,April,225,NA,NA,Porites porites,2025-11-03,2026-04-03,Plot_C_Coki_PlotC_Survivorship_20251103_1-0-Coki_PlotC_Survivorship_20260403_1-0.csv,1-0,born,none,1,480,cm2,0,7.72,0,7.72e-4,FALSE,TRUE,FALSE,FALSE,TRUE
Plot C,1-0,Plot C 1-0,1,November,April,226,NA,NA,Porites porites,2025-11-03,2026-04-03,Plot_C_Coki_PlotC_Survivorship_20251103_1-0-Coki_PlotC_Survivorship_20260403_1-0.csv,1-0,born,none,1,480,cm2,0,9.2325,0,9.2325e-4,FALSE,TRUE,FALSE,FALSE,TRUE
Plot C,1-0,Plot C 1-0,1,November,April,227,NA,NA,Porites porites,2025-11-03,2026-04-03,Plot_C_Coki_PlotC_Survivorship_20251103_1-0-Coki_PlotC_Survivorship_20260403_1-0.csv,1-0,born,none,1,480,cm2,0,6.0775,0,6.0775e-4,FALSE,TRUE,FALSE,FALSE,TRUE
Plot C,1-0,Plot C 1-0,1,November,April,228,NA,NA,Porites porites,2025-11-03,2026-04-03,Plot_C_Coki_PlotC_Survivorship_20251103_1-0-Coki_PlotC_Survivorship_20260403_1-0.csv,1-0,born,none,1,480,cm2,0,8.9375,0,8.9375e-4,FALSE,TRUE,FALSE,FALSE,TRUE
Plot C,1-0,Plot C 1-0,1,November,April,229,NA,NA,Porites porites,2025-11-03,2026-04-03,Plot_C_Coki_PlotC_Survivorship_20251103_1-0-Coki_PlotC_Survivorship_20260403_1-0.csv,1-0,born,none,1,480,cm2,0,6.26,0,6.259999999999999e-4,FALSE,TRUE,FALSE,FALSE,TRUE
Plot C,1-0,Plot C 1-0,1,November,April,23,NA,NA,Orbicella annularis,2025-11-03,2026-04-03,Plot_C_Coki_PlotC_Survivorship_20251103_1-0-Coki_PlotC_Survivorship_20260403_1-0.csv,1-0,born,none,1,480,cm2,0,1.1175,0,1.1174999999999999e-4,FALSE,TRUE,FALSE,FALSE,TRUE
Plot C,1-0,Plot C 1-0,1,November,April,230,NA,NA,Porites porites,2025-11-03,2026-04-03,Plot_C_Coki_PlotC_Survivorship_20251103_1-0-Coki_PlotC_Survivorship_20260403_1-0.csv,1-0,born,none,1,480,cm2,0,7.195,0,7.195e-4,FALSE,TRUE,FALSE,FALSE,TRUE
Plot C,1-0,Plot C 1-0,1,November,April,231,NA,NA,Porites porites,2025-11-03,2026-04-03,Plot_C_Coki_PlotC_Survivorship_20251103_1-0-Coki_PlotC_Survivorship_20260403_1-0.csv,1-0,born,none,1,480,cm2,0,8.9625,0,8.9625e-4,FALSE,TRUE,FALSE,FALSE,TRUE
Plot C,1-0,Plot C 1-0,1,November,April,232,NA,NA,Porites porites,2025-11-03,2026-04-03,Plot_C_Coki_PlotC_Survivorship_20251103_1-0-Coki_PlotC_Survivorship_20260403_1-0.csv,1-0,born,none,1,480,cm2,0,8.535,0,8.535e-4,FALSE,TRUE,FALSE,FALSE,TRUE
Plot C,1-0,Plot C 1-0,1,November,April,233,NA,NA,Porites porites,2025-11-03,2026-04-03,Plot_C_Coki_PlotC_Survivorship_20251103_1-0-Coki_PlotC_Survivorship_20260403_1-0.csv,1-0,born,none,1,480,cm2,0,9.535,0,9.535e-4,FALSE,TRUE,FALSE,FALSE,TRUE
Plot C,1-0,Plot C 1-0,1,November,April,234,NA,NA,Orbicella franksi,2025-11-03,2026-04-03,Plot_C_Coki_PlotC_Survivorship_20251103_1-0-Coki_PlotC_Survivorship_20260403_1-0.csv,1-0,born,none,1,480,cm2,0,18.855,0,0.0018855,FALSE,TRUE,FALSE,FALSE,TRUE
Plot C,1-0,Plot C 1-0,1,November,April,235,NA,NA,Orbicella franksi,2025-11-03,2026-04-03,Plot_C_Coki_PlotC_Survivorship_20251103_1-0-Coki_PlotC_Survivorship_20260403_1-0.csv,1-0,born,none,1,480,cm2,0,30.18,0,0.003018,FALSE,TRUE,FALSE,FALSE,TRUE
Plot C,1-0,Plot C 1-0,1,November,April,236,NA,NA,Porites porites,2025-11-03,2026-04-03,Plot_C_Coki_PlotC_Survivorship_20251103_1-0-Coki_PlotC_Survivorship_20260403_1-0.csv,1-0,born,none,1,480,cm2,0,28.5975,0,0.00285975,FALSE,TRUE,FALSE,FALSE,TRUE
Plot C,1-0,Plot C 1-0,1,November,April,237,NA,NA,Porites porites,2025-11-03,2026-04-03,Plot_C_Coki_PlotC_Survivorship_20251103_1-0-Coki_PlotC_Survivorship_20260403_1-0.csv,1-0,born,none,1,480,cm2,0,0.9475,0,9.475e-5,FALSE,TRUE,FALSE,FALSE,TRUE
Plot C,1-0,Plot C 1-0,1,November,April,238,NA,NA,Orbicella franksi,2025-11-03,2026-04-03,Plot_C_Coki_PlotC_Survivorship_20251103_1-0-Coki_PlotC_Survivorship_20260403_1-0.csv,1-0,born,none,1,480,cm2,0,21.0625,0,0.00210625,FALSE,TRUE,FALSE,FALSE,TRUE
Plot C,1-0,Plot C 1-0,1,November,April,239,NA,NA,Orbicella franksi,2025-11-03,2026-04-03,Plot_C_Coki_PlotC_Survivorship_20251103_1-0-Coki_PlotC_Survivorship_20260403_1-0.csv,1-0,born,none,1,480,cm2,0,18.1975,0,0.0018197500000000002,FALSE,TRUE,FALSE,FALSE,TRUE
Plot C,1-0,Plot C 1-0,1,November,April,24,NA,NA,Orbicella annularis,2025-11-03,2026-04-03,Plot_C_Coki_PlotC_Survivorship_20251103_1-0-Coki_PlotC_Survivorship_20260403_1-0.csv,1-0,born,none,1,480,cm2,0,2.5275,0,2.5275e-4,FALSE,TRUE,FALSE,FALSE,TRUE
Plot C,1-0,Plot C 1-0,1,November,April,240,NA,NA,Porites porites,2025-11-03,2026-04-03,Plot_C_Coki_PlotC_Survivorship_20251103_1-0-Coki_PlotC_Survivorship_20260403_1-0.csv,1-0,born,none,1,480,cm2,0,12.7125,0,0.00127125,FALSE,TRUE,FALSE,FALSE,TRUE
Plot C,1-0,Plot C 1-0,1,November,April,241,NA,NA,Orbicella franksi,2025-11-03,2026-04-03,Plot_C_Coki_PlotC_Survivorship_20251103_1-0-Coki_PlotC_Survivorship_20260403_1-0.csv,1-0,born,none,1,480,cm2,0,13.66,0,0.001366,FALSE,TRUE,FALSE,FALSE,TRUE
Plot C,1-0,Plot C 1-0,1,November,April,242,NA,NA,Orbicella franksi,2025-11-03,2026-04-03,Plot_C_Coki_PlotC_Survivorship_20251103_1-0-Coki_PlotC_Survivorship_20260403_1-0.csv,1-0,born,none,1,480,cm2,0,32.3675,0,0.00323675,FALSE,TRUE,FALSE,FALSE,TRUE
Plot C,1-0,Plot C 1-0,1,November,April,243,NA,NA,Porites porites,2025-11-03,2026-04-03,Plot_C_Coki_PlotC_Survivorship_20251103_1-0-Coki_PlotC_Survivorship_20260403_1-0.csv,1-0,born,none,1,480,cm2,0,6.4925,0,6.4925e-4,FALSE,TRUE,FALSE,FALSE,TRUE
Plot C,1-0,Plot C 1-0,1,November,April,244,NA,NA,Porites porites,2025-11-03,2026-04-03,Plot_C_Coki_PlotC_Survivorship_20251103_1-0-Coki_PlotC_Survivorship_20260403_1-0.csv,1-0,born,none,1,480,cm2,0,4.2075,0,4.2074999999999995e-4,FALSE,TRUE,FALSE,FALSE,TRUE
Plot C,1-0,Plot C 1-0,1,November,April,245,NA,NA,Porites porites,2025-11-03,2026-04-03,Plot_C_Coki_PlotC_Survivorship_20251103_1-0-Coki_PlotC_Survivorship_20260403_1-0.csv,1-0,born,none,1,480,cm2,0,6.6175,0,6.6175e-4,FALSE,TRUE,FALSE,FALSE,TRUE
Plot C,1-0,Plot C 1-0,1,November,April,246,NA,NA,Porites porites,2025-11-03,2026-04-03,Plot_C_Coki_PlotC_Survivorship_20251103_1-0-Coki_PlotC_Survivorship_20260403_1-0.csv,1-0,born,none,1,480,cm2,0,2.0175,0,2.0175e-4,FALSE,TRUE,FALSE,FALSE,TRUE
Plot C,1-0,Plot C 1-0,1,November,April,247,NA,NA,Orbicella franksi,2025-11-03,2026-04-03,Plot_C_Coki_PlotC_Survivorship_20251103_1-0-Coki_PlotC_Survivorship_20260403_1-0.csv,1-0,born,none,1,480,cm2,0,22.335,0,0.0022335000000000002,FALSE,TRUE,FALSE,FALSE,TRUE
Plot C,1-0,Plot C 1-0,1,November,April,248,NA,NA,Orbicella franksi,2025-11-03,2026-04-03,Plot_C_Coki_PlotC_Survivorship_20251103_1-0-Coki_PlotC_Survivorship_20260403_1-0.csv,1-0,born,none,1,480,cm2,0,20.82,0,0.002082,FALSE,TRUE,FALSE,FALSE,TRUE
Plot C,1-0,Plot C 1-0,1,November,April,249,NA,NA,Porites porites,2025-11-03,2026-04-03,Plot_C_Coki_PlotC_Survivorship_20251103_1-0-Coki_PlotC_Survivorship_20260403_1-0.csv,1-0,born,none,1,480,cm2,0,10.2525,0,0.00102525,FALSE,TRUE,FALSE,FALSE,TRUE
Plot C,1-0,Plot C 1-0,1,November,April,25,NA,NA,Orbicella annularis,2025-11-03,2026-04-03,Plot_C_Coki_PlotC_Survivorship_20251103_1-0-Coki_PlotC_Survivorship_20260403_1-0.csv,1-0,born,none,1,480,cm2,0,0.5,0,5e-5,FALSE,TRUE,FALSE,FALSE,TRUE
Plot C,1-0,Plot C 1-0,1,November,April,250,NA,NA,Porites porites,2025-11-03,2026-04-03,Plot_C_Coki_PlotC_Survivorship_20251103_1-0-Coki_PlotC_Survivorship_20260403_1-0.csv,1-0,born,none,1,480,cm2,0,10.625,0,0.0010625,FALSE,TRUE,FALSE,FALSE,TRUE
Plot C,1-0,Plot C 1-0,1,November,April,251,NA,NA,Orbicella franksi,2025-11-03,2026-04-03,Plot_C_Coki_PlotC_Survivorship_20251103_1-0-Coki_PlotC_Survivorship_20260403_1-0.csv,1-0,born,none,1,480,cm2,0,20.79,0,0.002079,FALSE,TRUE,FALSE,FALSE,TRUE
Plot C,1-0,Plot C 1-0,1,November,April,252,NA,NA,Orbicella franksi,2025-11-03,2026-04-03,Plot_C_Coki_PlotC_Survivorship_20251103_1-0-Coki_PlotC_Survivorship_20260403_1-0.csv,1-0,born,none,1,480,cm2,0,23.715,0,0.0023715,FALSE,TRUE,FALSE,FALSE,TRUE
Plot C,1-0,Plot C 1-0,1,November,April,26,NA,NA,Orbicella annularis,2025-11-03,2026-04-03,Plot_C_Coki_PlotC_Survivorship_20251103_1-0-Coki_PlotC_Survivorship_20260403_1-0.csv,1-0,born,none,1,480,cm2,0,0.2325,0,2.3250000000000003e-5,FALSE,TRUE,FALSE,FALSE,TRUE
Plot C,1-0,Plot C 1-0,1,November,April,27,NA,NA,Orbicella annularis,2025-11-03,2026-04-03,Plot_C_Coki_PlotC_Survivorship_20251103_1-0-Coki_PlotC_Survivorship_20260403_1-0.csv,1-0,born,none,1,480,cm2,0,0.5775,0,5.775e-5,FALSE,TRUE,FALSE,FALSE,TRUE
Plot C,1-0,Plot C 1-0,1,November,April,28,NA,NA,Orbicella annularis,2025-11-03,2026-04-03,Plot_C_Coki_PlotC_Survivorship_20251103_1-0-Coki_PlotC_Survivorship_20260403_1-0.csv,1-0,born,none,1,480,cm2,0,0.3625,0,3.625e-5,FALSE,TRUE,FALSE,FALSE,TRUE
Plot C,1-0,Plot C 1-0,1,November,April,29,NA,NA,Orbicella annularis,2025-11-03,2026-04-03,Plot_C_Coki_PlotC_Survivorship_20251103_1-0-Coki_PlotC_Survivorship_20260403_1-0.csv,1-0,born,none,1,480,cm2,0,15.4375,0,0.00154375,FALSE,TRUE,FALSE,FALSE,TRUE
Plot C,1-0,Plot C 1-0,1,November,April,3,NA,NA,Orbicella annularis,2025-11-03,2026-04-03,Plot_C_Coki_PlotC_Survivorship_20251103_1-0-Coki_PlotC_Survivorship_20260403_1-0.csv,1-0,born,none,1,480,cm2,0,0.645,0,6.45e-5,FALSE,TRUE,FALSE,FALSE,TRUE
Plot C,1-0,Plot C 1-0,1,November,April,30,NA,NA,Porites porites,2025-11-03,2026-04-03,Plot_C_Coki_PlotC_Survivorship_20251103_1-0-Coki_PlotC_Survivorship_20260403_1-0.csv,1-0,born,none,1,480,cm2,0,10.035,0,0.0010035,FALSE,TRUE,FALSE,FALSE,TRUE
Plot C,1-0,Plot C 1-0,1,November,April,31,NA,NA,Montastraea cavernosa,2025-11-03,2026-04-03,Plot_C_Coki_PlotC_Survivorship_20251103_1-0-Coki_PlotC_Survivorship_20260403_1-0.csv,1-0,born,none,1,480,cm2,0,2.6275,0,2.6275e-4,FALSE,TRUE,FALSE,FALSE,TRUE
Plot C,1-0,Plot C 1-0,1,November,April,32,NA,NA,Porites porites,2025-11-03,2026-04-03,Plot_C_Coki_PlotC_Survivorship_20251103_1-0-Coki_PlotC_Survivorship_20260403_1-0.csv,1-0,born,none,1,480,cm2,0,10.23,0,0.001023,FALSE,TRUE,FALSE,FALSE,TRUE
Plot C,1-0,Plot C 1-0,1,November,April,33,NA,NA,Orbicella annularis,2025-11-03,2026-04-03,Plot_C_Coki_PlotC_Survivorship_20251103_1-0-Coki_PlotC_Survivorship_20260403_1-0.csv,1-0,born,none,1,480,cm2,0,12.8225,0,0.00128225,FALSE,TRUE,FALSE,FALSE,TRUE
Plot C,1-0,Plot C 1-0,1,November,April,34,NA,NA,Montastraea cavernosa,2025-11-03,2026-04-03,Plot_C_Coki_PlotC_Survivorship_20251103_1-0-Coki_PlotC_Survivorship_20260403_1-0.csv,1-0,born,none,1,480,cm2,0,4.0975,0,4.0975e-4,FALSE,TRUE,FALSE,FALSE,TRUE
Plot C,1-0,Plot C 1-0,1,November,April,35,NA,NA,Montastraea cavernosa,2025-11-03,2026-04-03,Plot_C_Coki_PlotC_Survivorship_20251103_1-0-Coki_PlotC_Survivorship_20260403_1-0.csv,1-0,born,none,1,480,cm2,0,3.435,0,3.435e-4,FALSE,TRUE,FALSE,FALSE,TRUE
Plot C,1-0,Plot C 1-0,1,November,April,36,NA,NA,Montastraea cavernosa,2025-11-03,2026-04-03,Plot_C_Coki_PlotC_Survivorship_20251103_1-0-Coki_PlotC_Survivorship_20260403_1-0.csv,1-0,born,none,1,480,cm2,0,3.495,0,3.495e-4,FALSE,TRUE,FALSE,FALSE,TRUE
Plot C,1-0,Plot C 1-0,1,November,April,37,NA,NA,Montastraea cavernosa,2025-11-03,2026-04-03,Plot_C_Coki_PlotC_Survivorship_20251103_1-0-Coki_PlotC_Survivorship_20260403_1-0.csv,1-0,born,none,1,480,cm2,0,4.48,0,4.4800000000000005e-4,FALSE,TRUE,FALSE,FALSE,TRUE
Plot C,1-0,Plot C 1-0,1,November,April,38,NA,NA,Montastraea cavernosa,2025-11-03,2026-04-03,Plot_C_Coki_PlotC_Survivorship_20251103_1-0-Coki_PlotC_Survivorship_20260403_1-0.csv,1-0,born,none,1,480,cm2,0,3.7575,0,3.7575e-4,FALSE,TRUE,FALSE,FALSE,TRUE
Plot C,1-0,Plot C 1-0,1,November,April,39,NA,NA,Montastraea cavernosa,2025-11-03,2026-04-03,Plot_C_Coki_PlotC_Survivorship_20251103_1-0-Coki_PlotC_Survivorship_20260403_1-0.csv,1-0,born,none,1,480,cm2,0,3.565,0,3.565e-4,FALSE,TRUE,FALSE,FALSE,TRUE
Plot C,1-0,Plot C 1-0,1,November,April,4,NA,NA,Orbicella annularis,2025-11-03,2026-04-03,Plot_C_Coki_PlotC_Survivorship_20251103_1-0-Coki_PlotC_Survivorship_20260403_1-0.csv,1-0,born,none,1,480,cm2,0,4.3575,0,4.3575e-4,FALSE,TRUE,FALSE,FALSE,TRUE
Plot C,1-0,Plot C 1-0,1,November,April,40,NA,NA,Montastraea cavernosa,2025-11-03,2026-04-03,Plot_C_Coki_PlotC_Survivorship_20251103_1-0-Coki_PlotC_Survivorship_20260403_1-0.csv,1-0,born,none,1,480,cm2,0,4.16,0,4.1600000000000003e-4,FALSE,TRUE,FALSE,FALSE,TRUE
Plot C,1-0,Plot C 1-0,1,November,April,41,NA,NA,Montastraea cavernosa,2025-11-03,2026-04-03,Plot_C_Coki_PlotC_Survivorship_20251103_1-0-Coki_PlotC_Survivorship_20260403_1-0.csv,1-0,born,none,1,480,cm2,0,3.63,0,3.63e-4,FALSE,TRUE,FALSE,FALSE,TRUE
Plot C,1-0,Plot C 1-0,1,November,April,42,NA,NA,Montastraea cavernosa,2025-11-03,2026-04-03,Plot_C_Coki_PlotC_Survivorship_20251103_1-0-Coki_PlotC_Survivorship_20260403_1-0.csv,1-0,born,none,1,480,cm2,0,4.78,0,4.78e-4,FALSE,TRUE,FALSE,FALSE,TRUE
Plot C,1-0,Plot C 1-0,1,November,April,43,NA,NA,Montastraea cavernosa,2025-11-03,2026-04-03,Plot_C_Coki_PlotC_Survivorship_20251103_1-0-Coki_PlotC_Survivorship_20260403_1-0.csv,1-0,born,none,1,480,cm2,0,4.94,0,4.940000000000001e-4,FALSE,TRUE,FALSE,FALSE,TRUE
Plot C,1-0,Plot C 1-0,1,November,April,44,NA,NA,Montastraea cavernosa,2025-11-03,2026-04-03,Plot_C_Coki_PlotC_Survivorship_20251103_1-0-Coki_PlotC_Survivorship_20260403_1-0.csv,1-0,born,none,1,480,cm2,0,2.8075,0,2.8075e-4,FALSE,TRUE,FALSE,FALSE,TRUE
Plot C,1-0,Plot C 1-0,1,November,April,45,NA,NA,Montastraea cavernosa,2025-11-03,2026-04-03,Plot_C_Coki_PlotC_Survivorship_20251103_1-0-Coki_PlotC_Survivorship_20260403_1-0.csv,1-0,born,none,1,480,cm2,0,5.21,0,5.21e-4,FALSE,TRUE,FALSE,FALSE,TRUE
Plot C,1-0,Plot C 1-0,1,November,April,46,NA,NA,Montastraea cavernosa,2025-11-03,2026-04-03,Plot_C_Coki_PlotC_Survivorship_20251103_1-0-Coki_PlotC_Survivorship_20260403_1-0.csv,1-0,born,none,1,480,cm2,0,4.09,0,4.0899999999999997e-4,FALSE,TRUE,FALSE,FALSE,TRUE
Plot C,1-0,Plot C 1-0,1,November,April,47,NA,NA,Montastraea cavernosa,2025-11-03,2026-04-03,Plot_C_Coki_PlotC_Survivorship_20251103_1-0-Coki_PlotC_Survivorship_20260403_1-0.csv,1-0,born,none,1,480,cm2,0,2.6325,0,2.6325e-4,FALSE,TRUE,FALSE,FALSE,TRUE
Plot C,1-0,Plot C 1-0,1,November,April,48,NA,NA,Montastraea cavernosa,2025-11-03,2026-04-03,Plot_C_Coki_PlotC_Survivorship_20251103_1-0-Coki_PlotC_Survivorship_20260403_1-0.csv,1-0,born,none,1,480,cm2,0,3.885,0,3.8849999999999996e-4,FALSE,TRUE,FALSE,FALSE,TRUE
Plot C,1-0,Plot C 1-0,1,November,April,49,NA,NA,Montastraea cavernosa,2025-11-03,2026-04-03,Plot_C_Coki_PlotC_Survivorship_20251103_1-0-Coki_PlotC_Survivorship_20260403_1-0.csv,1-0,born,none,1,480,cm2,0,2.5525,0,2.5525e-4,FALSE,TRUE,FALSE,FALSE,TRUE
Plot C,1-0,Plot C 1-0,1,November,April,5,NA,NA,Orbicella annularis,2025-11-03,2026-04-03,Plot_C_Coki_PlotC_Survivorship_20251103_1-0-Coki_PlotC_Survivorship_20260403_1-0.csv,1-0,born,none,1,480,cm2,0,1.6225,0,1.6225000000000001e-4,FALSE,TRUE,FALSE,FALSE,TRUE
Plot C,1-0,Plot C 1-0,1,November,April,50,NA,NA,Montastraea cavernosa,2025-11-03,2026-04-03,Plot_C_Coki_PlotC_Survivorship_20251103_1-0-Coki_PlotC_Survivorship_20260403_1-0.csv,1-0,born,none,1,480,cm2,0,3.73,0,3.73e-4,FALSE,TRUE,FALSE,FALSE,TRUE
Plot C,1-0,Plot C 1-0,1,November,April,51,NA,NA,Montastraea cavernosa,2025-11-03,2026-04-03,Plot_C_Coki_PlotC_Survivorship_20251103_1-0-Coki_PlotC_Survivorship_20260403_1-0.csv,1-0,born,none,1,480,cm2,0,4.1825,0,4.1825e-4,FALSE,TRUE,FALSE,FALSE,TRUE
Plot C,1-0,Plot C 1-0,1,November,April,52,NA,NA,Montastraea cavernosa,2025-11-03,2026-04-03,Plot_C_Coki_PlotC_Survivorship_20251103_1-0-Coki_PlotC_Survivorship_20260403_1-0.csv,1-0,born,none,1,480,cm2,0,3.6775,0,3.6775e-4,FALSE,TRUE,FALSE,FALSE,TRUE
Plot C,1-0,Plot C 1-0,1,November,April,53,NA,NA,Orbicella annularis,2025-11-03,2026-04-03,Plot_C_Coki_PlotC_Survivorship_20251103_1-0-Coki_PlotC_Survivorship_20260403_1-0.csv,1-0,born,none,1,480,cm2,0,31.035,0,0.0031035,FALSE,TRUE,FALSE,FALSE,TRUE
Plot C,1-0,Plot C 1-0,1,November,April,54,NA,NA,Orbicella annularis,2025-11-03,2026-04-03,Plot_C_Coki_PlotC_Survivorship_20251103_1-0-Coki_PlotC_Survivorship_20260403_1-0.csv,1-0,born,none,1,480,cm2,0,26.9825,0,0.00269825,FALSE,TRUE,FALSE,FALSE,TRUE
Plot C,1-0,Plot C 1-0,1,November,April,55,NA,NA,Orbicella franksi,2025-11-03,2026-04-03,Plot_C_Coki_PlotC_Survivorship_20251103_1-0-Coki_PlotC_Survivorship_20260403_1-0.csv,1-0,born,none,1,480,cm2,0,7.51,0,7.509999999999999e-4,FALSE,TRUE,FALSE,FALSE,TRUE
Plot C,1-0,Plot C 1-0,1,November,April,56,NA,NA,Orbicella franksi,2025-11-03,2026-04-03,Plot_C_Coki_PlotC_Survivorship_20251103_1-0-Coki_PlotC_Survivorship_20260403_1-0.csv,1-0,born,none,1,480,cm2,0,4.9275,0,4.9275e-4,FALSE,TRUE,FALSE,FALSE,TRUE
Plot C,1-0,Plot C 1-0,1,November,April,57,NA,NA,Orbicella franksi,2025-11-03,2026-04-03,Plot_C_Coki_PlotC_Survivorship_20251103_1-0-Coki_PlotC_Survivorship_20260403_1-0.csv,1-0,born,none,1,480,cm2,0,5.935,0,5.935e-4,FALSE,TRUE,FALSE,FALSE,TRUE
Plot C,1-0,Plot C 1-0,1,November,April,58,NA,NA,Orbicella franksi,2025-11-03,2026-04-03,Plot_C_Coki_PlotC_Survivorship_20251103_1-0-Coki_PlotC_Survivorship_20260403_1-0.csv,1-0,born,none,1,480,cm2,0,1.62,0,1.62e-4,FALSE,TRUE,FALSE,FALSE,TRUE
Plot C,1-0,Plot C 1-0,1,November,April,59,NA,NA,Orbicella franksi,2025-11-03,2026-04-03,Plot_C_Coki_PlotC_Survivorship_20251103_1-0-Coki_PlotC_Survivorship_20260403_1-0.csv,1-0,born,none,1,480,cm2,0,7.6525,0,7.6525e-4,FALSE,TRUE,FALSE,FALSE,TRUE
Plot C,1-0,Plot C 1-0,1,November,April,6,NA,NA,Orbicella annularis,2025-11-03,2026-04-03,Plot_C_Coki_PlotC_Survivorship_20251103_1-0-Coki_PlotC_Survivorship_20260403_1-0.csv,1-0,born,none,1,480,cm2,0,1.53,0,1.53e-4,FALSE,TRUE,FALSE,FALSE,TRUE
Plot C,1-0,Plot C 1-0,1,November,April,60,NA,NA,Orbicella franksi,2025-11-03,2026-04-03,Plot_C_Coki_PlotC_Survivorship_20251103_1-0-Coki_PlotC_Survivorship_20260403_1-0.csv,1-0,born,none,1,480,cm2,0,1.7975,0,1.7975e-4,FALSE,TRUE,FALSE,FALSE,TRUE
Plot C,1-0,Plot C 1-0,1,November,April,61,NA,NA,Orbicella franksi,2025-11-03,2026-04-03,Plot_C_Coki_PlotC_Survivorship_20251103_1-0-Coki_PlotC_Survivorship_20260403_1-0.csv,1-0,born,none,1,480,cm2,0,3.1825,0,3.1825e-4,FALSE,TRUE,FALSE,FALSE,TRUE
Plot C,1-0,Plot C 1-0,1,November,April,62,NA,NA,Orbicella franksi,2025-11-03,2026-04-03,Plot_C_Coki_PlotC_Survivorship_20251103_1-0-Coki_PlotC_Survivorship_20260403_1-0.csv,1-0,born,none,1,480,cm2,0,7.2375,0,7.2375e-4,FALSE,TRUE,FALSE,FALSE,TRUE
Plot C,1-0,Plot C 1-0,1,November,April,63,NA,NA,Orbicella franksi,2025-11-03,2026-04-03,Plot_C_Coki_PlotC_Survivorship_20251103_1-0-Coki_PlotC_Survivorship_20260403_1-0.csv,1-0,born,none,1,480,cm2,0,7.7225,0,7.7225e-4,FALSE,TRUE,FALSE,FALSE,TRUE
Plot C,1-0,Plot C 1-0,1,November,April,64,NA,NA,Orbicella franksi,2025-11-03,2026-04-03,Plot_C_Coki_PlotC_Survivorship_20251103_1-0-Coki_PlotC_Survivorship_20260403_1-0.csv,1-0,born,none,1,480,cm2,0,3.08,0,3.08e-4,FALSE,TRUE,FALSE,FALSE,TRUE
Plot C,1-0,Plot C 1-0,1,November,April,65,NA,NA,Orbicella franksi,2025-11-03,2026-04-03,Plot_C_Coki_PlotC_Survivorship_20251103_1-0-Coki_PlotC_Survivorship_20260403_1-0.csv,1-0,born,none,1,480,cm2,0,5.63,0,5.63e-4,FALSE,TRUE,FALSE,FALSE,TRUE
Plot C,1-0,Plot C 1-0,1,November,April,66,NA,NA,Orbicella franksi,2025-11-03,2026-04-03,Plot_C_Coki_PlotC_Survivorship_20251103_1-0-Coki_PlotC_Survivorship_20260403_1-0.csv,1-0,born,none,1,480,cm2,0,6.62,0,6.62e-4,FALSE,TRUE,FALSE,FALSE,TRUE
Plot C,1-0,Plot C 1-0,1,November,April,67,NA,NA,Orbicella franksi,2025-11-03,2026-04-03,Plot_C_Coki_PlotC_Survivorship_20251103_1-0-Coki_PlotC_Survivorship_20260403_1-0.csv,1-0,born,none,1,480,cm2,0,6.955,0,6.955e-4,FALSE,TRUE,FALSE,FALSE,TRUE
Plot C,1-0,Plot C 1-0,1,November,April,68,NA,NA,Orbicella franksi,2025-11-03,2026-04-03,Plot_C_Coki_PlotC_Survivorship_20251103_1-0-Coki_PlotC_Survivorship_20260403_1-0.csv,1-0,born,none,1,480,cm2,0,0.9475,0,9.475e-5,FALSE,TRUE,FALSE,FALSE,TRUE
Plot C,1-0,Plot C 1-0,1,November,April,69,NA,NA,Orbicella franksi,2025-11-03,2026-04-03,Plot_C_Coki_PlotC_Survivorship_20251103_1-0-Coki_PlotC_Survivorship_20260403_1-0.csv,1-0,born,none,1,480,cm2,0,6.3025,0,6.302500000000001e-4,FALSE,TRUE,FALSE,FALSE,TRUE
Plot C,1-0,Plot C 1-0,1,November,April,7,NA,NA,Orbicella annularis,2025-11-03,2026-04-03,Plot_C_Coki_PlotC_Survivorship_20251103_1-0-Coki_PlotC_Survivorship_20260403_1-0.csv,1-0,born,none,1,480,cm2,0,1.335,0,1.335e-4,FALSE,TRUE,FALSE,FALSE,TRUE
Plot C,1-0,Plot C 1-0,1,November,April,70,NA,NA,Orbicella franksi,2025-11-03,2026-04-03,Plot_C_Coki_PlotC_Survivorship_20251103_1-0-Coki_PlotC_Survivorship_20260403_1-0.csv,1-0,born,none,1,480,cm2,0,5.0475,0,5.0475e-4,FALSE,TRUE,FALSE,FALSE,TRUE
Plot C,1-0,Plot C 1-0,1,November,April,71,NA,NA,Orbicella franksi,2025-11-03,2026-04-03,Plot_C_Coki_PlotC_Survivorship_20251103_1-0-Coki_PlotC_Survivorship_20260403_1-0.csv,1-0,born,none,1,480,cm2,0,2.0275,0,2.0275e-4,FALSE,TRUE,FALSE,FALSE,TRUE
Plot C,1-0,Plot C 1-0,1,November,April,72,NA,NA,Orbicella franksi,2025-11-03,2026-04-03,Plot_C_Coki_PlotC_Survivorship_20251103_1-0-Coki_PlotC_Survivorship_20260403_1-0.csv,1-0,born,none,1,480,cm2,0,2.9675,0,2.9675e-4,FALSE,TRUE,FALSE,FALSE,TRUE
Plot C,1-0,Plot C 1-0,1,November,April,73,NA,NA,Orbicella franksi,2025-11-03,2026-04-03,Plot_C_Coki_PlotC_Survivorship_20251103_1-0-Coki_PlotC_Survivorship_20260403_1-0.csv,1-0,born,none,1,480,cm2,0,6.56,0,6.56e-4,FALSE,TRUE,FALSE,FALSE,TRUE
Plot C,1-0,Plot C 1-0,1,November,April,74,NA,NA,Orbicella franksi,2025-11-03,2026-04-03,Plot_C_Coki_PlotC_Survivorship_20251103_1-0-Coki_PlotC_Survivorship_20260403_1-0.csv,1-0,born,none,1,480,cm2,0,3.6075,0,3.6075e-4,FALSE,TRUE,FALSE,FALSE,TRUE
Plot C,1-0,Plot C 1-0,1,November,April,75,NA,NA,Orbicella franksi,2025-11-03,2026-04-03,Plot_C_Coki_PlotC_Survivorship_20251103_1-0-Coki_PlotC_Survivorship_20260403_1-0.csv,1-0,born,none,1,480,cm2,0,1.5425,0,1.5425e-4,FALSE,TRUE,FALSE,FALSE,TRUE
Plot C,1-0,Plot C 1-0,1,November,April,76,NA,NA,Montastraea cavernosa,2025-11-03,2026-04-03,Plot_C_Coki_PlotC_Survivorship_20251103_1-0-Coki_PlotC_Survivorship_20260403_1-0.csv,1-0,born,none,1,480,cm2,0,1.92,0,1.92e-4,FALSE,TRUE,FALSE,FALSE,TRUE
Plot C,1-0,Plot C 1-0,1,November,April,77,NA,NA,Montastraea cavernosa,2025-11-03,2026-04-03,Plot_C_Coki_PlotC_Survivorship_20251103_1-0-Coki_PlotC_Survivorship_20260403_1-0.csv,1-0,born,none,1,480,cm2,0,3.35,0,3.35e-4,FALSE,TRUE,FALSE,FALSE,TRUE
Plot C,1-0,Plot C 1-0,1,November,April,78,NA,NA,Montastraea cavernosa,2025-11-03,2026-04-03,Plot_C_Coki_PlotC_Survivorship_20251103_1-0-Coki_PlotC_Survivorship_20260403_1-0.csv,1-0,born,none,1,480,cm2,0,1.205,0,1.205e-4,FALSE,TRUE,FALSE,FALSE,TRUE
Plot C,1-0,Plot C 1-0,1,November,April,79,NA,NA,Montastraea cavernosa,2025-11-03,2026-04-03,Plot_C_Coki_PlotC_Survivorship_20251103_1-0-Coki_PlotC_Survivorship_20260403_1-0.csv,1-0,born,none,1,480,cm2,0,1.9825,0,1.9825e-4,FALSE,TRUE,FALSE,FALSE,TRUE
Plot C,1-0,Plot C 1-0,1,November,April,8,NA,NA,Orbicella annularis,2025-11-03,2026-04-03,Plot_C_Coki_PlotC_Survivorship_20251103_1-0-Coki_PlotC_Survivorship_20260403_1-0.csv,1-0,born,none,1,480,cm2,0,1.5525,0,1.5525e-4,FALSE,TRUE,FALSE,FALSE,TRUE
Plot C,1-0,Plot C 1-0,1,November,April,80,NA,NA,Montastraea cavernosa,2025-11-03,2026-04-03,Plot_C_Coki_PlotC_Survivorship_20251103_1-0-Coki_PlotC_Survivorship_20260403_1-0.csv,1-0,born,none,1,480,cm2,0,3.4175,0,3.4175e-4,FALSE,TRUE,FALSE,FALSE,TRUE
Plot C,1-0,Plot C 1-0,1,November,April,81,NA,NA,Montastraea cavernosa,2025-11-03,2026-04-03,Plot_C_Coki_PlotC_Survivorship_20251103_1-0-Coki_PlotC_Survivorship_20260403_1-0.csv,1-0,born,none,1,480,cm2,0,3.2225,0,3.2225e-4,FALSE,TRUE,FALSE,FALSE,TRUE
Plot C,1-0,Plot C 1-0,1,November,April,82,NA,NA,Montastraea cavernosa,2025-11-03,2026-04-03,Plot_C_Coki_PlotC_Survivorship_20251103_1-0-Coki_PlotC_Survivorship_20260403_1-0.csv,1-0,born,none,1,480,cm2,0,3.5175,0,3.5175e-4,FALSE,TRUE,FALSE,FALSE,TRUE
Plot C,1-0,Plot C 1-0,1,November,April,83,NA,NA,Montastraea cavernosa,2025-11-03,2026-04-03,Plot_C_Coki_PlotC_Survivorship_20251103_1-0-Coki_PlotC_Survivorship_20260403_1-0.csv,1-0,born,none,1,480,cm2,0,3.39,0,3.39e-4,FALSE,TRUE,FALSE,FALSE,TRUE
Plot C,1-0,Plot C 1-0,1,November,April,84,NA,NA,Montastraea cavernosa,2025-11-03,2026-04-03,Plot_C_Coki_PlotC_Survivorship_20251103_1-0-Coki_PlotC_Survivorship_20260403_1-0.csv,1-0,born,none,1,480,cm2,0,2.7925,0,2.7925e-4,FALSE,TRUE,FALSE,FALSE,TRUE
Plot C,1-0,Plot C 1-0,1,November,April,85,NA,NA,Montastraea cavernosa,2025-11-03,2026-04-03,Plot_C_Coki_PlotC_Survivorship_20251103_1-0-Coki_PlotC_Survivorship_20260403_1-0.csv,1-0,born,none,1,480,cm2,0,3.015,0,3.015e-4,FALSE,TRUE,FALSE,FALSE,TRUE
Plot C,1-0,Plot C 1-0,1,November,April,86,NA,NA,Montastraea cavernosa,2025-11-03,2026-04-03,Plot_C_Coki_PlotC_Survivorship_20251103_1-0-Coki_PlotC_Survivorship_20260403_1-0.csv,1-0,born,none,1,480,cm2,0,2.3825,0,2.3825e-4,FALSE,TRUE,FALSE,FALSE,TRUE
Plot C,1-0,Plot C 1-0,1,November,April,87,NA,NA,Montastraea cavernosa,2025-11-03,2026-04-03,Plot_C_Coki_PlotC_Survivorship_20251103_1-0-Coki_PlotC_Survivorship_20260403_1-0.csv,1-0,born,none,1,480,cm2,0,1.4675,0,1.4675e-4,FALSE,TRUE,FALSE,FALSE,TRUE
Plot C,1-0,Plot C 1-0,1,November,April,88,NA,NA,Montastraea cavernosa,2025-11-03,2026-04-03,Plot_C_Coki_PlotC_Survivorship_20251103_1-0-Coki_PlotC_Survivorship_20260403_1-0.csv,1-0,born,none,1,480,cm2,0,3.685,0,3.685e-4,FALSE,TRUE,FALSE,FALSE,TRUE
Plot C,1-0,Plot C 1-0,1,November,April,89,NA,NA,Montastraea cavernosa,2025-11-03,2026-04-03,Plot_C_Coki_PlotC_Survivorship_20251103_1-0-Coki_PlotC_Survivorship_20260403_1-0.csv,1-0,born,none,1,480,cm2,0,2.6925,0,2.6925e-4,FALSE,TRUE,FALSE,FALSE,TRUE
Plot C,1-0,Plot C 1-0,1,November,April,9,NA,NA,Orbicella annularis,2025-11-03,2026-04-03,Plot_C_Coki_PlotC_Survivorship_20251103_1-0-Coki_PlotC_Survivorship_20260403_1-0.csv,1-0,born,none,1,480,cm2,0,1.635,0,1.635e-4,FALSE,TRUE,FALSE,FALSE,TRUE
Plot C,1-0,Plot C 1-0,1,November,April,90,NA,NA,Montastraea cavernosa,2025-11-03,2026-04-03,Plot_C_Coki_PlotC_Survivorship_20251103_1-0-Coki_PlotC_Survivorship_20260403_1-0.csv,1-0,born,none,1,480,cm2,0,2.5875,0,2.5875e-4,FALSE,TRUE,FALSE,FALSE,TRUE
Plot C,1-0,Plot C 1-0,1,November,April,91,NA,NA,Montastraea cavernosa,2025-11-03,2026-04-03,Plot_C_Coki_PlotC_Survivorship_20251103_1-0-Coki_PlotC_Survivorship_20260403_1-0.csv,1-0,born,none,1,480,cm2,0,2.5675,0,2.5675e-4,FALSE,TRUE,FALSE,FALSE,TRUE
Plot C,1-0,Plot C 1-0,1,November,April,92,NA,NA,Montastraea cavernosa,2025-11-03,2026-04-03,Plot_C_Coki_PlotC_Survivorship_20251103_1-0-Coki_PlotC_Survivorship_20260403_1-0.csv,1-0,born,none,1,480,cm2,0,3.375,0,3.375e-4,FALSE,TRUE,FALSE,FALSE,TRUE
Plot C,1-0,Plot C 1-0,1,November,April,93,NA,NA,Montastraea cavernosa,2025-11-03,2026-04-03,Plot_C_Coki_PlotC_Survivorship_20251103_1-0-Coki_PlotC_Survivorship_20260403_1-0.csv,1-0,born,none,1,480,cm2,0,3.96,0,3.96e-4,FALSE,TRUE,FALSE,FALSE,TRUE
Plot C,1-0,Plot C 1-0,1,November,April,94,NA,NA,Montastraea cavernosa,2025-11-03,2026-04-03,Plot_C_Coki_PlotC_Survivorship_20251103_1-0-Coki_PlotC_Survivorship_20260403_1-0.csv,1-0,born,none,1,480,cm2,0,3.43,0,3.43e-4,FALSE,TRUE,FALSE,FALSE,TRUE
Plot C,1-0,Plot C 1-0,1,November,April,95,NA,NA,Orbicella annularis,2025-11-03,2026-04-03,Plot_C_Coki_PlotC_Survivorship_20251103_1-0-Coki_PlotC_Survivorship_20260403_1-0.csv,1-0,born,none,1,480,cm2,0,14.115,0,0.0014115,FALSE,TRUE,FALSE,FALSE,TRUE
Plot C,1-0,Plot C 1-0,1,November,April,96,NA,NA,Orbicella annularis,2025-11-03,2026-04-03,Plot_C_Coki_PlotC_Survivorship_20251103_1-0-Coki_PlotC_Survivorship_20260403_1-0.csv,1-0,born,none,1,480,cm2,0,23.42,0,0.0023420000000000003,FALSE,TRUE,FALSE,FALSE,TRUE
Plot C,1-0,Plot C 1-0,1,November,April,97,NA,NA,Orbicella franksi,2025-11-03,2026-04-03,Plot_C_Coki_PlotC_Survivorship_20251103_1-0-Coki_PlotC_Survivorship_20260403_1-0.csv,1-0,born,none,1,480,cm2,0,4.355,0,4.3550000000000007e-4,FALSE,TRUE,FALSE,FALSE,TRUE
Plot C,1-0,Plot C 1-0,1,November,April,98,NA,NA,Orbicella franksi,2025-11-03,2026-04-03,Plot_C_Coki_PlotC_Survivorship_20251103_1-0-Coki_PlotC_Survivorship_20260403_1-0.csv,1-0,born,none,1,480,cm2,0,4.59,0,4.59e-4,FALSE,TRUE,FALSE,FALSE,TRUE
Plot C,1-0,Plot C 1-0,1,November,April,99,NA,NA,Orbicella franksi,2025-11-03,2026-04-03,Plot_C_Coki_PlotC_Survivorship_20251103_1-0-Coki_PlotC_Survivorship_20260403_1-0.csv,1-0,born,none,1,480,cm2,0,2.15,0,2.15e-4,FALSE,TRUE,FALSE,FALSE,TRUE
Plot C,1-0,Plot C 1-0,2,April,June,0,NA,NA,Orbicella annularis,2026-04-03,2026-06-06,Plot_C_Coki_PlotC_Survivorship_20260403_1-0-Coki_PlotC_Survivorship_20260606_1-0.csv,1-0,same,n/s,1,480,cm2,24.8925,25.345,0.0024892499999999997,0.0025345,TRUE,TRUE,TRUE,FALSE,FALSE
Plot C,1-0,Plot C 1-0,2,April,June,1,NA,NA,Orbicella annularis,2026-04-03,2026-06-06,Plot_C_Coki_PlotC_Survivorship_20260403_1-0-Coki_PlotC_Survivorship_20260606_1-0.csv,1-0,grow,n/s,1,480,cm2,0.2875,0.6625,2.8749999999999997e-5,6.625e-5,TRUE,TRUE,TRUE,FALSE,FALSE
Plot C,1-0,Plot C 1-0,2,April,June,10,NA,NA,Orbicella annularis,2026-04-03,2026-06-06,Plot_C_Coki_PlotC_Survivorship_20260403_1-0-Coki_PlotC_Survivorship_20260606_1-0.csv,1-0,grow,n/s,1,480,cm2,0.63,0.935,6.3e-5,9.350000000000001e-5,TRUE,TRUE,TRUE,FALSE,FALSE
Plot C,1-0,Plot C 1-0,2,April,June,100,NA,NA,Orbicella franksi,2026-04-03,2026-06-06,Plot_C_Coki_PlotC_Survivorship_20260403_1-0-Coki_PlotC_Survivorship_20260606_1-0.csv,1-0,same,n/s,1,480,cm2,4.6175,4.7225,4.6175e-4,4.7225e-4,TRUE,TRUE,TRUE,FALSE,FALSE
Plot C,1-0,Plot C 1-0,2,April,June,101,NA,NA,Orbicella franksi,2026-04-03,2026-06-06,Plot_C_Coki_PlotC_Survivorship_20260403_1-0-Coki_PlotC_Survivorship_20260606_1-0.csv,1-0,same,n/s,1,480,cm2,8.365,8.215,8.365e-4,8.215e-4,TRUE,TRUE,TRUE,FALSE,FALSE
Plot C,1-0,Plot C 1-0,2,April,June,103,NA,NA,Orbicella franksi,2026-04-03,2026-06-06,Plot_C_Coki_PlotC_Survivorship_20260403_1-0-Coki_PlotC_Survivorship_20260606_1-0.csv,1-0,shrink,n/s,1,480,cm2,7.8725,7.0925,7.8725e-4,7.0925e-4,TRUE,TRUE,TRUE,FALSE,FALSE
Plot C,1-0,Plot C 1-0,2,April,June,104,NA,NA,Montastraea cavernosa,2026-04-03,2026-06-06,Plot_C_Coki_PlotC_Survivorship_20260403_1-0-Coki_PlotC_Survivorship_20260606_1-0.csv,1-0,shrink,n/s,1,480,cm2,6.0375,5.2425,6.0375e-4,5.2425e-4,TRUE,TRUE,TRUE,FALSE,FALSE
Plot C,1-0,Plot C 1-0,2,April,June,105,NA,NA,Orbicella franksi,2026-04-03,2026-06-06,Plot_C_Coki_PlotC_Survivorship_20260403_1-0-Coki_PlotC_Survivorship_20260606_1-0.csv,1-0,shrink,n/s,1,480,cm2,5.2625,4.33,5.2625e-4,4.33e-4,TRUE,TRUE,TRUE,FALSE,FALSE
Plot C,1-0,Plot C 1-0,2,April,June,106,NA,NA,Orbicella franksi,2026-04-03,2026-06-06,Plot_C_Coki_PlotC_Survivorship_20260403_1-0-Coki_PlotC_Survivorship_20260606_1-0.csv,1-0,shrink,n/s,1,480,cm2,6.3775,3.33,6.377500000000001e-4,3.33e-4,TRUE,TRUE,TRUE,FALSE,FALSE
Plot C,1-0,Plot C 1-0,2,April,June,107,NA,NA,Montastraea cavernosa,2026-04-03,2026-06-06,Plot_C_Coki_PlotC_Survivorship_20260403_1-0-Coki_PlotC_Survivorship_20260606_1-0.csv,1-0,shrink,n/s,1,480,cm2,7.91,6.9825,7.91e-4,6.9825e-4,TRUE,TRUE,TRUE,FALSE,FALSE
Plot C,1-0,Plot C 1-0,2,April,June,108,NA,NA,Montastraea cavernosa,2026-04-03,2026-06-06,Plot_C_Coki_PlotC_Survivorship_20260403_1-0-Coki_PlotC_Survivorship_20260606_1-0.csv,1-0,shrink,n/s,1,480,cm2,4.515,1.66,4.5149999999999997e-4,1.66e-4,TRUE,TRUE,TRUE,FALSE,FALSE
Plot C,1-0,Plot C 1-0,2,April,June,109,NA,NA,Montastraea cavernosa,2026-04-03,2026-06-06,Plot_C_Coki_PlotC_Survivorship_20260403_1-0-Coki_PlotC_Survivorship_20260606_1-0.csv,1-0,shrink,n/s,1,480,cm2,3.6525,2.7675,3.6524999999999996e-4,2.7675000000000003e-4,TRUE,TRUE,TRUE,FALSE,FALSE
Plot C,1-0,Plot C 1-0,2,April,June,11,NA,NA,Orbicella annularis,2026-04-03,2026-06-06,Plot_C_Coki_PlotC_Survivorship_20260403_1-0-Coki_PlotC_Survivorship_20260606_1-0.csv,1-0,grow,n/s,1,480,cm2,0.56,0.865,5.6000000000000006e-5,8.65e-5,TRUE,TRUE,TRUE,FALSE,FALSE
Plot C,1-0,Plot C 1-0,2,April,June,110,NA,NA,Orbicella franksi,2026-04-03,2026-06-06,Plot_C_Coki_PlotC_Survivorship_20260403_1-0-Coki_PlotC_Survivorship_20260606_1-0.csv,1-0,shrink,n/s,1,480,cm2,3.295,2.02,3.295e-4,2.02e-4,TRUE,TRUE,TRUE,FALSE,FALSE
Plot C,1-0,Plot C 1-0,2,April,June,111,NA,NA,Montastraea cavernosa,2026-04-03,2026-06-06,Plot_C_Coki_PlotC_Survivorship_20260403_1-0-Coki_PlotC_Survivorship_20260606_1-0.csv,1-0,shrink,n/s,1,480,cm2,6.7425,2.87,6.742499999999999e-4,2.8700000000000004e-4,TRUE,TRUE,TRUE,FALSE,FALSE
Plot C,1-0,Plot C 1-0,2,April,June,112,NA,NA,Montastraea cavernosa,2026-04-03,2026-06-06,Plot_C_Coki_PlotC_Survivorship_20260403_1-0-Coki_PlotC_Survivorship_20260606_1-0.csv,1-0,shrink,n/s,1,480,cm2,3.485,3.135,3.485e-4,3.135e-4,TRUE,TRUE,TRUE,FALSE,FALSE
Plot C,1-0,Plot C 1-0,2,April,June,113,NA,NA,Orbicella franksi,2026-04-03,2026-06-06,Plot_C_Coki_PlotC_Survivorship_20260403_1-0-Coki_PlotC_Survivorship_20260606_1-0.csv,1-0,grow,n/s,1,480,cm2,2.695,3.265,2.695e-4,3.265e-4,TRUE,TRUE,TRUE,FALSE,FALSE
Plot C,1-0,Plot C 1-0,2,April,June,114,NA,NA,Montastraea cavernosa,2026-04-03,2026-06-06,Plot_C_Coki_PlotC_Survivorship_20260403_1-0-Coki_PlotC_Survivorship_20260606_1-0.csv,1-0,shrink,n/s,1,480,cm2,5.1525,4.17,5.1525e-4,4.17e-4,TRUE,TRUE,TRUE,FALSE,FALSE
Plot C,1-0,Plot C 1-0,2,April,June,115,NA,NA,Montastraea cavernosa,2026-04-03,2026-06-06,Plot_C_Coki_PlotC_Survivorship_20260403_1-0-Coki_PlotC_Survivorship_20260606_1-0.csv,1-0,same,n/s,1,480,cm2,5.2675,5.18,5.2675e-4,5.18e-4,TRUE,TRUE,TRUE,FALSE,FALSE
Plot C,1-0,Plot C 1-0,2,April,June,116,NA,NA,Montastraea cavernosa,2026-04-03,2026-06-06,Plot_C_Coki_PlotC_Survivorship_20260403_1-0-Coki_PlotC_Survivorship_20260606_1-0.csv,1-0,shrink,n/s,1,480,cm2,6.17,2.9,6.17e-4,2.9e-4,TRUE,TRUE,TRUE,FALSE,FALSE
Plot C,1-0,Plot C 1-0,2,April,June,117,NA,NA,Montastraea cavernosa,2026-04-03,2026-06-06,Plot_C_Coki_PlotC_Survivorship_20260403_1-0-Coki_PlotC_Survivorship_20260606_1-0.csv,1-0,shrink,n/s,1,480,cm2,5.31,3.0425,5.31e-4,3.0425e-4,TRUE,TRUE,TRUE,FALSE,FALSE
Plot C,1-0,Plot C 1-0,2,April,June,118,NA,NA,Montastraea cavernosa,2026-04-03,2026-06-06,Plot_C_Coki_PlotC_Survivorship_20260403_1-0-Coki_PlotC_Survivorship_20260606_1-0.csv,1-0,same,n/s,1,480,cm2,6.97,6.91,6.97e-4,6.91e-4,TRUE,TRUE,TRUE,FALSE,FALSE
Plot C,1-0,Plot C 1-0,2,April,June,119,NA,NA,Montastraea cavernosa,2026-04-03,2026-06-06,Plot_C_Coki_PlotC_Survivorship_20260403_1-0-Coki_PlotC_Survivorship_20260606_1-0.csv,1-0,shrink,n/s,1,480,cm2,5.89,1.9325,5.89e-4,1.9325e-4,TRUE,TRUE,TRUE,FALSE,FALSE
Plot C,1-0,Plot C 1-0,2,April,June,12,NA,NA,Orbicella annularis,2026-04-03,2026-06-06,Plot_C_Coki_PlotC_Survivorship_20260403_1-0-Coki_PlotC_Survivorship_20260606_1-0.csv,1-0,grow,n/s,1,480,cm2,0.47,0.9875,4.7e-5,9.875e-5,TRUE,TRUE,TRUE,FALSE,FALSE
Plot C,1-0,Plot C 1-0,2,April,June,120,NA,NA,Orbicella franksi,2026-04-03,2026-06-06,Plot_C_Coki_PlotC_Survivorship_20260403_1-0-Coki_PlotC_Survivorship_20260606_1-0.csv,1-0,shrink,n/s,1,480,cm2,2.9775,2.305,2.9775e-4,2.3050000000000002e-4,TRUE,TRUE,TRUE,FALSE,FALSE
Plot C,1-0,Plot C 1-0,2,April,June,121,NA,NA,Orbicella franksi,2026-04-03,2026-06-06,Plot_C_Coki_PlotC_Survivorship_20260403_1-0-Coki_PlotC_Survivorship_20260606_1-0.csv,1-0,shrink,n/s,1,480,cm2,4.1975,3.57,4.1975e-4,3.57e-4,TRUE,TRUE,TRUE,FALSE,FALSE
Plot C,1-0,Plot C 1-0,2,April,June,122,NA,NA,Montastraea cavernosa,2026-04-03,2026-06-06,Plot_C_Coki_PlotC_Survivorship_20260403_1-0-Coki_PlotC_Survivorship_20260606_1-0.csv,1-0,same,n/s,1,480,cm2,5.0925,5.25,5.0925e-4,5.25e-4,TRUE,TRUE,TRUE,FALSE,FALSE
Plot C,1-0,Plot C 1-0,2,April,June,123,NA,NA,Montastraea cavernosa,2026-04-03,2026-06-06,Plot_C_Coki_PlotC_Survivorship_20260403_1-0-Coki_PlotC_Survivorship_20260606_1-0.csv,1-0,shrink,n/s,1,480,cm2,5.4225,4.5125,5.4225e-4,4.5125e-4,TRUE,TRUE,TRUE,FALSE,FALSE
Plot C,1-0,Plot C 1-0,2,April,June,124,NA,NA,Montastraea cavernosa,2026-04-03,2026-06-06,Plot_C_Coki_PlotC_Survivorship_20260403_1-0-Coki_PlotC_Survivorship_20260606_1-0.csv,1-0,shrink,n/s,1,480,cm2,6.08,1.31,6.08e-4,1.31e-4,TRUE,TRUE,TRUE,FALSE,FALSE
Plot C,1-0,Plot C 1-0,2,April,June,125,NA,NA,Montastraea cavernosa,2026-04-03,2026-06-06,Plot_C_Coki_PlotC_Survivorship_20260403_1-0-Coki_PlotC_Survivorship_20260606_1-0.csv,1-0,shrink,n/s,1,480,cm2,5.6275,5.15,5.6275e-4,5.15e-4,TRUE,TRUE,TRUE,FALSE,FALSE
Plot C,1-0,Plot C 1-0,2,April,June,126,NA,NA,Montastraea cavernosa,2026-04-03,2026-06-06,Plot_C_Coki_PlotC_Survivorship_20260403_1-0-Coki_PlotC_Survivorship_20260606_1-0.csv,1-0,shrink,n/s,1,480,cm2,5.485,5.055,5.485e-4,5.055e-4,TRUE,TRUE,TRUE,FALSE,FALSE
Plot C,1-0,Plot C 1-0,2,April,June,127,NA,NA,Orbicella franksi,2026-04-03,2026-06-06,Plot_C_Coki_PlotC_Survivorship_20260403_1-0-Coki_PlotC_Survivorship_20260606_1-0.csv,1-0,shrink,n/s,1,480,cm2,4.32,3.34,4.3200000000000004e-4,3.34e-4,TRUE,TRUE,TRUE,FALSE,FALSE
Plot C,1-0,Plot C 1-0,2,April,June,128,NA,NA,Montastraea cavernosa,2026-04-03,2026-06-06,Plot_C_Coki_PlotC_Survivorship_20260403_1-0-Coki_PlotC_Survivorship_20260606_1-0.csv,1-0,shrink,n/s,1,480,cm2,5.85,0.7325,5.85e-4,7.325e-5,TRUE,TRUE,TRUE,FALSE,FALSE
Plot C,1-0,Plot C 1-0,2,April,June,129,NA,NA,Montastraea cavernosa,2026-04-03,2026-06-06,Plot_C_Coki_PlotC_Survivorship_20260403_1-0-Coki_PlotC_Survivorship_20260606_1-0.csv,1-0,shrink,n/s,1,480,cm2,6.39,5.92,6.389999999999999e-4,5.92e-4,TRUE,TRUE,TRUE,FALSE,FALSE
Plot C,1-0,Plot C 1-0,2,April,June,13,NA,NA,Orbicella annularis,2026-04-03,2026-06-06,Plot_C_Coki_PlotC_Survivorship_20260403_1-0-Coki_PlotC_Survivorship_20260606_1-0.csv,1-0,grow,n/s,1,480,cm2,0.88,1.6125,8.8e-5,1.6125000000000002e-4,TRUE,TRUE,TRUE,FALSE,FALSE
Plot C,1-0,Plot C 1-0,2,April,June,130,NA,NA,Montastraea cavernosa,2026-04-03,2026-06-06,Plot_C_Coki_PlotC_Survivorship_20260403_1-0-Coki_PlotC_Survivorship_20260606_1-0.csv,1-0,same,n/s,1,480,cm2,8.875,8.975,8.875e-4,8.975e-4,TRUE,TRUE,TRUE,FALSE,FALSE
Plot C,1-0,Plot C 1-0,2,April,June,131,NA,NA,Montastraea cavernosa,2026-04-03,2026-06-06,Plot_C_Coki_PlotC_Survivorship_20260403_1-0-Coki_PlotC_Survivorship_20260606_1-0.csv,1-0,shrink,n/s,1,480,cm2,4.2925,3.5375,4.2925000000000005e-4,3.5375e-4,TRUE,TRUE,TRUE,FALSE,FALSE
Plot C,1-0,Plot C 1-0,2,April,June,132,NA,NA,Montastraea cavernosa,2026-04-03,2026-06-06,Plot_C_Coki_PlotC_Survivorship_20260403_1-0-Coki_PlotC_Survivorship_20260606_1-0.csv,1-0,shrink,n/s,1,480,cm2,6.3225,3.2475,6.3225e-4,3.2475e-4,TRUE,TRUE,TRUE,FALSE,FALSE
Plot C,1-0,Plot C 1-0,2,April,June,133,NA,NA,Montastraea cavernosa,2026-04-03,2026-06-06,Plot_C_Coki_PlotC_Survivorship_20260403_1-0-Coki_PlotC_Survivorship_20260606_1-0.csv,1-0,grow,n/s,1,480,cm2,9.6,10.3175,9.599999999999999e-4,0.0010317500000000001,TRUE,TRUE,TRUE,FALSE,FALSE
Plot C,1-0,Plot C 1-0,2,April,June,134,NA,NA,Montastraea cavernosa,2026-04-03,2026-06-06,Plot_C_Coki_PlotC_Survivorship_20260403_1-0-Coki_PlotC_Survivorship_20260606_1-0.csv,1-0,shrink,n/s,1,480,cm2,6.655,5.7375,6.655000000000001e-4,5.737499999999999e-4,TRUE,TRUE,TRUE,FALSE,FALSE
Plot C,1-0,Plot C 1-0,2,April,June,135,NA,NA,Montastraea cavernosa,2026-04-03,2026-06-06,Plot_C_Coki_PlotC_Survivorship_20260403_1-0-Coki_PlotC_Survivorship_20260606_1-0.csv,1-0,shrink,n/s,1,480,cm2,5.0225,3.385,5.0225e-4,3.385e-4,TRUE,TRUE,TRUE,FALSE,FALSE
Plot C,1-0,Plot C 1-0,2,April,June,136,NA,NA,Orbicella franksi,2026-04-03,2026-06-06,Plot_C_Coki_PlotC_Survivorship_20260403_1-0-Coki_PlotC_Survivorship_20260606_1-0.csv,1-0,shrink,n/s,1,480,cm2,7.265,2.44,7.264999999999999e-4,2.44e-4,TRUE,TRUE,TRUE,FALSE,FALSE
Plot C,1-0,Plot C 1-0,2,April,June,137,NA,NA,Montastraea cavernosa,2026-04-03,2026-06-06,Plot_C_Coki_PlotC_Survivorship_20260403_1-0-Coki_PlotC_Survivorship_20260606_1-0.csv,1-0,same,n/s,1,480,cm2,6.735,6.555,6.735e-4,6.554999999999999e-4,TRUE,TRUE,TRUE,FALSE,FALSE
Plot C,1-0,Plot C 1-0,2,April,June,138,NA,NA,Montastraea cavernosa,2026-04-03,2026-06-06,Plot_C_Coki_PlotC_Survivorship_20260403_1-0-Coki_PlotC_Survivorship_20260606_1-0.csv,1-0,shrink,n/s,1,480,cm2,5.0275,1.325,5.027499999999999e-4,1.325e-4,TRUE,TRUE,TRUE,FALSE,FALSE
Plot C,1-0,Plot C 1-0,2,April,June,139,NA,NA,Montastraea cavernosa,2026-04-03,2026-06-06,Plot_C_Coki_PlotC_Survivorship_20260403_1-0-Coki_PlotC_Survivorship_20260606_1-0.csv,1-0,shrink,n/s,1,480,cm2,6.6425,3,6.6425e-4,3e-4,TRUE,TRUE,TRUE,FALSE,FALSE
Plot C,1-0,Plot C 1-0,2,April,June,14,NA,NA,Orbicella annularis,2026-04-03,2026-06-06,Plot_C_Coki_PlotC_Survivorship_20260403_1-0-Coki_PlotC_Survivorship_20260606_1-0.csv,1-0,grow,n/s,1,480,cm2,0.6275,1.39,6.275e-5,1.39e-4,TRUE,TRUE,TRUE,FALSE,FALSE
Plot C,1-0,Plot C 1-0,2,April,June,140,NA,NA,Orbicella franksi,2026-04-03,2026-06-06,Plot_C_Coki_PlotC_Survivorship_20260403_1-0-Coki_PlotC_Survivorship_20260606_1-0.csv,1-0,dead,none,1,480,cm2,5.0725,0,5.0725e-4,0,TRUE,FALSE,FALSE,TRUE,FALSE
Plot C,1-0,Plot C 1-0,2,April,June,141,NA,NA,Montastraea cavernosa,2026-04-03,2026-06-06,Plot_C_Coki_PlotC_Survivorship_20260403_1-0-Coki_PlotC_Survivorship_20260606_1-0.csv,1-0,shrink,n/s,1,480,cm2,5.105,2.6825,5.105e-4,2.6825e-4,TRUE,TRUE,TRUE,FALSE,FALSE
Plot C,1-0,Plot C 1-0,2,April,June,142,NA,NA,Montastraea cavernosa,2026-04-03,2026-06-06,Plot_C_Coki_PlotC_Survivorship_20260403_1-0-Coki_PlotC_Survivorship_20260606_1-0.csv,1-0,shrink,n/s,1,480,cm2,6.61,5.8575,6.61e-4,5.8575e-4,TRUE,TRUE,TRUE,FALSE,FALSE
Plot C,1-0,Plot C 1-0,2,April,June,143,NA,NA,Montastraea cavernosa,2026-04-03,2026-06-06,Plot_C_Coki_PlotC_Survivorship_20260403_1-0-Coki_PlotC_Survivorship_20260606_1-0.csv,1-0,shrink,n/s,1,480,cm2,6.4725,5.635,6.4725e-4,5.635e-4,TRUE,TRUE,TRUE,FALSE,FALSE
Plot C,1-0,Plot C 1-0,2,April,June,144,NA,NA,Orbicella franksi,2026-04-03,2026-06-06,Plot_C_Coki_PlotC_Survivorship_20260403_1-0-Coki_PlotC_Survivorship_20260606_1-0.csv,1-0,shrink,n/s,1,480,cm2,4.8375,4.14,4.8375e-4,4.14e-4,TRUE,TRUE,TRUE,FALSE,FALSE
Plot C,1-0,Plot C 1-0,2,April,June,145,NA,NA,Montastraea cavernosa,2026-04-03,2026-06-06,Plot_C_Coki_PlotC_Survivorship_20260403_1-0-Coki_PlotC_Survivorship_20260606_1-0.csv,1-0,shrink,n/s,1,480,cm2,6.575,5.9925,6.575e-4,5.9925e-4,TRUE,TRUE,TRUE,FALSE,FALSE
Plot C,1-0,Plot C 1-0,2,April,June,146,NA,NA,Montastraea cavernosa,2026-04-03,2026-06-06,Plot_C_Coki_PlotC_Survivorship_20260403_1-0-Coki_PlotC_Survivorship_20260606_1-0.csv,1-0,shrink,n/s,1,480,cm2,6.045,5.2425,6.045e-4,5.2425e-4,TRUE,TRUE,TRUE,FALSE,FALSE
Plot C,1-0,Plot C 1-0,2,April,June,147,NA,NA,Montastraea cavernosa,2026-04-03,2026-06-06,Plot_C_Coki_PlotC_Survivorship_20260403_1-0-Coki_PlotC_Survivorship_20260606_1-0.csv,1-0,same,n/s,1,480,cm2,5.0575,5.0375,5.0575e-4,5.0375e-4,TRUE,TRUE,TRUE,FALSE,FALSE
Plot C,1-0,Plot C 1-0,2,April,June,148,NA,NA,Montastraea cavernosa,2026-04-03,2026-06-06,Plot_C_Coki_PlotC_Survivorship_20260403_1-0-Coki_PlotC_Survivorship_20260606_1-0.csv,1-0,shrink,n/s,1,480,cm2,4.1725,2.5775,4.1725000000000003e-4,2.5775e-4,TRUE,TRUE,TRUE,FALSE,FALSE
Plot C,1-0,Plot C 1-0,2,April,June,149,NA,NA,Montastraea cavernosa,2026-04-03,2026-06-06,Plot_C_Coki_PlotC_Survivorship_20260403_1-0-Coki_PlotC_Survivorship_20260606_1-0.csv,1-0,shrink,n/s,1,480,cm2,7.71,6.8475,7.71e-4,6.8475e-4,TRUE,TRUE,TRUE,FALSE,FALSE
Plot C,1-0,Plot C 1-0,2,April,June,15,NA,NA,Orbicella annularis,2026-04-03,2026-06-06,Plot_C_Coki_PlotC_Survivorship_20260403_1-0-Coki_PlotC_Survivorship_20260606_1-0.csv,1-0,shrink,n/s,1,480,cm2,0.765,0.7175,7.65e-5,7.175000000000001e-5,TRUE,TRUE,TRUE,FALSE,FALSE
Plot C,1-0,Plot C 1-0,2,April,June,150,NA,NA,Orbicella annularis,2026-04-03,2026-06-06,Plot_C_Coki_PlotC_Survivorship_20260403_1-0-Coki_PlotC_Survivorship_20260606_1-0.csv,1-0,grow,n/s,1,480,cm2,23.3375,25.0675,0.00233375,0.00250675,TRUE,TRUE,TRUE,FALSE,FALSE
Plot C,1-0,Plot C 1-0,2,April,June,151,NA,NA,Montastraea cavernosa,2026-04-03,2026-06-06,Plot_C_Coki_PlotC_Survivorship_20260403_1-0-Coki_PlotC_Survivorship_20260606_1-0.csv,1-0,shrink,n/s,1,480,cm2,6.0975,5.675,6.0975e-4,5.675e-4,TRUE,TRUE,TRUE,FALSE,FALSE
Plot C,1-0,Plot C 1-0,2,April,June,152,NA,NA,Montastraea cavernosa,2026-04-03,2026-06-06,Plot_C_Coki_PlotC_Survivorship_20260403_1-0-Coki_PlotC_Survivorship_20260606_1-0.csv,1-0,shrink,n/s,1,480,cm2,4.89,1.4025,4.89e-4,1.4025000000000002e-4,TRUE,TRUE,TRUE,FALSE,FALSE
Plot C,1-0,Plot C 1-0,2,April,June,153,NA,NA,Orbicella franksi,2026-04-03,2026-06-06,Plot_C_Coki_PlotC_Survivorship_20260403_1-0-Coki_PlotC_Survivorship_20260606_1-0.csv,1-0,shrink,n/s,1,480,cm2,8.3625,3.9825,8.362500000000001e-4,3.9825e-4,TRUE,TRUE,TRUE,FALSE,FALSE
Plot C,1-0,Plot C 1-0,2,April,June,154,NA,NA,Montastraea cavernosa,2026-04-03,2026-06-06,Plot_C_Coki_PlotC_Survivorship_20260403_1-0-Coki_PlotC_Survivorship_20260606_1-0.csv,1-0,shrink,n/s,1,480,cm2,6.8725,2.525,6.872499999999999e-4,2.525e-4,TRUE,TRUE,TRUE,FALSE,FALSE
Plot C,1-0,Plot C 1-0,2,April,June,155,NA,NA,Orbicella franksi,2026-04-03,2026-06-06,Plot_C_Coki_PlotC_Survivorship_20260403_1-0-Coki_PlotC_Survivorship_20260606_1-0.csv,1-0,shrink,n/s,1,480,cm2,9.025,5.5575,9.025e-4,5.5575e-4,TRUE,TRUE,TRUE,FALSE,FALSE
Plot C,1-0,Plot C 1-0,2,April,June,156,NA,NA,Montastraea cavernosa,2026-04-03,2026-06-06,Plot_C_Coki_PlotC_Survivorship_20260403_1-0-Coki_PlotC_Survivorship_20260606_1-0.csv,1-0,shrink,n/s,1,480,cm2,5.525,1.3275,5.525e-4,1.3275e-4,TRUE,TRUE,TRUE,FALSE,FALSE
Plot C,1-0,Plot C 1-0,2,April,June,157,NA,NA,Montastraea cavernosa,2026-04-03,2026-06-06,Plot_C_Coki_PlotC_Survivorship_20260403_1-0-Coki_PlotC_Survivorship_20260606_1-0.csv,1-0,shrink,n/s,1,480,cm2,6.235,5.28,6.235e-4,5.28e-4,TRUE,TRUE,TRUE,FALSE,FALSE
Plot C,1-0,Plot C 1-0,2,April,June,158,NA,NA,Montastraea cavernosa,2026-04-03,2026-06-06,Plot_C_Coki_PlotC_Survivorship_20260403_1-0-Coki_PlotC_Survivorship_20260606_1-0.csv,1-0,same,n/s,1,480,cm2,6.78,6.805,6.78e-4,6.805e-4,TRUE,TRUE,TRUE,FALSE,FALSE
Plot C,1-0,Plot C 1-0,2,April,June,159,NA,NA,Montastraea cavernosa,2026-04-03,2026-06-06,Plot_C_Coki_PlotC_Survivorship_20260403_1-0-Coki_PlotC_Survivorship_20260606_1-0.csv,1-0,shrink,n/s,1,480,cm2,5.5475,3.1425,5.5475e-4,3.1425e-4,TRUE,TRUE,TRUE,FALSE,FALSE
Plot C,1-0,Plot C 1-0,2,April,June,16,NA,NA,Orbicella annularis,2026-04-03,2026-06-06,Plot_C_Coki_PlotC_Survivorship_20260403_1-0-Coki_PlotC_Survivorship_20260606_1-0.csv,1-0,grow,n/s,1,480,cm2,0.82,1.4925,8.2e-5,1.4925e-4,TRUE,TRUE,TRUE,FALSE,FALSE
Plot C,1-0,Plot C 1-0,2,April,June,160,NA,NA,Montastraea cavernosa,2026-04-03,2026-06-06,Plot_C_Coki_PlotC_Survivorship_20260403_1-0-Coki_PlotC_Survivorship_20260606_1-0.csv,1-0,same,n/s,1,480,cm2,6.145,5.89,6.144999999999999e-4,5.89e-4,TRUE,TRUE,TRUE,FALSE,FALSE
Plot C,1-0,Plot C 1-0,2,April,June,161,NA,NA,Montastraea cavernosa,2026-04-03,2026-06-06,Plot_C_Coki_PlotC_Survivorship_20260403_1-0-Coki_PlotC_Survivorship_20260606_1-0.csv,1-0,shrink,n/s,1,480,cm2,5.9025,3.8925,5.9025e-4,3.8925e-4,TRUE,TRUE,TRUE,FALSE,FALSE
Plot C,1-0,Plot C 1-0,2,April,June,162,NA,NA,Montastraea cavernosa,2026-04-03,2026-06-06,Plot_C_Coki_PlotC_Survivorship_20260403_1-0-Coki_PlotC_Survivorship_20260606_1-0.csv,1-0,shrink,n/s,1,480,cm2,5.97,3.95,5.97e-4,3.95e-4,TRUE,TRUE,TRUE,FALSE,FALSE
Plot C,1-0,Plot C 1-0,2,April,June,163,NA,NA,Montastraea cavernosa,2026-04-03,2026-06-06,Plot_C_Coki_PlotC_Survivorship_20260403_1-0-Coki_PlotC_Survivorship_20260606_1-0.csv,1-0,same,n/s,1,480,cm2,6.0575,6.045,6.057500000000001e-4,6.045e-4,TRUE,TRUE,TRUE,FALSE,FALSE
Plot C,1-0,Plot C 1-0,2,April,June,164,NA,NA,Montastraea cavernosa,2026-04-03,2026-06-06,Plot_C_Coki_PlotC_Survivorship_20260403_1-0-Coki_PlotC_Survivorship_20260606_1-0.csv,1-0,shrink,n/s,1,480,cm2,5.8025,4.6975,5.8025e-4,4.6974999999999995e-4,TRUE,TRUE,TRUE,FALSE,FALSE
Plot C,1-0,Plot C 1-0,2,April,June,165,NA,NA,Montastraea cavernosa,2026-04-03,2026-06-06,Plot_C_Coki_PlotC_Survivorship_20260403_1-0-Coki_PlotC_Survivorship_20260606_1-0.csv,1-0,shrink,n/s,1,480,cm2,6.2175,4.745,6.2175e-4,4.745e-4,TRUE,TRUE,TRUE,FALSE,FALSE
Plot C,1-0,Plot C 1-0,2,April,June,167,NA,NA,Orbicella franksi,2026-04-03,2026-06-06,Plot_C_Coki_PlotC_Survivorship_20260403_1-0-Coki_PlotC_Survivorship_20260606_1-0.csv,1-0,same,n/s,1,480,cm2,6.6975,6.6225,6.6975e-4,6.6225e-4,TRUE,TRUE,TRUE,FALSE,FALSE
Plot C,1-0,Plot C 1-0,2,April,June,168,NA,NA,Orbicella franksi,2026-04-03,2026-06-06,Plot_C_Coki_PlotC_Survivorship_20260403_1-0-Coki_PlotC_Survivorship_20260606_1-0.csv,1-0,grow,n/s,1,480,cm2,1.605,1.845,1.605e-4,1.8449999999999999e-4,TRUE,TRUE,TRUE,FALSE,FALSE
Plot C,1-0,Plot C 1-0,2,April,June,169,NA,NA,Orbicella franksi,2026-04-03,2026-06-06,Plot_C_Coki_PlotC_Survivorship_20260403_1-0-Coki_PlotC_Survivorship_20260606_1-0.csv,1-0,grow,n/s,1,480,cm2,4.2175,4.85,4.2175000000000003e-4,4.8499999999999997e-4,TRUE,TRUE,TRUE,FALSE,FALSE
Plot C,1-0,Plot C 1-0,2,April,June,17,NA,NA,Orbicella annularis,2026-04-03,2026-06-06,Plot_C_Coki_PlotC_Survivorship_20260403_1-0-Coki_PlotC_Survivorship_20260606_1-0.csv,1-0,grow,n/s,1,480,cm2,0.405,0.53,4.05e-5,5.3e-5,TRUE,TRUE,TRUE,FALSE,FALSE
Plot C,1-0,Plot C 1-0,2,April,June,170,NA,NA,Orbicella franksi,2026-04-03,2026-06-06,Plot_C_Coki_PlotC_Survivorship_20260403_1-0-Coki_PlotC_Survivorship_20260606_1-0.csv,1-0,grow,n/s,1,480,cm2,4.13,4.9825,4.13e-4,4.9825e-4,TRUE,TRUE,TRUE,FALSE,FALSE
Plot C,1-0,Plot C 1-0,2,April,June,171,NA,NA,Orbicella franksi,2026-04-03,2026-06-06,Plot_C_Coki_PlotC_Survivorship_20260403_1-0-Coki_PlotC_Survivorship_20260606_1-0.csv,1-0,same,n/s,1,480,cm2,3.1,3.1375,3.1e-4,3.1375e-4,TRUE,TRUE,TRUE,FALSE,FALSE
Plot C,1-0,Plot C 1-0,2,April,June,172,NA,NA,Orbicella franksi,2026-04-03,2026-06-06,Plot_C_Coki_PlotC_Survivorship_20260403_1-0-Coki_PlotC_Survivorship_20260606_1-0.csv,1-0,grow,n/s,1,480,cm2,5.7625,6.5075,5.7625e-4,6.507500000000001e-4,TRUE,TRUE,TRUE,FALSE,FALSE
Plot C,1-0,Plot C 1-0,2,April,June,173,NA,NA,Orbicella franksi,2026-04-03,2026-06-06,Plot_C_Coki_PlotC_Survivorship_20260403_1-0-Coki_PlotC_Survivorship_20260606_1-0.csv,1-0,grow,n/s,1,480,cm2,8.285,9.26,8.285e-4,9.26e-4,TRUE,TRUE,TRUE,FALSE,FALSE
Plot C,1-0,Plot C 1-0,2,April,June,174,NA,NA,Orbicella franksi,2026-04-03,2026-06-06,Plot_C_Coki_PlotC_Survivorship_20260403_1-0-Coki_PlotC_Survivorship_20260606_1-0.csv,1-0,same,n/s,1,480,cm2,3.07,3.125,3.07e-4,3.125e-4,TRUE,TRUE,TRUE,FALSE,FALSE
Plot C,1-0,Plot C 1-0,2,April,June,175,NA,NA,Orbicella franksi,2026-04-03,2026-06-06,Plot_C_Coki_PlotC_Survivorship_20260403_1-0-Coki_PlotC_Survivorship_20260606_1-0.csv,1-0,shrink,n/s,1,480,cm2,5.4925,4.72,5.492499999999999e-4,4.72e-4,TRUE,TRUE,TRUE,FALSE,FALSE
Plot C,1-0,Plot C 1-0,2,April,June,176,NA,NA,Orbicella franksi,2026-04-03,2026-06-06,Plot_C_Coki_PlotC_Survivorship_20260403_1-0-Coki_PlotC_Survivorship_20260606_1-0.csv,1-0,same,n/s,1,480,cm2,8.805,8.8825,8.805e-4,8.8825e-4,TRUE,TRUE,TRUE,FALSE,FALSE
Plot C,1-0,Plot C 1-0,2,April,June,177,NA,NA,Orbicella franksi,2026-04-03,2026-06-06,Plot_C_Coki_PlotC_Survivorship_20260403_1-0-Coki_PlotC_Survivorship_20260606_1-0.csv,1-0,shrink,n/s,1,480,cm2,3.655,3.405,3.655e-4,3.405e-4,TRUE,TRUE,TRUE,FALSE,FALSE
Plot C,1-0,Plot C 1-0,2,April,June,178,NA,NA,Orbicella franksi,2026-04-03,2026-06-06,Plot_C_Coki_PlotC_Survivorship_20260403_1-0-Coki_PlotC_Survivorship_20260606_1-0.csv,1-0,grow,n/s,1,480,cm2,5.8225,6.6775,5.8225e-4,6.6775e-4,TRUE,TRUE,TRUE,FALSE,FALSE
Plot C,1-0,Plot C 1-0,2,April,June,179,NA,NA,Orbicella franksi,2026-04-03,2026-06-06,Plot_C_Coki_PlotC_Survivorship_20260403_1-0-Coki_PlotC_Survivorship_20260606_1-0.csv,1-0,same,n/s,1,480,cm2,2.6125,2.6375,2.6125e-4,2.6375000000000004e-4,TRUE,TRUE,TRUE,FALSE,FALSE
Plot C,1-0,Plot C 1-0,2,April,June,18,NA,NA,Orbicella annularis,2026-04-03,2026-06-06,Plot_C_Coki_PlotC_Survivorship_20260403_1-0-Coki_PlotC_Survivorship_20260606_1-0.csv,1-0,grow,n/s,1,480,cm2,0.605,0.9525,6.05e-5,9.525e-5,TRUE,TRUE,TRUE,FALSE,FALSE
Plot C,1-0,Plot C 1-0,2,April,June,180,NA,NA,Orbicella franksi,2026-04-03,2026-06-06,Plot_C_Coki_PlotC_Survivorship_20260403_1-0-Coki_PlotC_Survivorship_20260606_1-0.csv,1-0,shrink,n/s,1,480,cm2,3.79,2.575,3.79e-4,2.575e-4,TRUE,TRUE,TRUE,FALSE,FALSE
Plot C,1-0,Plot C 1-0,2,April,June,181,NA,NA,Orbicella franksi,2026-04-03,2026-06-06,Plot_C_Coki_PlotC_Survivorship_20260403_1-0-Coki_PlotC_Survivorship_20260606_1-0.csv,1-0,shrink,n/s,1,480,cm2,5.4425,4.69,5.4425e-4,4.69e-4,TRUE,TRUE,TRUE,FALSE,FALSE
Plot C,1-0,Plot C 1-0,2,April,June,182,NA,NA,Orbicella annularis,2026-04-03,2026-06-06,Plot_C_Coki_PlotC_Survivorship_20260403_1-0-Coki_PlotC_Survivorship_20260606_1-0.csv,1-0,same,n/s,1,480,cm2,30.26,31.09,0.003026,0.003109,TRUE,TRUE,TRUE,FALSE,FALSE
Plot C,1-0,Plot C 1-0,2,April,June,183,NA,NA,Porites porites,2026-04-03,2026-06-06,Plot_C_Coki_PlotC_Survivorship_20260403_1-0-Coki_PlotC_Survivorship_20260606_1-0.csv,1-0,shrink,n/s,1,480,cm2,4.34,3.8075,4.34e-4,3.8075e-4,TRUE,TRUE,TRUE,FALSE,FALSE
Plot C,1-0,Plot C 1-0,2,April,June,184,NA,NA,Porites porites,2026-04-03,2026-06-06,Plot_C_Coki_PlotC_Survivorship_20260403_1-0-Coki_PlotC_Survivorship_20260606_1-0.csv,1-0,grow,n/s,1,480,cm2,5.84,6.7725,5.84e-4,6.7725e-4,TRUE,TRUE,TRUE,FALSE,FALSE
Plot C,1-0,Plot C 1-0,2,April,June,185,NA,NA,Orbicella franksi,2026-04-03,2026-06-06,Plot_C_Coki_PlotC_Survivorship_20260403_1-0-Coki_PlotC_Survivorship_20260606_1-0.csv,1-0,grow,n/s,1,480,cm2,16.0625,18.0425,0.00160625,0.00180425,TRUE,TRUE,TRUE,FALSE,FALSE
Plot C,1-0,Plot C 1-0,2,April,June,186,NA,NA,Orbicella annularis,2026-04-03,2026-06-06,Plot_C_Coki_PlotC_Survivorship_20260403_1-0-Coki_PlotC_Survivorship_20260606_1-0.csv,1-0,grow,n/s,1,480,cm2,15.04,19.065,0.001504,0.0019065000000000002,TRUE,TRUE,TRUE,FALSE,FALSE
Plot C,1-0,Plot C 1-0,2,April,June,187,NA,NA,Orbicella franksi,2026-04-03,2026-06-06,Plot_C_Coki_PlotC_Survivorship_20260403_1-0-Coki_PlotC_Survivorship_20260606_1-0.csv,1-0,shrink,n/s,1,480,cm2,6.3225,4.4525,6.3225e-4,4.4524999999999995e-4,TRUE,TRUE,TRUE,FALSE,FALSE
Plot C,1-0,Plot C 1-0,2,April,June,188,NA,NA,Orbicella franksi,2026-04-03,2026-06-06,Plot_C_Coki_PlotC_Survivorship_20260403_1-0-Coki_PlotC_Survivorship_20260606_1-0.csv,1-0,shrink,n/s,1,480,cm2,3.86,2.345,3.86e-4,2.345e-4,TRUE,TRUE,TRUE,FALSE,FALSE
Plot C,1-0,Plot C 1-0,2,April,June,189,NA,NA,Orbicella franksi,2026-04-03,2026-06-06,Plot_C_Coki_PlotC_Survivorship_20260403_1-0-Coki_PlotC_Survivorship_20260606_1-0.csv,1-0,same,n/s,1,480,cm2,6.97,7.03,6.97e-4,7.030000000000001e-4,TRUE,TRUE,TRUE,FALSE,FALSE
Plot C,1-0,Plot C 1-0,2,April,June,19,NA,NA,Orbicella annularis,2026-04-03,2026-06-06,Plot_C_Coki_PlotC_Survivorship_20260403_1-0-Coki_PlotC_Survivorship_20260606_1-0.csv,1-0,grow,n/s,1,480,cm2,0.5375,0.6075,5.375e-5,6.0750000000000006e-5,TRUE,TRUE,TRUE,FALSE,FALSE
Plot C,1-0,Plot C 1-0,2,April,June,190,NA,NA,Orbicella franksi,2026-04-03,2026-06-06,Plot_C_Coki_PlotC_Survivorship_20260403_1-0-Coki_PlotC_Survivorship_20260606_1-0.csv,1-0,shrink,n/s,1,480,cm2,7.3775,6.1725,7.3775e-4,6.172500000000001e-4,TRUE,TRUE,TRUE,FALSE,FALSE
Plot C,1-0,Plot C 1-0,2,April,June,191,NA,NA,Orbicella franksi,2026-04-03,2026-06-06,Plot_C_Coki_PlotC_Survivorship_20260403_1-0-Coki_PlotC_Survivorship_20260606_1-0.csv,1-0,shrink,n/s,1,480,cm2,3.37,1.6175,3.37e-4,1.6175e-4,TRUE,TRUE,TRUE,FALSE,FALSE
Plot C,1-0,Plot C 1-0,2,April,June,192,NA,NA,Orbicella franksi,2026-04-03,2026-06-06,Plot_C_Coki_PlotC_Survivorship_20260403_1-0-Coki_PlotC_Survivorship_20260606_1-0.csv,1-0,shrink,n/s,1,480,cm2,6.4775,3.6125,6.4775e-4,3.6124999999999997e-4,TRUE,TRUE,TRUE,FALSE,FALSE
Plot C,1-0,Plot C 1-0,2,April,June,193,NA,NA,Orbicella franksi,2026-04-03,2026-06-06,Plot_C_Coki_PlotC_Survivorship_20260403_1-0-Coki_PlotC_Survivorship_20260606_1-0.csv,1-0,shrink,n/s,1,480,cm2,6.155,5.5775,6.155e-4,5.5775e-4,TRUE,TRUE,TRUE,FALSE,FALSE
Plot C,1-0,Plot C 1-0,2,April,June,194,NA,NA,Orbicella franksi,2026-04-03,2026-06-06,Plot_C_Coki_PlotC_Survivorship_20260403_1-0-Coki_PlotC_Survivorship_20260606_1-0.csv,1-0,shrink,n/s,1,480,cm2,8.83,7.655,8.83e-4,7.655e-4,TRUE,TRUE,TRUE,FALSE,FALSE
Plot C,1-0,Plot C 1-0,2,April,June,195,NA,NA,Porites porites,2026-04-03,2026-06-06,Plot_C_Coki_PlotC_Survivorship_20260403_1-0-Coki_PlotC_Survivorship_20260606_1-0.csv,1-0,shrink,n/s,1,480,cm2,10.455,8.27,0.0010455,8.269999999999999e-4,TRUE,TRUE,TRUE,FALSE,FALSE
Plot C,1-0,Plot C 1-0,2,April,June,196,NA,NA,Orbicella franksi,2026-04-03,2026-06-06,Plot_C_Coki_PlotC_Survivorship_20260403_1-0-Coki_PlotC_Survivorship_20260606_1-0.csv,1-0,shrink,n/s,1,480,cm2,3.6075,2.8475,3.6075e-4,2.8475e-4,TRUE,TRUE,TRUE,FALSE,FALSE
Plot C,1-0,Plot C 1-0,2,April,June,197,NA,NA,Porites porites,2026-04-03,2026-06-06,Plot_C_Coki_PlotC_Survivorship_20260403_1-0-Coki_PlotC_Survivorship_20260606_1-0.csv,1-0,shrink,n/s,1,480,cm2,6.84,6.19,6.84e-4,6.190000000000001e-4,TRUE,TRUE,TRUE,FALSE,FALSE
Plot C,1-0,Plot C 1-0,2,April,June,198,NA,NA,Orbicella franksi,2026-04-03,2026-06-06,Plot_C_Coki_PlotC_Survivorship_20260403_1-0-Coki_PlotC_Survivorship_20260606_1-0.csv,1-0,shrink,n/s,1,480,cm2,5.045,3.8175,5.045e-4,3.8175e-4,TRUE,TRUE,TRUE,FALSE,FALSE
Plot C,1-0,Plot C 1-0,2,April,June,199,NA,NA,Orbicella franksi,2026-04-03,2026-06-06,Plot_C_Coki_PlotC_Survivorship_20260403_1-0-Coki_PlotC_Survivorship_20260606_1-0.csv,1-0,shrink,n/s,1,480,cm2,6.2925,5.64,6.2925e-4,5.639999999999999e-4,TRUE,TRUE,TRUE,FALSE,FALSE
Plot C,1-0,Plot C 1-0,2,April,June,2,NA,NA,Orbicella annularis,2026-04-03,2026-06-06,Plot_C_Coki_PlotC_Survivorship_20260403_1-0-Coki_PlotC_Survivorship_20260606_1-0.csv,1-0,grow,n/s,1,480,cm2,0.32,0.4775,3.2e-5,4.7749999999999995e-5,TRUE,TRUE,TRUE,FALSE,FALSE
Plot C,1-0,Plot C 1-0,2,April,June,20,NA,NA,Orbicella annularis,2026-04-03,2026-06-06,Plot_C_Coki_PlotC_Survivorship_20260403_1-0-Coki_PlotC_Survivorship_20260606_1-0.csv,1-0,shrink,n/s,1,480,cm2,1.3425,1.165,1.3425e-4,1.165e-4,TRUE,TRUE,TRUE,FALSE,FALSE
Plot C,1-0,Plot C 1-0,2,April,June,200,NA,NA,Orbicella franksi,2026-04-03,2026-06-06,Plot_C_Coki_PlotC_Survivorship_20260403_1-0-Coki_PlotC_Survivorship_20260606_1-0.csv,1-0,shrink,n/s,1,480,cm2,4.2925,4.0225,4.2925000000000005e-4,4.0225e-4,TRUE,TRUE,TRUE,FALSE,FALSE
Plot C,1-0,Plot C 1-0,2,April,June,201,NA,NA,Orbicella franksi,2026-04-03,2026-06-06,Plot_C_Coki_PlotC_Survivorship_20260403_1-0-Coki_PlotC_Survivorship_20260606_1-0.csv,1-0,shrink,n/s,1,480,cm2,7.3975,6.4075,7.3975e-4,6.407499999999999e-4,TRUE,TRUE,TRUE,FALSE,FALSE
Plot C,1-0,Plot C 1-0,2,April,June,203,NA,NA,Porites porites,2026-04-03,2026-06-06,Plot_C_Coki_PlotC_Survivorship_20260403_1-0-Coki_PlotC_Survivorship_20260606_1-0.csv,1-0,same,n/s,1,480,cm2,8.6925,8.28,8.692500000000001e-4,8.28e-4,TRUE,TRUE,TRUE,FALSE,FALSE
Plot C,1-0,Plot C 1-0,2,April,June,204,NA,NA,Porites porites,2026-04-03,2026-06-06,Plot_C_Coki_PlotC_Survivorship_20260403_1-0-Coki_PlotC_Survivorship_20260606_1-0.csv,1-0,shrink,n/s,1,480,cm2,8.985,5.575,8.985e-4,5.575e-4,TRUE,TRUE,TRUE,FALSE,FALSE
Plot C,1-0,Plot C 1-0,2,April,June,205,NA,NA,Porites porites,2026-04-03,2026-06-06,Plot_C_Coki_PlotC_Survivorship_20260403_1-0-Coki_PlotC_Survivorship_20260606_1-0.csv,1-0,shrink,n/s,1,480,cm2,9.04,5.325,9.04e-4,5.325e-4,TRUE,TRUE,TRUE,FALSE,FALSE
Plot C,1-0,Plot C 1-0,2,April,June,206,NA,NA,Orbicella franksi,2026-04-03,2026-06-06,Plot_C_Coki_PlotC_Survivorship_20260403_1-0-Coki_PlotC_Survivorship_20260606_1-0.csv,1-0,shrink,n/s,1,480,cm2,8.885,7.4575,8.885e-4,7.4575e-4,TRUE,TRUE,TRUE,FALSE,FALSE
Plot C,1-0,Plot C 1-0,2,April,June,207,NA,NA,Porites porites,2026-04-03,2026-06-06,Plot_C_Coki_PlotC_Survivorship_20260403_1-0-Coki_PlotC_Survivorship_20260606_1-0.csv,1-0,shrink,n/s,1,480,cm2,8.3625,7.0975,8.362500000000001e-4,7.0975e-4,TRUE,TRUE,TRUE,FALSE,FALSE
Plot C,1-0,Plot C 1-0,2,April,June,208,NA,NA,Orbicella franksi,2026-04-03,2026-06-06,Plot_C_Coki_PlotC_Survivorship_20260403_1-0-Coki_PlotC_Survivorship_20260606_1-0.csv,1-0,shrink,n/s,1,480,cm2,8.385,7.1925,8.384999999999999e-4,0.00071924999999999995,TRUE,TRUE,TRUE,FALSE,FALSE
Plot C,1-0,Plot C 1-0,2,April,June,209,NA,NA,Orbicella franksi,2026-04-03,2026-06-06,Plot_C_Coki_PlotC_Survivorship_20260403_1-0-Coki_PlotC_Survivorship_20260606_1-0.csv,1-0,shrink,n/s,1,480,cm2,7.3575,5.68,7.3575e-4,5.679999999999999e-4,TRUE,TRUE,TRUE,FALSE,FALSE
Plot C,1-0,Plot C 1-0,2,April,June,21,NA,NA,Orbicella annularis,2026-04-03,2026-06-06,Plot_C_Coki_PlotC_Survivorship_20260403_1-0-Coki_PlotC_Survivorship_20260606_1-0.csv,1-0,grow,n/s,1,480,cm2,0.435,0.5975,4.35e-5,5.975e-5,TRUE,TRUE,TRUE,FALSE,FALSE
Plot C,1-0,Plot C 1-0,2,April,June,210,NA,NA,Orbicella franksi,2026-04-03,2026-06-06,Plot_C_Coki_PlotC_Survivorship_20260403_1-0-Coki_PlotC_Survivorship_20260606_1-0.csv,1-0,shrink,n/s,1,480,cm2,5.525,5.1825,5.525e-4,5.1825e-4,TRUE,TRUE,TRUE,FALSE,FALSE
Plot C,1-0,Plot C 1-0,2,April,June,211,NA,NA,Porites porites,2026-04-03,2026-06-06,Plot_C_Coki_PlotC_Survivorship_20260403_1-0-Coki_PlotC_Survivorship_20260606_1-0.csv,1-0,shrink,n/s,1,480,cm2,8.9825,7.7725,8.9825e-4,7.7725e-4,TRUE,TRUE,TRUE,FALSE,FALSE
Plot C,1-0,Plot C 1-0,2,April,June,212,NA,NA,Orbicella franksi,2026-04-03,2026-06-06,Plot_C_Coki_PlotC_Survivorship_20260403_1-0-Coki_PlotC_Survivorship_20260606_1-0.csv,1-0,shrink,n/s,1,480,cm2,7.2375,6.225,7.2375e-4,6.225e-4,TRUE,TRUE,TRUE,FALSE,FALSE
Plot C,1-0,Plot C 1-0,2,April,June,213,NA,NA,Porites porites,2026-04-03,2026-06-06,Plot_C_Coki_PlotC_Survivorship_20260403_1-0-Coki_PlotC_Survivorship_20260606_1-0.csv,1-0,shrink,n/s,1,480,cm2,9.3475,7.565,9.3475e-4,7.565e-4,TRUE,TRUE,TRUE,FALSE,FALSE
Plot C,1-0,Plot C 1-0,2,April,June,214,NA,NA,Porites porites,2026-04-03,2026-06-06,Plot_C_Coki_PlotC_Survivorship_20260403_1-0-Coki_PlotC_Survivorship_20260606_1-0.csv,1-0,shrink,n/s,1,480,cm2,7.24,5.1025,7.24e-4,5.1025e-4,TRUE,TRUE,TRUE,FALSE,FALSE
Plot C,1-0,Plot C 1-0,2,April,June,215,NA,NA,Porites porites,2026-04-03,2026-06-06,Plot_C_Coki_PlotC_Survivorship_20260403_1-0-Coki_PlotC_Survivorship_20260606_1-0.csv,1-0,shrink,n/s,1,480,cm2,7.3425,6.655,7.3425e-4,6.655000000000001e-4,TRUE,TRUE,TRUE,FALSE,FALSE
Plot C,1-0,Plot C 1-0,2,April,June,216,NA,NA,Porites porites,2026-04-03,2026-06-06,Plot_C_Coki_PlotC_Survivorship_20260403_1-0-Coki_PlotC_Survivorship_20260606_1-0.csv,1-0,shrink,n/s,1,480,cm2,8.705,6.2325,8.705e-4,6.2325e-4,TRUE,TRUE,TRUE,FALSE,FALSE
Plot C,1-0,Plot C 1-0,2,April,June,217,NA,NA,Porites porites,2026-04-03,2026-06-06,Plot_C_Coki_PlotC_Survivorship_20260403_1-0-Coki_PlotC_Survivorship_20260606_1-0.csv,1-0,same,n/s,1,480,cm2,8.6925,8.43,8.692500000000001e-4,8.43e-4,TRUE,TRUE,TRUE,FALSE,FALSE
Plot C,1-0,Plot C 1-0,2,April,June,218,NA,NA,Orbicella franksi,2026-04-03,2026-06-06,Plot_C_Coki_PlotC_Survivorship_20260403_1-0-Coki_PlotC_Survivorship_20260606_1-0.csv,1-0,shrink,n/s,1,480,cm2,6.0825,5.6375,6.0825e-4,5.6375e-4,TRUE,TRUE,TRUE,FALSE,FALSE
Plot C,1-0,Plot C 1-0,2,April,June,219,NA,NA,Orbicella franksi,2026-04-03,2026-06-06,Plot_C_Coki_PlotC_Survivorship_20260403_1-0-Coki_PlotC_Survivorship_20260606_1-0.csv,1-0,same,n/s,1,480,cm2,7.4225,7.2575,7.422500000000001e-4,7.2575e-4,TRUE,TRUE,TRUE,FALSE,FALSE
Plot C,1-0,Plot C 1-0,2,April,June,22,NA,NA,Orbicella annularis,2026-04-03,2026-06-06,Plot_C_Coki_PlotC_Survivorship_20260403_1-0-Coki_PlotC_Survivorship_20260606_1-0.csv,1-0,grow,n/s,1,480,cm2,0.255,0.5475,2.55e-5,5.4749999999999996e-5,TRUE,TRUE,TRUE,FALSE,FALSE
Plot C,1-0,Plot C 1-0,2,April,June,220,NA,NA,Porites porites,2026-04-03,2026-06-06,Plot_C_Coki_PlotC_Survivorship_20260403_1-0-Coki_PlotC_Survivorship_20260606_1-0.csv,1-0,shrink,n/s,1,480,cm2,8.5775,7.075,8.5775e-4,7.075e-4,TRUE,TRUE,TRUE,FALSE,FALSE
Plot C,1-0,Plot C 1-0,2,April,June,221,NA,NA,Porites porites,2026-04-03,2026-06-06,Plot_C_Coki_PlotC_Survivorship_20260403_1-0-Coki_PlotC_Survivorship_20260606_1-0.csv,1-0,same,n/s,1,480,cm2,9.4625,9.1625,9.4625e-4,9.1625e-4,TRUE,TRUE,TRUE,FALSE,FALSE
Plot C,1-0,Plot C 1-0,2,April,June,222,NA,NA,Porites porites,2026-04-03,2026-06-06,Plot_C_Coki_PlotC_Survivorship_20260403_1-0-Coki_PlotC_Survivorship_20260606_1-0.csv,1-0,shrink,n/s,1,480,cm2,9.22,6.8925,9.220000000000001e-4,6.8925e-4,TRUE,TRUE,TRUE,FALSE,FALSE
Plot C,1-0,Plot C 1-0,2,April,June,223,NA,NA,Orbicella franksi,2026-04-03,2026-06-06,Plot_C_Coki_PlotC_Survivorship_20260403_1-0-Coki_PlotC_Survivorship_20260606_1-0.csv,1-0,shrink,n/s,1,480,cm2,8.2875,7.455,8.2875e-4,7.455e-4,TRUE,TRUE,TRUE,FALSE,FALSE
Plot C,1-0,Plot C 1-0,2,April,June,224,NA,NA,Porites porites,2026-04-03,2026-06-06,Plot_C_Coki_PlotC_Survivorship_20260403_1-0-Coki_PlotC_Survivorship_20260606_1-0.csv,1-0,shrink,n/s,1,480,cm2,4.9975,1.97,4.9975e-4,1.97e-4,TRUE,TRUE,TRUE,FALSE,FALSE
Plot C,1-0,Plot C 1-0,2,April,June,225,NA,NA,Porites porites,2026-04-03,2026-06-06,Plot_C_Coki_PlotC_Survivorship_20260403_1-0-Coki_PlotC_Survivorship_20260606_1-0.csv,1-0,shrink,n/s,1,480,cm2,7.72,5.54,7.72e-4,5.54e-4,TRUE,TRUE,TRUE,FALSE,FALSE
Plot C,1-0,Plot C 1-0,2,April,June,226,NA,NA,Porites porites,2026-04-03,2026-06-06,Plot_C_Coki_PlotC_Survivorship_20260403_1-0-Coki_PlotC_Survivorship_20260606_1-0.csv,1-0,shrink,n/s,1,480,cm2,9.2325,7.5325,9.2325e-4,7.5325e-4,TRUE,TRUE,TRUE,FALSE,FALSE
Plot C,1-0,Plot C 1-0,2,April,June,227,NA,NA,Porites porites,2026-04-03,2026-06-06,Plot_C_Coki_PlotC_Survivorship_20260403_1-0-Coki_PlotC_Survivorship_20260606_1-0.csv,1-0,grow,n/s,1,480,cm2,6.0775,6.4175,6.0775e-4,6.417500000000001e-4,TRUE,TRUE,TRUE,FALSE,FALSE
Plot C,1-0,Plot C 1-0,2,April,June,228,NA,NA,Porites porites,2026-04-03,2026-06-06,Plot_C_Coki_PlotC_Survivorship_20260403_1-0-Coki_PlotC_Survivorship_20260606_1-0.csv,1-0,shrink,n/s,1,480,cm2,8.9375,6.64,8.9375e-4,6.64e-4,TRUE,TRUE,TRUE,FALSE,FALSE
Plot C,1-0,Plot C 1-0,2,April,June,229,NA,NA,Porites porites,2026-04-03,2026-06-06,Plot_C_Coki_PlotC_Survivorship_20260403_1-0-Coki_PlotC_Survivorship_20260606_1-0.csv,1-0,shrink,n/s,1,480,cm2,6.26,4.8575,6.259999999999999e-4,4.8575e-4,TRUE,TRUE,TRUE,FALSE,FALSE
Plot C,1-0,Plot C 1-0,2,April,June,23,NA,NA,Orbicella annularis,2026-04-03,2026-06-06,Plot_C_Coki_PlotC_Survivorship_20260403_1-0-Coki_PlotC_Survivorship_20260606_1-0.csv,1-0,shrink,n/s,1,480,cm2,1.1175,0.7025,1.1174999999999999e-4,7.025e-5,TRUE,TRUE,TRUE,FALSE,FALSE
Plot C,1-0,Plot C 1-0,2,April,June,230,NA,NA,Porites porites,2026-04-03,2026-06-06,Plot_C_Coki_PlotC_Survivorship_20260403_1-0-Coki_PlotC_Survivorship_20260606_1-0.csv,1-0,same,n/s,1,480,cm2,7.195,7.2725,7.195e-4,7.2725e-4,TRUE,TRUE,TRUE,FALSE,FALSE
Plot C,1-0,Plot C 1-0,2,April,June,231,NA,NA,Porites porites,2026-04-03,2026-06-06,Plot_C_Coki_PlotC_Survivorship_20260403_1-0-Coki_PlotC_Survivorship_20260606_1-0.csv,1-0,shrink,n/s,1,480,cm2,8.9625,3.905,8.9625e-4,3.905e-4,TRUE,TRUE,TRUE,FALSE,FALSE
Plot C,1-0,Plot C 1-0,2,April,June,232,NA,NA,Porites porites,2026-04-03,2026-06-06,Plot_C_Coki_PlotC_Survivorship_20260403_1-0-Coki_PlotC_Survivorship_20260606_1-0.csv,1-0,shrink,n/s,1,480,cm2,8.535,6.7625,8.535e-4,6.7625e-4,TRUE,TRUE,TRUE,FALSE,FALSE
Plot C,1-0,Plot C 1-0,2,April,June,233,NA,NA,Porites porites,2026-04-03,2026-06-06,Plot_C_Coki_PlotC_Survivorship_20260403_1-0-Coki_PlotC_Survivorship_20260606_1-0.csv,1-0,shrink,n/s,1,480,cm2,9.535,5.0475,9.535e-4,5.0475e-4,TRUE,TRUE,TRUE,FALSE,FALSE
Plot C,1-0,Plot C 1-0,2,April,June,235,NA,NA,Orbicella franksi,2026-04-03,2026-06-06,Plot_C_Coki_PlotC_Survivorship_20260403_1-0-Coki_PlotC_Survivorship_20260606_1-0.csv,1-0,grow,n/s,1,480,cm2,30.18,32.905,0.003018,0.0032905,TRUE,TRUE,TRUE,FALSE,FALSE
Plot C,1-0,Plot C 1-0,2,April,June,236,NA,NA,Porites porites,2026-04-03,2026-06-06,Plot_C_Coki_PlotC_Survivorship_20260403_1-0-Coki_PlotC_Survivorship_20260606_1-0.csv,1-0,same,n/s,1,480,cm2,28.5975,28.45,0.00285975,0.002845,TRUE,TRUE,TRUE,FALSE,FALSE
Plot C,1-0,Plot C 1-0,2,April,June,237,NA,NA,Porites porites,2026-04-03,2026-06-06,Plot_C_Coki_PlotC_Survivorship_20260403_1-0-Coki_PlotC_Survivorship_20260606_1-0.csv,1-0,dead,none,1,480,cm2,0.9475,0,9.475e-5,0,TRUE,FALSE,FALSE,TRUE,FALSE
Plot C,1-0,Plot C 1-0,2,April,June,238,NA,NA,Orbicella franksi,2026-04-03,2026-06-06,Plot_C_Coki_PlotC_Survivorship_20260403_1-0-Coki_PlotC_Survivorship_20260606_1-0.csv,1-0,grow,n/s,1,480,cm2,21.0625,22.26,0.00210625,0.002226,TRUE,TRUE,TRUE,FALSE,FALSE
Plot C,1-0,Plot C 1-0,2,April,June,24,NA,NA,Orbicella annularis,2026-04-03,2026-06-06,Plot_C_Coki_PlotC_Survivorship_20260403_1-0-Coki_PlotC_Survivorship_20260606_1-0.csv,1-0,shrink,n/s,1,480,cm2,2.5275,0.975,2.5275e-4,9.75e-5,TRUE,TRUE,TRUE,FALSE,FALSE
Plot C,1-0,Plot C 1-0,2,April,June,241,NA,NA,Orbicella franksi,2026-04-03,2026-06-06,Plot_C_Coki_PlotC_Survivorship_20260403_1-0-Coki_PlotC_Survivorship_20260606_1-0.csv,1-0,grow,n/s,1,480,cm2,13.66,14.46,0.001366,0.001446,TRUE,TRUE,TRUE,FALSE,FALSE
Plot C,1-0,Plot C 1-0,2,April,June,247,NA,NA,Orbicella franksi,2026-04-03,2026-06-06,Plot_C_Coki_PlotC_Survivorship_20260403_1-0-Coki_PlotC_Survivorship_20260606_1-0.csv,1-0,grow,n/s,1,480,cm2,22.335,24.205,0.0022335000000000002,0.0024205,TRUE,TRUE,TRUE,FALSE,FALSE
Plot C,1-0,Plot C 1-0,2,April,June,248,NA,NA,Orbicella franksi,2026-04-03,2026-06-06,Plot_C_Coki_PlotC_Survivorship_20260403_1-0-Coki_PlotC_Survivorship_20260606_1-0.csv,1-0,same,n/s,1,480,cm2,20.82,21.02,0.002082,0.002102,TRUE,TRUE,TRUE,FALSE,FALSE
Plot C,1-0,Plot C 1-0,2,April,June,25,NA,NA,Orbicella annularis,2026-04-03,2026-06-06,Plot_C_Coki_PlotC_Survivorship_20260403_1-0-Coki_PlotC_Survivorship_20260606_1-0.csv,1-0,grow,n/s,1,480,cm2,0.5,0.615,5e-5,6.15e-5,TRUE,TRUE,TRUE,FALSE,FALSE
Plot C,1-0,Plot C 1-0,2,April,June,252,NA,NA,Orbicella franksi,2026-04-03,2026-06-06,Plot_C_Coki_PlotC_Survivorship_20260403_1-0-Coki_PlotC_Survivorship_20260606_1-0.csv,1-0,same,n/s,1,480,cm2,23.715,23.4625,0.0023715,0.00234625,TRUE,TRUE,TRUE,FALSE,FALSE
Plot C,1-0,Plot C 1-0,2,April,June,254,NA,NA,Orbicella franksi,2026-04-03,2026-06-06,Plot_C_Coki_PlotC_Survivorship_20260403_1-0-Coki_PlotC_Survivorship_20260606_1-0.csv,1-0,born,none,1,480,cm2,0,3.8025,0,3.8025e-4,FALSE,TRUE,FALSE,FALSE,TRUE
Plot C,1-0,Plot C 1-0,2,April,June,26,NA,NA,Orbicella annularis,2026-04-03,2026-06-06,Plot_C_Coki_PlotC_Survivorship_20260403_1-0-Coki_PlotC_Survivorship_20260606_1-0.csv,1-0,grow,n/s,1,480,cm2,0.2325,0.67,2.3250000000000003e-5,6.7e-5,TRUE,TRUE,TRUE,FALSE,FALSE
Plot C,1-0,Plot C 1-0,2,April,June,28,NA,NA,Orbicella annularis,2026-04-03,2026-06-06,Plot_C_Coki_PlotC_Survivorship_20260403_1-0-Coki_PlotC_Survivorship_20260606_1-0.csv,1-0,dead,none,1,480,cm2,0.3625,0,3.625e-5,0,TRUE,FALSE,FALSE,TRUE,FALSE
Plot C,1-0,Plot C 1-0,2,April,June,29,NA,NA,Orbicella annularis,2026-04-03,2026-06-06,Plot_C_Coki_PlotC_Survivorship_20260403_1-0-Coki_PlotC_Survivorship_20260606_1-0.csv,1-0,grow,n/s,1,480,cm2,15.4375,16.5625,0.00154375,0.00165625,TRUE,TRUE,TRUE,FALSE,FALSE
Plot C,1-0,Plot C 1-0,2,April,June,3,NA,NA,Orbicella annularis,2026-04-03,2026-06-06,Plot_C_Coki_PlotC_Survivorship_20260403_1-0-Coki_PlotC_Survivorship_20260606_1-0.csv,1-0,grow,n/s,1,480,cm2,0.645,0.7325,6.45e-5,7.325e-5,TRUE,TRUE,TRUE,FALSE,FALSE
Plot C,1-0,Plot C 1-0,2,April,June,30,NA,NA,Porites porites,2026-04-03,2026-06-06,Plot_C_Coki_PlotC_Survivorship_20260403_1-0-Coki_PlotC_Survivorship_20260606_1-0.csv,1-0,shrink,n/s,1,480,cm2,10.035,9.1025,0.0010035,9.102499999999999e-4,TRUE,TRUE,TRUE,FALSE,FALSE
Plot C,1-0,Plot C 1-0,2,April,June,31,NA,NA,Montastraea cavernosa,2026-04-03,2026-06-06,Plot_C_Coki_PlotC_Survivorship_20260403_1-0-Coki_PlotC_Survivorship_20260606_1-0.csv,1-0,shrink,n/s,1,480,cm2,2.6275,1.975,2.6275e-4,1.975e-4,TRUE,TRUE,TRUE,FALSE,FALSE
Plot C,1-0,Plot C 1-0,2,April,June,32,NA,NA,Porites porites,2026-04-03,2026-06-06,Plot_C_Coki_PlotC_Survivorship_20260403_1-0-Coki_PlotC_Survivorship_20260606_1-0.csv,1-0,shrink,n/s,1,480,cm2,10.23,9.7025,0.001023,9.702500000000001e-4,TRUE,TRUE,TRUE,FALSE,FALSE
Plot C,1-0,Plot C 1-0,2,April,June,33,NA,NA,Orbicella annularis,2026-04-03,2026-06-06,Plot_C_Coki_PlotC_Survivorship_20260403_1-0-Coki_PlotC_Survivorship_20260606_1-0.csv,1-0,grow,n/s,1,480,cm2,12.8225,14.245,0.00128225,0.0014245,TRUE,TRUE,TRUE,FALSE,FALSE
Plot C,1-0,Plot C 1-0,2,April,June,34,NA,NA,Montastraea cavernosa,2026-04-03,2026-06-06,Plot_C_Coki_PlotC_Survivorship_20260403_1-0-Coki_PlotC_Survivorship_20260606_1-0.csv,1-0,shrink,n/s,1,480,cm2,4.0975,3.81,4.0975e-4,3.81e-4,TRUE,TRUE,TRUE,FALSE,FALSE
Plot C,1-0,Plot C 1-0,2,April,June,35,NA,NA,Montastraea cavernosa,2026-04-03,2026-06-06,Plot_C_Coki_PlotC_Survivorship_20260403_1-0-Coki_PlotC_Survivorship_20260606_1-0.csv,1-0,shrink,n/s,1,480,cm2,3.435,3.21,3.435e-4,3.21e-4,TRUE,TRUE,TRUE,FALSE,FALSE
Plot C,1-0,Plot C 1-0,2,April,June,36,NA,NA,Montastraea cavernosa,2026-04-03,2026-06-06,Plot_C_Coki_PlotC_Survivorship_20260403_1-0-Coki_PlotC_Survivorship_20260606_1-0.csv,1-0,same,n/s,1,480,cm2,3.495,3.4875,3.495e-4,3.4875e-4,TRUE,TRUE,TRUE,FALSE,FALSE
Plot C,1-0,Plot C 1-0,2,April,June,37,NA,NA,Montastraea cavernosa,2026-04-03,2026-06-06,Plot_C_Coki_PlotC_Survivorship_20260403_1-0-Coki_PlotC_Survivorship_20260606_1-0.csv,1-0,shrink,n/s,1,480,cm2,4.48,3.59,4.4800000000000005e-4,3.59e-4,TRUE,TRUE,TRUE,FALSE,FALSE
Plot C,1-0,Plot C 1-0,2,April,June,38,NA,NA,Montastraea cavernosa,2026-04-03,2026-06-06,Plot_C_Coki_PlotC_Survivorship_20260403_1-0-Coki_PlotC_Survivorship_20260606_1-0.csv,1-0,same,n/s,1,480,cm2,3.7575,3.6475,3.7575e-4,3.6475e-4,TRUE,TRUE,TRUE,FALSE,FALSE
Plot C,1-0,Plot C 1-0,2,April,June,39,NA,NA,Montastraea cavernosa,2026-04-03,2026-06-06,Plot_C_Coki_PlotC_Survivorship_20260403_1-0-Coki_PlotC_Survivorship_20260606_1-0.csv,1-0,shrink,n/s,1,480,cm2,3.565,3.2525,3.565e-4,3.2525e-4,TRUE,TRUE,TRUE,FALSE,FALSE
Plot C,1-0,Plot C 1-0,2,April,June,4,NA,NA,Orbicella annularis,2026-04-03,2026-06-06,Plot_C_Coki_PlotC_Survivorship_20260403_1-0-Coki_PlotC_Survivorship_20260606_1-0.csv,1-0,shrink,n/s,1,480,cm2,4.3575,3.84,4.3575e-4,3.84e-4,TRUE,TRUE,TRUE,FALSE,FALSE
Plot C,1-0,Plot C 1-0,2,April,June,40,NA,NA,Montastraea cavernosa,2026-04-03,2026-06-06,Plot_C_Coki_PlotC_Survivorship_20260403_1-0-Coki_PlotC_Survivorship_20260606_1-0.csv,1-0,dead,none,1,480,cm2,4.16,0,4.1600000000000003e-4,0,TRUE,FALSE,FALSE,TRUE,FALSE
Plot C,1-0,Plot C 1-0,2,April,June,41,NA,NA,Montastraea cavernosa,2026-04-03,2026-06-06,Plot_C_Coki_PlotC_Survivorship_20260403_1-0-Coki_PlotC_Survivorship_20260606_1-0.csv,1-0,same,n/s,1,480,cm2,3.63,3.6775,3.63e-4,3.6775e-4,TRUE,TRUE,TRUE,FALSE,FALSE
Plot C,1-0,Plot C 1-0,2,April,June,42,NA,NA,Montastraea cavernosa,2026-04-03,2026-06-06,Plot_C_Coki_PlotC_Survivorship_20260403_1-0-Coki_PlotC_Survivorship_20260606_1-0.csv,1-0,same,n/s,1,480,cm2,4.78,4.57,4.78e-4,4.5700000000000005e-4,TRUE,TRUE,TRUE,FALSE,FALSE
Plot C,1-0,Plot C 1-0,2,April,June,43,NA,NA,Montastraea cavernosa,2026-04-03,2026-06-06,Plot_C_Coki_PlotC_Survivorship_20260403_1-0-Coki_PlotC_Survivorship_20260606_1-0.csv,1-0,grow,n/s,1,480,cm2,4.94,5.3275,4.940000000000001e-4,5.3275e-4,TRUE,TRUE,TRUE,FALSE,FALSE
Plot C,1-0,Plot C 1-0,2,April,June,44,NA,NA,Montastraea cavernosa,2026-04-03,2026-06-06,Plot_C_Coki_PlotC_Survivorship_20260403_1-0-Coki_PlotC_Survivorship_20260606_1-0.csv,1-0,shrink,n/s,1,480,cm2,2.8075,2.14,2.8075e-4,2.1400000000000002e-4,TRUE,TRUE,TRUE,FALSE,FALSE
Plot C,1-0,Plot C 1-0,2,April,June,45,NA,NA,Montastraea cavernosa,2026-04-03,2026-06-06,Plot_C_Coki_PlotC_Survivorship_20260403_1-0-Coki_PlotC_Survivorship_20260606_1-0.csv,1-0,shrink,n/s,1,480,cm2,5.21,4.6775,5.21e-4,4.6775e-4,TRUE,TRUE,TRUE,FALSE,FALSE
Plot C,1-0,Plot C 1-0,2,April,June,46,NA,NA,Montastraea cavernosa,2026-04-03,2026-06-06,Plot_C_Coki_PlotC_Survivorship_20260403_1-0-Coki_PlotC_Survivorship_20260606_1-0.csv,1-0,same,n/s,1,480,cm2,4.09,4.27,4.0899999999999997e-4,4.2699999999999997e-4,TRUE,TRUE,TRUE,FALSE,FALSE
Plot C,1-0,Plot C 1-0,2,April,June,47,NA,NA,Montastraea cavernosa,2026-04-03,2026-06-06,Plot_C_Coki_PlotC_Survivorship_20260403_1-0-Coki_PlotC_Survivorship_20260606_1-0.csv,1-0,shrink,n/s,1,480,cm2,2.6325,1.985,2.6325e-4,1.985e-4,TRUE,TRUE,TRUE,FALSE,FALSE
Plot C,1-0,Plot C 1-0,2,April,June,48,NA,NA,Montastraea cavernosa,2026-04-03,2026-06-06,Plot_C_Coki_PlotC_Survivorship_20260403_1-0-Coki_PlotC_Survivorship_20260606_1-0.csv,1-0,shrink,n/s,1,480,cm2,3.885,3.2375,3.8849999999999996e-4,3.2375e-4,TRUE,TRUE,TRUE,FALSE,FALSE
Plot C,1-0,Plot C 1-0,2,April,June,49,NA,NA,Montastraea cavernosa,2026-04-03,2026-06-06,Plot_C_Coki_PlotC_Survivorship_20260403_1-0-Coki_PlotC_Survivorship_20260606_1-0.csv,1-0,shrink,n/s,1,480,cm2,2.5525,1.2175,2.5525e-4,1.2175e-4,TRUE,TRUE,TRUE,FALSE,FALSE
Plot C,1-0,Plot C 1-0,2,April,June,5,NA,NA,Orbicella annularis,2026-04-03,2026-06-06,Plot_C_Coki_PlotC_Survivorship_20260403_1-0-Coki_PlotC_Survivorship_20260606_1-0.csv,1-0,shrink,n/s,1,480,cm2,1.6225,0.4075,1.6225000000000001e-4,4.0749999999999994e-5,TRUE,TRUE,TRUE,FALSE,FALSE
Plot C,1-0,Plot C 1-0,2,April,June,50,NA,NA,Montastraea cavernosa,2026-04-03,2026-06-06,Plot_C_Coki_PlotC_Survivorship_20260403_1-0-Coki_PlotC_Survivorship_20260606_1-0.csv,1-0,shrink,n/s,1,480,cm2,3.73,2.3725,3.73e-4,2.3725e-4,TRUE,TRUE,TRUE,FALSE,FALSE
Plot C,1-0,Plot C 1-0,2,April,June,51,NA,NA,Montastraea cavernosa,2026-04-03,2026-06-06,Plot_C_Coki_PlotC_Survivorship_20260403_1-0-Coki_PlotC_Survivorship_20260606_1-0.csv,1-0,shrink,n/s,1,480,cm2,4.1825,2.92,4.1825e-4,2.92e-4,TRUE,TRUE,TRUE,FALSE,FALSE
Plot C,1-0,Plot C 1-0,2,April,June,52,NA,NA,Montastraea cavernosa,2026-04-03,2026-06-06,Plot_C_Coki_PlotC_Survivorship_20260403_1-0-Coki_PlotC_Survivorship_20260606_1-0.csv,1-0,grow,n/s,1,480,cm2,3.6775,4.2075,3.6775e-4,4.2074999999999995e-4,TRUE,TRUE,TRUE,FALSE,FALSE
Plot C,1-0,Plot C 1-0,2,April,June,53,NA,NA,Orbicella annularis,2026-04-03,2026-06-06,Plot_C_Coki_PlotC_Survivorship_20260403_1-0-Coki_PlotC_Survivorship_20260606_1-0.csv,1-0,same,n/s,1,480,cm2,31.035,31.69,0.0031035,0.003169,TRUE,TRUE,TRUE,FALSE,FALSE
Plot C,1-0,Plot C 1-0,2,April,June,54,NA,NA,Orbicella annularis,2026-04-03,2026-06-06,Plot_C_Coki_PlotC_Survivorship_20260403_1-0-Coki_PlotC_Survivorship_20260606_1-0.csv,1-0,shrink,n/s,1,480,cm2,26.9825,24.1475,0.00269825,0.0024147500000000002,TRUE,TRUE,TRUE,FALSE,FALSE
Plot C,1-0,Plot C 1-0,2,April,June,55,NA,NA,Orbicella franksi,2026-04-03,2026-06-06,Plot_C_Coki_PlotC_Survivorship_20260403_1-0-Coki_PlotC_Survivorship_20260606_1-0.csv,1-0,shrink,n/s,1,480,cm2,7.51,6.8,7.509999999999999e-4,6.799999999999999e-4,TRUE,TRUE,TRUE,FALSE,FALSE
Plot C,1-0,Plot C 1-0,2,April,June,56,NA,NA,Orbicella franksi,2026-04-03,2026-06-06,Plot_C_Coki_PlotC_Survivorship_20260403_1-0-Coki_PlotC_Survivorship_20260606_1-0.csv,1-0,same,n/s,1,480,cm2,4.9275,5.0525,4.9275e-4,5.052500000000001e-4,TRUE,TRUE,TRUE,FALSE,FALSE
Plot C,1-0,Plot C 1-0,2,April,June,57,NA,NA,Orbicella franksi,2026-04-03,2026-06-06,Plot_C_Coki_PlotC_Survivorship_20260403_1-0-Coki_PlotC_Survivorship_20260606_1-0.csv,1-0,shrink,n/s,1,480,cm2,5.935,3.37,5.935e-4,3.37e-4,TRUE,TRUE,TRUE,FALSE,FALSE
Plot C,1-0,Plot C 1-0,2,April,June,58,NA,NA,Orbicella franksi,2026-04-03,2026-06-06,Plot_C_Coki_PlotC_Survivorship_20260403_1-0-Coki_PlotC_Survivorship_20260606_1-0.csv,1-0,shrink,n/s,1,480,cm2,1.62,0.315,1.62e-4,3.15e-5,TRUE,TRUE,TRUE,FALSE,FALSE
Plot C,1-0,Plot C 1-0,2,April,June,59,NA,NA,Orbicella franksi,2026-04-03,2026-06-06,Plot_C_Coki_PlotC_Survivorship_20260403_1-0-Coki_PlotC_Survivorship_20260606_1-0.csv,1-0,shrink,n/s,1,480,cm2,7.6525,7.0575,7.6525e-4,7.0575e-4,TRUE,TRUE,TRUE,FALSE,FALSE
Plot C,1-0,Plot C 1-0,2,April,June,6,NA,NA,Orbicella annularis,2026-04-03,2026-06-06,Plot_C_Coki_PlotC_Survivorship_20260403_1-0-Coki_PlotC_Survivorship_20260606_1-0.csv,1-0,grow,n/s,1,480,cm2,1.53,2.025,1.53e-4,2.025e-4,TRUE,TRUE,TRUE,FALSE,FALSE
Plot C,1-0,Plot C 1-0,2,April,June,60,NA,NA,Orbicella franksi,2026-04-03,2026-06-06,Plot_C_Coki_PlotC_Survivorship_20260403_1-0-Coki_PlotC_Survivorship_20260606_1-0.csv,1-0,grow,n/s,1,480,cm2,1.7975,2.045,1.7975e-4,2.0449999999999998e-4,TRUE,TRUE,TRUE,FALSE,FALSE
Plot C,1-0,Plot C 1-0,2,April,June,61,NA,NA,Orbicella franksi,2026-04-03,2026-06-06,Plot_C_Coki_PlotC_Survivorship_20260403_1-0-Coki_PlotC_Survivorship_20260606_1-0.csv,1-0,shrink,n/s,1,480,cm2,3.1825,2.655,3.1825e-4,2.655e-4,TRUE,TRUE,TRUE,FALSE,FALSE
Plot C,1-0,Plot C 1-0,2,April,June,62,NA,NA,Orbicella franksi,2026-04-03,2026-06-06,Plot_C_Coki_PlotC_Survivorship_20260403_1-0-Coki_PlotC_Survivorship_20260606_1-0.csv,1-0,shrink,n/s,1,480,cm2,7.2375,5.7275,7.2375e-4,5.7275e-4,TRUE,TRUE,TRUE,FALSE,FALSE
Plot C,1-0,Plot C 1-0,2,April,June,63,NA,NA,Orbicella franksi,2026-04-03,2026-06-06,Plot_C_Coki_PlotC_Survivorship_20260403_1-0-Coki_PlotC_Survivorship_20260606_1-0.csv,1-0,shrink,n/s,1,480,cm2,7.7225,6.97,7.7225e-4,6.97e-4,TRUE,TRUE,TRUE,FALSE,FALSE
Plot C,1-0,Plot C 1-0,2,April,June,64,NA,NA,Orbicella franksi,2026-04-03,2026-06-06,Plot_C_Coki_PlotC_Survivorship_20260403_1-0-Coki_PlotC_Survivorship_20260606_1-0.csv,1-0,same,n/s,1,480,cm2,3.08,2.9675,3.08e-4,2.9675e-4,TRUE,TRUE,TRUE,FALSE,FALSE
Plot C,1-0,Plot C 1-0,2,April,June,65,NA,NA,Orbicella franksi,2026-04-03,2026-06-06,Plot_C_Coki_PlotC_Survivorship_20260403_1-0-Coki_PlotC_Survivorship_20260606_1-0.csv,1-0,shrink,n/s,1,480,cm2,5.63,3.4875,5.63e-4,3.4875e-4,TRUE,TRUE,TRUE,FALSE,FALSE
Plot C,1-0,Plot C 1-0,2,April,June,66,NA,NA,Orbicella franksi,2026-04-03,2026-06-06,Plot_C_Coki_PlotC_Survivorship_20260403_1-0-Coki_PlotC_Survivorship_20260606_1-0.csv,1-0,shrink,n/s,1,480,cm2,6.62,5.795,6.62e-4,5.795e-4,TRUE,TRUE,TRUE,FALSE,FALSE
Plot C,1-0,Plot C 1-0,2,April,June,67,NA,NA,Orbicella franksi,2026-04-03,2026-06-06,Plot_C_Coki_PlotC_Survivorship_20260403_1-0-Coki_PlotC_Survivorship_20260606_1-0.csv,1-0,shrink,n/s,1,480,cm2,6.955,5.5175,6.955e-4,5.5175e-4,TRUE,TRUE,TRUE,FALSE,FALSE
Plot C,1-0,Plot C 1-0,2,April,June,68,NA,NA,Orbicella franksi,2026-04-03,2026-06-06,Plot_C_Coki_PlotC_Survivorship_20260403_1-0-Coki_PlotC_Survivorship_20260606_1-0.csv,1-0,same,n/s,1,480,cm2,0.9475,0.9475,9.475e-5,9.475e-5,TRUE,TRUE,TRUE,FALSE,FALSE
Plot C,1-0,Plot C 1-0,2,April,June,69,NA,NA,Orbicella franksi,2026-04-03,2026-06-06,Plot_C_Coki_PlotC_Survivorship_20260403_1-0-Coki_PlotC_Survivorship_20260606_1-0.csv,1-0,shrink,n/s,1,480,cm2,6.3025,4.9325,6.302500000000001e-4,4.9325e-4,TRUE,TRUE,TRUE,FALSE,FALSE
Plot C,1-0,Plot C 1-0,2,April,June,7,NA,NA,Orbicella annularis,2026-04-03,2026-06-06,Plot_C_Coki_PlotC_Survivorship_20260403_1-0-Coki_PlotC_Survivorship_20260606_1-0.csv,1-0,shrink,n/s,1,480,cm2,1.335,0.9025,1.335e-4,9.025e-5,TRUE,TRUE,TRUE,FALSE,FALSE
Plot C,1-0,Plot C 1-0,2,April,June,70,NA,NA,Orbicella franksi,2026-04-03,2026-06-06,Plot_C_Coki_PlotC_Survivorship_20260403_1-0-Coki_PlotC_Survivorship_20260606_1-0.csv,1-0,shrink,n/s,1,480,cm2,5.0475,4.125,5.0475e-4,4.125e-4,TRUE,TRUE,TRUE,FALSE,FALSE
Plot C,1-0,Plot C 1-0,2,April,June,71,NA,NA,Orbicella franksi,2026-04-03,2026-06-06,Plot_C_Coki_PlotC_Survivorship_20260403_1-0-Coki_PlotC_Survivorship_20260606_1-0.csv,1-0,shrink,n/s,1,480,cm2,2.0275,1.8325,2.0275e-4,1.8325e-4,TRUE,TRUE,TRUE,FALSE,FALSE
Plot C,1-0,Plot C 1-0,2,April,June,72,NA,NA,Orbicella franksi,2026-04-03,2026-06-06,Plot_C_Coki_PlotC_Survivorship_20260403_1-0-Coki_PlotC_Survivorship_20260606_1-0.csv,1-0,shrink,n/s,1,480,cm2,2.9675,2.2925,2.9675e-4,2.2925e-4,TRUE,TRUE,TRUE,FALSE,FALSE
Plot C,1-0,Plot C 1-0,2,April,June,73,NA,NA,Orbicella franksi,2026-04-03,2026-06-06,Plot_C_Coki_PlotC_Survivorship_20260403_1-0-Coki_PlotC_Survivorship_20260606_1-0.csv,1-0,same,n/s,1,480,cm2,6.56,6.56,6.56e-4,6.56e-4,TRUE,TRUE,TRUE,FALSE,FALSE
Plot C,1-0,Plot C 1-0,2,April,June,74,NA,NA,Orbicella franksi,2026-04-03,2026-06-06,Plot_C_Coki_PlotC_Survivorship_20260403_1-0-Coki_PlotC_Survivorship_20260606_1-0.csv,1-0,same,n/s,1,480,cm2,3.6075,3.6075,3.6075e-4,3.6075e-4,TRUE,TRUE,TRUE,FALSE,FALSE
Plot C,1-0,Plot C 1-0,2,April,June,75,NA,NA,Orbicella franksi,2026-04-03,2026-06-06,Plot_C_Coki_PlotC_Survivorship_20260403_1-0-Coki_PlotC_Survivorship_20260606_1-0.csv,1-0,same,n/s,1,480,cm2,1.5425,1.5425,1.5425e-4,1.5425e-4,TRUE,TRUE,TRUE,FALSE,FALSE
Plot C,1-0,Plot C 1-0,2,April,June,76,NA,NA,Montastraea cavernosa,2026-04-03,2026-06-06,Plot_C_Coki_PlotC_Survivorship_20260403_1-0-Coki_PlotC_Survivorship_20260606_1-0.csv,1-0,shrink,n/s,1,480,cm2,1.92,1.075,1.92e-4,1.075e-4,TRUE,TRUE,TRUE,FALSE,FALSE
Plot C,1-0,Plot C 1-0,2,April,June,77,NA,NA,Montastraea cavernosa,2026-04-03,2026-06-06,Plot_C_Coki_PlotC_Survivorship_20260403_1-0-Coki_PlotC_Survivorship_20260606_1-0.csv,1-0,shrink,n/s,1,480,cm2,3.35,2.89,3.35e-4,2.8900000000000003e-4,TRUE,TRUE,TRUE,FALSE,FALSE
Plot C,1-0,Plot C 1-0,2,April,June,78,NA,NA,Montastraea cavernosa,2026-04-03,2026-06-06,Plot_C_Coki_PlotC_Survivorship_20260403_1-0-Coki_PlotC_Survivorship_20260606_1-0.csv,1-0,shrink,n/s,1,480,cm2,1.205,0.5275,1.205e-4,5.2749999999999995e-5,TRUE,TRUE,TRUE,FALSE,FALSE
Plot C,1-0,Plot C 1-0,2,April,June,79,NA,NA,Montastraea cavernosa,2026-04-03,2026-06-06,Plot_C_Coki_PlotC_Survivorship_20260403_1-0-Coki_PlotC_Survivorship_20260606_1-0.csv,1-0,shrink,n/s,1,480,cm2,1.9825,1.745,1.9825e-4,1.745e-4,TRUE,TRUE,TRUE,FALSE,FALSE
Plot C,1-0,Plot C 1-0,2,April,June,8,NA,NA,Orbicella annularis,2026-04-03,2026-06-06,Plot_C_Coki_PlotC_Survivorship_20260403_1-0-Coki_PlotC_Survivorship_20260606_1-0.csv,1-0,grow,n/s,1,480,cm2,1.5525,2.485,1.5525e-4,2.4849999999999997e-4,TRUE,TRUE,TRUE,FALSE,FALSE
Plot C,1-0,Plot C 1-0,2,April,June,80,NA,NA,Montastraea cavernosa,2026-04-03,2026-06-06,Plot_C_Coki_PlotC_Survivorship_20260403_1-0-Coki_PlotC_Survivorship_20260606_1-0.csv,1-0,shrink,n/s,1,480,cm2,3.4175,2.53,3.4175e-4,2.5299999999999997e-4,TRUE,TRUE,TRUE,FALSE,FALSE
Plot C,1-0,Plot C 1-0,2,April,June,81,NA,NA,Montastraea cavernosa,2026-04-03,2026-06-06,Plot_C_Coki_PlotC_Survivorship_20260403_1-0-Coki_PlotC_Survivorship_20260606_1-0.csv,1-0,shrink,n/s,1,480,cm2,3.2225,2.28,3.2225e-4,2.2799999999999999e-4,TRUE,TRUE,TRUE,FALSE,FALSE
Plot C,1-0,Plot C 1-0,2,April,June,82,NA,NA,Montastraea cavernosa,2026-04-03,2026-06-06,Plot_C_Coki_PlotC_Survivorship_20260403_1-0-Coki_PlotC_Survivorship_20260606_1-0.csv,1-0,shrink,n/s,1,480,cm2,3.5175,3.205,3.5175e-4,3.205e-4,TRUE,TRUE,TRUE,FALSE,FALSE
Plot C,1-0,Plot C 1-0,2,April,June,83,NA,NA,Montastraea cavernosa,2026-04-03,2026-06-06,Plot_C_Coki_PlotC_Survivorship_20260403_1-0-Coki_PlotC_Survivorship_20260606_1-0.csv,1-0,shrink,n/s,1,480,cm2,3.39,1.845,3.39e-4,1.8449999999999999e-4,TRUE,TRUE,TRUE,FALSE,FALSE
Plot C,1-0,Plot C 1-0,2,April,June,84,NA,NA,Montastraea cavernosa,2026-04-03,2026-06-06,Plot_C_Coki_PlotC_Survivorship_20260403_1-0-Coki_PlotC_Survivorship_20260606_1-0.csv,1-0,same,n/s,1,480,cm2,2.7925,2.7075,2.7925e-4,2.7075e-4,TRUE,TRUE,TRUE,FALSE,FALSE
Plot C,1-0,Plot C 1-0,2,April,June,85,NA,NA,Montastraea cavernosa,2026-04-03,2026-06-06,Plot_C_Coki_PlotC_Survivorship_20260403_1-0-Coki_PlotC_Survivorship_20260606_1-0.csv,1-0,shrink,n/s,1,480,cm2,3.015,1.645,3.015e-4,1.6450000000000001e-4,TRUE,TRUE,TRUE,FALSE,FALSE
Plot C,1-0,Plot C 1-0,2,April,June,86,NA,NA,Montastraea cavernosa,2026-04-03,2026-06-06,Plot_C_Coki_PlotC_Survivorship_20260403_1-0-Coki_PlotC_Survivorship_20260606_1-0.csv,1-0,shrink,n/s,1,480,cm2,2.3825,1.6825,2.3825e-4,1.6825000000000002e-4,TRUE,TRUE,TRUE,FALSE,FALSE
Plot C,1-0,Plot C 1-0,2,April,June,87,NA,NA,Montastraea cavernosa,2026-04-03,2026-06-06,Plot_C_Coki_PlotC_Survivorship_20260403_1-0-Coki_PlotC_Survivorship_20260606_1-0.csv,1-0,shrink,n/s,1,480,cm2,1.4675,1.06,1.4675e-4,1.06e-4,TRUE,TRUE,TRUE,FALSE,FALSE
Plot C,1-0,Plot C 1-0,2,April,June,88,NA,NA,Montastraea cavernosa,2026-04-03,2026-06-06,Plot_C_Coki_PlotC_Survivorship_20260403_1-0-Coki_PlotC_Survivorship_20260606_1-0.csv,1-0,same,n/s,1,480,cm2,3.685,3.82,3.685e-4,3.8199999999999996e-4,TRUE,TRUE,TRUE,FALSE,FALSE
Plot C,1-0,Plot C 1-0,2,April,June,89,NA,NA,Montastraea cavernosa,2026-04-03,2026-06-06,Plot_C_Coki_PlotC_Survivorship_20260403_1-0-Coki_PlotC_Survivorship_20260606_1-0.csv,1-0,shrink,n/s,1,480,cm2,2.6925,1.18,2.6925e-4,1.18e-4,TRUE,TRUE,TRUE,FALSE,FALSE
Plot C,1-0,Plot C 1-0,2,April,June,9,NA,NA,Orbicella annularis,2026-04-03,2026-06-06,Plot_C_Coki_PlotC_Survivorship_20260403_1-0-Coki_PlotC_Survivorship_20260606_1-0.csv,1-0,shrink,n/s,1,480,cm2,1.635,0.4825,1.635e-4,4.825e-5,TRUE,TRUE,TRUE,FALSE,FALSE
Plot C,1-0,Plot C 1-0,2,April,June,90,NA,NA,Montastraea cavernosa,2026-04-03,2026-06-06,Plot_C_Coki_PlotC_Survivorship_20260403_1-0-Coki_PlotC_Survivorship_20260606_1-0.csv,1-0,grow,n/s,1,480,cm2,2.5875,2.74,2.5875e-4,2.7400000000000005e-4,TRUE,TRUE,TRUE,FALSE,FALSE
Plot C,1-0,Plot C 1-0,2,April,June,91,NA,NA,Montastraea cavernosa,2026-04-03,2026-06-06,Plot_C_Coki_PlotC_Survivorship_20260403_1-0-Coki_PlotC_Survivorship_20260606_1-0.csv,1-0,shrink,n/s,1,480,cm2,2.5675,1.9825,2.5675e-4,1.9825e-4,TRUE,TRUE,TRUE,FALSE,FALSE
Plot C,1-0,Plot C 1-0,2,April,June,92,NA,NA,Montastraea cavernosa,2026-04-03,2026-06-06,Plot_C_Coki_PlotC_Survivorship_20260403_1-0-Coki_PlotC_Survivorship_20260606_1-0.csv,1-0,shrink,n/s,1,480,cm2,3.375,1.9425,3.375e-4,1.9424999999999998e-4,TRUE,TRUE,TRUE,FALSE,FALSE
Plot C,1-0,Plot C 1-0,2,April,June,93,NA,NA,Montastraea cavernosa,2026-04-03,2026-06-06,Plot_C_Coki_PlotC_Survivorship_20260403_1-0-Coki_PlotC_Survivorship_20260606_1-0.csv,1-0,shrink,n/s,1,480,cm2,3.96,3.5075,3.96e-4,3.5075e-4,TRUE,TRUE,TRUE,FALSE,FALSE
Plot C,1-0,Plot C 1-0,2,April,June,94,NA,NA,Montastraea cavernosa,2026-04-03,2026-06-06,Plot_C_Coki_PlotC_Survivorship_20260403_1-0-Coki_PlotC_Survivorship_20260606_1-0.csv,1-0,shrink,n/s,1,480,cm2,3.43,2.4675,3.43e-4,2.4675e-4,TRUE,TRUE,TRUE,FALSE,FALSE
Plot C,1-0,Plot C 1-0,2,April,June,95,NA,NA,Orbicella annularis,2026-04-03,2026-06-06,Plot_C_Coki_PlotC_Survivorship_20260403_1-0-Coki_PlotC_Survivorship_20260606_1-0.csv,1-0,shrink,n/s,1,480,cm2,14.115,10.605,0.0014115,0.0010605,TRUE,TRUE,TRUE,FALSE,FALSE
Plot C,1-0,Plot C 1-0,2,April,June,97,NA,NA,Orbicella franksi,2026-04-03,2026-06-06,Plot_C_Coki_PlotC_Survivorship_20260403_1-0-Coki_PlotC_Survivorship_20260606_1-0.csv,1-0,same,n/s,1,480,cm2,4.355,4.4575,4.3550000000000007e-4,4.4574999999999997e-4,TRUE,TRUE,TRUE,FALSE,FALSE
Plot C,1-0,Plot C 1-0,2,April,June,98,NA,NA,Orbicella franksi,2026-04-03,2026-06-06,Plot_C_Coki_PlotC_Survivorship_20260403_1-0-Coki_PlotC_Survivorship_20260606_1-0.csv,1-0,shrink,n/s,1,480,cm2,4.59,4.3525,4.59e-4,4.3525e-4,TRUE,TRUE,TRUE,FALSE,FALSE
Plot C,1-0,Plot C 1-0,2,April,June,99,NA,NA,Orbicella franksi,2026-04-03,2026-06-06,Plot_C_Coki_PlotC_Survivorship_20260403_1-0-Coki_PlotC_Survivorship_20260606_1-0.csv,1-0,grow,n/s,1,480,cm2,2.15,3.955,2.15e-4,3.955e-4,TRUE,TRUE,TRUE,FALSE,FALSE
Plot E,1-0,Plot E 1-0,1,May,June,10,NA,NA,Orbicella annularis,2025-05-07,2025-06-09,PlotC_1-0_Coki_PlotE_20250507_1-0-Coki_PlotE_20250609_1-0.csv,1-0,grow,n/s,1,480,cm2,1.2175,1.6375,1.2175e-4,1.6375e-4,TRUE,TRUE,TRUE,FALSE,FALSE
Plot E,1-0,Plot E 1-0,1,May,June,1022,NA,NA,Orbicella annularis,2025-05-07,2025-06-09,PlotC_1-0_Coki_PlotE_20250507_1-0-Coki_PlotE_20250609_1-0.csv,1-0,grow,n/s,1,480,cm2,3.2675,3.5475,3.2675e-4,3.5475e-4,TRUE,TRUE,TRUE,FALSE,FALSE
Plot E,1-0,Plot E 1-0,1,May,June,1023,NA,NA,Orbicella annularis,2025-05-07,2025-06-09,PlotC_1-0_Coki_PlotE_20250507_1-0-Coki_PlotE_20250609_1-0.csv,1-0,grow,n/s,1,480,cm2,5.06,5.4825,5.059999999999999e-4,5.4825e-4,TRUE,TRUE,TRUE,FALSE,FALSE
Plot E,1-0,Plot E 1-0,1,May,June,1037,NA,NA,Orbicella faveolata,2025-05-07,2025-06-09,PlotC_1-0_Coki_PlotE_20250507_1-0-Coki_PlotE_20250609_1-0.csv,1-0,same,n/s,1,480,cm2,7.7475,7.5525,7.747499999999999e-4,7.552500000000001e-4,TRUE,TRUE,TRUE,FALSE,FALSE
Plot E,1-0,Plot E 1-0,1,May,June,1040,NA,NA,Orbicella faveolata,2025-05-07,2025-06-09,PlotC_1-0_Coki_PlotE_20250507_1-0-Coki_PlotE_20250609_1-0.csv,1-0,grow,n/s,1,480,cm2,8.95,9.985,8.95e-4,9.985e-4,TRUE,TRUE,TRUE,FALSE,FALSE
Plot E,1-0,Plot E 1-0,1,May,June,1041,NA,NA,Orbicella faveolata,2025-05-07,2025-06-09,PlotC_1-0_Coki_PlotE_20250507_1-0-Coki_PlotE_20250609_1-0.csv,1-0,same,n/s,1,480,cm2,7.025,6.8725,7.025e-4,6.872499999999999e-4,TRUE,TRUE,TRUE,FALSE,FALSE
Plot E,1-0,Plot E 1-0,1,May,June,1087,NA,NA,Orbicella faveolata,2025-05-07,2025-06-09,PlotC_1-0_Coki_PlotE_20250507_1-0-Coki_PlotE_20250609_1-0.csv,1-0,grow,n/s,1,480,cm2,10.0075,11.455,0.0010007500000000001,0.0011455,TRUE,TRUE,TRUE,FALSE,FALSE
Plot E,1-0,Plot E 1-0,1,May,June,1090,NA,NA,Orbicella faveolata,2025-05-07,2025-06-09,PlotC_1-0_Coki_PlotE_20250507_1-0-Coki_PlotE_20250609_1-0.csv,1-0,grow,n/s,1,480,cm2,4.2925,5.055,4.2925000000000005e-4,5.055e-4,TRUE,TRUE,TRUE,FALSE,FALSE
Plot E,1-0,Plot E 1-0,1,May,June,1091,NA,NA,Orbicella faveolata,2025-05-07,2025-06-09,PlotC_1-0_Coki_PlotE_20250507_1-0-Coki_PlotE_20250609_1-0.csv,1-0,grow,n/s,1,480,cm2,5.3825,5.95,5.3825e-4,5.95e-4,TRUE,TRUE,TRUE,FALSE,FALSE
Plot E,1-0,Plot E 1-0,1,May,June,1092,NA,NA,Orbicella faveolata,2025-05-07,2025-06-09,PlotC_1-0_Coki_PlotE_20250507_1-0-Coki_PlotE_20250609_1-0.csv,1-0,grow,n/s,1,480,cm2,5.605,6.755,5.605e-4,6.755e-4,TRUE,TRUE,TRUE,FALSE,FALSE
Plot E,1-0,Plot E 1-0,1,May,June,1109,NA,NA,Acropora palmata,2025-05-07,2025-06-09,PlotC_1-0_Coki_PlotE_20250507_1-0-Coki_PlotE_20250609_1-0.csv,1-0,dead,none,1,480,cm2,35.045,0,0.0035045000000000002,0,TRUE,FALSE,FALSE,TRUE,FALSE
Plot E,1-0,Plot E 1-0,1,May,June,1111,NA,NA,Acropora palmata,2025-05-07,2025-06-09,PlotC_1-0_Coki_PlotE_20250507_1-0-Coki_PlotE_20250609_1-0.csv,1-0,dead,none,1,480,cm2,11.025,0,0.0011025,0,TRUE,FALSE,FALSE,TRUE,FALSE
Plot E,1-0,Plot E 1-0,1,May,June,1114,NA,NA,Acropora palmata,2025-05-07,2025-06-09,PlotC_1-0_Coki_PlotE_20250507_1-0-Coki_PlotE_20250609_1-0.csv,1-0,same,n/s,1,480,cm2,14.9075,14.36,0.00149075,0.001436,TRUE,TRUE,TRUE,FALSE,FALSE
Plot E,1-0,Plot E 1-0,1,May,June,1115,NA,NA,Acropora palmata,2025-05-07,2025-06-09,PlotC_1-0_Coki_PlotE_20250507_1-0-Coki_PlotE_20250609_1-0.csv,1-0,shrink,n/s,1,480,cm2,17.9125,13.9125,0.00179125,0.00139125,TRUE,TRUE,TRUE,FALSE,FALSE
Plot E,1-0,Plot E 1-0,1,May,June,1117,NA,NA,Acropora palmata,2025-05-07,2025-06-09,PlotC_1-0_Coki_PlotE_20250507_1-0-Coki_PlotE_20250609_1-0.csv,1-0,dead,none,1,480,cm2,11.3425,0,0.0011342499999999998,0,TRUE,FALSE,FALSE,TRUE,FALSE
Plot E,1-0,Plot E 1-0,1,May,June,1118,NA,NA,Orbicella faveolata,2025-05-07,2025-06-09,PlotC_1-0_Coki_PlotE_20250507_1-0-Coki_PlotE_20250609_1-0.csv,1-0,grow,n/s,1,480,cm2,3.5925,3.8275,3.5925e-4,3.8275e-4,TRUE,TRUE,TRUE,FALSE,FALSE
Plot E,1-0,Plot E 1-0,1,May,June,1120,NA,NA,Acropora palmata,2025-05-07,2025-06-09,PlotC_1-0_Coki_PlotE_20250507_1-0-Coki_PlotE_20250609_1-0.csv,1-0,dead,none,1,480,cm2,9.2525,0,9.2525e-4,0,TRUE,FALSE,FALSE,TRUE,FALSE
Plot E,1-0,Plot E 1-0,1,May,June,1122,NA,NA,Orbicella faveolata,2025-05-07,2025-06-09,PlotC_1-0_Coki_PlotE_20250507_1-0-Coki_PlotE_20250609_1-0.csv,1-0,grow,n/s,1,480,cm2,5.7625,6.3675,5.7625e-4,6.3675e-4,TRUE,TRUE,TRUE,FALSE,FALSE
Plot E,1-0,Plot E 1-0,1,May,June,1125,NA,NA,Acropora palmata,2025-05-07,2025-06-09,PlotC_1-0_Coki_PlotE_20250507_1-0-Coki_PlotE_20250609_1-0.csv,1-0,n/s,split,2,480,cm2,32.93,31.1325,0.003293,0.0031132499999999997,TRUE,TRUE,TRUE,FALSE,FALSE
Plot E,1-0,Plot E 1-0,1,May,June,1126,NA,NA,Orbicella faveolata,2025-05-07,2025-06-09,PlotC_1-0_Coki_PlotE_20250507_1-0-Coki_PlotE_20250609_1-0.csv,1-0,shrink,n/s,1,480,cm2,3.42,3.1825,3.42e-4,3.1825e-4,TRUE,TRUE,TRUE,FALSE,FALSE
Plot E,1-0,Plot E 1-0,1,May,June,1127,NA,NA,Acropora palmata,2025-05-07,2025-06-09,PlotC_1-0_Coki_PlotE_20250507_1-0-Coki_PlotE_20250609_1-0.csv,1-0,dead,none,1,480,cm2,16.4875,0,0.00164875,0,TRUE,FALSE,FALSE,TRUE,FALSE
Plot E,1-0,Plot E 1-0,1,May,June,1132,NA,NA,Acropora palmata,2025-05-07,2025-06-09,PlotC_1-0_Coki_PlotE_20250507_1-0-Coki_PlotE_20250609_1-0.csv,1-0,dead,none,1,480,cm2,12.7375,0,0.0012737500000000001,0,TRUE,FALSE,FALSE,TRUE,FALSE
Plot E,1-0,Plot E 1-0,1,May,June,1152,NA,NA,Orbicella faveolata,2025-05-07,2025-06-09,PlotC_1-0_Coki_PlotE_20250507_1-0-Coki_PlotE_20250609_1-0.csv,1-0,shrink,n/s,1,480,cm2,7.0625,6.6975,7.0625e-4,6.6975e-4,TRUE,TRUE,TRUE,FALSE,FALSE
Plot E,1-0,Plot E 1-0,1,May,June,1153,NA,NA,Orbicella faveolata,2025-05-07,2025-06-09,PlotC_1-0_Coki_PlotE_20250507_1-0-Coki_PlotE_20250609_1-0.csv,1-0,grow,n/s,1,480,cm2,4.14,4.5775,4.14e-4,4.5775e-4,TRUE,TRUE,TRUE,FALSE,FALSE
Plot E,1-0,Plot E 1-0,1,May,June,1154,NA,NA,Orbicella faveolata,2025-05-07,2025-06-09,PlotC_1-0_Coki_PlotE_20250507_1-0-Coki_PlotE_20250609_1-0.csv,1-0,same,n/s,1,480,cm2,4.215,4.055,4.215e-4,4.055e-4,TRUE,TRUE,TRUE,FALSE,FALSE
Plot E,1-0,Plot E 1-0,1,May,June,1158,NA,NA,Orbicella faveolata,2025-05-07,2025-06-09,PlotC_1-0_Coki_PlotE_20250507_1-0-Coki_PlotE_20250609_1-0.csv,1-0,shrink,n/s,1,480,cm2,4.4,4.0675,4.4e-4,4.0675e-4,TRUE,TRUE,TRUE,FALSE,FALSE
Plot E,1-0,Plot E 1-0,1,May,June,1159,NA,NA,Orbicella faveolata,2025-05-07,2025-06-09,PlotC_1-0_Coki_PlotE_20250507_1-0-Coki_PlotE_20250609_1-0.csv,1-0,shrink,n/s,1,480,cm2,5.935,5.39,5.935e-4,5.39e-4,TRUE,TRUE,TRUE,FALSE,FALSE
Plot E,1-0,Plot E 1-0,1,May,June,1161,NA,NA,Orbicella faveolata,2025-05-07,2025-06-09,PlotC_1-0_Coki_PlotE_20250507_1-0-Coki_PlotE_20250609_1-0.csv,1-0,grow,n/s,1,480,cm2,2.875,3.3275,2.875e-4,3.3275000000000004e-4,TRUE,TRUE,TRUE,FALSE,FALSE
Plot E,1-0,Plot E 1-0,1,May,June,1173,NA,NA,Orbicella annularis,2025-05-07,2025-06-09,PlotC_1-0_Coki_PlotE_20250507_1-0-Coki_PlotE_20250609_1-0.csv,1-0,grow,n/s,1,480,cm2,4.3075,4.9375,4.3075000000000003e-4,4.9375e-4,TRUE,TRUE,TRUE,FALSE,FALSE
Plot E,1-0,Plot E 1-0,1,May,June,1174,NA,NA,Orbicella annularis,2025-05-07,2025-06-09,PlotC_1-0_Coki_PlotE_20250507_1-0-Coki_PlotE_20250609_1-0.csv,1-0,grow,n/s,1,480,cm2,1.265,1.6575,1.2649999999999998e-4,1.6575e-4,TRUE,TRUE,TRUE,FALSE,FALSE
Plot E,1-0,Plot E 1-0,1,May,June,1176,NA,NA,Orbicella annularis,2025-05-07,2025-06-09,PlotC_1-0_Coki_PlotE_20250507_1-0-Coki_PlotE_20250609_1-0.csv,1-0,shrink,n/s,1,480,cm2,3.51,3.015,3.5099999999999997e-4,3.015e-4,TRUE,TRUE,TRUE,FALSE,FALSE
Plot E,1-0,Plot E 1-0,1,May,June,1177,NA,NA,Orbicella annularis,2025-05-07,2025-06-09,PlotC_1-0_Coki_PlotE_20250507_1-0-Coki_PlotE_20250609_1-0.csv,1-0,grow; n/s,fuse; n/s,3,480,cm2,17.380000000000003,19.7175,0.001738,0.00197175,TRUE,TRUE,TRUE,FALSE,FALSE
Plot E,1-0,Plot E 1-0,1,May,June,1178,NA,NA,Orbicella annularis,2025-05-07,2025-06-09,PlotC_1-0_Coki_PlotE_20250507_1-0-Coki_PlotE_20250609_1-0.csv,1-0,same,n/s,1,480,cm2,2.36,2.28,2.36e-4,2.2799999999999999e-4,TRUE,TRUE,TRUE,FALSE,FALSE
Plot E,1-0,Plot E 1-0,1,May,June,1179,NA,NA,Orbicella annularis,2025-05-07,2025-06-09,PlotC_1-0_Coki_PlotE_20250507_1-0-Coki_PlotE_20250609_1-0.csv,1-0,same,n/s,1,480,cm2,0.6225,0.64,6.225000000000001e-5,6.4e-5,TRUE,TRUE,TRUE,FALSE,FALSE
Plot E,1-0,Plot E 1-0,1,May,June,1180,NA,NA,Orbicella annularis,2025-05-07,2025-06-09,PlotC_1-0_Coki_PlotE_20250507_1-0-Coki_PlotE_20250609_1-0.csv,1-0,grow; shrink,n/s,2,480,cm2,1.1925,1.1375,1.1925e-4,1.1375e-4,TRUE,TRUE,TRUE,FALSE,FALSE
Plot E,1-0,Plot E 1-0,1,May,June,1209,NA,NA,Acropora cervicornis,2025-05-07,2025-06-09,PlotC_1-0_Coki_PlotE_20250507_1-0-Coki_PlotE_20250609_1-0.csv,1-0,grow,n/s,1,480,cm2,6.4,8.1975,6.4e-4,8.1975e-4,TRUE,TRUE,TRUE,FALSE,FALSE
Plot E,1-0,Plot E 1-0,1,May,June,1210,NA,NA,Acropora cervicornis,2025-05-07,2025-06-09,PlotC_1-0_Coki_PlotE_20250507_1-0-Coki_PlotE_20250609_1-0.csv,1-0,grow,n/s,1,480,cm2,6.535,7.4525,6.535e-4,7.452499999999999e-4,TRUE,TRUE,TRUE,FALSE,FALSE
Plot E,1-0,Plot E 1-0,1,May,June,1211,NA,NA,Acropora cervicornis,2025-05-07,2025-06-09,PlotC_1-0_Coki_PlotE_20250507_1-0-Coki_PlotE_20250609_1-0.csv,1-0,grow,n/s,1,480,cm2,6.4075,7.185,6.407499999999999e-4,7.185e-4,TRUE,TRUE,TRUE,FALSE,FALSE
Plot E,1-0,Plot E 1-0,1,May,June,1212,NA,NA,Acropora cervicornis,2025-05-07,2025-06-09,PlotC_1-0_Coki_PlotE_20250507_1-0-Coki_PlotE_20250609_1-0.csv,1-0,grow,n/s,2,480,cm2,13.002500000000001,15.7075,0.00130025,0.00157075,TRUE,TRUE,TRUE,FALSE,FALSE
Plot E,1-0,Plot E 1-0,1,May,June,1213,NA,NA,Acropora cervicornis,2025-05-07,2025-06-09,PlotC_1-0_Coki_PlotE_20250507_1-0-Coki_PlotE_20250609_1-0.csv,1-0,grow,n/s,1,480,cm2,8.06,10.0775,8.060000000000001e-4,0.00100775,TRUE,TRUE,TRUE,FALSE,FALSE
Plot E,1-0,Plot E 1-0,1,May,June,1214,NA,NA,Acropora cervicornis,2025-05-07,2025-06-09,PlotC_1-0_Coki_PlotE_20250507_1-0-Coki_PlotE_20250609_1-0.csv,1-0,same,n/s,1,480,cm2,5.2725,5.2925,5.2725e-4,5.2925e-4,TRUE,TRUE,TRUE,FALSE,FALSE
Plot E,1-0,Plot E 1-0,1,May,June,1217,NA,NA,Orbicella faveolata,2025-05-07,2025-06-09,PlotC_1-0_Coki_PlotE_20250507_1-0-Coki_PlotE_20250609_1-0.csv,1-0,grow,n/s,1,480,cm2,6.0175,6.815,6.0175e-4,6.815e-4,TRUE,TRUE,TRUE,FALSE,FALSE
Plot E,1-0,Plot E 1-0,1,May,June,1223,NA,NA,Orbicella faveolata,2025-05-07,2025-06-09,PlotC_1-0_Coki_PlotE_20250507_1-0-Coki_PlotE_20250609_1-0.csv,1-0,grow,n/s,1,480,cm2,5.9575,7.1075,5.957499999999999e-4,7.1075e-4,TRUE,TRUE,TRUE,FALSE,FALSE
Plot E,1-0,Plot E 1-0,1,May,June,1224,NA,NA,Orbicella faveolata,2025-05-07,2025-06-09,PlotC_1-0_Coki_PlotE_20250507_1-0-Coki_PlotE_20250609_1-0.csv,1-0,shrink,n/s,1,480,cm2,7.5325,6.485,7.5325e-4,6.485e-4,TRUE,TRUE,TRUE,FALSE,FALSE
Plot E,1-0,Plot E 1-0,1,May,June,2115,NA,NA,Orbicella annularis,2025-05-07,2025-06-09,PlotC_1-0_Coki_PlotE_20250507_1-0-Coki_PlotE_20250609_1-0.csv,1-0,born,n/s,1,480,cm2,0,7.1825,0,7.1825e-4,FALSE,TRUE,FALSE,FALSE,TRUE
Plot E,1-0,Plot E 1-0,1,May,June,2117,NA,NA,Orbicella annularis,2025-05-07,2025-06-09,PlotC_1-0_Coki_PlotE_20250507_1-0-Coki_PlotE_20250609_1-0.csv,1-0,born,none,1,480,cm2,0,2.4225,0,2.4224999999999998e-4,FALSE,TRUE,FALSE,FALSE,TRUE
Plot E,1-0,Plot E 1-0,1,May,June,2118,NA,NA,Orbicella annularis,2025-05-07,2025-06-09,PlotC_1-0_Coki_PlotE_20250507_1-0-Coki_PlotE_20250609_1-0.csv,1-0,born,none,1,480,cm2,0,2.3975,0,2.3975e-4,FALSE,TRUE,FALSE,FALSE,TRUE
Plot E,1-0,Plot E 1-0,1,May,June,221,NA,NA,Orbicella annularis,2025-05-07,2025-06-09,PlotC_1-0_Coki_PlotE_20250507_1-0-Coki_PlotE_20250609_1-0.csv,1-0,same,n/s,1,480,cm2,26.775,27.825,0.0026774999999999998,0.0027825,TRUE,TRUE,TRUE,FALSE,FALSE
Plot E,1-0,Plot E 1-0,1,May,June,224,NA,NA,Orbicella annularis,2025-05-07,2025-06-09,PlotC_1-0_Coki_PlotE_20250507_1-0-Coki_PlotE_20250609_1-0.csv,1-0,n/s; same,fuse; n/s,3,480,cm2,68.70750000000001,74.555,0.00687075,0.0074555,TRUE,TRUE,TRUE,FALSE,FALSE
Plot E,1-0,Plot E 1-0,1,May,June,261,NA,NA,Orbicella annularis,2025-05-07,2025-06-09,PlotC_1-0_Coki_PlotE_20250507_1-0-Coki_PlotE_20250609_1-0.csv,1-0,shrink,n/s,1,480,cm2,76.59,59.105,0.007659,0.0059105,TRUE,TRUE,TRUE,FALSE,FALSE
Plot E,1-0,Plot E 1-0,1,May,June,262,NA,NA,Orbicella annularis,2025-05-07,2025-06-09,PlotC_1-0_Coki_PlotE_20250507_1-0-Coki_PlotE_20250609_1-0.csv,1-0,shrink,n/s,1,480,cm2,2.8425,1.93,2.8425e-4,1.93e-4,TRUE,TRUE,TRUE,FALSE,FALSE
Plot E,1-0,Plot E 1-0,1,May,June,344,NA,NA,Orbicella annularis,2025-05-07,2025-06-09,PlotC_1-0_Coki_PlotE_20250507_1-0-Coki_PlotE_20250609_1-0.csv,1-0,grow,n/s,1,480,cm2,75.3825,79.2,0.007538249999999999,0.00792,TRUE,TRUE,TRUE,FALSE,FALSE
Plot E,1-0,Plot E 1-0,1,May,June,349,NA,NA,Orbicella annularis,2025-05-07,2025-06-09,PlotC_1-0_Coki_PlotE_20250507_1-0-Coki_PlotE_20250609_1-0.csv,1-0,n/s,fuse,2,480,cm2,55.125,57.32,0.0055125,0.005732,TRUE,TRUE,TRUE,FALSE,FALSE
Plot E,1-0,Plot E 1-0,1,May,June,351,NA,NA,Orbicella annularis,2025-05-07,2025-06-09,PlotC_1-0_Coki_PlotE_20250507_1-0-Coki_PlotE_20250609_1-0.csv,1-0,grow,n/s,1,480,cm2,1.1575,1.4025,1.1575e-4,1.4025000000000002e-4,TRUE,TRUE,TRUE,FALSE,FALSE
Plot E,1-0,Plot E 1-0,1,May,June,354,NA,NA,Orbicella annularis,2025-05-07,2025-06-09,PlotC_1-0_Coki_PlotE_20250507_1-0-Coki_PlotE_20250609_1-0.csv,1-0,same,n/s,1,480,cm2,1.545,1.4975,1.545e-4,1.4975e-4,TRUE,TRUE,TRUE,FALSE,FALSE
Plot E,1-0,Plot E 1-0,1,May,June,365,NA,NA,Orbicella annularis,2025-05-07,2025-06-09,PlotC_1-0_Coki_PlotE_20250507_1-0-Coki_PlotE_20250609_1-0.csv,1-0,grow,n/s,1,480,cm2,0.93,1.1625,9.300000000000001e-5,1.1625e-4,TRUE,TRUE,TRUE,FALSE,FALSE
Plot E,1-0,Plot E 1-0,1,May,June,367,NA,NA,Orbicella annularis,2025-05-07,2025-06-09,PlotC_1-0_Coki_PlotE_20250507_1-0-Coki_PlotE_20250609_1-0.csv,1-0,grow,n/s,1,480,cm2,22.8025,24.8675,0.0022802499999999997,0.00248675,TRUE,TRUE,TRUE,FALSE,FALSE
Plot E,1-0,Plot E 1-0,1,May,June,368,NA,NA,Orbicella annularis,2025-05-07,2025-06-09,PlotC_1-0_Coki_PlotE_20250507_1-0-Coki_PlotE_20250609_1-0.csv,1-0,grow,n/s,1,480,cm2,8.92,9.79,8.92e-4,9.789999999999998e-4,TRUE,TRUE,TRUE,FALSE,FALSE
Plot E,1-0,Plot E 1-0,1,May,June,373,NA,NA,Orbicella annularis,2025-05-07,2025-06-09,PlotC_1-0_Coki_PlotE_20250507_1-0-Coki_PlotE_20250609_1-0.csv,1-0,grow,n/s,1,480,cm2,1.8525,2.09,1.8525e-4,2.0899999999999998e-4,TRUE,TRUE,TRUE,FALSE,FALSE
Plot E,1-0,Plot E 1-0,1,May,June,375,NA,NA,Orbicella annularis,2025-05-07,2025-06-09,PlotC_1-0_Coki_PlotE_20250507_1-0-Coki_PlotE_20250609_1-0.csv,1-0,grow,n/s,1,480,cm2,4.585,5.1725,4.585e-4,5.1725e-4,TRUE,TRUE,TRUE,FALSE,FALSE
Plot E,1-0,Plot E 1-0,1,May,June,382,NA,NA,Orbicella annularis,2025-05-07,2025-06-09,PlotC_1-0_Coki_PlotE_20250507_1-0-Coki_PlotE_20250609_1-0.csv,1-0,grow,n/s,1,480,cm2,2.23,2.505,2.23e-4,2.5049999999999996e-4,TRUE,TRUE,TRUE,FALSE,FALSE
Plot E,1-0,Plot E 1-0,1,May,June,4,NA,NA,Orbicella annularis,2025-05-07,2025-06-09,PlotC_1-0_Coki_PlotE_20250507_1-0-Coki_PlotE_20250609_1-0.csv,1-0,grow,n/s,1,480,cm2,3.345,3.84,3.345e-4,3.84e-4,TRUE,TRUE,TRUE,FALSE,FALSE
Plot E,1-0,Plot E 1-0,1,May,June,405,NA,NA,Orbicella franksi,2025-05-07,2025-06-09,PlotC_1-0_Coki_PlotE_20250507_1-0-Coki_PlotE_20250609_1-0.csv,1-0,grow; same,n/s,5,480,cm2,32.0875,35.51,0.0032087500000000002,0.003551,TRUE,TRUE,TRUE,FALSE,FALSE
Plot E,1-0,Plot E 1-0,1,May,June,409,NA,NA,Orbicella franksi,2025-05-07,2025-06-09,PlotC_1-0_Coki_PlotE_20250507_1-0-Coki_PlotE_20250609_1-0.csv,1-0,n/s,fuse,2,480,cm2,15.912500000000001,18.35,0.0015912500000000002,0.001835,TRUE,TRUE,TRUE,FALSE,FALSE
Plot E,1-0,Plot E 1-0,1,May,June,412,NA,NA,Orbicella franksi,2025-05-07,2025-06-09,PlotC_1-0_Coki_PlotE_20250507_1-0-Coki_PlotE_20250609_1-0.csv,1-0,grow,n/s,2,480,cm2,12.98,13.912500000000001,0.0012980000000000001,0.0013912500000000001,TRUE,TRUE,TRUE,FALSE,FALSE
Plot E,1-0,Plot E 1-0,1,May,June,413,NA,NA,Orbicella franksi,2025-05-07,2025-06-09,PlotC_1-0_Coki_PlotE_20250507_1-0-Coki_PlotE_20250609_1-0.csv,1-0,grow,n/s,1,480,cm2,6,6.5275,6e-4,6.5275e-4,TRUE,TRUE,TRUE,FALSE,FALSE
Plot E,1-0,Plot E 1-0,1,May,June,449,NA,NA,Orbicella annularis,2025-05-07,2025-06-09,PlotC_1-0_Coki_PlotE_20250507_1-0-Coki_PlotE_20250609_1-0.csv,1-0,n/s,fuse,2,480,cm2,29.75,31.3525,0.0029749999999999998,0.00313525,TRUE,TRUE,TRUE,FALSE,FALSE
Plot E,1-0,Plot E 1-0,1,May,June,458,NA,NA,Orbicella annularis,2025-05-07,2025-06-09,PlotC_1-0_Coki_PlotE_20250507_1-0-Coki_PlotE_20250609_1-0.csv,1-0,dead,none,1,480,cm2,0.32,0,3.2e-5,0,TRUE,FALSE,FALSE,TRUE,FALSE
Plot E,1-0,Plot E 1-0,1,May,June,47,NA,NA,Orbicella annularis,2025-05-07,2025-06-09,PlotC_1-0_Coki_PlotE_20250507_1-0-Coki_PlotE_20250609_1-0.csv,1-0,grow,n/s,1,480,cm2,1.4275,1.7075,1.4275e-4,1.7075e-4,TRUE,TRUE,TRUE,FALSE,FALSE
Plot E,1-0,Plot E 1-0,1,May,June,470,NA,NA,Orbicella franksi,2025-05-07,2025-06-09,PlotC_1-0_Coki_PlotE_20250507_1-0-Coki_PlotE_20250609_1-0.csv,1-0,same,n/s,1,480,cm2,4.7725,4.7875,4.7724999999999997e-4,4.7874999999999995e-4,TRUE,TRUE,TRUE,FALSE,FALSE
Plot E,1-0,Plot E 1-0,1,May,June,475,NA,NA,Orbicella franksi,2025-05-07,2025-06-09,PlotC_1-0_Coki_PlotE_20250507_1-0-Coki_PlotE_20250609_1-0.csv,1-0,grow,n/s,1,480,cm2,3.81,4.915,3.81e-4,4.915e-4,TRUE,TRUE,TRUE,FALSE,FALSE
Plot E,1-0,Plot E 1-0,1,May,June,476,NA,NA,Orbicella franksi,2025-05-07,2025-06-09,PlotC_1-0_Coki_PlotE_20250507_1-0-Coki_PlotE_20250609_1-0.csv,1-0,grow,n/s,1,480,cm2,5.6125,6.1,5.6125e-4,6.1e-4,TRUE,TRUE,TRUE,FALSE,FALSE
Plot E,1-0,Plot E 1-0,1,May,June,478,NA,NA,Orbicella franksi,2025-05-07,2025-06-09,PlotC_1-0_Coki_PlotE_20250507_1-0-Coki_PlotE_20250609_1-0.csv,1-0,n/s,fuse,2,480,cm2,8.0325,9.4775,8.0325e-4,9.477499999999999e-4,TRUE,TRUE,TRUE,FALSE,FALSE
Plot E,1-0,Plot E 1-0,1,May,June,481,NA,NA,Orbicella franksi,2025-05-07,2025-06-09,PlotC_1-0_Coki_PlotE_20250507_1-0-Coki_PlotE_20250609_1-0.csv,1-0,grow,n/s,1,480,cm2,4.7,5.4325,4.7000000000000004e-4,5.4325e-4,TRUE,TRUE,TRUE,FALSE,FALSE
Plot E,1-0,Plot E 1-0,1,May,June,483,NA,NA,Orbicella franksi,2025-05-07,2025-06-09,PlotC_1-0_Coki_PlotE_20250507_1-0-Coki_PlotE_20250609_1-0.csv,1-0,same,n/s,1,480,cm2,4.6325,4.755,4.6325e-4,4.755e-4,TRUE,TRUE,TRUE,FALSE,FALSE
Plot E,1-0,Plot E 1-0,1,May,June,485,NA,NA,Orbicella franksi,2025-05-07,2025-06-09,PlotC_1-0_Coki_PlotE_20250507_1-0-Coki_PlotE_20250609_1-0.csv,1-0,grow,n/s,1,480,cm2,6.325,6.745,6.325e-4,6.745e-4,TRUE,TRUE,TRUE,FALSE,FALSE
Plot E,1-0,Plot E 1-0,1,May,June,488,NA,NA,Orbicella franksi,2025-05-07,2025-06-09,PlotC_1-0_Coki_PlotE_20250507_1-0-Coki_PlotE_20250609_1-0.csv,1-0,grow,n/s,1,480,cm2,5.365,6.185,5.365e-4,6.184999999999999e-4,TRUE,TRUE,TRUE,FALSE,FALSE
Plot E,1-0,Plot E 1-0,1,May,June,489,NA,NA,Orbicella franksi,2025-05-07,2025-06-09,PlotC_1-0_Coki_PlotE_20250507_1-0-Coki_PlotE_20250609_1-0.csv,1-0,same,n/s,1,480,cm2,5.4825,5.6,5.4825e-4,5.6e-4,TRUE,TRUE,TRUE,FALSE,FALSE
Plot E,1-0,Plot E 1-0,1,May,June,5,NA,NA,Orbicella annularis,2025-05-07,2025-06-09,PlotC_1-0_Coki_PlotE_20250507_1-0-Coki_PlotE_20250609_1-0.csv,1-0,grow,n/s,1,480,cm2,1.9875,2.295,1.9875e-4,2.295e-4,TRUE,TRUE,TRUE,FALSE,FALSE
Plot E,1-0,Plot E 1-0,1,May,June,50,NA,NA,Orbicella annularis,2025-05-07,2025-06-09,PlotC_1-0_Coki_PlotE_20250507_1-0-Coki_PlotE_20250609_1-0.csv,1-0,grow,n/s,3,480,cm2,10.6075,12.0175,0.00106075,0.0012017500000000001,TRUE,TRUE,TRUE,FALSE,FALSE
Plot E,1-0,Plot E 1-0,1,May,June,51,NA,NA,Orbicella annularis,2025-05-07,2025-06-09,PlotC_1-0_Coki_PlotE_20250507_1-0-Coki_PlotE_20250609_1-0.csv,1-0,grow,n/s,1,480,cm2,2.3975,2.605,2.3975e-4,2.605e-4,TRUE,TRUE,TRUE,FALSE,FALSE
Plot E,1-0,Plot E 1-0,1,May,June,515,NA,NA,Orbicella annularis,2025-05-07,2025-06-09,PlotC_1-0_Coki_PlotE_20250507_1-0-Coki_PlotE_20250609_1-0.csv,1-0,same,n/s,1,480,cm2,18.9025,18.9025,0.00189025,0.00189025,TRUE,TRUE,TRUE,FALSE,FALSE
Plot E,1-0,Plot E 1-0,1,May,June,517,NA,NA,Orbicella annularis,2025-05-07,2025-06-09,PlotC_1-0_Coki_PlotE_20250507_1-0-Coki_PlotE_20250609_1-0.csv,1-0,same,n/s,1,480,cm2,19.19,19.19,0.0019190000000000001,0.0019190000000000001,TRUE,TRUE,TRUE,FALSE,FALSE
Plot E,1-0,Plot E 1-0,1,May,June,519,NA,NA,Orbicella annularis,2025-05-07,2025-06-09,PlotC_1-0_Coki_PlotE_20250507_1-0-Coki_PlotE_20250609_1-0.csv,1-0,same,n/s,1,480,cm2,0.34,0.34,3.4e-5,3.4e-5,TRUE,TRUE,TRUE,FALSE,FALSE
Plot E,1-0,Plot E 1-0,1,May,June,52,NA,NA,Orbicella annularis,2025-05-07,2025-06-09,PlotC_1-0_Coki_PlotE_20250507_1-0-Coki_PlotE_20250609_1-0.csv,1-0,grow,n/s,1,480,cm2,4.88,5.17,4.88e-4,5.17e-4,TRUE,TRUE,TRUE,FALSE,FALSE
Plot E,1-0,Plot E 1-0,1,May,June,520,NA,NA,Orbicella annularis,2025-05-07,2025-06-09,PlotC_1-0_Coki_PlotE_20250507_1-0-Coki_PlotE_20250609_1-0.csv,1-0,same,n/s,1,480,cm2,4.2325,4.2325,4.2325e-4,4.2325e-4,TRUE,TRUE,TRUE,FALSE,FALSE
Plot E,1-0,Plot E 1-0,1,May,June,523,NA,NA,Orbicella annularis,2025-05-07,2025-06-09,PlotC_1-0_Coki_PlotE_20250507_1-0-Coki_PlotE_20250609_1-0.csv,1-0,dead,none,1,480,cm2,2.3425,0,2.3424999999999997e-4,0,TRUE,FALSE,FALSE,TRUE,FALSE
Plot E,1-0,Plot E 1-0,1,May,June,524,NA,NA,Orbicella annularis,2025-05-07,2025-06-09,PlotC_1-0_Coki_PlotE_20250507_1-0-Coki_PlotE_20250609_1-0.csv,1-0,same,n/s,1,480,cm2,7.38,7.38,7.379999999999999e-4,7.379999999999999e-4,TRUE,TRUE,TRUE,FALSE,FALSE
Plot E,1-0,Plot E 1-0,1,May,June,53,NA,NA,Orbicella annularis,2025-05-07,2025-06-09,PlotC_1-0_Coki_PlotE_20250507_1-0-Coki_PlotE_20250609_1-0.csv,1-0,grow,n/s,1,480,cm2,3.2125,3.4025,3.2125e-4,3.4025e-4,TRUE,TRUE,TRUE,FALSE,FALSE
Plot E,1-0,Plot E 1-0,1,May,June,531,NA,NA,Orbicella annularis,2025-05-07,2025-06-09,PlotC_1-0_Coki_PlotE_20250507_1-0-Coki_PlotE_20250609_1-0.csv,1-0,same,n/s,1,480,cm2,1.19,1.2075,1.1899999999999999e-4,1.2075000000000001e-4,TRUE,TRUE,TRUE,FALSE,FALSE
Plot E,1-0,Plot E 1-0,1,May,June,532,NA,NA,Orbicella annularis,2025-05-07,2025-06-09,PlotC_1-0_Coki_PlotE_20250507_1-0-Coki_PlotE_20250609_1-0.csv,1-0,grow; same,n/s,5,480,cm2,35.06999999999999,34.92999999999999,0.0035069999999999997,0.003493,TRUE,TRUE,TRUE,FALSE,FALSE
Plot E,1-0,Plot E 1-0,1,May,June,533,NA,NA,Orbicella annularis,2025-05-07,2025-06-09,PlotC_1-0_Coki_PlotE_20250507_1-0-Coki_PlotE_20250609_1-0.csv,1-0,grow,n/s,1,480,cm2,2.5775,2.885,2.5775e-4,2.8849999999999997e-4,TRUE,TRUE,TRUE,FALSE,FALSE
Plot E,1-0,Plot E 1-0,1,May,June,535,NA,NA,Orbicella annularis,2025-05-07,2025-06-09,PlotC_1-0_Coki_PlotE_20250507_1-0-Coki_PlotE_20250609_1-0.csv,1-0,grow,n/s,1,480,cm2,4.875,5.53,4.875e-4,5.53e-4,TRUE,TRUE,TRUE,FALSE,FALSE
Plot E,1-0,Plot E 1-0,1,May,June,54,NA,NA,Orbicella annularis,2025-05-07,2025-06-09,PlotC_1-0_Coki_PlotE_20250507_1-0-Coki_PlotE_20250609_1-0.csv,1-0,same,n/s,1,480,cm2,3.98,4,3.98e-4,4e-4,TRUE,TRUE,TRUE,FALSE,FALSE
Plot E,1-0,Plot E 1-0,1,May,June,540,NA,NA,Orbicella annularis,2025-05-07,2025-06-09,PlotC_1-0_Coki_PlotE_20250507_1-0-Coki_PlotE_20250609_1-0.csv,1-0,shrink,n/s,1,480,cm2,3.9575,3.5775,3.9575e-4,3.5775e-4,TRUE,TRUE,TRUE,FALSE,FALSE
Plot E,1-0,Plot E 1-0,1,May,June,55,NA,NA,Orbicella annularis,2025-05-07,2025-06-09,PlotC_1-0_Coki_PlotE_20250507_1-0-Coki_PlotE_20250609_1-0.csv,1-0,grow,n/s,1,480,cm2,2.29,2.555,2.29e-4,2.5550000000000003e-4,TRUE,TRUE,TRUE,FALSE,FALSE
Plot E,1-0,Plot E 1-0,1,May,June,56,NA,NA,Orbicella annularis,2025-05-07,2025-06-09,PlotC_1-0_Coki_PlotE_20250507_1-0-Coki_PlotE_20250609_1-0.csv,1-0,grow,n/s,1,480,cm2,0.29,0.3325,2.8999999999999997e-5,3.325e-5,TRUE,TRUE,TRUE,FALSE,FALSE
Plot E,1-0,Plot E 1-0,1,May,June,561,NA,NA,Orbicella annularis,2025-05-07,2025-06-09,PlotC_1-0_Coki_PlotE_20250507_1-0-Coki_PlotE_20250609_1-0.csv,1-0,grow,n/s,1,480,cm2,0.33,0.3525,3.3e-5,3.5249999999999996e-5,TRUE,TRUE,TRUE,FALSE,FALSE
Plot E,1-0,Plot E 1-0,1,May,June,562,NA,NA,Orbicella annularis,2025-05-07,2025-06-09,PlotC_1-0_Coki_PlotE_20250507_1-0-Coki_PlotE_20250609_1-0.csv,1-0,grow,n/s,1,480,cm2,0.955,1.1675,9.549999999999999e-5,1.1674999999999999e-4,TRUE,TRUE,TRUE,FALSE,FALSE
Plot E,1-0,Plot E 1-0,1,May,June,563,NA,NA,Orbicella annularis,2025-05-07,2025-06-09,PlotC_1-0_Coki_PlotE_20250507_1-0-Coki_PlotE_20250609_1-0.csv,1-0,dead,none,1,480,cm2,0.4025,0,4.025e-5,0,TRUE,FALSE,FALSE,TRUE,FALSE
Plot E,1-0,Plot E 1-0,1,May,June,564,NA,NA,Orbicella annularis,2025-05-07,2025-06-09,PlotC_1-0_Coki_PlotE_20250507_1-0-Coki_PlotE_20250609_1-0.csv,1-0,grow,n/s,2,480,cm2,0.4175,0.57,4.175e-5,5.7e-5,TRUE,TRUE,TRUE,FALSE,FALSE
Plot E,1-0,Plot E 1-0,1,May,June,565,NA,NA,Orbicella annularis,2025-05-07,2025-06-09,PlotC_1-0_Coki_PlotE_20250507_1-0-Coki_PlotE_20250609_1-0.csv,1-0,grow,n/s,1,480,cm2,0.685,1.02,6.850000000000001e-5,1.02e-4,TRUE,TRUE,TRUE,FALSE,FALSE
Plot E,1-0,Plot E 1-0,1,May,June,566,NA,NA,Orbicella annularis,2025-05-07,2025-06-09,PlotC_1-0_Coki_PlotE_20250507_1-0-Coki_PlotE_20250609_1-0.csv,1-0,grow; same,n/s,2,480,cm2,1.755,1.975,1.7549999999999998e-4,1.975e-4,TRUE,TRUE,TRUE,FALSE,FALSE
Plot E,1-0,Plot E 1-0,1,May,June,567,NA,NA,Orbicella annularis,2025-05-07,2025-06-09,PlotC_1-0_Coki_PlotE_20250507_1-0-Coki_PlotE_20250609_1-0.csv,1-0,grow,n/s,1,480,cm2,0.555,0.705,5.550000000000001e-5,7.049999999999999e-5,TRUE,TRUE,TRUE,FALSE,FALSE
Plot E,1-0,Plot E 1-0,1,May,June,568,NA,NA,Orbicella annularis,2025-05-07,2025-06-09,PlotC_1-0_Coki_PlotE_20250507_1-0-Coki_PlotE_20250609_1-0.csv,1-0,grow,n/s,1,480,cm2,0.575,0.6125,5.7499999999999995e-5,6.125e-5,TRUE,TRUE,TRUE,FALSE,FALSE
Plot E,1-0,Plot E 1-0,1,May,June,57,NA,NA,Orbicella annularis,2025-05-07,2025-06-09,PlotC_1-0_Coki_PlotE_20250507_1-0-Coki_PlotE_20250609_1-0.csv,1-0,grow,n/s,1,480,cm2,0.78,0.8325,7.8e-5,8.325e-5,TRUE,TRUE,TRUE,FALSE,FALSE
Plot E,1-0,Plot E 1-0,1,May,June,570,NA,NA,Orbicella annularis,2025-05-07,2025-06-09,PlotC_1-0_Coki_PlotE_20250507_1-0-Coki_PlotE_20250609_1-0.csv,1-0,grow,n/s,1,480,cm2,0.4475,0.515,4.4750000000000004e-5,5.15e-5,TRUE,TRUE,TRUE,FALSE,FALSE
Plot E,1-0,Plot E 1-0,1,May,June,571,NA,NA,Orbicella annularis,2025-05-07,2025-06-09,PlotC_1-0_Coki_PlotE_20250507_1-0-Coki_PlotE_20250609_1-0.csv,1-0,grow,n/s,1,480,cm2,1.16,1.55,1.1599999999999999e-4,1.55e-4,TRUE,TRUE,TRUE,FALSE,FALSE
Plot E,1-0,Plot E 1-0,1,May,June,573,NA,NA,Orbicella annularis,2025-05-07,2025-06-09,PlotC_1-0_Coki_PlotE_20250507_1-0-Coki_PlotE_20250609_1-0.csv,1-0,grow,n/s,1,480,cm2,0.5075,0.59,5.0749999999999994e-5,5.9e-5,TRUE,TRUE,TRUE,FALSE,FALSE
Plot E,1-0,Plot E 1-0,1,May,June,575,NA,NA,Orbicella annularis,2025-05-07,2025-06-09,PlotC_1-0_Coki_PlotE_20250507_1-0-Coki_PlotE_20250609_1-0.csv,1-0,same,n/s,1,480,cm2,0.8675,0.8875,8.675000000000001e-5,8.874999999999999e-5,TRUE,TRUE,TRUE,FALSE,FALSE
Plot E,1-0,Plot E 1-0,1,May,June,577,NA,NA,Orbicella annularis,2025-05-07,2025-06-09,PlotC_1-0_Coki_PlotE_20250507_1-0-Coki_PlotE_20250609_1-0.csv,1-0,grow,n/s,1,480,cm2,1.0625,1.5975,1.0625e-4,1.5974999999999998e-4,TRUE,TRUE,TRUE,FALSE,FALSE
Plot E,1-0,Plot E 1-0,1,May,June,579,NA,NA,Orbicella annularis,2025-05-07,2025-06-09,PlotC_1-0_Coki_PlotE_20250507_1-0-Coki_PlotE_20250609_1-0.csv,1-0,grow,n/s,1,480,cm2,0.6775,1.57,6.775e-5,1.57e-4,TRUE,TRUE,TRUE,FALSE,FALSE
Plot E,1-0,Plot E 1-0,1,May,June,580,NA,NA,Orbicella annularis,2025-05-07,2025-06-09,PlotC_1-0_Coki_PlotE_20250507_1-0-Coki_PlotE_20250609_1-0.csv,1-0,n/s,fuse,2,480,cm2,1.22,1.29,1.2200000000000001e-4,1.29e-4,TRUE,TRUE,TRUE,FALSE,FALSE
Plot E,1-0,Plot E 1-0,1,May,June,582,NA,NA,Orbicella annularis,2025-05-07,2025-06-09,PlotC_1-0_Coki_PlotE_20250507_1-0-Coki_PlotE_20250609_1-0.csv,1-0,grow; n/s,fuse; n/s,3,480,cm2,4.9525,6.4575,4.9525e-4,6.457500000000001e-4,TRUE,TRUE,TRUE,FALSE,FALSE
Plot E,1-0,Plot E 1-0,1,May,June,583,NA,NA,Orbicella annularis,2025-05-07,2025-06-09,PlotC_1-0_Coki_PlotE_20250507_1-0-Coki_PlotE_20250609_1-0.csv,1-0,grow,n/s,1,480,cm2,0.675,0.895,6.75e-5,8.950000000000001e-5,TRUE,TRUE,TRUE,FALSE,FALSE
Plot E,1-0,Plot E 1-0,1,May,June,584,NA,NA,Orbicella annularis,2025-05-07,2025-06-09,PlotC_1-0_Coki_PlotE_20250507_1-0-Coki_PlotE_20250609_1-0.csv,1-0,grow,n/s,1,480,cm2,1.0175,1.125,1.0175e-4,1.125e-4,TRUE,TRUE,TRUE,FALSE,FALSE
Plot E,1-0,Plot E 1-0,1,May,June,585,NA,NA,Orbicella annularis,2025-05-07,2025-06-09,PlotC_1-0_Coki_PlotE_20250507_1-0-Coki_PlotE_20250609_1-0.csv,1-0,grow; n/s,fuse; n/s,4,480,cm2,4.445,5.640000000000001,4.445e-4,5.64e-4,TRUE,TRUE,TRUE,FALSE,FALSE
Plot E,1-0,Plot E 1-0,1,May,June,586,NA,NA,Orbicella annularis,2025-05-07,2025-06-09,PlotC_1-0_Coki_PlotE_20250507_1-0-Coki_PlotE_20250609_1-0.csv,1-0,grow,n/s,1,480,cm2,1.15,1.445,1.1499999999999999e-4,1.4450000000000002e-4,TRUE,TRUE,TRUE,FALSE,FALSE
Plot E,1-0,Plot E 1-0,1,May,June,589,NA,NA,Orbicella franksi,2025-05-07,2025-06-09,PlotC_1-0_Coki_PlotE_20250507_1-0-Coki_PlotE_20250609_1-0.csv,1-0,n/s; same,fuse; n/s,5,480,cm2,36.08,31.47,0.0036079999999999997,0.003147,TRUE,TRUE,TRUE,FALSE,FALSE
Plot E,1-0,Plot E 1-0,1,May,June,590,NA,NA,Orbicella annularis,2025-05-07,2025-06-09,PlotC_1-0_Coki_PlotE_20250507_1-0-Coki_PlotE_20250609_1-0.csv,1-0,grow,n/s,1,480,cm2,0.675,0.95,6.75e-5,9.499999999999999e-5,TRUE,TRUE,TRUE,FALSE,FALSE
Plot E,1-0,Plot E 1-0,1,May,June,591,NA,NA,Orbicella franksi,2025-05-07,2025-06-09,PlotC_1-0_Coki_PlotE_20250507_1-0-Coki_PlotE_20250609_1-0.csv,1-0,same,n/s,1,480,cm2,7.42,7.7125,7.42e-4,7.7125e-4,TRUE,TRUE,TRUE,FALSE,FALSE
Plot E,1-0,Plot E 1-0,1,May,June,593,NA,NA,Orbicella franksi,2025-05-07,2025-06-09,PlotC_1-0_Coki_PlotE_20250507_1-0-Coki_PlotE_20250609_1-0.csv,1-0,grow,n/s,1,480,cm2,4.5575,5.915,4.5575e-4,5.915e-4,TRUE,TRUE,TRUE,FALSE,FALSE
Plot E,1-0,Plot E 1-0,1,May,June,595,NA,NA,Orbicella franksi,2025-05-07,2025-06-09,PlotC_1-0_Coki_PlotE_20250507_1-0-Coki_PlotE_20250609_1-0.csv,1-0,born; shrink,n/s; none,2,480,cm2,5.855,12.5125,5.855000000000001e-4,0.00125125,TRUE,TRUE,TRUE,FALSE,FALSE
Plot E,1-0,Plot E 1-0,1,May,June,596,NA,NA,Orbicella franksi,2025-05-07,2025-06-09,PlotC_1-0_Coki_PlotE_20250507_1-0-Coki_PlotE_20250609_1-0.csv,1-0,grow,n/s,1,480,cm2,6.39,7.4175,6.389999999999999e-4,7.4175e-4,TRUE,TRUE,TRUE,FALSE,FALSE
Plot E,1-0,Plot E 1-0,1,May,June,598,NA,NA,Orbicella franksi,2025-05-07,2025-06-09,PlotC_1-0_Coki_PlotE_20250507_1-0-Coki_PlotE_20250609_1-0.csv,1-0,grow,n/s,1,480,cm2,6.68,7.17,6.68e-4,7.17e-4,TRUE,TRUE,TRUE,FALSE,FALSE
Plot E,1-0,Plot E 1-0,1,May,June,6,NA,NA,Orbicella annularis,2025-05-07,2025-06-09,PlotC_1-0_Coki_PlotE_20250507_1-0-Coki_PlotE_20250609_1-0.csv,1-0,same,n/s,1,480,cm2,2.195,2.26,2.195e-4,2.26e-4,TRUE,TRUE,TRUE,FALSE,FALSE
Plot E,1-0,Plot E 1-0,1,May,June,614,NA,NA,Orbicella annularis,2025-05-07,2025-06-09,PlotC_1-0_Coki_PlotE_20250507_1-0-Coki_PlotE_20250609_1-0.csv,1-0,grow,n/s,1,480,cm2,64.1575,70.095,0.00641575,0.0070095,TRUE,TRUE,TRUE,FALSE,FALSE
Plot E,1-0,Plot E 1-0,1,May,June,617,NA,NA,Orbicella annularis,2025-05-07,2025-06-09,PlotC_1-0_Coki_PlotE_20250507_1-0-Coki_PlotE_20250609_1-0.csv,1-0,shrink,n/s,1,480,cm2,0.26,0.2125,2.6000000000000002e-5,2.1249999999999998e-5,TRUE,TRUE,TRUE,FALSE,FALSE
Plot E,1-0,Plot E 1-0,1,May,June,674,NA,NA,Acropora palmata,2025-05-07,2025-06-09,PlotC_1-0_Coki_PlotE_20250507_1-0-Coki_PlotE_20250609_1-0.csv,1-0,same,n/s,1,480,cm2,14.3075,14.3075,0.00143075,0.00143075,TRUE,TRUE,TRUE,FALSE,FALSE
Plot E,1-0,Plot E 1-0,1,May,June,676,NA,NA,Acropora palmata,2025-05-07,2025-06-09,PlotC_1-0_Coki_PlotE_20250507_1-0-Coki_PlotE_20250609_1-0.csv,1-0,same,n/s,1,480,cm2,10.355,10.355,0.0010355,0.0010355,TRUE,TRUE,TRUE,FALSE,FALSE
Plot E,1-0,Plot E 1-0,1,May,June,677,NA,NA,Acropora palmata,2025-05-07,2025-06-09,PlotC_1-0_Coki_PlotE_20250507_1-0-Coki_PlotE_20250609_1-0.csv,1-0,same,n/s,1,480,cm2,21.435,21.435,0.0021435,0.0021435,TRUE,TRUE,TRUE,FALSE,FALSE
Plot E,1-0,Plot E 1-0,1,May,June,680,NA,NA,Acropora palmata,2025-05-07,2025-06-09,PlotC_1-0_Coki_PlotE_20250507_1-0-Coki_PlotE_20250609_1-0.csv,1-0,same,n/s,1,480,cm2,12.7,12.7,0.0012699999999999999,0.0012699999999999999,TRUE,TRUE,TRUE,FALSE,FALSE
Plot E,1-0,Plot E 1-0,1,May,June,683,NA,NA,Acropora palmata,2025-05-07,2025-06-09,PlotC_1-0_Coki_PlotE_20250507_1-0-Coki_PlotE_20250609_1-0.csv,1-0,same,n/s,1,480,cm2,13.795,13.795,0.0013795,0.0013795,TRUE,TRUE,TRUE,FALSE,FALSE
Plot E,1-0,Plot E 1-0,1,May,June,685,NA,NA,Orbicella franksi,2025-05-07,2025-06-09,PlotC_1-0_Coki_PlotE_20250507_1-0-Coki_PlotE_20250609_1-0.csv,1-0,same,n/s,1,480,cm2,5.12,5.13,5.12e-4,5.13e-4,TRUE,TRUE,TRUE,FALSE,FALSE
Plot E,1-0,Plot E 1-0,1,May,June,686,NA,NA,Orbicella franksi,2025-05-07,2025-06-09,PlotC_1-0_Coki_PlotE_20250507_1-0-Coki_PlotE_20250609_1-0.csv,1-0,shrink,n/s,1,480,cm2,4.575,4.1925,4.575e-4,4.1924999999999997e-4,TRUE,TRUE,TRUE,FALSE,FALSE
Plot E,1-0,Plot E 1-0,1,May,June,687,NA,NA,Orbicella franksi,2025-05-07,2025-06-09,PlotC_1-0_Coki_PlotE_20250507_1-0-Coki_PlotE_20250609_1-0.csv,1-0,same,n/s,1,480,cm2,6.9375,6.955,6.9375e-4,6.955e-4,TRUE,TRUE,TRUE,FALSE,FALSE
Plot E,1-0,Plot E 1-0,1,May,June,688,NA,NA,Orbicella franksi,2025-05-07,2025-06-09,PlotC_1-0_Coki_PlotE_20250507_1-0-Coki_PlotE_20250609_1-0.csv,1-0,n/s,fuse,3,480,cm2,21.775,23.9375,0.0021775,0.00239375,TRUE,TRUE,TRUE,FALSE,FALSE
Plot E,1-0,Plot E 1-0,1,May,June,689,NA,NA,Orbicella franksi,2025-05-07,2025-06-09,PlotC_1-0_Coki_PlotE_20250507_1-0-Coki_PlotE_20250609_1-0.csv,1-0,grow,n/s,2,480,cm2,13.1375,14.870000000000001,0.00131375,0.001487,TRUE,TRUE,TRUE,FALSE,FALSE
Plot E,1-0,Plot E 1-0,1,May,June,691,NA,NA,Orbicella franksi,2025-05-07,2025-06-09,PlotC_1-0_Coki_PlotE_20250507_1-0-Coki_PlotE_20250609_1-0.csv,1-0,grow; same,n/s,3,480,cm2,17.7825,18.875,0.0017782499999999999,0.0018875,TRUE,TRUE,TRUE,FALSE,FALSE
Plot E,1-0,Plot E 1-0,1,May,June,692,NA,NA,Orbicella franksi,2025-05-07,2025-06-09,PlotC_1-0_Coki_PlotE_20250507_1-0-Coki_PlotE_20250609_1-0.csv,1-0,grow,n/s,1,480,cm2,3.685,3.945,3.685e-4,3.945e-4,TRUE,TRUE,TRUE,FALSE,FALSE
Plot E,1-0,Plot E 1-0,1,May,June,693,NA,NA,Orbicella franksi,2025-05-07,2025-06-09,PlotC_1-0_Coki_PlotE_20250507_1-0-Coki_PlotE_20250609_1-0.csv,1-0,same; shrink,n/s,2,480,cm2,12.18,11.635,0.001218,0.0011635,TRUE,TRUE,TRUE,FALSE,FALSE
Plot E,1-0,Plot E 1-0,1,May,June,694,NA,NA,Orbicella franksi,2025-05-07,2025-06-09,PlotC_1-0_Coki_PlotE_20250507_1-0-Coki_PlotE_20250609_1-0.csv,1-0,shrink,n/s,1,480,cm2,3.3475,3.0575,3.3475000000000003e-4,3.0575000000000003e-4,TRUE,TRUE,TRUE,FALSE,FALSE
Plot E,1-0,Plot E 1-0,1,May,June,697,NA,NA,Orbicella franksi,2025-05-07,2025-06-09,PlotC_1-0_Coki_PlotE_20250507_1-0-Coki_PlotE_20250609_1-0.csv,1-0,grow,n/s,1,480,cm2,5.98,6.475,5.98e-4,6.475e-4,TRUE,TRUE,TRUE,FALSE,FALSE
Plot E,1-0,Plot E 1-0,1,May,June,698,NA,NA,Orbicella franksi,2025-05-07,2025-06-09,PlotC_1-0_Coki_PlotE_20250507_1-0-Coki_PlotE_20250609_1-0.csv,1-0,grow,n/s,1,480,cm2,3.695,3.9275,3.695e-4,3.9275000000000003e-4,TRUE,TRUE,TRUE,FALSE,FALSE
Plot E,1-0,Plot E 1-0,1,May,June,699,NA,NA,Orbicella franksi,2025-05-07,2025-06-09,PlotC_1-0_Coki_PlotE_20250507_1-0-Coki_PlotE_20250609_1-0.csv,1-0,same,n/s,1,480,cm2,5.7675,5.91,5.7675e-4,5.91e-4,TRUE,TRUE,TRUE,FALSE,FALSE
Plot E,1-0,Plot E 1-0,1,May,June,7,NA,NA,Orbicella annularis,2025-05-07,2025-06-09,PlotC_1-0_Coki_PlotE_20250507_1-0-Coki_PlotE_20250609_1-0.csv,1-0,same,n/s,1,480,cm2,2.2525,2.265,2.2525e-4,2.265e-4,TRUE,TRUE,TRUE,FALSE,FALSE
Plot E,1-0,Plot E 1-0,1,May,June,700,NA,NA,Orbicella franksi,2025-05-07,2025-06-09,PlotC_1-0_Coki_PlotE_20250507_1-0-Coki_PlotE_20250609_1-0.csv,1-0,grow,n/s,1,480,cm2,7.765,8.505,7.765e-4,8.505000000000001e-4,TRUE,TRUE,TRUE,FALSE,FALSE
Plot E,1-0,Plot E 1-0,1,May,June,727,NA,NA,Acropora palmata,2025-05-07,2025-06-09,PlotC_1-0_Coki_PlotE_20250507_1-0-Coki_PlotE_20250609_1-0.csv,1-0,dead,none,1,480,cm2,12.3675,0,0.00123675,0,TRUE,FALSE,FALSE,TRUE,FALSE
Plot E,1-0,Plot E 1-0,1,May,June,730,NA,NA,Acropora palmata,2025-05-07,2025-06-09,PlotC_1-0_Coki_PlotE_20250507_1-0-Coki_PlotE_20250609_1-0.csv,1-0,grow,n/s,1,480,cm2,13.2525,16.9775,0.00132525,0.0016977499999999998,TRUE,TRUE,TRUE,FALSE,FALSE
Plot E,1-0,Plot E 1-0,1,May,June,732,NA,NA,Acropora palmata,2025-05-07,2025-06-09,PlotC_1-0_Coki_PlotE_20250507_1-0-Coki_PlotE_20250609_1-0.csv,1-0,dead,none,1,480,cm2,11.3875,0,0.00113875,0,TRUE,FALSE,FALSE,TRUE,FALSE
Plot E,1-0,Plot E 1-0,1,May,June,733,NA,NA,Acropora palmata,2025-05-07,2025-06-09,PlotC_1-0_Coki_PlotE_20250507_1-0-Coki_PlotE_20250609_1-0.csv,1-0,dead,none,1,480,cm2,12.9875,0,0.00129875,0,TRUE,FALSE,FALSE,TRUE,FALSE
Plot E,1-0,Plot E 1-0,1,May,June,737,NA,NA,Acropora palmata,2025-05-07,2025-06-09,PlotC_1-0_Coki_PlotE_20250507_1-0-Coki_PlotE_20250609_1-0.csv,1-0,dead,none,1,480,cm2,17.8025,0,0.00178025,0,TRUE,FALSE,FALSE,TRUE,FALSE
Plot E,1-0,Plot E 1-0,1,May,June,738,NA,NA,Acropora palmata,2025-05-07,2025-06-09,PlotC_1-0_Coki_PlotE_20250507_1-0-Coki_PlotE_20250609_1-0.csv,1-0,shrink,n/s,1,480,cm2,10.59,9.4475,0.001059,9.4475e-4,TRUE,TRUE,TRUE,FALSE,FALSE
Plot E,1-0,Plot E 1-0,1,May,June,740,NA,NA,Acropora palmata,2025-05-07,2025-06-09,PlotC_1-0_Coki_PlotE_20250507_1-0-Coki_PlotE_20250609_1-0.csv,1-0,dead,none,1,480,cm2,18.47,0,0.001847,0,TRUE,FALSE,FALSE,TRUE,FALSE
Plot E,1-0,Plot E 1-0,1,May,June,742,NA,NA,Acropora palmata,2025-05-07,2025-06-09,PlotC_1-0_Coki_PlotE_20250507_1-0-Coki_PlotE_20250609_1-0.csv,1-0,dead,none,1,480,cm2,10.745,0,0.0010745,0,TRUE,FALSE,FALSE,TRUE,FALSE
Plot E,1-0,Plot E 1-0,1,May,June,745,NA,NA,Orbicella faveolata,2025-05-07,2025-06-09,PlotC_1-0_Coki_PlotE_20250507_1-0-Coki_PlotE_20250609_1-0.csv,1-0,same,n/s,1,480,cm2,4.4175,4.3475,4.4175000000000003e-4,4.3475e-4,TRUE,TRUE,TRUE,FALSE,FALSE
Plot E,1-0,Plot E 1-0,1,May,June,746,NA,NA,Orbicella faveolata,2025-05-07,2025-06-09,PlotC_1-0_Coki_PlotE_20250507_1-0-Coki_PlotE_20250609_1-0.csv,1-0,same,n/s,1,480,cm2,5.3775,5.235,5.3775e-4,5.235e-4,TRUE,TRUE,TRUE,FALSE,FALSE
Plot E,1-0,Plot E 1-0,1,May,June,748,NA,NA,Orbicella faveolata,2025-05-07,2025-06-09,PlotC_1-0_Coki_PlotE_20250507_1-0-Coki_PlotE_20250609_1-0.csv,1-0,grow,n/s,1,480,cm2,5.7525,6.6475,5.7525e-4,6.6475e-4,TRUE,TRUE,TRUE,FALSE,FALSE
Plot E,1-0,Plot E 1-0,1,May,June,749,NA,NA,Acropora palmata,2025-05-07,2025-06-09,PlotC_1-0_Coki_PlotE_20250507_1-0-Coki_PlotE_20250609_1-0.csv,1-0,dead,none,1,480,cm2,8.6125,0,8.6125e-4,0,TRUE,FALSE,FALSE,TRUE,FALSE
Plot E,1-0,Plot E 1-0,1,May,June,753,NA,NA,Acropora palmata,2025-05-07,2025-06-09,PlotC_1-0_Coki_PlotE_20250507_1-0-Coki_PlotE_20250609_1-0.csv,1-0,shrink,n/s,1,480,cm2,19.755,14.3375,0.0019755,0.0014337500000000001,TRUE,TRUE,TRUE,FALSE,FALSE
Plot E,1-0,Plot E 1-0,1,May,June,754,NA,NA,Acropora palmata,2025-05-07,2025-06-09,PlotC_1-0_Coki_PlotE_20250507_1-0-Coki_PlotE_20250609_1-0.csv,1-0,dead,none,1,480,cm2,16.5075,0,0.00165075,0,TRUE,FALSE,FALSE,TRUE,FALSE
Plot E,1-0,Plot E 1-0,1,May,June,755,NA,NA,Orbicella faveolata,2025-05-07,2025-06-09,PlotC_1-0_Coki_PlotE_20250507_1-0-Coki_PlotE_20250609_1-0.csv,1-0,grow; same,n/s,2,480,cm2,14.995000000000001,15.835,0.0014995,0.0015835,TRUE,TRUE,TRUE,FALSE,FALSE
Plot E,1-0,Plot E 1-0,1,May,June,757,NA,NA,Orbicella faveolata,2025-05-07,2025-06-09,PlotC_1-0_Coki_PlotE_20250507_1-0-Coki_PlotE_20250609_1-0.csv,1-0,grow,n/s,1,480,cm2,7.6575,8.305,7.657499999999999e-4,8.305e-4,TRUE,TRUE,TRUE,FALSE,FALSE
Plot E,1-0,Plot E 1-0,1,May,June,759,NA,NA,Acropora palmata,2025-05-07,2025-06-09,PlotC_1-0_Coki_PlotE_20250507_1-0-Coki_PlotE_20250609_1-0.csv,1-0,dead,none,1,480,cm2,9.605,0,9.605000000000001e-4,0,TRUE,FALSE,FALSE,TRUE,FALSE
Plot E,1-0,Plot E 1-0,1,May,June,760,NA,NA,Acropora palmata,2025-05-07,2025-06-09,PlotC_1-0_Coki_PlotE_20250507_1-0-Coki_PlotE_20250609_1-0.csv,1-0,dead,none,1,480,cm2,14.3475,0,0.00143475,0,TRUE,FALSE,FALSE,TRUE,FALSE
Plot E,1-0,Plot E 1-0,1,May,June,762,NA,NA,Orbicella faveolata,2025-05-07,2025-06-09,PlotC_1-0_Coki_PlotE_20250507_1-0-Coki_PlotE_20250609_1-0.csv,1-0,grow; same,n/s,3,480,cm2,22.317500000000003,23.395,0.0022317500000000002,0.0023395,TRUE,TRUE,TRUE,FALSE,FALSE
Plot E,1-0,Plot E 1-0,1,May,June,764,NA,NA,Acropora palmata,2025-05-07,2025-06-09,PlotC_1-0_Coki_PlotE_20250507_1-0-Coki_PlotE_20250609_1-0.csv,1-0,dead,none,1,480,cm2,14.895,0,0.0014895,0,TRUE,FALSE,FALSE,TRUE,FALSE
Plot E,1-0,Plot E 1-0,1,May,June,765,NA,NA,Orbicella faveolata,2025-05-07,2025-06-09,PlotC_1-0_Coki_PlotE_20250507_1-0-Coki_PlotE_20250609_1-0.csv,1-0,grow,n/s,1,480,cm2,5.735,6.025,5.735e-4,6.025000000000001e-4,TRUE,TRUE,TRUE,FALSE,FALSE
Plot E,1-0,Plot E 1-0,1,May,June,767,NA,NA,Acropora palmata,2025-05-07,2025-06-09,PlotC_1-0_Coki_PlotE_20250507_1-0-Coki_PlotE_20250609_1-0.csv,1-0,dead,none,1,480,cm2,14.5,0,0.00145,0,TRUE,FALSE,FALSE,TRUE,FALSE
Plot E,1-0,Plot E 1-0,1,May,June,784,NA,NA,Acropora palmata,2025-05-07,2025-06-09,PlotC_1-0_Coki_PlotE_20250507_1-0-Coki_PlotE_20250609_1-0.csv,1-0,dead,none,1,480,cm2,12.83,0,0.001283,0,TRUE,FALSE,FALSE,TRUE,FALSE
Plot E,1-0,Plot E 1-0,1,May,June,792,NA,NA,Acropora palmata,2025-05-07,2025-06-09,PlotC_1-0_Coki_PlotE_20250507_1-0-Coki_PlotE_20250609_1-0.csv,1-0,dead,none,1,480,cm2,23,0,0.0023,0,TRUE,FALSE,FALSE,TRUE,FALSE
Plot E,1-0,Plot E 1-0,1,May,June,793,NA,NA,Acropora palmata,2025-05-07,2025-06-09,PlotC_1-0_Coki_PlotE_20250507_1-0-Coki_PlotE_20250609_1-0.csv,1-0,dead,none,1,480,cm2,10.1225,0,0.0010122500000000001,0,TRUE,FALSE,FALSE,TRUE,FALSE
Plot E,1-0,Plot E 1-0,1,May,June,796,NA,NA,Acropora palmata,2025-05-07,2025-06-09,PlotC_1-0_Coki_PlotE_20250507_1-0-Coki_PlotE_20250609_1-0.csv,1-0,same,n/s,1,480,cm2,11.4875,11.4875,0.00114875,0.00114875,TRUE,TRUE,TRUE,FALSE,FALSE
Plot E,1-0,Plot E 1-0,1,May,June,798,NA,NA,Acropora palmata,2025-05-07,2025-06-09,PlotC_1-0_Coki_PlotE_20250507_1-0-Coki_PlotE_20250609_1-0.csv,1-0,shrink,n/s,1,480,cm2,15.15,12.9875,0.001515,0.00129875,TRUE,TRUE,TRUE,FALSE,FALSE
Plot E,1-0,Plot E 1-0,1,May,June,8,NA,NA,Orbicella annularis,2025-05-07,2025-06-09,PlotC_1-0_Coki_PlotE_20250507_1-0-Coki_PlotE_20250609_1-0.csv,1-0,grow; n/s,fuse; n/s,4,480,cm2,18.1775,22.695,0.00181775,0.0022695,TRUE,TRUE,TRUE,FALSE,FALSE
Plot E,1-0,Plot E 1-0,1,May,June,801,NA,NA,Acropora palmata,2025-05-07,2025-06-09,PlotC_1-0_Coki_PlotE_20250507_1-0-Coki_PlotE_20250609_1-0.csv,1-0,dead,none,1,480,cm2,21.665,0,0.0021665,0,TRUE,FALSE,FALSE,TRUE,FALSE
Plot E,1-0,Plot E 1-0,1,May,June,802,NA,NA,Acropora palmata,2025-05-07,2025-06-09,PlotC_1-0_Coki_PlotE_20250507_1-0-Coki_PlotE_20250609_1-0.csv,1-0,same,n/s,1,480,cm2,10.805,10.805,0.0010804999999999999,0.0010804999999999999,TRUE,TRUE,TRUE,FALSE,FALSE
Plot E,1-0,Plot E 1-0,1,May,June,804,NA,NA,Acropora palmata,2025-05-07,2025-06-09,PlotC_1-0_Coki_PlotE_20250507_1-0-Coki_PlotE_20250609_1-0.csv,1-0,shrink,n/s,1,480,cm2,10.84,5.015,0.001084,5.015e-4,TRUE,TRUE,TRUE,FALSE,FALSE
Plot E,1-0,Plot E 1-0,1,May,June,805,NA,NA,Acropora palmata,2025-05-07,2025-06-09,PlotC_1-0_Coki_PlotE_20250507_1-0-Coki_PlotE_20250609_1-0.csv,1-0,grow; shrink,n/s,2,480,cm2,30.32,32.2175,0.003032,0.00322175,TRUE,TRUE,TRUE,FALSE,FALSE
Plot E,1-0,Plot E 1-0,1,May,June,806,NA,NA,Acropora palmata,2025-05-07,2025-06-09,PlotC_1-0_Coki_PlotE_20250507_1-0-Coki_PlotE_20250609_1-0.csv,1-0,dead,none,1,480,cm2,12.4925,0,0.00124925,0,TRUE,FALSE,FALSE,TRUE,FALSE
Plot E,1-0,Plot E 1-0,1,May,June,808,NA,NA,Acropora palmata,2025-05-07,2025-06-09,PlotC_1-0_Coki_PlotE_20250507_1-0-Coki_PlotE_20250609_1-0.csv,1-0,grow,n/s,1,480,cm2,11.7375,14,0.00117375,0.0014,TRUE,TRUE,TRUE,FALSE,FALSE
Plot E,1-0,Plot E 1-0,1,May,June,810,NA,NA,Acropora palmata,2025-05-07,2025-06-09,PlotC_1-0_Coki_PlotE_20250507_1-0-Coki_PlotE_20250609_1-0.csv,1-0,dead,none,1,480,cm2,9.1425,0,9.1425e-4,0,TRUE,FALSE,FALSE,TRUE,FALSE
Plot E,1-0,Plot E 1-0,1,May,June,811,NA,NA,Acropora palmata,2025-05-07,2025-06-09,PlotC_1-0_Coki_PlotE_20250507_1-0-Coki_PlotE_20250609_1-0.csv,1-0,same,n/s,1,480,cm2,12.5,12.5,0.00125,0.00125,TRUE,TRUE,TRUE,FALSE,FALSE
Plot E,1-0,Plot E 1-0,1,May,June,814,NA,NA,Acropora palmata,2025-05-07,2025-06-09,PlotC_1-0_Coki_PlotE_20250507_1-0-Coki_PlotE_20250609_1-0.csv,1-0,shrink,n/s,1,480,cm2,13.225,11.775,0.0013224999999999999,0.0011775,TRUE,TRUE,TRUE,FALSE,FALSE
Plot E,1-0,Plot E 1-0,1,May,June,828,NA,NA,Orbicella franksi,2025-05-07,2025-06-09,PlotC_1-0_Coki_PlotE_20250507_1-0-Coki_PlotE_20250609_1-0.csv,1-0,grow; same,n/s,4,480,cm2,25.9525,28.1225,0.00259525,0.0028122499999999996,TRUE,TRUE,TRUE,FALSE,FALSE
Plot E,1-0,Plot E 1-0,1,May,June,829,NA,NA,Orbicella franksi,2025-05-07,2025-06-09,PlotC_1-0_Coki_PlotE_20250507_1-0-Coki_PlotE_20250609_1-0.csv,1-0,grow,n/s,1,480,cm2,4.13,5.12,4.13e-4,5.12e-4,TRUE,TRUE,TRUE,FALSE,FALSE
Plot E,1-0,Plot E 1-0,1,May,June,831,NA,NA,Orbicella franksi,2025-05-07,2025-06-09,PlotC_1-0_Coki_PlotE_20250507_1-0-Coki_PlotE_20250609_1-0.csv,1-0,grow,n/s,1,480,cm2,5.0875,5.95,5.087500000000001e-4,5.95e-4,TRUE,TRUE,TRUE,FALSE,FALSE
Plot E,1-0,Plot E 1-0,1,May,June,833,NA,NA,Orbicella franksi,2025-05-07,2025-06-09,PlotC_1-0_Coki_PlotE_20250507_1-0-Coki_PlotE_20250609_1-0.csv,1-0,grow,n/s,2,480,cm2,10.6575,13.035,0.00106575,0.0013035,TRUE,TRUE,TRUE,FALSE,FALSE
Plot E,1-0,Plot E 1-0,1,May,June,835,NA,NA,Orbicella franksi,2025-05-07,2025-06-09,PlotC_1-0_Coki_PlotE_20250507_1-0-Coki_PlotE_20250609_1-0.csv,1-0,grow,n/s,1,480,cm2,6.7875,7.4325,6.7875e-4,7.4325e-4,TRUE,TRUE,TRUE,FALSE,FALSE
Plot E,1-0,Plot E 1-0,1,May,June,836,NA,NA,Orbicella franksi,2025-05-07,2025-06-09,PlotC_1-0_Coki_PlotE_20250507_1-0-Coki_PlotE_20250609_1-0.csv,1-0,grow,n/s,1,480,cm2,4.1875,5.0625,4.1875e-4,5.0625e-4,TRUE,TRUE,TRUE,FALSE,FALSE
Plot E,1-0,Plot E 1-0,1,May,June,841,NA,NA,Orbicella annularis,2025-05-07,2025-06-09,PlotC_1-0_Coki_PlotE_20250507_1-0-Coki_PlotE_20250609_1-0.csv,1-0,grow,n/s,1,480,cm2,43.15,46.4325,0.004315,0.00464325,TRUE,TRUE,TRUE,FALSE,FALSE
Plot E,1-0,Plot E 1-0,1,May,June,846,NA,NA,Orbicella annularis,2025-05-07,2025-06-09,PlotC_1-0_Coki_PlotE_20250507_1-0-Coki_PlotE_20250609_1-0.csv,1-0,grow,n/s,1,480,cm2,2.4625,2.59,2.4625e-4,2.59e-4,TRUE,TRUE,TRUE,FALSE,FALSE
Plot E,1-0,Plot E 1-0,1,May,June,85,NA,NA,Orbicella annularis,2025-05-07,2025-06-09,PlotC_1-0_Coki_PlotE_20250507_1-0-Coki_PlotE_20250609_1-0.csv,1-0,grow; n/s,fuse; n/s,3,480,cm2,51.025,52.4375,0.0051025,0.00524375,TRUE,TRUE,TRUE,FALSE,FALSE
Plot E,1-0,Plot E 1-0,1,May,June,850,NA,NA,Orbicella annularis,2025-05-07,2025-06-09,PlotC_1-0_Coki_PlotE_20250507_1-0-Coki_PlotE_20250609_1-0.csv,1-0,same,n/s,1,480,cm2,2.665,2.75,2.665e-4,2.75e-4,TRUE,TRUE,TRUE,FALSE,FALSE
Plot E,1-0,Plot E 1-0,1,May,June,851,NA,NA,Orbicella annularis,2025-05-07,2025-06-09,PlotC_1-0_Coki_PlotE_20250507_1-0-Coki_PlotE_20250609_1-0.csv,1-0,grow,n/s,1,480,cm2,1.12,1.21,1.1200000000000001e-4,1.21e-4,TRUE,TRUE,TRUE,FALSE,FALSE
Plot E,1-0,Plot E 1-0,1,May,June,852,NA,NA,Orbicella annularis,2025-05-07,2025-06-09,PlotC_1-0_Coki_PlotE_20250507_1-0-Coki_PlotE_20250609_1-0.csv,1-0,same,n/s,1,480,cm2,0.25,0.26,2.5e-5,2.6000000000000002e-5,TRUE,TRUE,TRUE,FALSE,FALSE
Plot E,1-0,Plot E 1-0,1,May,June,868,NA,NA,Orbicella annularis,2025-05-07,2025-06-09,PlotC_1-0_Coki_PlotE_20250507_1-0-Coki_PlotE_20250609_1-0.csv,1-0,same,n/s,2,480,cm2,71.03500000000001,73.22,0.0071035000000000004,0.0073219999999999995,TRUE,TRUE,TRUE,FALSE,FALSE
Plot E,1-0,Plot E 1-0,1,May,June,9,NA,NA,Orbicella annularis,2025-05-07,2025-06-09,PlotC_1-0_Coki_PlotE_20250507_1-0-Coki_PlotE_20250609_1-0.csv,1-0,shrink,n/s,1,480,cm2,0.87,0.7625,8.7e-5,7.625e-5,TRUE,TRUE,TRUE,FALSE,FALSE
Plot E,1-0,Plot E 1-0,1,May,June,90,NA,NA,Orbicella annularis,2025-05-07,2025-06-09,PlotC_1-0_Coki_PlotE_20250507_1-0-Coki_PlotE_20250609_1-0.csv,1-0,grow,n/s,1,480,cm2,2.855,3.0275,2.855e-4,3.0274999999999996e-4,TRUE,TRUE,TRUE,FALSE,FALSE
Plot E,1-0,Plot E 1-0,1,May,June,928,NA,NA,Orbicella franksi,2025-05-07,2025-06-09,PlotC_1-0_Coki_PlotE_20250507_1-0-Coki_PlotE_20250609_1-0.csv,1-0,grow,n/s,1,480,cm2,6.6875,7.2375,6.6875e-4,7.2375e-4,TRUE,TRUE,TRUE,FALSE,FALSE
Plot E,1-0,Plot E 1-0,1,May,June,930,NA,NA,Orbicella franksi,2025-05-07,2025-06-09,PlotC_1-0_Coki_PlotE_20250507_1-0-Coki_PlotE_20250609_1-0.csv,1-0,grow,n/s,1,480,cm2,6.205,7.2025,6.205e-4,7.2025e-4,TRUE,TRUE,TRUE,FALSE,FALSE
Plot E,1-0,Plot E 1-0,1,May,June,932,NA,NA,Orbicella franksi,2025-05-07,2025-06-09,PlotC_1-0_Coki_PlotE_20250507_1-0-Coki_PlotE_20250609_1-0.csv,1-0,grow; same,n/s,3,480,cm2,16.604999999999997,17.7475,0.0016604999999999999,0.0017747499999999999,TRUE,TRUE,TRUE,FALSE,FALSE
Plot E,1-0,Plot E 1-0,1,May,June,933,NA,NA,Orbicella franksi,2025-05-07,2025-06-09,PlotC_1-0_Coki_PlotE_20250507_1-0-Coki_PlotE_20250609_1-0.csv,1-0,grow,n/s,3,480,cm2,22.7075,25.675000000000004,0.00227075,0.0025675,TRUE,TRUE,TRUE,FALSE,FALSE
Plot E,1-0,Plot E 1-0,1,May,June,939,NA,NA,Orbicella franksi,2025-05-07,2025-06-09,PlotC_1-0_Coki_PlotE_20250507_1-0-Coki_PlotE_20250609_1-0.csv,1-0,grow,n/s,1,480,cm2,4.86,5.66,4.8600000000000005e-4,5.66e-4,TRUE,TRUE,TRUE,FALSE,FALSE
Plot E,1-0,Plot E 1-0,1,May,June,942,NA,NA,Orbicella franksi,2025-05-07,2025-06-09,PlotC_1-0_Coki_PlotE_20250507_1-0-Coki_PlotE_20250609_1-0.csv,1-0,grow,n/s,1,480,cm2,7.3475,8.035,7.3475e-4,8.035e-4,TRUE,TRUE,TRUE,FALSE,FALSE
Plot E,1-0,Plot E 1-0,1,May,June,969,NA,NA,Acropora cervicornis,2025-05-07,2025-06-09,PlotC_1-0_Coki_PlotE_20250507_1-0-Coki_PlotE_20250609_1-0.csv,1-0,grow,n/s,1,480,cm2,9.2625,12.01,9.262499999999999e-4,0.001201,TRUE,TRUE,TRUE,FALSE,FALSE
Plot E,1-0,Plot E 1-0,1,May,June,971,NA,NA,Acropora cervicornis,2025-05-07,2025-06-09,PlotC_1-0_Coki_PlotE_20250507_1-0-Coki_PlotE_20250609_1-0.csv,1-0,grow,n/s,1,480,cm2,2.3675,4.0075,2.3675e-4,4.0075e-4,TRUE,TRUE,TRUE,FALSE,FALSE
Plot E,1-0,Plot E 1-0,1,May,June,977,NA,NA,Acropora cervicornis,2025-05-07,2025-06-09,PlotC_1-0_Coki_PlotE_20250507_1-0-Coki_PlotE_20250609_1-0.csv,1-0,same,n/s,1,480,cm2,3.25,3.25,3.25e-4,3.25e-4,TRUE,TRUE,TRUE,FALSE,FALSE
Plot E,1-0,Plot E 1-0,1,May,June,979,NA,NA,Acropora cervicornis,2025-05-07,2025-06-09,PlotC_1-0_Coki_PlotE_20250507_1-0-Coki_PlotE_20250609_1-0.csv,1-0,grow,n/s,1,480,cm2,2.3575,3.06,2.3574999999999998e-4,3.06e-4,TRUE,TRUE,TRUE,FALSE,FALSE
Plot E,1-0,Plot E 1-0,1,May,June,980,NA,NA,Acropora cervicornis,2025-05-07,2025-06-09,PlotC_1-0_Coki_PlotE_20250507_1-0-Coki_PlotE_20250609_1-0.csv,1-0,same,n/s,1,480,cm2,7.4675,7.63,7.4675e-4,7.63e-4,TRUE,TRUE,TRUE,FALSE,FALSE
Plot E,1-0,Plot E 1-0,1,May,June,982,NA,NA,Acropora cervicornis,2025-05-07,2025-06-09,PlotC_1-0_Coki_PlotE_20250507_1-0-Coki_PlotE_20250609_1-0.csv,1-0,dead,none,1,480,cm2,2.4275,0,2.4275000000000002e-4,0,TRUE,FALSE,FALSE,TRUE,FALSE
Plot E,1-0,Plot E 1-0,1,May,June,985,NA,NA,Acropora cervicornis,2025-05-07,2025-06-09,PlotC_1-0_Coki_PlotE_20250507_1-0-Coki_PlotE_20250609_1-0.csv,1-0,dead,none,1,480,cm2,6.8975,0,6.8975e-4,0,TRUE,FALSE,FALSE,TRUE,FALSE
Plot E,1-0,Plot E 1-0,1,May,June,986,NA,NA,Acropora cervicornis,2025-05-07,2025-06-09,PlotC_1-0_Coki_PlotE_20250507_1-0-Coki_PlotE_20250609_1-0.csv,1-0,same,n/s,1,480,cm2,8.1125,8.1125,8.112500000000001e-4,8.112500000000001e-4,TRUE,TRUE,TRUE,FALSE,FALSE
Plot E,1-0,Plot E 1-0,2,June,July,10,NA,NA,Orbicella annularis,2025-06-09,2025-07-11,PlotC_1-0_Coki_PlotE_20250609_1-0-Coki_PlotE_20250711_1-0.csv,1-0,same,n/s,1,480,cm2,1.6375,1.6375,1.6375e-4,1.6375e-4,TRUE,TRUE,TRUE,FALSE,FALSE
Plot E,1-0,Plot E 1-0,2,June,July,1037,NA,NA,Orbicella faveolata,2025-06-09,2025-07-11,PlotC_1-0_Coki_PlotE_20250609_1-0-Coki_PlotE_20250711_1-0.csv,1-0,shrink,n/s,1,480,cm2,7.5525,6.2,7.552500000000001e-4,6.2e-4,TRUE,TRUE,TRUE,FALSE,FALSE
Plot E,1-0,Plot E 1-0,2,June,July,1040,NA,NA,Orbicella faveolata,2025-06-09,2025-07-11,PlotC_1-0_Coki_PlotE_20250609_1-0-Coki_PlotE_20250711_1-0.csv,1-0,shrink,n/s,1,480,cm2,9.985,9.0725,9.985e-4,9.0725e-4,TRUE,TRUE,TRUE,FALSE,FALSE
Plot E,1-0,Plot E 1-0,2,June,July,1041,NA,NA,Orbicella faveolata,2025-06-09,2025-07-11,PlotC_1-0_Coki_PlotE_20250609_1-0-Coki_PlotE_20250711_1-0.csv,1-0,shrink,n/s,1,480,cm2,6.8725,6.2825,6.872499999999999e-4,6.2825e-4,TRUE,TRUE,TRUE,FALSE,FALSE
Plot E,1-0,Plot E 1-0,2,June,July,1087,NA,NA,Orbicella faveolata,2025-06-09,2025-07-11,PlotC_1-0_Coki_PlotE_20250609_1-0-Coki_PlotE_20250711_1-0.csv,1-0,grow,n/s,1,480,cm2,11.455,13.72,0.0011455,0.001372,TRUE,TRUE,TRUE,FALSE,FALSE
Plot E,1-0,Plot E 1-0,2,June,July,1090,NA,NA,Orbicella faveolata,2025-06-09,2025-07-11,PlotC_1-0_Coki_PlotE_20250609_1-0-Coki_PlotE_20250711_1-0.csv,1-0,same,n/s,1,480,cm2,5.055,4.915,5.055e-4,4.915e-4,TRUE,TRUE,TRUE,FALSE,FALSE
Plot E,1-0,Plot E 1-0,2,June,July,1091,NA,NA,Orbicella faveolata,2025-06-09,2025-07-11,PlotC_1-0_Coki_PlotE_20250609_1-0-Coki_PlotE_20250711_1-0.csv,1-0,same,n/s,1,480,cm2,5.95,6.0025,5.95e-4,6.002500000000001e-4,TRUE,TRUE,TRUE,FALSE,FALSE
Plot E,1-0,Plot E 1-0,2,June,July,1092,NA,NA,Orbicella faveolata,2025-06-09,2025-07-11,PlotC_1-0_Coki_PlotE_20250609_1-0-Coki_PlotE_20250711_1-0.csv,1-0,same,n/s,1,480,cm2,6.755,6.625,6.755e-4,6.625e-4,TRUE,TRUE,TRUE,FALSE,FALSE
Plot E,1-0,Plot E 1-0,2,June,July,1114,NA,NA,Acropora palmata,2025-06-09,2025-07-11,PlotC_1-0_Coki_PlotE_20250609_1-0-Coki_PlotE_20250711_1-0.csv,1-0,dead,none,1,480,cm2,14.36,0,0.001436,0,TRUE,FALSE,FALSE,TRUE,FALSE
Plot E,1-0,Plot E 1-0,2,June,July,1115,NA,NA,Acropora palmata,2025-06-09,2025-07-11,PlotC_1-0_Coki_PlotE_20250609_1-0-Coki_PlotE_20250711_1-0.csv,1-0,dead,none,1,480,cm2,13.9125,0,0.00139125,0,TRUE,FALSE,FALSE,TRUE,FALSE
Plot E,1-0,Plot E 1-0,2,June,July,1118,NA,NA,Orbicella faveolata,2025-06-09,2025-07-11,PlotC_1-0_Coki_PlotE_20250609_1-0-Coki_PlotE_20250711_1-0.csv,1-0,same,n/s,1,480,cm2,3.8275,3.9,3.8275e-4,3.9e-4,TRUE,TRUE,TRUE,FALSE,FALSE
Plot E,1-0,Plot E 1-0,2,June,July,1122,NA,NA,Orbicella faveolata,2025-06-09,2025-07-11,PlotC_1-0_Coki_PlotE_20250609_1-0-Coki_PlotE_20250711_1-0.csv,1-0,shrink,n/s,1,480,cm2,6.3675,5.2825,6.3675e-4,5.2825e-4,TRUE,TRUE,TRUE,FALSE,FALSE
Plot E,1-0,Plot E 1-0,2,June,July,1125,NA,NA,Acropora palmata,2025-06-09,2025-07-11,PlotC_1-0_Coki_PlotE_20250609_1-0-Coki_PlotE_20250711_1-0.csv,1-0,dead,none,2,480,cm2,31.1325,0,0.0031132499999999997,0,TRUE,FALSE,FALSE,TRUE,FALSE
Plot E,1-0,Plot E 1-0,2,June,July,1126,NA,NA,Orbicella faveolata,2025-06-09,2025-07-11,PlotC_1-0_Coki_PlotE_20250609_1-0-Coki_PlotE_20250711_1-0.csv,1-0,same,n/s,1,480,cm2,3.1825,3.225,3.1825e-4,3.2250000000000003e-4,TRUE,TRUE,TRUE,FALSE,FALSE
Plot E,1-0,Plot E 1-0,2,June,July,1152,NA,NA,Orbicella faveolata,2025-06-09,2025-07-11,PlotC_1-0_Coki_PlotE_20250609_1-0-Coki_PlotE_20250711_1-0.csv,1-0,same,n/s,1,480,cm2,6.6975,6.6675,6.6975e-4,6.6675e-4,TRUE,TRUE,TRUE,FALSE,FALSE
Plot E,1-0,Plot E 1-0,2,June,July,1153,NA,NA,Orbicella faveolata,2025-06-09,2025-07-11,PlotC_1-0_Coki_PlotE_20250609_1-0-Coki_PlotE_20250711_1-0.csv,1-0,grow,n/s,1,480,cm2,4.5775,5.2175,4.5775e-4,5.217500000000001e-4,TRUE,TRUE,TRUE,FALSE,FALSE
Plot E,1-0,Plot E 1-0,2,June,July,1154,NA,NA,Orbicella faveolata,2025-06-09,2025-07-11,PlotC_1-0_Coki_PlotE_20250609_1-0-Coki_PlotE_20250711_1-0.csv,1-0,same,n/s,1,480,cm2,4.055,3.8825,4.055e-4,3.8825e-4,TRUE,TRUE,TRUE,FALSE,FALSE
Plot E,1-0,Plot E 1-0,2,June,July,1158,NA,NA,Orbicella faveolata,2025-06-09,2025-07-11,PlotC_1-0_Coki_PlotE_20250609_1-0-Coki_PlotE_20250711_1-0.csv,1-0,grow,n/s,1,480,cm2,4.0675,4.6175,4.0675e-4,4.6175e-4,TRUE,TRUE,TRUE,FALSE,FALSE
Plot E,1-0,Plot E 1-0,2,June,July,1159,NA,NA,Orbicella faveolata,2025-06-09,2025-07-11,PlotC_1-0_Coki_PlotE_20250609_1-0-Coki_PlotE_20250711_1-0.csv,1-0,same,n/s,1,480,cm2,5.39,5.61,5.39e-4,5.610000000000001e-4,TRUE,TRUE,TRUE,FALSE,FALSE
Plot E,1-0,Plot E 1-0,2,June,July,1161,NA,NA,Orbicella faveolata,2025-06-09,2025-07-11,PlotC_1-0_Coki_PlotE_20250609_1-0-Coki_PlotE_20250711_1-0.csv,1-0,same,n/s,1,480,cm2,3.3275,3.405,3.3275000000000004e-4,3.405e-4,TRUE,TRUE,TRUE,FALSE,FALSE
Plot E,1-0,Plot E 1-0,2,June,July,1173,NA,NA,Orbicella annularis,2025-06-09,2025-07-11,PlotC_1-0_Coki_PlotE_20250609_1-0-Coki_PlotE_20250711_1-0.csv,1-0,same,n/s,1,480,cm2,4.9375,5.05,4.9375e-4,5.05e-4,TRUE,TRUE,TRUE,FALSE,FALSE
Plot E,1-0,Plot E 1-0,2,June,July,1174,NA,NA,Orbicella annularis,2025-06-09,2025-07-11,PlotC_1-0_Coki_PlotE_20250609_1-0-Coki_PlotE_20250711_1-0.csv,1-0,grow,n/s,1,480,cm2,1.6575,2.1575,1.6575e-4,2.1575e-4,TRUE,TRUE,TRUE,FALSE,FALSE
Plot E,1-0,Plot E 1-0,2,June,July,1176,NA,NA,Orbicella annularis,2025-06-09,2025-07-11,PlotC_1-0_Coki_PlotE_20250609_1-0-Coki_PlotE_20250711_1-0.csv,1-0,grow,n/s,1,480,cm2,3.015,4.4725,3.015e-4,4.4725e-4,TRUE,TRUE,TRUE,FALSE,FALSE
Plot E,1-0,Plot E 1-0,2,June,July,1177,NA,NA,Orbicella annularis,2025-06-09,2025-07-11,PlotC_1-0_Coki_PlotE_20250609_1-0-Coki_PlotE_20250711_1-0.csv,1-0,n/s,fuse,2,480,cm2,19.7175,18.6575,0.00197175,0.0018657499999999998,TRUE,TRUE,TRUE,FALSE,FALSE
Plot E,1-0,Plot E 1-0,2,June,July,1178,NA,NA,Orbicella annularis,2025-06-09,2025-07-11,PlotC_1-0_Coki_PlotE_20250609_1-0-Coki_PlotE_20250711_1-0.csv,1-0,grow,n/s,1,480,cm2,2.28,2.5275,2.2799999999999999e-4,2.5275e-4,TRUE,TRUE,TRUE,FALSE,FALSE
Plot E,1-0,Plot E 1-0,2,June,July,1179,NA,NA,Orbicella annularis,2025-06-09,2025-07-11,PlotC_1-0_Coki_PlotE_20250609_1-0-Coki_PlotE_20250711_1-0.csv,1-0,same,n/s,1,480,cm2,0.64,0.6275,6.4e-5,6.275e-5,TRUE,TRUE,TRUE,FALSE,FALSE
Plot E,1-0,Plot E 1-0,2,June,July,1180,NA,NA,Orbicella annularis,2025-06-09,2025-07-11,PlotC_1-0_Coki_PlotE_20250609_1-0-Coki_PlotE_20250711_1-0.csv,1-0,n/s,fuse,2,480,cm2,1.1375,1.635,1.1375e-4,1.635e-4,TRUE,TRUE,TRUE,FALSE,FALSE
Plot E,1-0,Plot E 1-0,2,June,July,1209,NA,NA,Acropora cervicornis,2025-06-09,2025-07-11,PlotC_1-0_Coki_PlotE_20250609_1-0-Coki_PlotE_20250711_1-0.csv,1-0,grow,n/s,1,480,cm2,8.1975,8.635,8.1975e-4,8.635e-4,TRUE,TRUE,TRUE,FALSE,FALSE
Plot E,1-0,Plot E 1-0,2,June,July,1210,NA,NA,Acropora cervicornis,2025-06-09,2025-07-11,PlotC_1-0_Coki_PlotE_20250609_1-0-Coki_PlotE_20250711_1-0.csv,1-0,grow,n/s,1,480,cm2,7.4525,14.6725,7.452499999999999e-4,0.00146725,TRUE,TRUE,TRUE,FALSE,FALSE
Plot E,1-0,Plot E 1-0,2,June,July,1211,NA,NA,Acropora cervicornis,2025-06-09,2025-07-11,PlotC_1-0_Coki_PlotE_20250609_1-0-Coki_PlotE_20250711_1-0.csv,1-0,same,n/s,1,480,cm2,7.185,6.8575,7.185e-4,6.857499999999999e-4,TRUE,TRUE,TRUE,FALSE,FALSE
Plot E,1-0,Plot E 1-0,2,June,July,1212,NA,NA,Acropora cervicornis,2025-06-09,2025-07-11,PlotC_1-0_Coki_PlotE_20250609_1-0-Coki_PlotE_20250711_1-0.csv,1-0,n/s,fuse,2,480,cm2,15.7075,13.0625,0.00157075,0.00130625,TRUE,TRUE,TRUE,FALSE,FALSE
Plot E,1-0,Plot E 1-0,2,June,July,1213,NA,NA,Acropora cervicornis,2025-06-09,2025-07-11,PlotC_1-0_Coki_PlotE_20250609_1-0-Coki_PlotE_20250711_1-0.csv,1-0,grow,n/s,1,480,cm2,10.0775,11.6275,0.00100775,0.00116275,TRUE,TRUE,TRUE,FALSE,FALSE
Plot E,1-0,Plot E 1-0,2,June,July,1214,NA,NA,Acropora cervicornis,2025-06-09,2025-07-11,PlotC_1-0_Coki_PlotE_20250609_1-0-Coki_PlotE_20250711_1-0.csv,1-0,shrink,n/s,1,480,cm2,5.2925,3.0725,5.2925e-4,3.0724999999999996e-4,TRUE,TRUE,TRUE,FALSE,FALSE
Plot E,1-0,Plot E 1-0,2,June,July,1217,NA,NA,Orbicella faveolata,2025-06-09,2025-07-11,PlotC_1-0_Coki_PlotE_20250609_1-0-Coki_PlotE_20250711_1-0.csv,1-0,grow,n/s,1,480,cm2,6.815,7.615,6.815e-4,7.615e-4,TRUE,TRUE,TRUE,FALSE,FALSE
Plot E,1-0,Plot E 1-0,2,June,July,1223,NA,NA,Orbicella faveolata,2025-06-09,2025-07-11,PlotC_1-0_Coki_PlotE_20250609_1-0-Coki_PlotE_20250711_1-0.csv,1-0,same,n/s,1,480,cm2,7.1075,7.095,7.1075e-4,7.095e-4,TRUE,TRUE,TRUE,FALSE,FALSE
Plot E,1-0,Plot E 1-0,2,June,July,1224,NA,NA,Orbicella faveolata,2025-06-09,2025-07-11,PlotC_1-0_Coki_PlotE_20250609_1-0-Coki_PlotE_20250711_1-0.csv,1-0,grow,n/s,1,480,cm2,6.485,9.6125,6.485e-4,9.612500000000001e-4,TRUE,TRUE,TRUE,FALSE,FALSE
Plot E,1-0,Plot E 1-0,2,June,July,221,NA,NA,Orbicella annularis,2025-06-09,2025-07-11,PlotC_1-0_Coki_PlotE_20250609_1-0-Coki_PlotE_20250711_1-0.csv,1-0,same,n/s,1,480,cm2,27.825,28.5075,0.0027825,0.00285075,TRUE,TRUE,TRUE,FALSE,FALSE
Plot E,1-0,Plot E 1-0,2,June,July,224,NA,NA,Orbicella annularis,2025-06-09,2025-07-11,PlotC_1-0_Coki_PlotE_20250609_1-0-Coki_PlotE_20250711_1-0.csv,1-0,n/s,fuse,2,480,cm2,74.555,74.1475,0.0074555,0.0074147499999999995,TRUE,TRUE,TRUE,FALSE,FALSE
Plot E,1-0,Plot E 1-0,2,June,July,261,NA,NA,Orbicella annularis,2025-06-09,2025-07-11,PlotC_1-0_Coki_PlotE_20250609_1-0-Coki_PlotE_20250711_1-0.csv,1-0,shrink,n/s,1,480,cm2,59.105,26.785,0.0059105,0.0026785,TRUE,TRUE,TRUE,FALSE,FALSE
Plot E,1-0,Plot E 1-0,2,June,July,262,NA,NA,Orbicella annularis,2025-06-09,2025-07-11,PlotC_1-0_Coki_PlotE_20250609_1-0-Coki_PlotE_20250711_1-0.csv,1-0,dead,none,1,480,cm2,1.93,0,1.93e-4,0,TRUE,FALSE,FALSE,TRUE,FALSE
Plot E,1-0,Plot E 1-0,2,June,July,3366,NA,NA,Orbicella annularis,2025-06-09,2025-07-11,PlotC_1-0_Coki_PlotE_20250609_1-0-Coki_PlotE_20250711_1-0.csv,1-0,born,none,1,480,cm2,0,5.3875,0,5.387500000000001e-4,FALSE,TRUE,FALSE,FALSE,TRUE
Plot E,1-0,Plot E 1-0,2,June,July,344,NA,NA,Orbicella annularis,2025-06-09,2025-07-11,PlotC_1-0_Coki_PlotE_20250609_1-0-Coki_PlotE_20250711_1-0.csv,1-0,shrink,n/s,1,480,cm2,79.2,46.3675,0.00792,0.00463675,TRUE,TRUE,TRUE,FALSE,FALSE
Plot E,1-0,Plot E 1-0,2,June,July,349,NA,NA,Orbicella annularis,2025-06-09,2025-07-11,PlotC_1-0_Coki_PlotE_20250609_1-0-Coki_PlotE_20250711_1-0.csv,1-0,dead,none,1,480,cm2,57.32,0,0.005732,0,TRUE,FALSE,FALSE,TRUE,FALSE
Plot E,1-0,Plot E 1-0,2,June,July,351,NA,NA,Orbicella annularis,2025-06-09,2025-07-11,PlotC_1-0_Coki_PlotE_20250609_1-0-Coki_PlotE_20250711_1-0.csv,1-0,dead,none,1,480,cm2,1.4025,0,1.4025000000000002e-4,0,TRUE,FALSE,FALSE,TRUE,FALSE
Plot E,1-0,Plot E 1-0,2,June,July,354,NA,NA,Orbicella annularis,2025-06-09,2025-07-11,PlotC_1-0_Coki_PlotE_20250609_1-0-Coki_PlotE_20250711_1-0.csv,1-0,dead,none,1,480,cm2,1.4975,0,1.4975e-4,0,TRUE,FALSE,FALSE,TRUE,FALSE
Plot E,1-0,Plot E 1-0,2,June,July,365,NA,NA,Orbicella annularis,2025-06-09,2025-07-11,PlotC_1-0_Coki_PlotE_20250609_1-0-Coki_PlotE_20250711_1-0.csv,1-0,same,n/s,1,480,cm2,1.1625,1.2075,1.1625e-4,1.2075000000000001e-4,TRUE,TRUE,TRUE,FALSE,FALSE
Plot E,1-0,Plot E 1-0,2,June,July,367,NA,NA,Orbicella annularis,2025-06-09,2025-07-11,PlotC_1-0_Coki_PlotE_20250609_1-0-Coki_PlotE_20250711_1-0.csv,1-0,shrink,n/s,1,480,cm2,24.8675,22.6575,0.00248675,0.00226575,TRUE,TRUE,TRUE,FALSE,FALSE
Plot E,1-0,Plot E 1-0,2,June,July,368,NA,NA,Orbicella annularis,2025-06-09,2025-07-11,PlotC_1-0_Coki_PlotE_20250609_1-0-Coki_PlotE_20250711_1-0.csv,1-0,same,n/s,1,480,cm2,9.79,10.26,9.789999999999998e-4,0.001026,TRUE,TRUE,TRUE,FALSE,FALSE
Plot E,1-0,Plot E 1-0,2,June,July,373,NA,NA,Orbicella annularis,2025-06-09,2025-07-11,PlotC_1-0_Coki_PlotE_20250609_1-0-Coki_PlotE_20250711_1-0.csv,1-0,shrink,n/s,1,480,cm2,2.09,1.2575,2.0899999999999998e-4,1.2575e-4,TRUE,TRUE,TRUE,FALSE,FALSE
Plot E,1-0,Plot E 1-0,2,June,July,375,NA,NA,Orbicella annularis,2025-06-09,2025-07-11,PlotC_1-0_Coki_PlotE_20250609_1-0-Coki_PlotE_20250711_1-0.csv,1-0,shrink,n/s,1,480,cm2,5.1725,3.8475,5.1725e-4,3.8475e-4,TRUE,TRUE,TRUE,FALSE,FALSE
Plot E,1-0,Plot E 1-0,2,June,July,382,NA,NA,Orbicella annularis,2025-06-09,2025-07-11,PlotC_1-0_Coki_PlotE_20250609_1-0-Coki_PlotE_20250711_1-0.csv,1-0,shrink,n/s,1,480,cm2,2.505,2.3175,2.5049999999999996e-4,2.3175e-4,TRUE,TRUE,TRUE,FALSE,FALSE
Plot E,1-0,Plot E 1-0,2,June,July,4,NA,NA,Orbicella annularis,2025-06-09,2025-07-11,PlotC_1-0_Coki_PlotE_20250609_1-0-Coki_PlotE_20250711_1-0.csv,1-0,same,n/s,1,480,cm2,3.84,3.84,3.84e-4,3.84e-4,TRUE,TRUE,TRUE,FALSE,FALSE
Plot E,1-0,Plot E 1-0,2,June,July,405,NA,NA,Orbicella franksi,2025-06-09,2025-07-11,PlotC_1-0_Coki_PlotE_20250609_1-0-Coki_PlotE_20250711_1-0.csv,1-0,n/s,fuse,5,480,cm2,35.51,41.0575,0.003551,0.00410575,TRUE,TRUE,TRUE,FALSE,FALSE
Plot E,1-0,Plot E 1-0,2,June,July,409,NA,NA,Orbicella franksi,2025-06-09,2025-07-11,PlotC_1-0_Coki_PlotE_20250609_1-0-Coki_PlotE_20250711_1-0.csv,1-0,grow,n/s,1,480,cm2,18.35,20.4075,0.001835,0.00204075,TRUE,TRUE,TRUE,FALSE,FALSE
Plot E,1-0,Plot E 1-0,2,June,July,412,NA,NA,Orbicella franksi,2025-06-09,2025-07-11,PlotC_1-0_Coki_PlotE_20250609_1-0-Coki_PlotE_20250711_1-0.csv,1-0,n/s,fuse,2,480,cm2,13.912500000000001,13.6725,0.0013912500000000001,0.00136725,TRUE,TRUE,TRUE,FALSE,FALSE
Plot E,1-0,Plot E 1-0,2,June,July,413,NA,NA,Orbicella franksi,2025-06-09,2025-07-11,PlotC_1-0_Coki_PlotE_20250609_1-0-Coki_PlotE_20250711_1-0.csv,1-0,grow,n/s,1,480,cm2,6.5275,7.04,6.5275e-4,7.04e-4,TRUE,TRUE,TRUE,FALSE,FALSE
Plot E,1-0,Plot E 1-0,2,June,July,449,NA,NA,Orbicella annularis,2025-06-09,2025-07-11,PlotC_1-0_Coki_PlotE_20250609_1-0-Coki_PlotE_20250711_1-0.csv,1-0,grow,n/s,1,480,cm2,31.3525,33.05,0.00313525,0.0033049999999999998,TRUE,TRUE,TRUE,FALSE,FALSE
Plot E,1-0,Plot E 1-0,2,June,July,47,NA,NA,Orbicella annularis,2025-06-09,2025-07-11,PlotC_1-0_Coki_PlotE_20250609_1-0-Coki_PlotE_20250711_1-0.csv,1-0,grow,n/s,1,480,cm2,1.7075,1.8475,1.7075e-4,1.8475e-4,TRUE,TRUE,TRUE,FALSE,FALSE
Plot E,1-0,Plot E 1-0,2,June,July,470,NA,NA,Orbicella franksi,2025-06-09,2025-07-11,PlotC_1-0_Coki_PlotE_20250609_1-0-Coki_PlotE_20250711_1-0.csv,1-0,grow,n/s,1,480,cm2,4.7875,5.105,4.7874999999999995e-4,5.105e-4,TRUE,TRUE,TRUE,FALSE,FALSE
Plot E,1-0,Plot E 1-0,2,June,July,475,NA,NA,Orbicella franksi,2025-06-09,2025-07-11,PlotC_1-0_Coki_PlotE_20250609_1-0-Coki_PlotE_20250711_1-0.csv,1-0,same,n/s,1,480,cm2,4.915,4.705,4.915e-4,4.705e-4,TRUE,TRUE,TRUE,FALSE,FALSE
Plot E,1-0,Plot E 1-0,2,June,July,476,NA,NA,Orbicella franksi,2025-06-09,2025-07-11,PlotC_1-0_Coki_PlotE_20250609_1-0-Coki_PlotE_20250711_1-0.csv,1-0,same,n/s,1,480,cm2,6.1,6.195,6.1e-4,6.195e-4,TRUE,TRUE,TRUE,FALSE,FALSE
Plot E,1-0,Plot E 1-0,2,June,July,478,NA,NA,Orbicella franksi,2025-06-09,2025-07-11,PlotC_1-0_Coki_PlotE_20250609_1-0-Coki_PlotE_20250711_1-0.csv,1-0,grow,n/s,1,480,cm2,9.4775,10.5675,9.477499999999999e-4,0.0010567500000000002,TRUE,TRUE,TRUE,FALSE,FALSE
Plot E,1-0,Plot E 1-0,2,June,July,481,NA,NA,Orbicella franksi,2025-06-09,2025-07-11,PlotC_1-0_Coki_PlotE_20250609_1-0-Coki_PlotE_20250711_1-0.csv,1-0,same,n/s,1,480,cm2,5.4325,5.6575,5.4325e-4,5.6575e-4,TRUE,TRUE,TRUE,FALSE,FALSE
Plot E,1-0,Plot E 1-0,2,June,July,483,NA,NA,Orbicella franksi,2025-06-09,2025-07-11,PlotC_1-0_Coki_PlotE_20250609_1-0-Coki_PlotE_20250711_1-0.csv,1-0,grow,n/s,1,480,cm2,4.755,5.1575,4.755e-4,5.157499999999999e-4,TRUE,TRUE,TRUE,FALSE,FALSE
Plot E,1-0,Plot E 1-0,2,June,July,485,NA,NA,Orbicella franksi,2025-06-09,2025-07-11,PlotC_1-0_Coki_PlotE_20250609_1-0-Coki_PlotE_20250711_1-0.csv,1-0,same,n/s,1,480,cm2,6.745,6.9225,6.745e-4,6.9225e-4,TRUE,TRUE,TRUE,FALSE,FALSE
Plot E,1-0,Plot E 1-0,2,June,July,488,NA,NA,Orbicella franksi,2025-06-09,2025-07-11,PlotC_1-0_Coki_PlotE_20250609_1-0-Coki_PlotE_20250711_1-0.csv,1-0,grow,n/s,1,480,cm2,6.185,6.655,6.184999999999999e-4,6.655000000000001e-4,TRUE,TRUE,TRUE,FALSE,FALSE
Plot E,1-0,Plot E 1-0,2,June,July,489,NA,NA,Orbicella franksi,2025-06-09,2025-07-11,PlotC_1-0_Coki_PlotE_20250609_1-0-Coki_PlotE_20250711_1-0.csv,1-0,grow,n/s,1,480,cm2,5.6,6.2575,5.6e-4,6.2575e-4,TRUE,TRUE,TRUE,FALSE,FALSE
Plot E,1-0,Plot E 1-0,2,June,July,5,NA,NA,Orbicella annularis,2025-06-09,2025-07-11,PlotC_1-0_Coki_PlotE_20250609_1-0-Coki_PlotE_20250711_1-0.csv,1-0,same,n/s,1,480,cm2,2.295,2.295,2.295e-4,2.295e-4,TRUE,TRUE,TRUE,FALSE,FALSE
Plot E,1-0,Plot E 1-0,2,June,July,50,NA,NA,Orbicella annularis,2025-06-09,2025-07-11,PlotC_1-0_Coki_PlotE_20250609_1-0-Coki_PlotE_20250711_1-0.csv,1-0,n/s,fuse,3,480,cm2,12.0175,12.6225,0.0012017500000000001,0.0012622500000000001,TRUE,TRUE,TRUE,FALSE,FALSE
Plot E,1-0,Plot E 1-0,2,June,July,51,NA,NA,Orbicella annularis,2025-06-09,2025-07-11,PlotC_1-0_Coki_PlotE_20250609_1-0-Coki_PlotE_20250711_1-0.csv,1-0,grow,n/s,1,480,cm2,2.605,2.9075,2.605e-4,2.9075e-4,TRUE,TRUE,TRUE,FALSE,FALSE
Plot E,1-0,Plot E 1-0,2,June,July,52,NA,NA,Orbicella annularis,2025-06-09,2025-07-11,PlotC_1-0_Coki_PlotE_20250609_1-0-Coki_PlotE_20250711_1-0.csv,1-0,grow,n/s,1,480,cm2,5.17,5.625,5.17e-4,5.625e-4,TRUE,TRUE,TRUE,FALSE,FALSE
Plot E,1-0,Plot E 1-0,2,June,July,53,NA,NA,Orbicella annularis,2025-06-09,2025-07-11,PlotC_1-0_Coki_PlotE_20250609_1-0-Coki_PlotE_20250711_1-0.csv,1-0,grow,n/s,1,480,cm2,3.4025,3.965,3.4025e-4,3.965e-4,TRUE,TRUE,TRUE,FALSE,FALSE
Plot E,1-0,Plot E 1-0,2,June,July,531,NA,NA,Orbicella annularis,2025-06-09,2025-07-11,PlotC_1-0_Coki_PlotE_20250609_1-0-Coki_PlotE_20250711_1-0.csv,1-0,grow,n/s,1,480,cm2,1.2075,1.325,1.2075000000000001e-4,1.325e-4,TRUE,TRUE,TRUE,FALSE,FALSE
Plot E,1-0,Plot E 1-0,2,June,July,532,NA,NA,Orbicella annularis,2025-06-09,2025-07-11,PlotC_1-0_Coki_PlotE_20250609_1-0-Coki_PlotE_20250711_1-0.csv,1-0,n/s,fuse,5,480,cm2,34.92999999999999,37.94,0.003493,0.0037939999999999996,TRUE,TRUE,TRUE,FALSE,FALSE
Plot E,1-0,Plot E 1-0,2,June,July,533,NA,NA,Orbicella annularis,2025-06-09,2025-07-11,PlotC_1-0_Coki_PlotE_20250609_1-0-Coki_PlotE_20250711_1-0.csv,1-0,same,n/s,1,480,cm2,2.885,2.9925,2.8849999999999997e-4,2.9925000000000004e-4,TRUE,TRUE,TRUE,FALSE,FALSE
Plot E,1-0,Plot E 1-0,2,June,July,535,NA,NA,Orbicella annularis,2025-06-09,2025-07-11,PlotC_1-0_Coki_PlotE_20250609_1-0-Coki_PlotE_20250711_1-0.csv,1-0,grow,n/s,1,480,cm2,5.53,5.935,5.53e-4,5.935e-4,TRUE,TRUE,TRUE,FALSE,FALSE
Plot E,1-0,Plot E 1-0,2,June,July,54,NA,NA,Orbicella annularis,2025-06-09,2025-07-11,PlotC_1-0_Coki_PlotE_20250609_1-0-Coki_PlotE_20250711_1-0.csv,1-0,grow,n/s,1,480,cm2,4,4.5,4e-4,4.5e-4,TRUE,TRUE,TRUE,FALSE,FALSE
Plot E,1-0,Plot E 1-0,2,June,July,540,NA,NA,Orbicella annularis,2025-06-09,2025-07-11,PlotC_1-0_Coki_PlotE_20250609_1-0-Coki_PlotE_20250711_1-0.csv,1-0,grow,n/s,1,480,cm2,3.5775,4.4375,3.5775e-4,4.4375e-4,TRUE,TRUE,TRUE,FALSE,FALSE
Plot E,1-0,Plot E 1-0,2,June,July,55,NA,NA,Orbicella annularis,2025-06-09,2025-07-11,PlotC_1-0_Coki_PlotE_20250609_1-0-Coki_PlotE_20250711_1-0.csv,1-0,grow,n/s,1,480,cm2,2.555,2.78,2.5550000000000003e-4,2.78e-4,TRUE,TRUE,TRUE,FALSE,FALSE
Plot E,1-0,Plot E 1-0,2,June,July,56,NA,NA,Orbicella annularis,2025-06-09,2025-07-11,PlotC_1-0_Coki_PlotE_20250609_1-0-Coki_PlotE_20250711_1-0.csv,1-0,same,n/s,1,480,cm2,0.3325,0.3225,3.325e-5,3.225e-5,TRUE,TRUE,TRUE,FALSE,FALSE
Plot E,1-0,Plot E 1-0,2,June,July,561,NA,NA,Orbicella annularis,2025-06-09,2025-07-11,PlotC_1-0_Coki_PlotE_20250609_1-0-Coki_PlotE_20250711_1-0.csv,1-0,same,n/s,1,480,cm2,0.3525,0.365,3.5249999999999996e-5,3.65e-5,TRUE,TRUE,TRUE,FALSE,FALSE
Plot E,1-0,Plot E 1-0,2,June,July,562,NA,NA,Orbicella annularis,2025-06-09,2025-07-11,PlotC_1-0_Coki_PlotE_20250609_1-0-Coki_PlotE_20250711_1-0.csv,1-0,shrink,n/s,1,480,cm2,1.1675,1.0575,1.1674999999999999e-4,1.0575000000000001e-4,TRUE,TRUE,TRUE,FALSE,FALSE
Plot E,1-0,Plot E 1-0,2,June,July,564,NA,NA,Orbicella annularis,2025-06-09,2025-07-11,PlotC_1-0_Coki_PlotE_20250609_1-0-Coki_PlotE_20250711_1-0.csv,1-0,n/s,fuse,2,480,cm2,0.57,0.6675,5.7e-5,6.675e-5,TRUE,TRUE,TRUE,FALSE,FALSE
Plot E,1-0,Plot E 1-0,2,June,July,565,NA,NA,Orbicella annularis,2025-06-09,2025-07-11,PlotC_1-0_Coki_PlotE_20250609_1-0-Coki_PlotE_20250711_1-0.csv,1-0,grow,n/s,1,480,cm2,1.02,1.0925,1.02e-4,1.0925e-4,TRUE,TRUE,TRUE,FALSE,FALSE
Plot E,1-0,Plot E 1-0,2,June,July,566,NA,NA,Orbicella annularis,2025-06-09,2025-07-11,PlotC_1-0_Coki_PlotE_20250609_1-0-Coki_PlotE_20250711_1-0.csv,1-0,n/s,fuse,2,480,cm2,1.975,2.55,1.975e-4,2.5499999999999996e-4,TRUE,TRUE,TRUE,FALSE,FALSE
Plot E,1-0,Plot E 1-0,2,June,July,567,NA,NA,Orbicella annularis,2025-06-09,2025-07-11,PlotC_1-0_Coki_PlotE_20250609_1-0-Coki_PlotE_20250711_1-0.csv,1-0,grow,n/s,1,480,cm2,0.705,0.745,7.049999999999999e-5,7.45e-5,TRUE,TRUE,TRUE,FALSE,FALSE
Plot E,1-0,Plot E 1-0,2,June,July,568,NA,NA,Orbicella annularis,2025-06-09,2025-07-11,PlotC_1-0_Coki_PlotE_20250609_1-0-Coki_PlotE_20250711_1-0.csv,1-0,shrink,n/s,1,480,cm2,0.6125,0.5575,6.125e-5,5.575e-5,TRUE,TRUE,TRUE,FALSE,FALSE
Plot E,1-0,Plot E 1-0,2,June,July,57,NA,NA,Orbicella annularis,2025-06-09,2025-07-11,PlotC_1-0_Coki_PlotE_20250609_1-0-Coki_PlotE_20250711_1-0.csv,1-0,grow,n/s,1,480,cm2,0.8325,0.88,8.325e-5,8.8e-5,TRUE,TRUE,TRUE,FALSE,FALSE
Plot E,1-0,Plot E 1-0,2,June,July,570,NA,NA,Orbicella annularis,2025-06-09,2025-07-11,PlotC_1-0_Coki_PlotE_20250609_1-0-Coki_PlotE_20250711_1-0.csv,1-0,same,n/s,1,480,cm2,0.515,0.525,5.15e-5,5.25e-5,TRUE,TRUE,TRUE,FALSE,FALSE
Plot E,1-0,Plot E 1-0,2,June,July,571,NA,NA,Orbicella annularis,2025-06-09,2025-07-11,PlotC_1-0_Coki_PlotE_20250609_1-0-Coki_PlotE_20250711_1-0.csv,1-0,same,n/s,1,480,cm2,1.55,1.505,1.55e-4,1.505e-4,TRUE,TRUE,TRUE,FALSE,FALSE
Plot E,1-0,Plot E 1-0,2,June,July,573,NA,NA,Orbicella annularis,2025-06-09,2025-07-11,PlotC_1-0_Coki_PlotE_20250609_1-0-Coki_PlotE_20250711_1-0.csv,1-0,grow,n/s,1,480,cm2,0.59,0.675,5.9e-5,6.75e-5,TRUE,TRUE,TRUE,FALSE,FALSE
Plot E,1-0,Plot E 1-0,2,June,July,575,NA,NA,Orbicella annularis,2025-06-09,2025-07-11,PlotC_1-0_Coki_PlotE_20250609_1-0-Coki_PlotE_20250711_1-0.csv,1-0,grow,n/s,1,480,cm2,0.8875,0.985,8.874999999999999e-5,9.85e-5,TRUE,TRUE,TRUE,FALSE,FALSE
Plot E,1-0,Plot E 1-0,2,June,July,577,NA,NA,Orbicella annularis,2025-06-09,2025-07-11,PlotC_1-0_Coki_PlotE_20250609_1-0-Coki_PlotE_20250711_1-0.csv,1-0,same,n/s,1,480,cm2,1.5975,1.6,1.5974999999999998e-4,1.6e-4,TRUE,TRUE,TRUE,FALSE,FALSE
Plot E,1-0,Plot E 1-0,2,June,July,579,NA,NA,Orbicella annularis,2025-06-09,2025-07-11,PlotC_1-0_Coki_PlotE_20250609_1-0-Coki_PlotE_20250711_1-0.csv,1-0,shrink,n/s,1,480,cm2,1.57,1.4325,1.57e-4,1.4325e-4,TRUE,TRUE,TRUE,FALSE,FALSE
Plot E,1-0,Plot E 1-0,2,June,July,580,NA,NA,Orbicella annularis,2025-06-09,2025-07-11,PlotC_1-0_Coki_PlotE_20250609_1-0-Coki_PlotE_20250711_1-0.csv,1-0,same,n/s,1,480,cm2,1.29,1.2325,1.29e-4,1.2325e-4,TRUE,TRUE,TRUE,FALSE,FALSE
Plot E,1-0,Plot E 1-0,2,June,July,582,NA,NA,Orbicella annularis,2025-06-09,2025-07-11,PlotC_1-0_Coki_PlotE_20250609_1-0-Coki_PlotE_20250711_1-0.csv,1-0,n/s,fuse,2,480,cm2,6.4575,6.3225,6.457500000000001e-4,6.3225e-4,TRUE,TRUE,TRUE,FALSE,FALSE
Plot E,1-0,Plot E 1-0,2,June,July,583,NA,NA,Orbicella annularis,2025-06-09,2025-07-11,PlotC_1-0_Coki_PlotE_20250609_1-0-Coki_PlotE_20250711_1-0.csv,1-0,shrink,n/s,1,480,cm2,0.895,0.7875,8.950000000000001e-5,7.875e-5,TRUE,TRUE,TRUE,FALSE,FALSE
Plot E,1-0,Plot E 1-0,2,June,July,584,NA,NA,Orbicella annularis,2025-06-09,2025-07-11,PlotC_1-0_Coki_PlotE_20250609_1-0-Coki_PlotE_20250711_1-0.csv,1-0,same,n/s,1,480,cm2,1.125,1.1775,1.125e-4,1.1775e-4,TRUE,TRUE,TRUE,FALSE,FALSE
Plot E,1-0,Plot E 1-0,2,June,July,585,NA,NA,Orbicella annularis,2025-06-09,2025-07-11,PlotC_1-0_Coki_PlotE_20250609_1-0-Coki_PlotE_20250711_1-0.csv,1-0,n/s,fuse,2,480,cm2,5.640000000000001,5.6675,5.64e-4,5.667500000000001e-4,TRUE,TRUE,TRUE,FALSE,FALSE
Plot E,1-0,Plot E 1-0,2,June,July,586,NA,NA,Orbicella annularis,2025-06-09,2025-07-11,PlotC_1-0_Coki_PlotE_20250609_1-0-Coki_PlotE_20250711_1-0.csv,1-0,shrink,n/s,1,480,cm2,1.445,1.185,1.4450000000000002e-4,1.1850000000000001e-4,TRUE,TRUE,TRUE,FALSE,FALSE
Plot E,1-0,Plot E 1-0,2,June,July,589,NA,NA,Orbicella franksi,2025-06-09,2025-07-11,PlotC_1-0_Coki_PlotE_20250609_1-0-Coki_PlotE_20250711_1-0.csv,1-0,grow; n/s,fuse; n/s,3,480,cm2,31.47,35.432500000000005,0.003147,0.0035432500000000004,TRUE,TRUE,TRUE,FALSE,FALSE
Plot E,1-0,Plot E 1-0,2,June,July,590,NA,NA,Orbicella annularis,2025-06-09,2025-07-11,PlotC_1-0_Coki_PlotE_20250609_1-0-Coki_PlotE_20250711_1-0.csv,1-0,grow,n/s,1,480,cm2,0.95,1,9.499999999999999e-5,1e-4,TRUE,TRUE,TRUE,FALSE,FALSE
Plot E,1-0,Plot E 1-0,2,June,July,591,NA,NA,Orbicella franksi,2025-06-09,2025-07-11,PlotC_1-0_Coki_PlotE_20250609_1-0-Coki_PlotE_20250711_1-0.csv,1-0,grow,n/s,1,480,cm2,7.7125,9.4225,7.7125e-4,9.422499999999999e-4,TRUE,TRUE,TRUE,FALSE,FALSE
Plot E,1-0,Plot E 1-0,2,June,July,593,NA,NA,Orbicella franksi,2025-06-09,2025-07-11,PlotC_1-0_Coki_PlotE_20250609_1-0-Coki_PlotE_20250711_1-0.csv,1-0,same,n/s,1,480,cm2,5.915,5.985,5.915e-4,5.985000000000001e-4,TRUE,TRUE,TRUE,FALSE,FALSE
Plot E,1-0,Plot E 1-0,2,June,July,595,NA,NA,Orbicella franksi,2025-06-09,2025-07-11,PlotC_1-0_Coki_PlotE_20250609_1-0-Coki_PlotE_20250711_1-0.csv,1-0,n/s,fuse,2,480,cm2,12.5125,15.695,0.00125125,0.0015695,TRUE,TRUE,TRUE,FALSE,FALSE
Plot E,1-0,Plot E 1-0,2,June,July,596,NA,NA,Orbicella franksi,2025-06-09,2025-07-11,PlotC_1-0_Coki_PlotE_20250609_1-0-Coki_PlotE_20250711_1-0.csv,1-0,shrink,n/s,1,480,cm2,7.4175,6.63,7.4175e-4,6.63e-4,TRUE,TRUE,TRUE,FALSE,FALSE
Plot E,1-0,Plot E 1-0,2,June,July,598,NA,NA,Orbicella franksi,2025-06-09,2025-07-11,PlotC_1-0_Coki_PlotE_20250609_1-0-Coki_PlotE_20250711_1-0.csv,1-0,same,n/s,1,480,cm2,7.17,7.32,7.17e-4,7.32e-4,TRUE,TRUE,TRUE,FALSE,FALSE
Plot E,1-0,Plot E 1-0,2,June,July,6,NA,NA,Orbicella annularis,2025-06-09,2025-07-11,PlotC_1-0_Coki_PlotE_20250609_1-0-Coki_PlotE_20250711_1-0.csv,1-0,same,n/s,1,480,cm2,2.26,2.26,2.26e-4,2.26e-4,TRUE,TRUE,TRUE,FALSE,FALSE
Plot E,1-0,Plot E 1-0,2,June,July,614,NA,NA,Orbicella annularis,2025-06-09,2025-07-11,PlotC_1-0_Coki_PlotE_20250609_1-0-Coki_PlotE_20250711_1-0.csv,1-0,same,n/s,1,480,cm2,70.095,72.935,0.0070095,0.0072935000000000005,TRUE,TRUE,TRUE,FALSE,FALSE
Plot E,1-0,Plot E 1-0,2,June,July,617,NA,NA,Orbicella annularis,2025-06-09,2025-07-11,PlotC_1-0_Coki_PlotE_20250609_1-0-Coki_PlotE_20250711_1-0.csv,1-0,grow,n/s,1,480,cm2,0.2125,0.4,2.1249999999999998e-5,4e-5,TRUE,TRUE,TRUE,FALSE,FALSE
Plot E,1-0,Plot E 1-0,2,June,July,674,NA,NA,Acropora palmata,2025-06-09,2025-07-11,PlotC_1-0_Coki_PlotE_20250609_1-0-Coki_PlotE_20250711_1-0.csv,1-0,same,n/s,1,480,cm2,14.3075,14.3075,0.00143075,0.00143075,TRUE,TRUE,TRUE,FALSE,FALSE
Plot E,1-0,Plot E 1-0,2,June,July,676,NA,NA,Acropora palmata,2025-06-09,2025-07-11,PlotC_1-0_Coki_PlotE_20250609_1-0-Coki_PlotE_20250711_1-0.csv,1-0,same,n/s,1,480,cm2,10.355,10.355,0.0010355,0.0010355,TRUE,TRUE,TRUE,FALSE,FALSE
Plot E,1-0,Plot E 1-0,2,June,July,677,NA,NA,Acropora palmata,2025-06-09,2025-07-11,PlotC_1-0_Coki_PlotE_20250609_1-0-Coki_PlotE_20250711_1-0.csv,1-0,same,n/s,1,480,cm2,21.435,21.435,0.0021435,0.0021435,TRUE,TRUE,TRUE,FALSE,FALSE
Plot E,1-0,Plot E 1-0,2,June,July,680,NA,NA,Acropora palmata,2025-06-09,2025-07-11,PlotC_1-0_Coki_PlotE_20250609_1-0-Coki_PlotE_20250711_1-0.csv,1-0,n/s,fuse,1,480,cm2,12.7,12.7,0.0012699999999999999,0.0012699999999999999,TRUE,TRUE,TRUE,FALSE,FALSE
Plot E,1-0,Plot E 1-0,2,June,July,683,NA,NA,Acropora palmata,2025-06-09,2025-07-11,PlotC_1-0_Coki_PlotE_20250609_1-0-Coki_PlotE_20250711_1-0.csv,1-0,same,n/s,1,480,cm2,13.795,13.795,0.0013795,0.0013795,TRUE,TRUE,TRUE,FALSE,FALSE
Plot E,1-0,Plot E 1-0,2,June,July,685,NA,NA,Orbicella franksi,2025-06-09,2025-07-11,PlotC_1-0_Coki_PlotE_20250609_1-0-Coki_PlotE_20250711_1-0.csv,1-0,grow,n/s,1,480,cm2,5.13,5.56,5.13e-4,5.56e-4,TRUE,TRUE,TRUE,FALSE,FALSE
Plot E,1-0,Plot E 1-0,2,June,July,686,NA,NA,Orbicella franksi,2025-06-09,2025-07-11,PlotC_1-0_Coki_PlotE_20250609_1-0-Coki_PlotE_20250711_1-0.csv,1-0,shrink,n/s,1,480,cm2,4.1925,3.93,4.1924999999999997e-4,3.93e-4,TRUE,TRUE,TRUE,FALSE,FALSE
Plot E,1-0,Plot E 1-0,2,June,July,687,NA,NA,Orbicella franksi,2025-06-09,2025-07-11,PlotC_1-0_Coki_PlotE_20250609_1-0-Coki_PlotE_20250711_1-0.csv,1-0,grow,n/s,1,480,cm2,6.955,7.5975,6.955e-4,7.5975e-4,TRUE,TRUE,TRUE,FALSE,FALSE
Plot E,1-0,Plot E 1-0,2,June,July,688,NA,NA,Orbicella franksi,2025-06-09,2025-07-11,PlotC_1-0_Coki_PlotE_20250609_1-0-Coki_PlotE_20250711_1-0.csv,1-0,grow,n/s,1,480,cm2,23.9375,25.7,0.00239375,0.00257,TRUE,TRUE,TRUE,FALSE,FALSE
Plot E,1-0,Plot E 1-0,2,June,July,689,NA,NA,Orbicella franksi,2025-06-09,2025-07-11,PlotC_1-0_Coki_PlotE_20250609_1-0-Coki_PlotE_20250711_1-0.csv,1-0,n/s,fuse,2,480,cm2,14.870000000000001,15.3525,0.001487,0.00153525,TRUE,TRUE,TRUE,FALSE,FALSE
Plot E,1-0,Plot E 1-0,2,June,July,691,NA,NA,Orbicella franksi,2025-06-09,2025-07-11,PlotC_1-0_Coki_PlotE_20250609_1-0-Coki_PlotE_20250711_1-0.csv,1-0,n/s,fuse,3,480,cm2,18.875,18.7425,0.0018875,0.00187425,TRUE,TRUE,TRUE,FALSE,FALSE
Plot E,1-0,Plot E 1-0,2,June,July,692,NA,NA,Orbicella franksi,2025-06-09,2025-07-11,PlotC_1-0_Coki_PlotE_20250609_1-0-Coki_PlotE_20250711_1-0.csv,1-0,grow,n/s,1,480,cm2,3.945,4.665,3.945e-4,4.665e-4,TRUE,TRUE,TRUE,FALSE,FALSE
Plot E,1-0,Plot E 1-0,2,June,July,693,NA,NA,Orbicella franksi,2025-06-09,2025-07-11,PlotC_1-0_Coki_PlotE_20250609_1-0-Coki_PlotE_20250711_1-0.csv,1-0,n/s,fuse,2,480,cm2,11.635,12.28,0.0011635,0.001228,TRUE,TRUE,TRUE,FALSE,FALSE
Plot E,1-0,Plot E 1-0,2,June,July,694,NA,NA,Orbicella franksi,2025-06-09,2025-07-11,PlotC_1-0_Coki_PlotE_20250609_1-0-Coki_PlotE_20250711_1-0.csv,1-0,same,n/s,1,480,cm2,3.0575,3.2,3.0575000000000003e-4,3.2e-4,TRUE,TRUE,TRUE,FALSE,FALSE
Plot E,1-0,Plot E 1-0,2,June,July,697,NA,NA,Orbicella franksi,2025-06-09,2025-07-11,PlotC_1-0_Coki_PlotE_20250609_1-0-Coki_PlotE_20250711_1-0.csv,1-0,shrink,n/s,1,480,cm2,6.475,5.9,6.475e-4,5.9e-4,TRUE,TRUE,TRUE,FALSE,FALSE
Plot E,1-0,Plot E 1-0,2,June,July,698,NA,NA,Orbicella franksi,2025-06-09,2025-07-11,PlotC_1-0_Coki_PlotE_20250609_1-0-Coki_PlotE_20250711_1-0.csv,1-0,same,n/s,1,480,cm2,3.9275,3.8875,3.9275000000000003e-4,3.8875000000000004e-4,TRUE,TRUE,TRUE,FALSE,FALSE
Plot E,1-0,Plot E 1-0,2,June,July,699,NA,NA,Orbicella franksi,2025-06-09,2025-07-11,PlotC_1-0_Coki_PlotE_20250609_1-0-Coki_PlotE_20250711_1-0.csv,1-0,grow,n/s,1,480,cm2,5.91,6.2625,5.91e-4,6.262500000000001e-4,TRUE,TRUE,TRUE,FALSE,FALSE
Plot E,1-0,Plot E 1-0,2,June,July,7,NA,NA,Orbicella annularis,2025-06-09,2025-07-11,PlotC_1-0_Coki_PlotE_20250609_1-0-Coki_PlotE_20250711_1-0.csv,1-0,same,n/s,1,480,cm2,2.265,2.265,2.265e-4,2.265e-4,TRUE,TRUE,TRUE,FALSE,FALSE
Plot E,1-0,Plot E 1-0,2,June,July,700,NA,NA,Orbicella franksi,2025-06-09,2025-07-11,PlotC_1-0_Coki_PlotE_20250609_1-0-Coki_PlotE_20250711_1-0.csv,1-0,grow,n/s,1,480,cm2,8.505,9.1325,8.505000000000001e-4,9.1325e-4,TRUE,TRUE,TRUE,FALSE,FALSE
Plot E,1-0,Plot E 1-0,2,June,July,730,NA,NA,Acropora palmata,2025-06-09,2025-07-11,PlotC_1-0_Coki_PlotE_20250609_1-0-Coki_PlotE_20250711_1-0.csv,1-0,grow,n/s,1,480,cm2,16.9775,21.6275,0.0016977499999999998,0.00216275,TRUE,TRUE,TRUE,FALSE,FALSE
Plot E,1-0,Plot E 1-0,2,June,July,738,NA,NA,Acropora palmata,2025-06-09,2025-07-11,PlotC_1-0_Coki_PlotE_20250609_1-0-Coki_PlotE_20250711_1-0.csv,1-0,grow,n/s,1,480,cm2,9.4475,12.28,9.4475e-4,0.001228,TRUE,TRUE,TRUE,FALSE,FALSE
Plot E,1-0,Plot E 1-0,2,June,July,745,NA,NA,Orbicella faveolata,2025-06-09,2025-07-11,PlotC_1-0_Coki_PlotE_20250609_1-0-Coki_PlotE_20250711_1-0.csv,1-0,shrink,n/s,1,480,cm2,4.3475,4.135,4.3475e-4,4.1349999999999997e-4,TRUE,TRUE,TRUE,FALSE,FALSE
Plot E,1-0,Plot E 1-0,2,June,July,746,NA,NA,Orbicella faveolata,2025-06-09,2025-07-11,PlotC_1-0_Coki_PlotE_20250609_1-0-Coki_PlotE_20250711_1-0.csv,1-0,grow,n/s,1,480,cm2,5.235,6.8,5.235e-4,6.799999999999999e-4,TRUE,TRUE,TRUE,FALSE,FALSE
Plot E,1-0,Plot E 1-0,2,June,July,748,NA,NA,Orbicella faveolata,2025-06-09,2025-07-11,PlotC_1-0_Coki_PlotE_20250609_1-0-Coki_PlotE_20250711_1-0.csv,1-0,grow,n/s,1,480,cm2,6.6475,7.7075,6.6475e-4,7.7075e-4,TRUE,TRUE,TRUE,FALSE,FALSE
Plot E,1-0,Plot E 1-0,2,June,July,753,NA,NA,Acropora palmata,2025-06-09,2025-07-11,PlotC_1-0_Coki_PlotE_20250609_1-0-Coki_PlotE_20250711_1-0.csv,1-0,grow,n/s,1,480,cm2,14.3375,15.2475,0.0014337500000000001,0.00152475,TRUE,TRUE,TRUE,FALSE,FALSE
Plot E,1-0,Plot E 1-0,2,June,July,755,NA,NA,Orbicella faveolata,2025-06-09,2025-07-11,PlotC_1-0_Coki_PlotE_20250609_1-0-Coki_PlotE_20250711_1-0.csv,1-0,n/s,fuse,2,480,cm2,15.835,18.5675,0.0015835,0.00185675,TRUE,TRUE,TRUE,FALSE,FALSE
Plot E,1-0,Plot E 1-0,2,June,July,757,NA,NA,Orbicella faveolata,2025-06-09,2025-07-11,PlotC_1-0_Coki_PlotE_20250609_1-0-Coki_PlotE_20250711_1-0.csv,1-0,same,n/s,1,480,cm2,8.305,8.705,8.305e-4,8.705e-4,TRUE,TRUE,TRUE,FALSE,FALSE
Plot E,1-0,Plot E 1-0,2,June,July,762,NA,NA,Orbicella faveolata,2025-06-09,2025-07-11,PlotC_1-0_Coki_PlotE_20250609_1-0-Coki_PlotE_20250711_1-0.csv,1-0,n/s,fuse,3,480,cm2,23.395,26.5025,0.0023395,0.0026502500000000003,TRUE,TRUE,TRUE,FALSE,FALSE
Plot E,1-0,Plot E 1-0,2,June,July,765,NA,NA,Orbicella faveolata,2025-06-09,2025-07-11,PlotC_1-0_Coki_PlotE_20250609_1-0-Coki_PlotE_20250711_1-0.csv,1-0,grow,n/s,1,480,cm2,6.025,7.3475,6.025000000000001e-4,7.3475e-4,TRUE,TRUE,TRUE,FALSE,FALSE
Plot E,1-0,Plot E 1-0,2,June,July,796,NA,NA,Acropora palmata,2025-06-09,2025-07-11,PlotC_1-0_Coki_PlotE_20250609_1-0-Coki_PlotE_20250711_1-0.csv,1-0,same,n/s,1,480,cm2,11.4875,11.4875,0.00114875,0.00114875,TRUE,TRUE,TRUE,FALSE,FALSE
Plot E,1-0,Plot E 1-0,2,June,July,798,NA,NA,Acropora palmata,2025-06-09,2025-07-11,PlotC_1-0_Coki_PlotE_20250609_1-0-Coki_PlotE_20250711_1-0.csv,1-0,dead,none,1,480,cm2,12.9875,0,0.00129875,0,TRUE,FALSE,FALSE,TRUE,FALSE
Plot E,1-0,Plot E 1-0,2,June,July,8,NA,NA,Orbicella annularis,2025-06-09,2025-07-11,PlotC_1-0_Coki_PlotE_20250609_1-0-Coki_PlotE_20250711_1-0.csv,1-0,same,n/s,3,480,cm2,22.695,22.695,0.0022695,0.0022695,TRUE,TRUE,TRUE,FALSE,FALSE
Plot E,1-0,Plot E 1-0,2,June,July,802,NA,NA,Acropora palmata,2025-06-09,2025-07-11,PlotC_1-0_Coki_PlotE_20250609_1-0-Coki_PlotE_20250711_1-0.csv,1-0,same,n/s,1,480,cm2,10.805,10.805,0.0010804999999999999,0.0010804999999999999,TRUE,TRUE,TRUE,FALSE,FALSE
Plot E,1-0,Plot E 1-0,2,June,July,804,NA,NA,Acropora palmata,2025-06-09,2025-07-11,PlotC_1-0_Coki_PlotE_20250609_1-0-Coki_PlotE_20250711_1-0.csv,1-0,dead,none,1,480,cm2,5.015,0,5.015e-4,0,TRUE,FALSE,FALSE,TRUE,FALSE
Plot E,1-0,Plot E 1-0,2,June,July,805,NA,NA,Acropora palmata,2025-06-09,2025-07-11,PlotC_1-0_Coki_PlotE_20250609_1-0-Coki_PlotE_20250711_1-0.csv,1-0,grow,n/s,2,480,cm2,32.2175,37.3675,0.00322175,0.00373675,TRUE,TRUE,TRUE,FALSE,FALSE
Plot E,1-0,Plot E 1-0,2,June,July,808,NA,NA,Acropora palmata,2025-06-09,2025-07-11,PlotC_1-0_Coki_PlotE_20250609_1-0-Coki_PlotE_20250711_1-0.csv,1-0,dead,none,1,480,cm2,14,0,0.0014,0,TRUE,FALSE,FALSE,TRUE,FALSE
Plot E,1-0,Plot E 1-0,2,June,July,811,NA,NA,Acropora palmata,2025-06-09,2025-07-11,PlotC_1-0_Coki_PlotE_20250609_1-0-Coki_PlotE_20250711_1-0.csv,1-0,same,n/s,1,480,cm2,12.5,12.5,0.00125,0.00125,TRUE,TRUE,TRUE,FALSE,FALSE
Plot E,1-0,Plot E 1-0,2,June,July,814,NA,NA,Acropora palmata,2025-06-09,2025-07-11,PlotC_1-0_Coki_PlotE_20250609_1-0-Coki_PlotE_20250711_1-0.csv,1-0,same,n/s,1,480,cm2,11.775,11.775,0.0011775,0.0011775,TRUE,TRUE,TRUE,FALSE,FALSE
Plot E,1-0,Plot E 1-0,2,June,July,828,NA,NA,Orbicella franksi,2025-06-09,2025-07-11,PlotC_1-0_Coki_PlotE_20250609_1-0-Coki_PlotE_20250711_1-0.csv,1-0,grow; n/s,fuse; n/s,4,480,cm2,28.1225,30.005,0.0028122499999999996,0.0030004999999999997,TRUE,TRUE,TRUE,FALSE,FALSE
Plot E,1-0,Plot E 1-0,2,June,July,829,NA,NA,Orbicella franksi,2025-06-09,2025-07-11,PlotC_1-0_Coki_PlotE_20250609_1-0-Coki_PlotE_20250711_1-0.csv,1-0,shrink,n/s,1,480,cm2,5.12,4.515,5.12e-4,4.5149999999999997e-4,TRUE,TRUE,TRUE,FALSE,FALSE
Plot E,1-0,Plot E 1-0,2,June,July,831,NA,NA,Orbicella franksi,2025-06-09,2025-07-11,PlotC_1-0_Coki_PlotE_20250609_1-0-Coki_PlotE_20250711_1-0.csv,1-0,grow,n/s,1,480,cm2,5.95,6.25,5.95e-4,6.25e-4,TRUE,TRUE,TRUE,FALSE,FALSE
Plot E,1-0,Plot E 1-0,2,June,July,833,NA,NA,Orbicella franksi,2025-06-09,2025-07-11,PlotC_1-0_Coki_PlotE_20250609_1-0-Coki_PlotE_20250711_1-0.csv,1-0,n/s,fuse,2,480,cm2,13.035,14.77,0.0013035,0.001477,TRUE,TRUE,TRUE,FALSE,FALSE
Plot E,1-0,Plot E 1-0,2,June,July,835,NA,NA,Orbicella franksi,2025-06-09,2025-07-11,PlotC_1-0_Coki_PlotE_20250609_1-0-Coki_PlotE_20250711_1-0.csv,1-0,grow,n/s,1,480,cm2,7.4325,9.385,7.4325e-4,9.385e-4,TRUE,TRUE,TRUE,FALSE,FALSE
Plot E,1-0,Plot E 1-0,2,June,July,836,NA,NA,Orbicella franksi,2025-06-09,2025-07-11,PlotC_1-0_Coki_PlotE_20250609_1-0-Coki_PlotE_20250711_1-0.csv,1-0,shrink,n/s,1,480,cm2,5.0625,3.995,5.0625e-4,3.995e-4,TRUE,TRUE,TRUE,FALSE,FALSE
Plot E,1-0,Plot E 1-0,2,June,July,841,NA,NA,Orbicella annularis,2025-06-09,2025-07-11,PlotC_1-0_Coki_PlotE_20250609_1-0-Coki_PlotE_20250711_1-0.csv,1-0,shrink,n/s,1,480,cm2,46.4325,43.4775,0.00464325,0.00434775,TRUE,TRUE,TRUE,FALSE,FALSE
Plot E,1-0,Plot E 1-0,2,June,July,846,NA,NA,Orbicella annularis,2025-06-09,2025-07-11,PlotC_1-0_Coki_PlotE_20250609_1-0-Coki_PlotE_20250711_1-0.csv,1-0,shrink,n/s,1,480,cm2,2.59,2.1,2.59e-4,2.1e-4,TRUE,TRUE,TRUE,FALSE,FALSE
Plot E,1-0,Plot E 1-0,2,June,July,85,NA,NA,Orbicella annularis,2025-06-09,2025-07-11,PlotC_1-0_Coki_PlotE_20250609_1-0-Coki_PlotE_20250711_1-0.csv,1-0,n/s,fuse,2,480,cm2,52.4375,56.0425,0.00524375,0.00560425,TRUE,TRUE,TRUE,FALSE,FALSE
Plot E,1-0,Plot E 1-0,2,June,July,850,NA,NA,Orbicella annularis,2025-06-09,2025-07-11,PlotC_1-0_Coki_PlotE_20250609_1-0-Coki_PlotE_20250711_1-0.csv,1-0,dead,none,1,480,cm2,2.75,0,2.75e-4,0,TRUE,FALSE,FALSE,TRUE,FALSE
Plot E,1-0,Plot E 1-0,2,June,July,851,NA,NA,Orbicella annularis,2025-06-09,2025-07-11,PlotC_1-0_Coki_PlotE_20250609_1-0-Coki_PlotE_20250711_1-0.csv,1-0,grow,n/s,1,480,cm2,1.21,1.3025,1.21e-4,1.3025e-4,TRUE,TRUE,TRUE,FALSE,FALSE
Plot E,1-0,Plot E 1-0,2,June,July,852,NA,NA,Orbicella annularis,2025-06-09,2025-07-11,PlotC_1-0_Coki_PlotE_20250609_1-0-Coki_PlotE_20250711_1-0.csv,1-0,grow,n/s,1,480,cm2,0.26,0.2875,2.6000000000000002e-5,2.8749999999999997e-5,TRUE,TRUE,TRUE,FALSE,FALSE
Plot E,1-0,Plot E 1-0,2,June,July,868,NA,NA,Orbicella annularis,2025-06-09,2025-07-11,PlotC_1-0_Coki_PlotE_20250609_1-0-Coki_PlotE_20250711_1-0.csv,1-0,n/s,fuse,2,480,cm2,73.22,69.3975,0.0073219999999999995,0.00693975,TRUE,TRUE,TRUE,FALSE,FALSE
Plot E,1-0,Plot E 1-0,2,June,July,9,NA,NA,Orbicella annularis,2025-06-09,2025-07-11,PlotC_1-0_Coki_PlotE_20250609_1-0-Coki_PlotE_20250711_1-0.csv,1-0,same,n/s,1,480,cm2,0.7625,0.7625,7.625e-5,7.625e-5,TRUE,TRUE,TRUE,FALSE,FALSE
Plot E,1-0,Plot E 1-0,2,June,July,90,NA,NA,Orbicella annularis,2025-06-09,2025-07-11,PlotC_1-0_Coki_PlotE_20250609_1-0-Coki_PlotE_20250711_1-0.csv,1-0,same,n/s,1,480,cm2,3.0275,2.8875,3.0274999999999996e-4,2.8875e-4,TRUE,TRUE,TRUE,FALSE,FALSE
Plot E,1-0,Plot E 1-0,2,June,July,928,NA,NA,Orbicella franksi,2025-06-09,2025-07-11,PlotC_1-0_Coki_PlotE_20250609_1-0-Coki_PlotE_20250711_1-0.csv,1-0,grow,n/s,1,480,cm2,7.2375,7.7425,7.2375e-4,7.7425e-4,TRUE,TRUE,TRUE,FALSE,FALSE
Plot E,1-0,Plot E 1-0,2,June,July,930,NA,NA,Orbicella franksi,2025-06-09,2025-07-11,PlotC_1-0_Coki_PlotE_20250609_1-0-Coki_PlotE_20250711_1-0.csv,1-0,same,n/s,1,480,cm2,7.2025,7.56,7.2025e-4,7.559999999999999e-4,TRUE,TRUE,TRUE,FALSE,FALSE
Plot E,1-0,Plot E 1-0,2,June,July,932,NA,NA,Orbicella franksi,2025-06-09,2025-07-11,PlotC_1-0_Coki_PlotE_20250609_1-0-Coki_PlotE_20250711_1-0.csv,1-0,grow; n/s,fuse; n/s,3,480,cm2,17.7475,20.425,0.0017747499999999999,0.0020425,TRUE,TRUE,TRUE,FALSE,FALSE
Plot E,1-0,Plot E 1-0,2,June,July,933,NA,NA,Orbicella franksi,2025-06-09,2025-07-11,PlotC_1-0_Coki_PlotE_20250609_1-0-Coki_PlotE_20250711_1-0.csv,1-0,n/s,fuse,3,480,cm2,25.675000000000004,27.1075,0.0025675,0.00271075,TRUE,TRUE,TRUE,FALSE,FALSE
Plot E,1-0,Plot E 1-0,2,June,July,939,NA,NA,Orbicella franksi,2025-06-09,2025-07-11,PlotC_1-0_Coki_PlotE_20250609_1-0-Coki_PlotE_20250711_1-0.csv,1-0,grow,n/s,1,480,cm2,5.66,6.2125,5.66e-4,6.212500000000001e-4,TRUE,TRUE,TRUE,FALSE,FALSE
Plot E,1-0,Plot E 1-0,2,June,July,942,NA,NA,Orbicella franksi,2025-06-09,2025-07-11,PlotC_1-0_Coki_PlotE_20250609_1-0-Coki_PlotE_20250711_1-0.csv,1-0,same,n/s,1,480,cm2,8.035,8.2575,8.035e-4,8.2575e-4,TRUE,TRUE,TRUE,FALSE,FALSE
Plot E,1-0,Plot E 1-0,2,June,July,969,NA,NA,Acropora cervicornis,2025-06-09,2025-07-11,PlotC_1-0_Coki_PlotE_20250609_1-0-Coki_PlotE_20250711_1-0.csv,1-0,same,n/s,1,480,cm2,12.01,12.01,0.001201,0.001201,TRUE,TRUE,TRUE,FALSE,FALSE
Plot E,1-0,Plot E 1-0,2,June,July,971,NA,NA,Acropora cervicornis,2025-06-09,2025-07-11,PlotC_1-0_Coki_PlotE_20250609_1-0-Coki_PlotE_20250711_1-0.csv,1-0,same,n/s,1,480,cm2,4.0075,4.0075,4.0075e-4,4.0075e-4,TRUE,TRUE,TRUE,FALSE,FALSE
Plot E,1-0,Plot E 1-0,2,June,July,977,NA,NA,Acropora cervicornis,2025-06-09,2025-07-11,PlotC_1-0_Coki_PlotE_20250609_1-0-Coki_PlotE_20250711_1-0.csv,1-0,same,n/s,1,480,cm2,3.25,3.25,3.25e-4,3.25e-4,TRUE,TRUE,TRUE,FALSE,FALSE
Plot E,1-0,Plot E 1-0,2,June,July,979,NA,NA,Acropora cervicornis,2025-06-09,2025-07-11,PlotC_1-0_Coki_PlotE_20250609_1-0-Coki_PlotE_20250711_1-0.csv,1-0,same,n/s,1,480,cm2,3.06,3.06,3.06e-4,3.06e-4,TRUE,TRUE,TRUE,FALSE,FALSE
Plot E,1-0,Plot E 1-0,2,June,July,980,NA,NA,Acropora cervicornis,2025-06-09,2025-07-11,PlotC_1-0_Coki_PlotE_20250609_1-0-Coki_PlotE_20250711_1-0.csv,1-0,same,n/s,1,480,cm2,7.63,7.63,7.63e-4,7.63e-4,TRUE,TRUE,TRUE,FALSE,FALSE
Plot E,1-0,Plot E 1-0,2,June,July,986,NA,NA,Acropora cervicornis,2025-06-09,2025-07-11,PlotC_1-0_Coki_PlotE_20250609_1-0-Coki_PlotE_20250711_1-0.csv,1-0,same,n/s,1,480,cm2,8.1125,8.1125,8.112500000000001e-4,8.112500000000001e-4,TRUE,TRUE,TRUE,FALSE,FALSE
Plot E,1-0,Plot E 1-0,3,July,August,10,NA,NA,Orbicella annularis,2025-07-11,2025-08-04,PlotC_1-0_Coki_PlotE_20250711_1-0-Coki_PlotE_20250804_1-0.csv,1-0,same,n/s,1,480,cm2,1.6375,1.715,1.6375e-4,1.715e-4,TRUE,TRUE,TRUE,FALSE,FALSE
Plot E,1-0,Plot E 1-0,3,July,August,1037,NA,NA,Orbicella faveolata,2025-07-11,2025-08-04,PlotC_1-0_Coki_PlotE_20250711_1-0-Coki_PlotE_20250804_1-0.csv,1-0,grow,n/s,1,480,cm2,6.2,7.595,6.2e-4,7.595e-4,TRUE,TRUE,TRUE,FALSE,FALSE
Plot E,1-0,Plot E 1-0,3,July,August,1040,NA,NA,Orbicella faveolata,2025-07-11,2025-08-04,PlotC_1-0_Coki_PlotE_20250711_1-0-Coki_PlotE_20250804_1-0.csv,1-0,grow,n/s,1,480,cm2,9.0725,10.1075,9.0725e-4,0.00101075,TRUE,TRUE,TRUE,FALSE,FALSE
Plot E,1-0,Plot E 1-0,3,July,August,1041,NA,NA,Orbicella faveolata,2025-07-11,2025-08-04,PlotC_1-0_Coki_PlotE_20250711_1-0-Coki_PlotE_20250804_1-0.csv,1-0,same,n/s,1,480,cm2,6.2825,6.555,6.2825e-4,6.554999999999999e-4,TRUE,TRUE,TRUE,FALSE,FALSE
Plot E,1-0,Plot E 1-0,3,July,August,1087,NA,NA,Orbicella faveolata,2025-07-11,2025-08-04,PlotC_1-0_Coki_PlotE_20250711_1-0-Coki_PlotE_20250804_1-0.csv,1-0,same,n/s,1,480,cm2,13.72,13.7375,0.001372,0.00137375,TRUE,TRUE,TRUE,FALSE,FALSE
Plot E,1-0,Plot E 1-0,3,July,August,1090,NA,NA,Orbicella faveolata,2025-07-11,2025-08-04,PlotC_1-0_Coki_PlotE_20250711_1-0-Coki_PlotE_20250804_1-0.csv,1-0,grow,n/s,1,480,cm2,4.915,5.175,4.915e-4,5.175e-4,TRUE,TRUE,TRUE,FALSE,FALSE
Plot E,1-0,Plot E 1-0,3,July,August,1091,NA,NA,Orbicella faveolata,2025-07-11,2025-08-04,PlotC_1-0_Coki_PlotE_20250711_1-0-Coki_PlotE_20250804_1-0.csv,1-0,same,n/s,1,480,cm2,6.0025,6.175,6.002500000000001e-4,6.175e-4,TRUE,TRUE,TRUE,FALSE,FALSE
Plot E,1-0,Plot E 1-0,3,July,August,1092,NA,NA,Orbicella faveolata,2025-07-11,2025-08-04,PlotC_1-0_Coki_PlotE_20250711_1-0-Coki_PlotE_20250804_1-0.csv,1-0,shrink,n/s,1,480,cm2,6.625,6.26,6.625e-4,6.259999999999999e-4,TRUE,TRUE,TRUE,FALSE,FALSE
Plot E,1-0,Plot E 1-0,3,July,August,1118,NA,NA,Orbicella faveolata,2025-07-11,2025-08-04,PlotC_1-0_Coki_PlotE_20250711_1-0-Coki_PlotE_20250804_1-0.csv,1-0,same,n/s,1,480,cm2,3.9,4.0175,3.9e-4,4.0175e-4,TRUE,TRUE,TRUE,FALSE,FALSE
Plot E,1-0,Plot E 1-0,3,July,August,1122,NA,NA,Orbicella faveolata,2025-07-11,2025-08-04,PlotC_1-0_Coki_PlotE_20250711_1-0-Coki_PlotE_20250804_1-0.csv,1-0,grow,n/s,1,480,cm2,5.2825,6.5125,5.2825e-4,6.5125e-4,TRUE,TRUE,TRUE,FALSE,FALSE
Plot E,1-0,Plot E 1-0,3,July,August,1126,NA,NA,Orbicella faveolata,2025-07-11,2025-08-04,PlotC_1-0_Coki_PlotE_20250711_1-0-Coki_PlotE_20250804_1-0.csv,1-0,same,n/s,1,480,cm2,3.225,3.375,3.2250000000000003e-4,3.375e-4,TRUE,TRUE,TRUE,FALSE,FALSE
Plot E,1-0,Plot E 1-0,3,July,August,1152,NA,NA,Orbicella faveolata,2025-07-11,2025-08-04,PlotC_1-0_Coki_PlotE_20250711_1-0-Coki_PlotE_20250804_1-0.csv,1-0,grow,n/s,1,480,cm2,6.6675,7.88,6.6675e-4,7.88e-4,TRUE,TRUE,TRUE,FALSE,FALSE
Plot E,1-0,Plot E 1-0,3,July,August,1153,NA,NA,Orbicella faveolata,2025-07-11,2025-08-04,PlotC_1-0_Coki_PlotE_20250711_1-0-Coki_PlotE_20250804_1-0.csv,1-0,same,n/s,1,480,cm2,5.2175,5.0325,5.217500000000001e-4,5.0325e-4,TRUE,TRUE,TRUE,FALSE,FALSE
Plot E,1-0,Plot E 1-0,3,July,August,1154,NA,NA,Orbicella faveolata,2025-07-11,2025-08-04,PlotC_1-0_Coki_PlotE_20250711_1-0-Coki_PlotE_20250804_1-0.csv,1-0,grow,n/s,1,480,cm2,3.8825,4.565,3.8825e-4,4.5650000000000004e-4,TRUE,TRUE,TRUE,FALSE,FALSE
Plot E,1-0,Plot E 1-0,3,July,August,1158,NA,NA,Orbicella faveolata,2025-07-11,2025-08-04,PlotC_1-0_Coki_PlotE_20250711_1-0-Coki_PlotE_20250804_1-0.csv,1-0,same,n/s,1,480,cm2,4.6175,4.4825,4.6175e-4,4.4824999999999997e-4,TRUE,TRUE,TRUE,FALSE,FALSE
Plot E,1-0,Plot E 1-0,3,July,August,1159,NA,NA,Orbicella faveolata,2025-07-11,2025-08-04,PlotC_1-0_Coki_PlotE_20250711_1-0-Coki_PlotE_20250804_1-0.csv,1-0,same,n/s,1,480,cm2,5.61,5.8625,5.610000000000001e-4,5.8625e-4,TRUE,TRUE,TRUE,FALSE,FALSE
Plot E,1-0,Plot E 1-0,3,July,August,1161,NA,NA,Orbicella faveolata,2025-07-11,2025-08-04,PlotC_1-0_Coki_PlotE_20250711_1-0-Coki_PlotE_20250804_1-0.csv,1-0,shrink,n/s,1,480,cm2,3.405,2.5625,3.405e-4,2.5625e-4,TRUE,TRUE,TRUE,FALSE,FALSE
Plot E,1-0,Plot E 1-0,3,July,August,1173,NA,NA,Orbicella annularis,2025-07-11,2025-08-04,PlotC_1-0_Coki_PlotE_20250711_1-0-Coki_PlotE_20250804_1-0.csv,1-0,grow,n/s,1,480,cm2,5.05,5.365,5.05e-4,5.365e-4,TRUE,TRUE,TRUE,FALSE,FALSE
Plot E,1-0,Plot E 1-0,3,July,August,1174,NA,NA,Orbicella annularis,2025-07-11,2025-08-04,PlotC_1-0_Coki_PlotE_20250711_1-0-Coki_PlotE_20250804_1-0.csv,1-0,same,n/s,1,480,cm2,2.1575,2.075,2.1575e-4,2.0750000000000003e-4,TRUE,TRUE,TRUE,FALSE,FALSE
Plot E,1-0,Plot E 1-0,3,July,August,1176,NA,NA,Orbicella annularis,2025-07-11,2025-08-04,PlotC_1-0_Coki_PlotE_20250711_1-0-Coki_PlotE_20250804_1-0.csv,1-0,same,n/s,1,480,cm2,4.4725,4.3975,4.4725e-4,4.3975e-4,TRUE,TRUE,TRUE,FALSE,FALSE
Plot E,1-0,Plot E 1-0,3,July,August,1177,NA,NA,Orbicella annularis,2025-07-11,2025-08-04,PlotC_1-0_Coki_PlotE_20250711_1-0-Coki_PlotE_20250804_1-0.csv,1-0,grow,n/s,1,480,cm2,18.6575,20.67,0.0018657499999999998,0.0020670000000000003,TRUE,TRUE,TRUE,FALSE,FALSE
Plot E,1-0,Plot E 1-0,3,July,August,1178,NA,NA,Orbicella annularis,2025-07-11,2025-08-04,PlotC_1-0_Coki_PlotE_20250711_1-0-Coki_PlotE_20250804_1-0.csv,1-0,same,n/s,1,480,cm2,2.5275,2.495,2.5275e-4,2.495e-4,TRUE,TRUE,TRUE,FALSE,FALSE
Plot E,1-0,Plot E 1-0,3,July,August,1179,NA,NA,Orbicella annularis,2025-07-11,2025-08-04,PlotC_1-0_Coki_PlotE_20250711_1-0-Coki_PlotE_20250804_1-0.csv,1-0,grow,n/s,1,480,cm2,0.6275,1.05,6.275e-5,1.05e-4,TRUE,TRUE,TRUE,FALSE,FALSE
Plot E,1-0,Plot E 1-0,3,July,August,1180,NA,NA,Orbicella annularis,2025-07-11,2025-08-04,PlotC_1-0_Coki_PlotE_20250711_1-0-Coki_PlotE_20250804_1-0.csv,1-0,grow,n/s,1,480,cm2,1.635,2.0825,1.635e-4,2.0825e-4,TRUE,TRUE,TRUE,FALSE,FALSE
Plot E,1-0,Plot E 1-0,3,July,August,1209,NA,NA,Acropora cervicornis,2025-07-11,2025-08-04,PlotC_1-0_Coki_PlotE_20250711_1-0-Coki_PlotE_20250804_1-0.csv,1-0,shrink,n/s,1,480,cm2,8.635,6.015,8.635e-4,6.014999999999999e-4,TRUE,TRUE,TRUE,FALSE,FALSE
Plot E,1-0,Plot E 1-0,3,July,August,1210,NA,NA,Acropora cervicornis,2025-07-11,2025-08-04,PlotC_1-0_Coki_PlotE_20250711_1-0-Coki_PlotE_20250804_1-0.csv,1-0,shrink,n/s,1,480,cm2,14.6725,6.965,0.00146725,6.965e-4,TRUE,TRUE,TRUE,FALSE,FALSE
Plot E,1-0,Plot E 1-0,3,July,August,1211,NA,NA,Acropora cervicornis,2025-07-11,2025-08-04,PlotC_1-0_Coki_PlotE_20250711_1-0-Coki_PlotE_20250804_1-0.csv,1-0,shrink,n/s,1,480,cm2,6.8575,3.87,6.857499999999999e-4,3.8700000000000003e-4,TRUE,TRUE,TRUE,FALSE,FALSE
Plot E,1-0,Plot E 1-0,3,July,August,1212,NA,NA,Acropora cervicornis,2025-07-11,2025-08-04,PlotC_1-0_Coki_PlotE_20250711_1-0-Coki_PlotE_20250804_1-0.csv,1-0,shrink,n/s,1,480,cm2,13.0625,6.0925,0.00130625,6.0925e-4,TRUE,TRUE,TRUE,FALSE,FALSE
Plot E,1-0,Plot E 1-0,3,July,August,1213,NA,NA,Acropora cervicornis,2025-07-11,2025-08-04,PlotC_1-0_Coki_PlotE_20250711_1-0-Coki_PlotE_20250804_1-0.csv,1-0,shrink,n/s,1,480,cm2,11.6275,8.39,0.00116275,8.39e-4,TRUE,TRUE,TRUE,FALSE,FALSE
Plot E,1-0,Plot E 1-0,3,July,August,1214,NA,NA,Acropora cervicornis,2025-07-11,2025-08-04,PlotC_1-0_Coki_PlotE_20250711_1-0-Coki_PlotE_20250804_1-0.csv,1-0,grow,n/s,1,480,cm2,3.0725,5.0525,3.0724999999999996e-4,5.052500000000001e-4,TRUE,TRUE,TRUE,FALSE,FALSE
Plot E,1-0,Plot E 1-0,3,July,August,1217,NA,NA,Orbicella faveolata,2025-07-11,2025-08-04,PlotC_1-0_Coki_PlotE_20250711_1-0-Coki_PlotE_20250804_1-0.csv,1-0,same,n/s,1,480,cm2,7.615,7.315,7.615e-4,7.315e-4,TRUE,TRUE,TRUE,FALSE,FALSE
Plot E,1-0,Plot E 1-0,3,July,August,1223,NA,NA,Orbicella faveolata,2025-07-11,2025-08-04,PlotC_1-0_Coki_PlotE_20250711_1-0-Coki_PlotE_20250804_1-0.csv,1-0,shrink,n/s,1,480,cm2,7.095,4.6675,7.095e-4,4.6675000000000004e-4,TRUE,TRUE,TRUE,FALSE,FALSE
Plot E,1-0,Plot E 1-0,3,July,August,1224,NA,NA,Orbicella faveolata,2025-07-11,2025-08-04,PlotC_1-0_Coki_PlotE_20250711_1-0-Coki_PlotE_20250804_1-0.csv,1-0,shrink,n/s,1,480,cm2,9.6125,4.3925,9.612500000000001e-4,4.3925e-4,TRUE,TRUE,TRUE,FALSE,FALSE
Plot E,1-0,Plot E 1-0,3,July,August,221,NA,NA,Orbicella annularis,2025-07-11,2025-08-04,PlotC_1-0_Coki_PlotE_20250711_1-0-Coki_PlotE_20250804_1-0.csv,1-0,same,n/s,1,480,cm2,28.5075,27.4525,0.00285075,0.00274525,TRUE,TRUE,TRUE,FALSE,FALSE
Plot E,1-0,Plot E 1-0,3,July,August,224,NA,NA,Orbicella annularis,2025-07-11,2025-08-04,PlotC_1-0_Coki_PlotE_20250711_1-0-Coki_PlotE_20250804_1-0.csv,1-0,same,n/s,1,480,cm2,74.1475,76.355,0.0074147499999999995,0.007635500000000001,TRUE,TRUE,TRUE,FALSE,FALSE
Plot E,1-0,Plot E 1-0,3,July,August,261,NA,NA,Orbicella annularis,2025-07-11,2025-08-04,PlotC_1-0_Coki_PlotE_20250711_1-0-Coki_PlotE_20250804_1-0.csv,1-0,grow,n/s,1,480,cm2,26.785,28.6525,0.0026785,0.00286525,TRUE,TRUE,TRUE,FALSE,FALSE
Plot E,1-0,Plot E 1-0,3,July,August,2796,NA,NA,Orbicella annularis,2025-07-11,2025-08-04,PlotC_1-0_Coki_PlotE_20250711_1-0-Coki_PlotE_20250804_1-0.csv,1-0,same,n/s,1,480,cm2,0.5025,0.51,5.0249999999999995e-5,5.1e-5,TRUE,TRUE,TRUE,FALSE,FALSE
Plot E,1-0,Plot E 1-0,3,July,August,3168,NA,NA,Orbicella annularis,2025-07-11,2025-08-04,PlotC_1-0_Coki_PlotE_20250711_1-0-Coki_PlotE_20250804_1-0.csv,1-0,grow,n/s,1,480,cm2,7.5075,8.8075,7.5075e-4,8.807499999999999e-4,TRUE,TRUE,TRUE,FALSE,FALSE
Plot E,1-0,Plot E 1-0,3,July,August,3169,NA,NA,Orbicella annularis,2025-07-11,2025-08-04,PlotC_1-0_Coki_PlotE_20250711_1-0-Coki_PlotE_20250804_1-0.csv,1-0,shrink,n/s,1,480,cm2,4.1775,3.735,4.1775000000000004e-4,3.7349999999999997e-4,TRUE,TRUE,TRUE,FALSE,FALSE
Plot E,1-0,Plot E 1-0,3,July,August,3170,NA,NA,Orbicella annularis,2025-07-11,2025-08-04,PlotC_1-0_Coki_PlotE_20250711_1-0-Coki_PlotE_20250804_1-0.csv,1-0,shrink,n/s,1,480,cm2,6.0025,2.18,6.002500000000001e-4,2.18e-4,TRUE,TRUE,TRUE,FALSE,FALSE
Plot E,1-0,Plot E 1-0,3,July,August,3171,NA,NA,Orbicella annularis,2025-07-11,2025-08-04,PlotC_1-0_Coki_PlotE_20250711_1-0-Coki_PlotE_20250804_1-0.csv,1-0,shrink,n/s,1,480,cm2,2.785,1.375,2.785e-4,1.375e-4,TRUE,TRUE,TRUE,FALSE,FALSE
Plot E,1-0,Plot E 1-0,3,July,August,3173,NA,NA,Orbicella annularis,2025-07-11,2025-08-04,PlotC_1-0_Coki_PlotE_20250711_1-0-Coki_PlotE_20250804_1-0.csv,1-0,shrink,n/s,1,480,cm2,3.7,2.0425,3.7e-4,2.0425e-4,TRUE,TRUE,TRUE,FALSE,FALSE
Plot E,1-0,Plot E 1-0,3,July,August,3366,NA,NA,Orbicella annularis,2025-07-11,2025-08-04,PlotC_1-0_Coki_PlotE_20250711_1-0-Coki_PlotE_20250804_1-0.csv,1-0,shrink,n/s,1,480,cm2,5.3875,4.9225,5.387500000000001e-4,4.922500000000001e-4,TRUE,TRUE,TRUE,FALSE,FALSE
Plot E,1-0,Plot E 1-0,3,July,August,344,NA,NA,Orbicella annularis,2025-07-11,2025-08-04,PlotC_1-0_Coki_PlotE_20250711_1-0-Coki_PlotE_20250804_1-0.csv,1-0,same,n/s,1,480,cm2,46.3675,47.685,0.00463675,0.0047685,TRUE,TRUE,TRUE,FALSE,FALSE
Plot E,1-0,Plot E 1-0,3,July,August,365,NA,NA,Orbicella annularis,2025-07-11,2025-08-04,PlotC_1-0_Coki_PlotE_20250711_1-0-Coki_PlotE_20250804_1-0.csv,1-0,shrink,n/s,1,480,cm2,1.2075,0.785,1.2075000000000001e-4,7.85e-5,TRUE,TRUE,TRUE,FALSE,FALSE
Plot E,1-0,Plot E 1-0,3,July,August,367,NA,NA,Orbicella annularis,2025-07-11,2025-08-04,PlotC_1-0_Coki_PlotE_20250711_1-0-Coki_PlotE_20250804_1-0.csv,1-0,grow,n/s,1,480,cm2,22.6575,24.4825,0.00226575,0.0024482500000000003,TRUE,TRUE,TRUE,FALSE,FALSE
Plot E,1-0,Plot E 1-0,3,July,August,368,NA,NA,Orbicella annularis,2025-07-11,2025-08-04,PlotC_1-0_Coki_PlotE_20250711_1-0-Coki_PlotE_20250804_1-0.csv,1-0,same,n/s,1,480,cm2,10.26,10.0975,0.001026,0.00100975,TRUE,TRUE,TRUE,FALSE,FALSE
Plot E,1-0,Plot E 1-0,3,July,August,373,NA,NA,Orbicella annularis,2025-07-11,2025-08-04,PlotC_1-0_Coki_PlotE_20250711_1-0-Coki_PlotE_20250804_1-0.csv,1-0,shrink,n/s,1,480,cm2,1.2575,0.42,1.2575e-4,4.2e-5,TRUE,TRUE,TRUE,FALSE,FALSE
Plot E,1-0,Plot E 1-0,3,July,August,375,NA,NA,Orbicella annularis,2025-07-11,2025-08-04,PlotC_1-0_Coki_PlotE_20250711_1-0-Coki_PlotE_20250804_1-0.csv,1-0,shrink,n/s,1,480,cm2,3.8475,3.185,3.8475e-4,3.185e-4,TRUE,TRUE,TRUE,FALSE,FALSE
Plot E,1-0,Plot E 1-0,3,July,August,382,NA,NA,Orbicella annularis,2025-07-11,2025-08-04,PlotC_1-0_Coki_PlotE_20250711_1-0-Coki_PlotE_20250804_1-0.csv,1-0,grow,n/s,1,480,cm2,2.3175,2.5025,2.3175e-4,2.5025e-4,TRUE,TRUE,TRUE,FALSE,FALSE
Plot E,1-0,Plot E 1-0,3,July,August,4,NA,NA,Orbicella annularis,2025-07-11,2025-08-04,PlotC_1-0_Coki_PlotE_20250711_1-0-Coki_PlotE_20250804_1-0.csv,1-0,grow,n/s,1,480,cm2,3.84,4.555,3.84e-4,4.5549999999999996e-4,TRUE,TRUE,TRUE,FALSE,FALSE
Plot E,1-0,Plot E 1-0,3,July,August,405,NA,NA,Orbicella franksi,2025-07-11,2025-08-04,PlotC_1-0_Coki_PlotE_20250711_1-0-Coki_PlotE_20250804_1-0.csv,1-0,n/s,fuse,2,480,cm2,41.0575,38.4425,0.00410575,0.0038442500000000004,TRUE,TRUE,TRUE,FALSE,FALSE
Plot E,1-0,Plot E 1-0,3,July,August,409,NA,NA,Orbicella franksi,2025-07-11,2025-08-04,PlotC_1-0_Coki_PlotE_20250711_1-0-Coki_PlotE_20250804_1-0.csv,1-0,same,n/s,1,480,cm2,20.4075,19.88,0.00204075,0.0019879999999999997,TRUE,TRUE,TRUE,FALSE,FALSE
Plot E,1-0,Plot E 1-0,3,July,August,412,NA,NA,Orbicella franksi,2025-07-11,2025-08-04,PlotC_1-0_Coki_PlotE_20250711_1-0-Coki_PlotE_20250804_1-0.csv,1-0,same,n/s,1,480,cm2,13.6725,13.845,0.00136725,0.0013845,TRUE,TRUE,TRUE,FALSE,FALSE
Plot E,1-0,Plot E 1-0,3,July,August,413,NA,NA,Orbicella franksi,2025-07-11,2025-08-04,PlotC_1-0_Coki_PlotE_20250711_1-0-Coki_PlotE_20250804_1-0.csv,1-0,same,n/s,1,480,cm2,7.04,6.895,7.04e-4,6.895e-4,TRUE,TRUE,TRUE,FALSE,FALSE
Plot E,1-0,Plot E 1-0,3,July,August,449,NA,NA,Orbicella annularis,2025-07-11,2025-08-04,PlotC_1-0_Coki_PlotE_20250711_1-0-Coki_PlotE_20250804_1-0.csv,1-0,same,n/s,1,480,cm2,33.05,32.14,0.0033049999999999998,0.003214,TRUE,TRUE,TRUE,FALSE,FALSE
Plot E,1-0,Plot E 1-0,3,July,August,47,NA,NA,Orbicella annularis,2025-07-11,2025-08-04,PlotC_1-0_Coki_PlotE_20250711_1-0-Coki_PlotE_20250804_1-0.csv,1-0,same,n/s,1,480,cm2,1.8475,1.81,1.8475e-4,1.81e-4,TRUE,TRUE,TRUE,FALSE,FALSE
Plot E,1-0,Plot E 1-0,3,July,August,470,NA,NA,Orbicella franksi,2025-07-11,2025-08-04,PlotC_1-0_Coki_PlotE_20250711_1-0-Coki_PlotE_20250804_1-0.csv,1-0,same,n/s,1,480,cm2,5.105,5.165,5.105e-4,5.165e-4,TRUE,TRUE,TRUE,FALSE,FALSE
Plot E,1-0,Plot E 1-0,3,July,August,475,NA,NA,Orbicella franksi,2025-07-11,2025-08-04,PlotC_1-0_Coki_PlotE_20250711_1-0-Coki_PlotE_20250804_1-0.csv,1-0,same,n/s,1,480,cm2,4.705,4.8125,4.705e-4,4.8125e-4,TRUE,TRUE,TRUE,FALSE,FALSE
Plot E,1-0,Plot E 1-0,3,July,August,476,NA,NA,Orbicella franksi,2025-07-11,2025-08-04,PlotC_1-0_Coki_PlotE_20250711_1-0-Coki_PlotE_20250804_1-0.csv,1-0,same,n/s,1,480,cm2,6.195,6.2475,6.195e-4,6.2475e-4,TRUE,TRUE,TRUE,FALSE,FALSE
Plot E,1-0,Plot E 1-0,3,July,August,478,NA,NA,Orbicella franksi,2025-07-11,2025-08-04,PlotC_1-0_Coki_PlotE_20250711_1-0-Coki_PlotE_20250804_1-0.csv,1-0,same,n/s,1,480,cm2,10.5675,10.475,0.0010567500000000002,0.0010475,TRUE,TRUE,TRUE,FALSE,FALSE
Plot E,1-0,Plot E 1-0,3,July,August,481,NA,NA,Orbicella franksi,2025-07-11,2025-08-04,PlotC_1-0_Coki_PlotE_20250711_1-0-Coki_PlotE_20250804_1-0.csv,1-0,grow,n/s,1,480,cm2,5.6575,5.9475,5.6575e-4,5.9475e-4,TRUE,TRUE,TRUE,FALSE,FALSE
Plot E,1-0,Plot E 1-0,3,July,August,483,NA,NA,Orbicella franksi,2025-07-11,2025-08-04,PlotC_1-0_Coki_PlotE_20250711_1-0-Coki_PlotE_20250804_1-0.csv,1-0,grow,n/s,1,480,cm2,5.1575,5.5125,5.157499999999999e-4,5.5125e-4,TRUE,TRUE,TRUE,FALSE,FALSE
Plot E,1-0,Plot E 1-0,3,July,August,485,NA,NA,Orbicella franksi,2025-07-11,2025-08-04,PlotC_1-0_Coki_PlotE_20250711_1-0-Coki_PlotE_20250804_1-0.csv,1-0,same,n/s,1,480,cm2,6.9225,6.71,6.9225e-4,6.71e-4,TRUE,TRUE,TRUE,FALSE,FALSE
Plot E,1-0,Plot E 1-0,3,July,August,488,NA,NA,Orbicella franksi,2025-07-11,2025-08-04,PlotC_1-0_Coki_PlotE_20250711_1-0-Coki_PlotE_20250804_1-0.csv,1-0,same,n/s,1,480,cm2,6.655,6.5375,6.655000000000001e-4,6.537499999999999e-4,TRUE,TRUE,TRUE,FALSE,FALSE
Plot E,1-0,Plot E 1-0,3,July,August,489,NA,NA,Orbicella franksi,2025-07-11,2025-08-04,PlotC_1-0_Coki_PlotE_20250711_1-0-Coki_PlotE_20250804_1-0.csv,1-0,same,n/s,1,480,cm2,6.2575,6.39,6.2575e-4,6.389999999999999e-4,TRUE,TRUE,TRUE,FALSE,FALSE
Plot E,1-0,Plot E 1-0,3,July,August,5,NA,NA,Orbicella annularis,2025-07-11,2025-08-04,PlotC_1-0_Coki_PlotE_20250711_1-0-Coki_PlotE_20250804_1-0.csv,1-0,grow,n/s,1,480,cm2,2.295,3.115,2.295e-4,3.1150000000000004e-4,TRUE,TRUE,TRUE,FALSE,FALSE
Plot E,1-0,Plot E 1-0,3,July,August,50,NA,NA,Orbicella annularis,2025-07-11,2025-08-04,PlotC_1-0_Coki_PlotE_20250711_1-0-Coki_PlotE_20250804_1-0.csv,1-0,same,n/s,1,480,cm2,12.6225,12.955,0.0012622500000000001,0.0012955,TRUE,TRUE,TRUE,FALSE,FALSE
Plot E,1-0,Plot E 1-0,3,July,August,51,NA,NA,Orbicella annularis,2025-07-11,2025-08-04,PlotC_1-0_Coki_PlotE_20250711_1-0-Coki_PlotE_20250804_1-0.csv,1-0,shrink,n/s,1,480,cm2,2.9075,2.745,2.9075e-4,2.745e-4,TRUE,TRUE,TRUE,FALSE,FALSE
Plot E,1-0,Plot E 1-0,3,July,August,52,NA,NA,Orbicella annularis,2025-07-11,2025-08-04,PlotC_1-0_Coki_PlotE_20250711_1-0-Coki_PlotE_20250804_1-0.csv,1-0,grow,n/s,1,480,cm2,5.625,5.95,5.625e-4,5.95e-4,TRUE,TRUE,TRUE,FALSE,FALSE
Plot E,1-0,Plot E 1-0,3,July,August,53,NA,NA,Orbicella annularis,2025-07-11,2025-08-04,PlotC_1-0_Coki_PlotE_20250711_1-0-Coki_PlotE_20250804_1-0.csv,1-0,shrink,n/s,1,480,cm2,3.965,3.5525,3.965e-4,3.5525000000000004e-4,TRUE,TRUE,TRUE,FALSE,FALSE
Plot E,1-0,Plot E 1-0,3,July,August,531,NA,NA,Orbicella annularis,2025-07-11,2025-08-04,PlotC_1-0_Coki_PlotE_20250711_1-0-Coki_PlotE_20250804_1-0.csv,1-0,same,n/s,1,480,cm2,1.325,1.315,1.325e-4,1.315e-4,TRUE,TRUE,TRUE,FALSE,FALSE
Plot E,1-0,Plot E 1-0,3,July,August,532,NA,NA,Orbicella annularis,2025-07-11,2025-08-04,PlotC_1-0_Coki_PlotE_20250711_1-0-Coki_PlotE_20250804_1-0.csv,1-0,same,n/s,1,480,cm2,37.94,36.7575,0.0037939999999999996,0.00367575,TRUE,TRUE,TRUE,FALSE,FALSE
Plot E,1-0,Plot E 1-0,3,July,August,533,NA,NA,Orbicella annularis,2025-07-11,2025-08-04,PlotC_1-0_Coki_PlotE_20250711_1-0-Coki_PlotE_20250804_1-0.csv,1-0,shrink,n/s,1,480,cm2,2.9925,2.6325,2.9925000000000004e-4,2.6325e-4,TRUE,TRUE,TRUE,FALSE,FALSE
Plot E,1-0,Plot E 1-0,3,July,August,535,NA,NA,Orbicella annularis,2025-07-11,2025-08-04,PlotC_1-0_Coki_PlotE_20250711_1-0-Coki_PlotE_20250804_1-0.csv,1-0,grow,n/s,1,480,cm2,5.935,6.36,5.935e-4,6.360000000000001e-4,TRUE,TRUE,TRUE,FALSE,FALSE
Plot E,1-0,Plot E 1-0,3,July,August,54,NA,NA,Orbicella annularis,2025-07-11,2025-08-04,PlotC_1-0_Coki_PlotE_20250711_1-0-Coki_PlotE_20250804_1-0.csv,1-0,same,n/s,1,480,cm2,4.5,4.5175,4.5e-4,4.5175e-4,TRUE,TRUE,TRUE,FALSE,FALSE
Plot E,1-0,Plot E 1-0,3,July,August,540,NA,NA,Orbicella annularis,2025-07-11,2025-08-04,PlotC_1-0_Coki_PlotE_20250711_1-0-Coki_PlotE_20250804_1-0.csv,1-0,same,n/s,1,480,cm2,4.4375,4.5775,4.4375e-4,4.5775e-4,TRUE,TRUE,TRUE,FALSE,FALSE
Plot E,1-0,Plot E 1-0,3,July,August,55,NA,NA,Orbicella annularis,2025-07-11,2025-08-04,PlotC_1-0_Coki_PlotE_20250711_1-0-Coki_PlotE_20250804_1-0.csv,1-0,shrink,n/s,1,480,cm2,2.78,2.6075,2.78e-4,2.6074999999999997e-4,TRUE,TRUE,TRUE,FALSE,FALSE
Plot E,1-0,Plot E 1-0,3,July,August,56,NA,NA,Orbicella annularis,2025-07-11,2025-08-04,PlotC_1-0_Coki_PlotE_20250711_1-0-Coki_PlotE_20250804_1-0.csv,1-0,grow,n/s,1,480,cm2,0.3225,0.415,3.225e-5,4.15e-5,TRUE,TRUE,TRUE,FALSE,FALSE
Plot E,1-0,Plot E 1-0,3,July,August,561,NA,NA,Orbicella annularis,2025-07-11,2025-08-04,PlotC_1-0_Coki_PlotE_20250711_1-0-Coki_PlotE_20250804_1-0.csv,1-0,grow,n/s,1,480,cm2,0.365,0.5,3.65e-5,5e-5,TRUE,TRUE,TRUE,FALSE,FALSE
Plot E,1-0,Plot E 1-0,3,July,August,562,NA,NA,Orbicella annularis,2025-07-11,2025-08-04,PlotC_1-0_Coki_PlotE_20250711_1-0-Coki_PlotE_20250804_1-0.csv,1-0,shrink,n/s,1,480,cm2,1.0575,0.9625,1.0575000000000001e-4,9.625000000000001e-5,TRUE,TRUE,TRUE,FALSE,FALSE
Plot E,1-0,Plot E 1-0,3,July,August,564,NA,NA,Orbicella annularis,2025-07-11,2025-08-04,PlotC_1-0_Coki_PlotE_20250711_1-0-Coki_PlotE_20250804_1-0.csv,1-0,shrink,n/s,1,480,cm2,0.6675,0.5775,6.675e-5,5.775e-5,TRUE,TRUE,TRUE,FALSE,FALSE
Plot E,1-0,Plot E 1-0,3,July,August,565,NA,NA,Orbicella annularis,2025-07-11,2025-08-04,PlotC_1-0_Coki_PlotE_20250711_1-0-Coki_PlotE_20250804_1-0.csv,1-0,shrink,n/s,1,480,cm2,1.0925,0.965,1.0925e-4,9.65e-5,TRUE,TRUE,TRUE,FALSE,FALSE
Plot E,1-0,Plot E 1-0,3,July,August,566,NA,NA,Orbicella annularis,2025-07-11,2025-08-04,PlotC_1-0_Coki_PlotE_20250711_1-0-Coki_PlotE_20250804_1-0.csv,1-0,same,n/s,1,480,cm2,2.55,2.5725,2.5499999999999996e-4,2.5725e-4,TRUE,TRUE,TRUE,FALSE,FALSE
Plot E,1-0,Plot E 1-0,3,July,August,567,NA,NA,Orbicella annularis,2025-07-11,2025-08-04,PlotC_1-0_Coki_PlotE_20250711_1-0-Coki_PlotE_20250804_1-0.csv,1-0,same,n/s,1,480,cm2,0.745,0.78,7.45e-5,7.8e-5,TRUE,TRUE,TRUE,FALSE,FALSE
Plot E,1-0,Plot E 1-0,3,July,August,568,NA,NA,Orbicella annularis,2025-07-11,2025-08-04,PlotC_1-0_Coki_PlotE_20250711_1-0-Coki_PlotE_20250804_1-0.csv,1-0,same,n/s,1,480,cm2,0.5575,0.57,5.575e-5,5.6999999999999996e-5,TRUE,TRUE,TRUE,FALSE,FALSE
Plot E,1-0,Plot E 1-0,3,July,August,57,NA,NA,Orbicella annularis,2025-07-11,2025-08-04,PlotC_1-0_Coki_PlotE_20250711_1-0-Coki_PlotE_20250804_1-0.csv,1-0,shrink,n/s,1,480,cm2,0.88,0.8325,8.8e-5,8.325e-5,TRUE,TRUE,TRUE,FALSE,FALSE
Plot E,1-0,Plot E 1-0,3,July,August,570,NA,NA,Orbicella annularis,2025-07-11,2025-08-04,PlotC_1-0_Coki_PlotE_20250711_1-0-Coki_PlotE_20250804_1-0.csv,1-0,same,n/s,1,480,cm2,0.525,0.51,5.25e-5,5.1e-5,TRUE,TRUE,TRUE,FALSE,FALSE
Plot E,1-0,Plot E 1-0,3,July,August,571,NA,NA,Orbicella annularis,2025-07-11,2025-08-04,PlotC_1-0_Coki_PlotE_20250711_1-0-Coki_PlotE_20250804_1-0.csv,1-0,grow,n/s,1,480,cm2,1.505,1.675,1.505e-4,1.675e-4,TRUE,TRUE,TRUE,FALSE,FALSE
Plot E,1-0,Plot E 1-0,3,July,August,573,NA,NA,Orbicella annularis,2025-07-11,2025-08-04,PlotC_1-0_Coki_PlotE_20250711_1-0-Coki_PlotE_20250804_1-0.csv,1-0,grow,n/s,1,480,cm2,0.675,0.715,6.75e-5,7.15e-5,TRUE,TRUE,TRUE,FALSE,FALSE
Plot E,1-0,Plot E 1-0,3,July,August,575,NA,NA,Orbicella annularis,2025-07-11,2025-08-04,PlotC_1-0_Coki_PlotE_20250711_1-0-Coki_PlotE_20250804_1-0.csv,1-0,shrink,n/s,1,480,cm2,0.985,0.735,9.85e-5,7.35e-5,TRUE,TRUE,TRUE,FALSE,FALSE
Plot E,1-0,Plot E 1-0,3,July,August,577,NA,NA,Orbicella annularis,2025-07-11,2025-08-04,PlotC_1-0_Coki_PlotE_20250711_1-0-Coki_PlotE_20250804_1-0.csv,1-0,shrink,n/s,1,480,cm2,1.6,1.3675,1.6e-4,1.3675e-4,TRUE,TRUE,TRUE,FALSE,FALSE
Plot E,1-0,Plot E 1-0,3,July,August,579,NA,NA,Orbicella annularis,2025-07-11,2025-08-04,PlotC_1-0_Coki_PlotE_20250711_1-0-Coki_PlotE_20250804_1-0.csv,1-0,shrink,n/s,1,480,cm2,1.4325,1.3325,1.4325e-4,1.3325e-4,TRUE,TRUE,TRUE,FALSE,FALSE
Plot E,1-0,Plot E 1-0,3,July,August,580,NA,NA,Orbicella annularis,2025-07-11,2025-08-04,PlotC_1-0_Coki_PlotE_20250711_1-0-Coki_PlotE_20250804_1-0.csv,1-0,shrink,n/s,1,480,cm2,1.2325,0.8825,1.2325e-4,8.824999999999999e-5,TRUE,TRUE,TRUE,FALSE,FALSE
Plot E,1-0,Plot E 1-0,3,July,August,582,NA,NA,Orbicella annularis,2025-07-11,2025-08-04,PlotC_1-0_Coki_PlotE_20250711_1-0-Coki_PlotE_20250804_1-0.csv,1-0,shrink,n/s,1,480,cm2,6.3225,5.8125,6.3225e-4,5.8125e-4,TRUE,TRUE,TRUE,FALSE,FALSE
Plot E,1-0,Plot E 1-0,3,July,August,583,NA,NA,Orbicella annularis,2025-07-11,2025-08-04,PlotC_1-0_Coki_PlotE_20250711_1-0-Coki_PlotE_20250804_1-0.csv,1-0,shrink,n/s,1,480,cm2,0.7875,0.6375,7.875e-5,6.374999999999999e-5,TRUE,TRUE,TRUE,FALSE,FALSE
Plot E,1-0,Plot E 1-0,3,July,August,584,NA,NA,Orbicella annularis,2025-07-11,2025-08-04,PlotC_1-0_Coki_PlotE_20250711_1-0-Coki_PlotE_20250804_1-0.csv,1-0,shrink,n/s,1,480,cm2,1.1775,0.9975,1.1775e-4,9.975e-5,TRUE,TRUE,TRUE,FALSE,FALSE
Plot E,1-0,Plot E 1-0,3,July,August,585,NA,NA,Orbicella annularis,2025-07-11,2025-08-04,PlotC_1-0_Coki_PlotE_20250711_1-0-Coki_PlotE_20250804_1-0.csv,1-0,shrink,n/s,1,480,cm2,5.6675,4.7,5.667500000000001e-4,4.7000000000000004e-4,TRUE,TRUE,TRUE,FALSE,FALSE
Plot E,1-0,Plot E 1-0,3,July,August,586,NA,NA,Orbicella annularis,2025-07-11,2025-08-04,PlotC_1-0_Coki_PlotE_20250711_1-0-Coki_PlotE_20250804_1-0.csv,1-0,shrink,n/s,1,480,cm2,1.185,1,1.1850000000000001e-4,1e-4,TRUE,TRUE,TRUE,FALSE,FALSE
Plot E,1-0,Plot E 1-0,3,July,August,589,NA,NA,Orbicella franksi,2025-07-11,2025-08-04,PlotC_1-0_Coki_PlotE_20250711_1-0-Coki_PlotE_20250804_1-0.csv,1-0,n/s,fuse,2,480,cm2,35.432500000000005,35.23,0.0035432500000000004,0.0035229999999999997,TRUE,TRUE,TRUE,FALSE,FALSE
Plot E,1-0,Plot E 1-0,3,July,August,590,NA,NA,Orbicella annularis,2025-07-11,2025-08-04,PlotC_1-0_Coki_PlotE_20250711_1-0-Coki_PlotE_20250804_1-0.csv,1-0,shrink,n/s,1,480,cm2,1,0.74,1e-4,7.4e-5,TRUE,TRUE,TRUE,FALSE,FALSE
Plot E,1-0,Plot E 1-0,3,July,August,591,NA,NA,Orbicella franksi,2025-07-11,2025-08-04,PlotC_1-0_Coki_PlotE_20250711_1-0-Coki_PlotE_20250804_1-0.csv,1-0,same,n/s,1,480,cm2,9.4225,9.11,9.422499999999999e-4,9.109999999999999e-4,TRUE,TRUE,TRUE,FALSE,FALSE
Plot E,1-0,Plot E 1-0,3,July,August,593,NA,NA,Orbicella franksi,2025-07-11,2025-08-04,PlotC_1-0_Coki_PlotE_20250711_1-0-Coki_PlotE_20250804_1-0.csv,1-0,same,n/s,1,480,cm2,5.985,5.835,5.985000000000001e-4,5.835e-4,TRUE,TRUE,TRUE,FALSE,FALSE
Plot E,1-0,Plot E 1-0,3,July,August,595,NA,NA,Orbicella franksi,2025-07-11,2025-08-04,PlotC_1-0_Coki_PlotE_20250711_1-0-Coki_PlotE_20250804_1-0.csv,1-0,shrink,n/s,1,480,cm2,15.695,14.9125,0.0015695,0.00149125,TRUE,TRUE,TRUE,FALSE,FALSE
Plot E,1-0,Plot E 1-0,3,July,August,596,NA,NA,Orbicella franksi,2025-07-11,2025-08-04,PlotC_1-0_Coki_PlotE_20250711_1-0-Coki_PlotE_20250804_1-0.csv,1-0,shrink,n/s,1,480,cm2,6.63,4.6,6.63e-4,4.5999999999999996e-4,TRUE,TRUE,TRUE,FALSE,FALSE
Plot E,1-0,Plot E 1-0,3,July,August,598,NA,NA,Orbicella franksi,2025-07-11,2025-08-04,PlotC_1-0_Coki_PlotE_20250711_1-0-Coki_PlotE_20250804_1-0.csv,1-0,shrink,n/s,1,480,cm2,7.32,6.42,7.32e-4,6.42e-4,TRUE,TRUE,TRUE,FALSE,FALSE
Plot E,1-0,Plot E 1-0,3,July,August,6,NA,NA,Orbicella annularis,2025-07-11,2025-08-04,PlotC_1-0_Coki_PlotE_20250711_1-0-Coki_PlotE_20250804_1-0.csv,1-0,grow,n/s,1,480,cm2,2.26,2.4875,2.26e-4,2.4875e-4,TRUE,TRUE,TRUE,FALSE,FALSE
Plot E,1-0,Plot E 1-0,3,July,August,614,NA,NA,Orbicella annularis,2025-07-11,2025-08-04,PlotC_1-0_Coki_PlotE_20250711_1-0-Coki_PlotE_20250804_1-0.csv,1-0,same,n/s,1,480,cm2,72.935,75.3275,0.0072935000000000005,0.00753275,TRUE,TRUE,TRUE,FALSE,FALSE
Plot E,1-0,Plot E 1-0,3,July,August,617,NA,NA,Orbicella annularis,2025-07-11,2025-08-04,PlotC_1-0_Coki_PlotE_20250711_1-0-Coki_PlotE_20250804_1-0.csv,1-0,same,n/s,1,480,cm2,0.4,0.4075,4e-5,4.0749999999999994e-5,TRUE,TRUE,TRUE,FALSE,FALSE
Plot E,1-0,Plot E 1-0,3,July,August,674,NA,NA,Acropora palmata,2025-07-11,2025-08-04,PlotC_1-0_Coki_PlotE_20250711_1-0-Coki_PlotE_20250804_1-0.csv,1-0,same,n/s,1,480,cm2,14.3075,14.3075,0.00143075,0.00143075,TRUE,TRUE,TRUE,FALSE,FALSE
Plot E,1-0,Plot E 1-0,3,July,August,676,NA,NA,Acropora palmata,2025-07-11,2025-08-04,PlotC_1-0_Coki_PlotE_20250711_1-0-Coki_PlotE_20250804_1-0.csv,1-0,same,n/s,1,480,cm2,10.355,10.355,0.0010355,0.0010355,TRUE,TRUE,TRUE,FALSE,FALSE
Plot E,1-0,Plot E 1-0,3,July,August,677,NA,NA,Acropora palmata,2025-07-11,2025-08-04,PlotC_1-0_Coki_PlotE_20250711_1-0-Coki_PlotE_20250804_1-0.csv,1-0,same,n/s,1,480,cm2,21.435,21.435,0.0021435,0.0021435,TRUE,TRUE,TRUE,FALSE,FALSE
Plot E,1-0,Plot E 1-0,3,July,August,680,NA,NA,Acropora palmata,2025-07-11,2025-08-04,PlotC_1-0_Coki_PlotE_20250711_1-0-Coki_PlotE_20250804_1-0.csv,1-0,same,n/s,1,480,cm2,12.7,12.7,0.0012699999999999999,0.0012699999999999999,TRUE,TRUE,TRUE,FALSE,FALSE
Plot E,1-0,Plot E 1-0,3,July,August,683,NA,NA,Acropora palmata,2025-07-11,2025-08-04,PlotC_1-0_Coki_PlotE_20250711_1-0-Coki_PlotE_20250804_1-0.csv,1-0,same,n/s,1,480,cm2,13.795,13.795,0.0013795,0.0013795,TRUE,TRUE,TRUE,FALSE,FALSE
Plot E,1-0,Plot E 1-0,3,July,August,685,NA,NA,Orbicella franksi,2025-07-11,2025-08-04,PlotC_1-0_Coki_PlotE_20250711_1-0-Coki_PlotE_20250804_1-0.csv,1-0,same,n/s,1,480,cm2,5.56,5.585,5.56e-4,5.585e-4,TRUE,TRUE,TRUE,FALSE,FALSE
Plot E,1-0,Plot E 1-0,3,July,August,686,NA,NA,Orbicella franksi,2025-07-11,2025-08-04,PlotC_1-0_Coki_PlotE_20250711_1-0-Coki_PlotE_20250804_1-0.csv,1-0,same,n/s,1,480,cm2,3.93,3.8625,3.93e-4,3.8625e-4,TRUE,TRUE,TRUE,FALSE,FALSE
Plot E,1-0,Plot E 1-0,3,July,August,687,NA,NA,Orbicella franksi,2025-07-11,2025-08-04,PlotC_1-0_Coki_PlotE_20250711_1-0-Coki_PlotE_20250804_1-0.csv,1-0,shrink,n/s,1,480,cm2,7.5975,6.84,7.5975e-4,6.84e-4,TRUE,TRUE,TRUE,FALSE,FALSE
Plot E,1-0,Plot E 1-0,3,July,August,688,NA,NA,Orbicella franksi,2025-07-11,2025-08-04,PlotC_1-0_Coki_PlotE_20250711_1-0-Coki_PlotE_20250804_1-0.csv,1-0,shrink,n/s,1,480,cm2,25.7,24.0925,0.00257,0.00240925,TRUE,TRUE,TRUE,FALSE,FALSE
Plot E,1-0,Plot E 1-0,3,July,August,689,NA,NA,Orbicella franksi,2025-07-11,2025-08-04,PlotC_1-0_Coki_PlotE_20250711_1-0-Coki_PlotE_20250804_1-0.csv,1-0,grow,n/s,1,480,cm2,15.3525,16.9,0.00153525,0.0016899999999999999,TRUE,TRUE,TRUE,FALSE,FALSE
Plot E,1-0,Plot E 1-0,3,July,August,691,NA,NA,Orbicella franksi,2025-07-11,2025-08-04,PlotC_1-0_Coki_PlotE_20250711_1-0-Coki_PlotE_20250804_1-0.csv,1-0,grow,n/s,1,480,cm2,18.7425,21.0075,0.00187425,0.00210075,TRUE,TRUE,TRUE,FALSE,FALSE
Plot E,1-0,Plot E 1-0,3,July,August,692,NA,NA,Orbicella franksi,2025-07-11,2025-08-04,PlotC_1-0_Coki_PlotE_20250711_1-0-Coki_PlotE_20250804_1-0.csv,1-0,same,n/s,1,480,cm2,4.665,4.485,4.665e-4,4.485e-4,TRUE,TRUE,TRUE,FALSE,FALSE
Plot E,1-0,Plot E 1-0,3,July,August,693,NA,NA,Orbicella franksi,2025-07-11,2025-08-04,PlotC_1-0_Coki_PlotE_20250711_1-0-Coki_PlotE_20250804_1-0.csv,1-0,same,n/s,1,480,cm2,12.28,12.42,0.001228,0.001242,TRUE,TRUE,TRUE,FALSE,FALSE
Plot E,1-0,Plot E 1-0,3,July,August,694,NA,NA,Orbicella franksi,2025-07-11,2025-08-04,PlotC_1-0_Coki_PlotE_20250711_1-0-Coki_PlotE_20250804_1-0.csv,1-0,same,n/s,1,480,cm2,3.2,3.0875,3.2e-4,3.0875e-4,TRUE,TRUE,TRUE,FALSE,FALSE
Plot E,1-0,Plot E 1-0,3,July,August,697,NA,NA,Orbicella franksi,2025-07-11,2025-08-04,PlotC_1-0_Coki_PlotE_20250711_1-0-Coki_PlotE_20250804_1-0.csv,1-0,same,n/s,1,480,cm2,5.9,5.7975,5.9e-4,5.797500000000001e-4,TRUE,TRUE,TRUE,FALSE,FALSE
Plot E,1-0,Plot E 1-0,3,July,August,698,NA,NA,Orbicella franksi,2025-07-11,2025-08-04,PlotC_1-0_Coki_PlotE_20250711_1-0-Coki_PlotE_20250804_1-0.csv,1-0,grow,n/s,1,480,cm2,3.8875,4.1075,3.8875000000000004e-4,4.1075e-4,TRUE,TRUE,TRUE,FALSE,FALSE
Plot E,1-0,Plot E 1-0,3,July,August,699,NA,NA,Orbicella franksi,2025-07-11,2025-08-04,PlotC_1-0_Coki_PlotE_20250711_1-0-Coki_PlotE_20250804_1-0.csv,1-0,same,n/s,1,480,cm2,6.2625,6.14,6.262500000000001e-4,6.14e-4,TRUE,TRUE,TRUE,FALSE,FALSE
Plot E,1-0,Plot E 1-0,3,July,August,7,NA,NA,Orbicella annularis,2025-07-11,2025-08-04,PlotC_1-0_Coki_PlotE_20250711_1-0-Coki_PlotE_20250804_1-0.csv,1-0,same,n/s,1,480,cm2,2.265,2.2175,2.265e-4,2.2174999999999997e-4,TRUE,TRUE,TRUE,FALSE,FALSE
Plot E,1-0,Plot E 1-0,3,July,August,700,NA,NA,Orbicella franksi,2025-07-11,2025-08-04,PlotC_1-0_Coki_PlotE_20250711_1-0-Coki_PlotE_20250804_1-0.csv,1-0,grow,n/s,1,480,cm2,9.1325,9.6025,9.1325e-4,9.6025e-4,TRUE,TRUE,TRUE,FALSE,FALSE
Plot E,1-0,Plot E 1-0,3,July,August,730,NA,NA,Acropora palmata,2025-07-11,2025-08-04,PlotC_1-0_Coki_PlotE_20250711_1-0-Coki_PlotE_20250804_1-0.csv,1-0,grow,n/s,1,480,cm2,21.6275,25.3375,0.00216275,0.00253375,TRUE,TRUE,TRUE,FALSE,FALSE
Plot E,1-0,Plot E 1-0,3,July,August,738,NA,NA,Acropora palmata,2025-07-11,2025-08-04,PlotC_1-0_Coki_PlotE_20250711_1-0-Coki_PlotE_20250804_1-0.csv,1-0,grow,n/s,1,480,cm2,12.28,13.915,0.001228,0.0013915,TRUE,TRUE,TRUE,FALSE,FALSE
Plot E,1-0,Plot E 1-0,3,July,August,745,NA,NA,Orbicella faveolata,2025-07-11,2025-08-04,PlotC_1-0_Coki_PlotE_20250711_1-0-Coki_PlotE_20250804_1-0.csv,1-0,grow,n/s,1,480,cm2,4.135,4.4475,4.1349999999999997e-4,4.4475e-4,TRUE,TRUE,TRUE,FALSE,FALSE
Plot E,1-0,Plot E 1-0,3,July,August,746,NA,NA,Orbicella faveolata,2025-07-11,2025-08-04,PlotC_1-0_Coki_PlotE_20250711_1-0-Coki_PlotE_20250804_1-0.csv,1-0,same,n/s,1,480,cm2,6.8,6.6725,6.799999999999999e-4,6.6725e-4,TRUE,TRUE,TRUE,FALSE,FALSE
Plot E,1-0,Plot E 1-0,3,July,August,748,NA,NA,Orbicella faveolata,2025-07-11,2025-08-04,PlotC_1-0_Coki_PlotE_20250711_1-0-Coki_PlotE_20250804_1-0.csv,1-0,same,n/s,1,480,cm2,7.7075,7.835,7.7075e-4,7.835e-4,TRUE,TRUE,TRUE,FALSE,FALSE
Plot E,1-0,Plot E 1-0,3,July,August,753,NA,NA,Acropora palmata,2025-07-11,2025-08-04,PlotC_1-0_Coki_PlotE_20250711_1-0-Coki_PlotE_20250804_1-0.csv,1-0,grow,n/s,1,480,cm2,15.2475,19.595,0.00152475,0.0019595,TRUE,TRUE,TRUE,FALSE,FALSE
Plot E,1-0,Plot E 1-0,3,July,August,755,NA,NA,Orbicella faveolata,2025-07-11,2025-08-04,PlotC_1-0_Coki_PlotE_20250711_1-0-Coki_PlotE_20250804_1-0.csv,1-0,same,n/s,1,480,cm2,18.5675,18.5125,0.00185675,0.00185125,TRUE,TRUE,TRUE,FALSE,FALSE
Plot E,1-0,Plot E 1-0,3,July,August,757,NA,NA,Orbicella faveolata,2025-07-11,2025-08-04,PlotC_1-0_Coki_PlotE_20250711_1-0-Coki_PlotE_20250804_1-0.csv,1-0,same,n/s,1,480,cm2,8.705,8.7725,8.705e-4,8.772500000000001e-4,TRUE,TRUE,TRUE,FALSE,FALSE
Plot E,1-0,Plot E 1-0,3,July,August,762,NA,NA,Orbicella faveolata,2025-07-11,2025-08-04,PlotC_1-0_Coki_PlotE_20250711_1-0-Coki_PlotE_20250804_1-0.csv,1-0,same,n/s,1,480,cm2,26.5025,25.6875,0.0026502500000000003,0.00256875,TRUE,TRUE,TRUE,FALSE,FALSE
Plot E,1-0,Plot E 1-0,3,July,August,765,NA,NA,Orbicella faveolata,2025-07-11,2025-08-04,PlotC_1-0_Coki_PlotE_20250711_1-0-Coki_PlotE_20250804_1-0.csv,1-0,same,n/s,1,480,cm2,7.3475,7.1975,7.3475e-4,7.1975e-4,TRUE,TRUE,TRUE,FALSE,FALSE
Plot E,1-0,Plot E 1-0,3,July,August,796,NA,NA,Acropora palmata,2025-07-11,2025-08-04,PlotC_1-0_Coki_PlotE_20250711_1-0-Coki_PlotE_20250804_1-0.csv,1-0,dead,none,1,480,cm2,11.4875,0,0.00114875,0,TRUE,FALSE,FALSE,TRUE,FALSE
Plot E,1-0,Plot E 1-0,3,July,August,8,NA,NA,Orbicella annularis,2025-07-11,2025-08-04,PlotC_1-0_Coki_PlotE_20250711_1-0-Coki_PlotE_20250804_1-0.csv,1-0,n/s,fuse,3,480,cm2,22.695,25.245,0.0022695,0.0025245000000000003,TRUE,TRUE,TRUE,FALSE,FALSE
Plot E,1-0,Plot E 1-0,3,July,August,802,NA,NA,Acropora palmata,2025-07-11,2025-08-04,PlotC_1-0_Coki_PlotE_20250711_1-0-Coki_PlotE_20250804_1-0.csv,1-0,dead,none,1,480,cm2,10.805,0,0.0010804999999999999,0,TRUE,FALSE,FALSE,TRUE,FALSE
Plot E,1-0,Plot E 1-0,3,July,August,805,NA,NA,Acropora palmata,2025-07-11,2025-08-04,PlotC_1-0_Coki_PlotE_20250711_1-0-Coki_PlotE_20250804_1-0.csv,1-0,n/s,fuse,2,480,cm2,37.3675,48.415,0.00373675,0.0048415,TRUE,TRUE,TRUE,FALSE,FALSE
Plot E,1-0,Plot E 1-0,3,July,August,811,NA,NA,Acropora palmata,2025-07-11,2025-08-04,PlotC_1-0_Coki_PlotE_20250711_1-0-Coki_PlotE_20250804_1-0.csv,1-0,grow,n/s,1,480,cm2,12.5,24.4325,0.00125,0.00244325,TRUE,TRUE,TRUE,FALSE,FALSE
Plot E,1-0,Plot E 1-0,3,July,August,814,NA,NA,Acropora palmata,2025-07-11,2025-08-04,PlotC_1-0_Coki_PlotE_20250711_1-0-Coki_PlotE_20250804_1-0.csv,1-0,dead,none,1,480,cm2,11.775,0,0.0011775,0,TRUE,FALSE,FALSE,TRUE,FALSE
Plot E,1-0,Plot E 1-0,3,July,August,828,NA,NA,Orbicella franksi,2025-07-11,2025-08-04,PlotC_1-0_Coki_PlotE_20250711_1-0-Coki_PlotE_20250804_1-0.csv,1-0,n/s,fuse,2,480,cm2,30.005,28.1475,0.0030004999999999997,0.00281475,TRUE,TRUE,TRUE,FALSE,FALSE
Plot E,1-0,Plot E 1-0,3,July,August,829,NA,NA,Orbicella franksi,2025-07-11,2025-08-04,PlotC_1-0_Coki_PlotE_20250711_1-0-Coki_PlotE_20250804_1-0.csv,1-0,same,n/s,1,480,cm2,4.515,4.475,4.5149999999999997e-4,4.475e-4,TRUE,TRUE,TRUE,FALSE,FALSE
Plot E,1-0,Plot E 1-0,3,July,August,831,NA,NA,Orbicella franksi,2025-07-11,2025-08-04,PlotC_1-0_Coki_PlotE_20250711_1-0-Coki_PlotE_20250804_1-0.csv,1-0,same,n/s,1,480,cm2,6.25,6.465,6.25e-4,6.464999999999999e-4,TRUE,TRUE,TRUE,FALSE,FALSE
Plot E,1-0,Plot E 1-0,3,July,August,833,NA,NA,Orbicella franksi,2025-07-11,2025-08-04,PlotC_1-0_Coki_PlotE_20250711_1-0-Coki_PlotE_20250804_1-0.csv,1-0,shrink,n/s,1,480,cm2,14.77,12.805,0.001477,0.0012805,TRUE,TRUE,TRUE,FALSE,FALSE
Plot E,1-0,Plot E 1-0,3,July,August,835,NA,NA,Orbicella franksi,2025-07-11,2025-08-04,PlotC_1-0_Coki_PlotE_20250711_1-0-Coki_PlotE_20250804_1-0.csv,1-0,shrink,n/s,1,480,cm2,9.385,7.75,9.385e-4,7.75e-4,TRUE,TRUE,TRUE,FALSE,FALSE
Plot E,1-0,Plot E 1-0,3,July,August,836,NA,NA,Orbicella franksi,2025-07-11,2025-08-04,PlotC_1-0_Coki_PlotE_20250711_1-0-Coki_PlotE_20250804_1-0.csv,1-0,same,n/s,1,480,cm2,3.995,3.8875,3.995e-4,3.8875000000000004e-4,TRUE,TRUE,TRUE,FALSE,FALSE
Plot E,1-0,Plot E 1-0,3,July,August,841,NA,NA,Orbicella annularis,2025-07-11,2025-08-04,PlotC_1-0_Coki_PlotE_20250711_1-0-Coki_PlotE_20250804_1-0.csv,1-0,grow,n/s,1,480,cm2,43.4775,48.085,0.00434775,0.0048085,TRUE,TRUE,TRUE,FALSE,FALSE
Plot E,1-0,Plot E 1-0,3,July,August,846,NA,NA,Orbicella annularis,2025-07-11,2025-08-04,PlotC_1-0_Coki_PlotE_20250711_1-0-Coki_PlotE_20250804_1-0.csv,1-0,grow,n/s,1,480,cm2,2.1,2.3875,2.1e-4,2.3875000000000003e-4,TRUE,TRUE,TRUE,FALSE,FALSE
Plot E,1-0,Plot E 1-0,3,July,August,85,NA,NA,Orbicella annularis,2025-07-11,2025-08-04,PlotC_1-0_Coki_PlotE_20250711_1-0-Coki_PlotE_20250804_1-0.csv,1-0,same,n/s,1,480,cm2,56.0425,54.7125,0.00560425,0.0054712499999999996,TRUE,TRUE,TRUE,FALSE,FALSE
Plot E,1-0,Plot E 1-0,3,July,August,851,NA,NA,Orbicella annularis,2025-07-11,2025-08-04,PlotC_1-0_Coki_PlotE_20250711_1-0-Coki_PlotE_20250804_1-0.csv,1-0,grow,n/s,1,480,cm2,1.3025,1.4525,1.3025e-4,1.4524999999999998e-4,TRUE,TRUE,TRUE,FALSE,FALSE
Plot E,1-0,Plot E 1-0,3,July,August,852,NA,NA,Orbicella annularis,2025-07-11,2025-08-04,PlotC_1-0_Coki_PlotE_20250711_1-0-Coki_PlotE_20250804_1-0.csv,1-0,grow,n/s,1,480,cm2,0.2875,0.335,2.8749999999999997e-5,3.35e-5,TRUE,TRUE,TRUE,FALSE,FALSE
Plot E,1-0,Plot E 1-0,3,July,August,868,NA,NA,Orbicella annularis,2025-07-11,2025-08-04,PlotC_1-0_Coki_PlotE_20250711_1-0-Coki_PlotE_20250804_1-0.csv,1-0,same,n/s,1,480,cm2,69.3975,69.4875,0.00693975,0.00694875,TRUE,TRUE,TRUE,FALSE,FALSE
Plot E,1-0,Plot E 1-0,3,July,August,9,NA,NA,Orbicella annularis,2025-07-11,2025-08-04,PlotC_1-0_Coki_PlotE_20250711_1-0-Coki_PlotE_20250804_1-0.csv,1-0,grow,n/s,1,480,cm2,0.7625,0.8925,7.625e-5,8.925e-5,TRUE,TRUE,TRUE,FALSE,FALSE
Plot E,1-0,Plot E 1-0,3,July,August,90,NA,NA,Orbicella annularis,2025-07-11,2025-08-04,PlotC_1-0_Coki_PlotE_20250711_1-0-Coki_PlotE_20250804_1-0.csv,1-0,shrink,n/s,1,480,cm2,2.8875,2.6825,2.8875e-4,2.6825e-4,TRUE,TRUE,TRUE,FALSE,FALSE
Plot E,1-0,Plot E 1-0,3,July,August,928,NA,NA,Orbicella franksi,2025-07-11,2025-08-04,PlotC_1-0_Coki_PlotE_20250711_1-0-Coki_PlotE_20250804_1-0.csv,1-0,same,n/s,1,480,cm2,7.7425,7.9575,7.7425e-4,7.957499999999999e-4,TRUE,TRUE,TRUE,FALSE,FALSE
Plot E,1-0,Plot E 1-0,3,July,August,930,NA,NA,Orbicella franksi,2025-07-11,2025-08-04,PlotC_1-0_Coki_PlotE_20250711_1-0-Coki_PlotE_20250804_1-0.csv,1-0,grow,n/s,1,480,cm2,7.56,8.1825,7.559999999999999e-4,8.1825e-4,TRUE,TRUE,TRUE,FALSE,FALSE
Plot E,1-0,Plot E 1-0,3,July,August,932,NA,NA,Orbicella franksi,2025-07-11,2025-08-04,PlotC_1-0_Coki_PlotE_20250711_1-0-Coki_PlotE_20250804_1-0.csv,1-0,n/s,fuse,2,480,cm2,20.425,21.935,0.0020425,0.0021934999999999997,TRUE,TRUE,TRUE,FALSE,FALSE
Plot E,1-0,Plot E 1-0,3,July,August,933,NA,NA,Orbicella franksi,2025-07-11,2025-08-04,PlotC_1-0_Coki_PlotE_20250711_1-0-Coki_PlotE_20250804_1-0.csv,1-0,grow,n/s,1,480,cm2,27.1075,29.5225,0.00271075,0.00295225,TRUE,TRUE,TRUE,FALSE,FALSE
Plot E,1-0,Plot E 1-0,3,July,August,939,NA,NA,Orbicella franksi,2025-07-11,2025-08-04,PlotC_1-0_Coki_PlotE_20250711_1-0-Coki_PlotE_20250804_1-0.csv,1-0,grow,n/s,1,480,cm2,6.2125,6.9075,6.212500000000001e-4,6.9075e-4,TRUE,TRUE,TRUE,FALSE,FALSE
Plot E,1-0,Plot E 1-0,3,July,August,942,NA,NA,Orbicella franksi,2025-07-11,2025-08-04,PlotC_1-0_Coki_PlotE_20250711_1-0-Coki_PlotE_20250804_1-0.csv,1-0,grow,n/s,1,480,cm2,8.2575,8.7775,8.2575e-4,8.7775e-4,TRUE,TRUE,TRUE,FALSE,FALSE
Plot E,1-0,Plot E 1-0,3,July,August,969,NA,NA,Acropora cervicornis,2025-07-11,2025-08-04,PlotC_1-0_Coki_PlotE_20250711_1-0-Coki_PlotE_20250804_1-0.csv,1-0,grow,n/s,1,480,cm2,12.01,16.4875,0.001201,0.00164875,TRUE,TRUE,TRUE,FALSE,FALSE
Plot E,1-0,Plot E 1-0,3,July,August,971,NA,NA,Acropora cervicornis,2025-07-11,2025-08-04,PlotC_1-0_Coki_PlotE_20250711_1-0-Coki_PlotE_20250804_1-0.csv,1-0,same,n/s,1,480,cm2,4.0075,4.0275,4.0075e-4,4.0275e-4,TRUE,TRUE,TRUE,FALSE,FALSE
Plot E,1-0,Plot E 1-0,3,July,August,977,NA,NA,Acropora cervicornis,2025-07-11,2025-08-04,PlotC_1-0_Coki_PlotE_20250711_1-0-Coki_PlotE_20250804_1-0.csv,1-0,shrink,n/s,1,480,cm2,3.25,2.0525,3.25e-4,2.0525000000000003e-4,TRUE,TRUE,TRUE,FALSE,FALSE
Plot E,1-0,Plot E 1-0,3,July,August,979,NA,NA,Acropora cervicornis,2025-07-11,2025-08-04,PlotC_1-0_Coki_PlotE_20250711_1-0-Coki_PlotE_20250804_1-0.csv,1-0,grow,n/s,1,480,cm2,3.06,4,3.06e-4,4e-4,TRUE,TRUE,TRUE,FALSE,FALSE
Plot E,1-0,Plot E 1-0,3,July,August,980,NA,NA,Acropora cervicornis,2025-07-11,2025-08-04,PlotC_1-0_Coki_PlotE_20250711_1-0-Coki_PlotE_20250804_1-0.csv,1-0,same,n/s,1,480,cm2,7.63,7.925,7.63e-4,7.925e-4,TRUE,TRUE,TRUE,FALSE,FALSE
Plot E,1-0,Plot E 1-0,3,July,August,986,NA,NA,Acropora cervicornis,2025-07-11,2025-08-04,PlotC_1-0_Coki_PlotE_20250711_1-0-Coki_PlotE_20250804_1-0.csv,1-0,same,n/s,1,480,cm2,8.1125,8.1125,8.112500000000001e-4,8.112500000000001e-4,TRUE,TRUE,TRUE,FALSE,FALSE
Plot E,1-1,Plot E 1-1,1,May,June,0,NA,NA,Orbicella annularis,2025-05-07,2025-06-09,plotE1-1Matches_Coki_PlotE_20250507_1-1-Coki_PlotE_20250609_1-1.csv,1-1,grow,n/s,1,480,cm2,0.225,0.2375,2.25e-5,2.3749999999999998e-5,TRUE,TRUE,TRUE,FALSE,FALSE
Plot E,1-1,Plot E 1-1,1,May,June,10,NA,NA,Acropora palmata,2025-05-07,2025-06-09,plotE1-1Matches_Coki_PlotE_20250507_1-1-Coki_PlotE_20250609_1-1.csv,1-1,dead,none,1,480,cm2,19.885,0,0.0019885000000000002,0,TRUE,FALSE,FALSE,TRUE,FALSE
Plot E,1-1,Plot E 1-1,1,May,June,11,NA,NA,Orbicella franksi,2025-05-07,2025-06-09,plotE1-1Matches_Coki_PlotE_20250507_1-1-Coki_PlotE_20250609_1-1.csv,1-1,grow,n/s,1,480,cm2,3.2775,4.0925,3.2774999999999997e-4,4.0925e-4,TRUE,TRUE,TRUE,FALSE,FALSE
Plot E,1-1,Plot E 1-1,1,May,June,12,NA,NA,Acropora palmata,2025-05-07,2025-06-09,plotE1-1Matches_Coki_PlotE_20250507_1-1-Coki_PlotE_20250609_1-1.csv,1-1,dead,none,1,480,cm2,17.0325,0,0.00170325,0,TRUE,FALSE,FALSE,TRUE,FALSE
Plot E,1-1,Plot E 1-1,1,May,June,13,NA,NA,Orbicella franksi,2025-05-07,2025-06-09,plotE1-1Matches_Coki_PlotE_20250507_1-1-Coki_PlotE_20250609_1-1.csv,1-1,shrink,n/s,1,480,cm2,2.75,2.3,2.75e-4,2.2999999999999998e-4,TRUE,TRUE,TRUE,FALSE,FALSE
Plot E,1-1,Plot E 1-1,1,May,June,14,NA,NA,Orbicella franksi,2025-05-07,2025-06-09,plotE1-1Matches_Coki_PlotE_20250507_1-1-Coki_PlotE_20250609_1-1.csv,1-1,grow,n/s,1,480,cm2,3.7425,4.695,3.7425e-4,4.6950000000000003e-4,TRUE,TRUE,TRUE,FALSE,FALSE
Plot E,1-1,Plot E 1-1,1,May,June,15,NA,NA,Acropora palmata,2025-05-07,2025-06-09,plotE1-1Matches_Coki_PlotE_20250507_1-1-Coki_PlotE_20250609_1-1.csv,1-1,dead,none,1,480,cm2,16.985,0,0.0016985,0,TRUE,FALSE,FALSE,TRUE,FALSE
Plot E,1-1,Plot E 1-1,1,May,June,16,NA,NA,Orbicella annularis,2025-05-07,2025-06-09,plotE1-1Matches_Coki_PlotE_20250507_1-1-Coki_PlotE_20250609_1-1.csv,1-1,same,n/s,1,480,cm2,8.0875,8.3075,8.0875e-4,8.307499999999999e-4,TRUE,TRUE,TRUE,FALSE,FALSE
Plot E,1-1,Plot E 1-1,1,May,June,17,NA,NA,Acropora palmata,2025-05-07,2025-06-09,plotE1-1Matches_Coki_PlotE_20250507_1-1-Coki_PlotE_20250609_1-1.csv,1-1,dead,none,1,480,cm2,17.455,0,0.0017454999999999999,0,TRUE,FALSE,FALSE,TRUE,FALSE
Plot E,1-1,Plot E 1-1,1,May,June,18,NA,NA,Orbicella annularis,2025-05-07,2025-06-09,plotE1-1Matches_Coki_PlotE_20250507_1-1-Coki_PlotE_20250609_1-1.csv,1-1,grow,n/s,1,480,cm2,2.4425,2.83,2.4425e-4,2.83e-4,TRUE,TRUE,TRUE,FALSE,FALSE
Plot E,1-1,Plot E 1-1,1,May,June,19,NA,NA,Orbicella annularis,2025-05-07,2025-06-09,plotE1-1Matches_Coki_PlotE_20250507_1-1-Coki_PlotE_20250609_1-1.csv,1-1,same; shrink,n/s,2,480,cm2,7.914999999999999,7.6525,7.914999999999999e-4,7.652500000000001e-4,TRUE,TRUE,TRUE,FALSE,FALSE
Plot E,1-1,Plot E 1-1,1,May,June,2,NA,NA,Orbicella franksi,2025-05-07,2025-06-09,plotE1-1Matches_Coki_PlotE_20250507_1-1-Coki_PlotE_20250609_1-1.csv,1-1,grow,n/s,1,480,cm2,4.2,4.9825,4.2e-4,4.9825e-4,TRUE,TRUE,TRUE,FALSE,FALSE
Plot E,1-1,Plot E 1-1,1,May,June,20,NA,NA,Orbicella annularis,2025-05-07,2025-06-09,plotE1-1Matches_Coki_PlotE_20250507_1-1-Coki_PlotE_20250609_1-1.csv,1-1,grow,n/s,1,480,cm2,4.635,5.025,4.635e-4,5.025e-4,TRUE,TRUE,TRUE,FALSE,FALSE
Plot E,1-1,Plot E 1-1,1,May,June,21,NA,NA,Orbicella annularis,2025-05-07,2025-06-09,plotE1-1Matches_Coki_PlotE_20250507_1-1-Coki_PlotE_20250609_1-1.csv,1-1,grow,n/s,5,480,cm2,25.799999999999997,28.825000000000003,0.0025800000000000003,0.0028825,TRUE,TRUE,TRUE,FALSE,FALSE
Plot E,1-1,Plot E 1-1,1,May,June,22,NA,NA,Orbicella annularis,2025-05-07,2025-06-09,plotE1-1Matches_Coki_PlotE_20250507_1-1-Coki_PlotE_20250609_1-1.csv,1-1,grow,n/s,1,480,cm2,3.135,3.3275,3.135e-4,3.3275000000000004e-4,TRUE,TRUE,TRUE,FALSE,FALSE
Plot E,1-1,Plot E 1-1,1,May,June,23,NA,NA,Acropora palmata,2025-05-07,2025-06-09,plotE1-1Matches_Coki_PlotE_20250507_1-1-Coki_PlotE_20250609_1-1.csv,1-1,dead,none,1,480,cm2,37.365,0,0.0037365000000000002,0,TRUE,FALSE,FALSE,TRUE,FALSE
Plot E,1-1,Plot E 1-1,1,May,June,24,NA,NA,Orbicella annularis,2025-05-07,2025-06-09,plotE1-1Matches_Coki_PlotE_20250507_1-1-Coki_PlotE_20250609_1-1.csv,1-1,shrink,n/s,1,480,cm2,0.56,0.485,5.6000000000000006e-5,4.85e-5,TRUE,TRUE,TRUE,FALSE,FALSE
Plot E,1-1,Plot E 1-1,1,May,June,25,NA,NA,Orbicella annularis,2025-05-07,2025-06-09,plotE1-1Matches_Coki_PlotE_20250507_1-1-Coki_PlotE_20250609_1-1.csv,1-1,grow,n/s,2,480,cm2,7.5875,8.975,7.587500000000001e-4,8.975000000000001e-4,TRUE,TRUE,TRUE,FALSE,FALSE
Plot E,1-1,Plot E 1-1,1,May,June,26,NA,NA,Orbicella annularis,2025-05-07,2025-06-09,plotE1-1Matches_Coki_PlotE_20250507_1-1-Coki_PlotE_20250609_1-1.csv,1-1,grow,n/s,1,480,cm2,2.03,2.425,2.0299999999999997e-4,2.4249999999999999e-4,TRUE,TRUE,TRUE,FALSE,FALSE
Plot E,1-1,Plot E 1-1,1,May,June,27,NA,NA,Orbicella annularis,2025-05-07,2025-06-09,plotE1-1Matches_Coki_PlotE_20250507_1-1-Coki_PlotE_20250609_1-1.csv,1-1,grow,n/s,1,480,cm2,3.0175,4.1675,3.0175e-4,4.1675e-4,TRUE,TRUE,TRUE,FALSE,FALSE
Plot E,1-1,Plot E 1-1,1,May,June,28,NA,NA,Orbicella annularis,2025-05-07,2025-06-09,plotE1-1Matches_Coki_PlotE_20250507_1-1-Coki_PlotE_20250609_1-1.csv,1-1,same,n/s,1,480,cm2,7.6075,7.89,7.6075e-4,7.89e-4,TRUE,TRUE,TRUE,FALSE,FALSE
Plot E,1-1,Plot E 1-1,1,May,June,29,NA,NA,Orbicella annularis,2025-05-07,2025-06-09,plotE1-1Matches_Coki_PlotE_20250507_1-1-Coki_PlotE_20250609_1-1.csv,1-1,grow,n/s,1,480,cm2,0.76,1.2075,7.6e-5,1.2075000000000001e-4,TRUE,TRUE,TRUE,FALSE,FALSE
Plot E,1-1,Plot E 1-1,1,May,June,3,NA,NA,Orbicella franksi,2025-05-07,2025-06-09,plotE1-1Matches_Coki_PlotE_20250507_1-1-Coki_PlotE_20250609_1-1.csv,1-1,grow,n/s,1,480,cm2,3.285,4.4275,3.285e-4,4.4275e-4,TRUE,TRUE,TRUE,FALSE,FALSE
Plot E,1-1,Plot E 1-1,1,May,June,30,NA,NA,Orbicella annularis,2025-05-07,2025-06-09,plotE1-1Matches_Coki_PlotE_20250507_1-1-Coki_PlotE_20250609_1-1.csv,1-1,grow,n/s,1,480,cm2,0.4575,0.6725,4.575e-5,6.725e-5,TRUE,TRUE,TRUE,FALSE,FALSE
Plot E,1-1,Plot E 1-1,1,May,June,31,NA,NA,Orbicella annularis,2025-05-07,2025-06-09,plotE1-1Matches_Coki_PlotE_20250507_1-1-Coki_PlotE_20250609_1-1.csv,1-1,grow,n/s,1,480,cm2,8.9275,10.4,8.9275e-4,0.0010400000000000001,TRUE,TRUE,TRUE,FALSE,FALSE
Plot E,1-1,Plot E 1-1,1,May,June,32,NA,NA,Acropora palmata,2025-05-07,2025-06-09,plotE1-1Matches_Coki_PlotE_20250507_1-1-Coki_PlotE_20250609_1-1.csv,1-1,grow; same,n/s,8,480,cm2,172.20250000000001,207.315,0.01722025,0.0207315,TRUE,TRUE,TRUE,FALSE,FALSE
Plot E,1-1,Plot E 1-1,1,May,June,33,NA,NA,Orbicella annularis,2025-05-07,2025-06-09,plotE1-1Matches_Coki_PlotE_20250507_1-1-Coki_PlotE_20250609_1-1.csv,1-1,grow,n/s,1,480,cm2,2.1625,3.01,2.1625e-4,3.01e-4,TRUE,TRUE,TRUE,FALSE,FALSE
Plot E,1-1,Plot E 1-1,1,May,June,34,NA,NA,Orbicella annularis,2025-05-07,2025-06-09,plotE1-1Matches_Coki_PlotE_20250507_1-1-Coki_PlotE_20250609_1-1.csv,1-1,grow,n/s,1,480,cm2,3.06,3.525,3.06e-4,3.525e-4,TRUE,TRUE,TRUE,FALSE,FALSE
Plot E,1-1,Plot E 1-1,1,May,June,35,NA,NA,Orbicella annularis,2025-05-07,2025-06-09,plotE1-1Matches_Coki_PlotE_20250507_1-1-Coki_PlotE_20250609_1-1.csv,1-1,grow,n/s,1,480,cm2,0.4125,0.6225,4.125e-5,6.225000000000001e-5,TRUE,TRUE,TRUE,FALSE,FALSE
Plot E,1-1,Plot E 1-1,1,May,June,36,NA,NA,Orbicella annularis,2025-05-07,2025-06-09,plotE1-1Matches_Coki_PlotE_20250507_1-1-Coki_PlotE_20250609_1-1.csv,1-1,grow,n/s,1,480,cm2,1.2225,1.625,1.2225e-4,1.625e-4,TRUE,TRUE,TRUE,FALSE,FALSE
Plot E,1-1,Plot E 1-1,1,May,June,38,NA,NA,Orbicella franksi,2025-05-07,2025-06-09,plotE1-1Matches_Coki_PlotE_20250507_1-1-Coki_PlotE_20250609_1-1.csv,1-1,grow,n/s,1,480,cm2,5.48,6.04,5.480000000000001e-4,6.04e-4,TRUE,TRUE,TRUE,FALSE,FALSE
Plot E,1-1,Plot E 1-1,1,May,June,39,NA,NA,Orbicella franksi,2025-05-07,2025-06-09,plotE1-1Matches_Coki_PlotE_20250507_1-1-Coki_PlotE_20250609_1-1.csv,1-1,grow,n/s,1,480,cm2,4.6675,5.4775,4.6675000000000004e-4,5.4775e-4,TRUE,TRUE,TRUE,FALSE,FALSE
Plot E,1-1,Plot E 1-1,1,May,June,4,NA,NA,Orbicella franksi,2025-05-07,2025-06-09,plotE1-1Matches_Coki_PlotE_20250507_1-1-Coki_PlotE_20250609_1-1.csv,1-1,grow,n/s,1,480,cm2,3.8675,5.025,3.8675e-4,5.025e-4,TRUE,TRUE,TRUE,FALSE,FALSE
Plot E,1-1,Plot E 1-1,1,May,June,40,NA,NA,Orbicella franksi,2025-05-07,2025-06-09,plotE1-1Matches_Coki_PlotE_20250507_1-1-Coki_PlotE_20250609_1-1.csv,1-1,grow,n/s,1,480,cm2,4.6725,5.73,4.6725000000000005e-4,5.73e-4,TRUE,TRUE,TRUE,FALSE,FALSE
Plot E,1-1,Plot E 1-1,1,May,June,41,NA,NA,Orbicella franksi,2025-05-07,2025-06-09,plotE1-1Matches_Coki_PlotE_20250507_1-1-Coki_PlotE_20250609_1-1.csv,1-1,grow,n/s,1,480,cm2,4.735,5.45,4.735e-4,5.45e-4,TRUE,TRUE,TRUE,FALSE,FALSE
Plot E,1-1,Plot E 1-1,1,May,June,42,NA,NA,Orbicella franksi,2025-05-07,2025-06-09,plotE1-1Matches_Coki_PlotE_20250507_1-1-Coki_PlotE_20250609_1-1.csv,1-1,grow,n/s,1,480,cm2,5.0075,6.2425,5.0075e-4,6.2425e-4,TRUE,TRUE,TRUE,FALSE,FALSE
Plot E,1-1,Plot E 1-1,1,May,June,43,NA,NA,Orbicella franksi,2025-05-07,2025-06-09,plotE1-1Matches_Coki_PlotE_20250507_1-1-Coki_PlotE_20250609_1-1.csv,1-1,grow,n/s,1,480,cm2,5.5875,6.1525,5.5875e-4,6.1525e-4,TRUE,TRUE,TRUE,FALSE,FALSE
Plot E,1-1,Plot E 1-1,1,May,June,44,NA,NA,Orbicella franksi,2025-05-07,2025-06-09,plotE1-1Matches_Coki_PlotE_20250507_1-1-Coki_PlotE_20250609_1-1.csv,1-1,grow,n/s,1,480,cm2,3.7475,4.745,3.7475000000000003e-4,4.745e-4,TRUE,TRUE,TRUE,FALSE,FALSE
Plot E,1-1,Plot E 1-1,1,May,June,45,NA,NA,Orbicella franksi,2025-05-07,2025-06-09,plotE1-1Matches_Coki_PlotE_20250507_1-1-Coki_PlotE_20250609_1-1.csv,1-1,grow,n/s,1,480,cm2,4.7825,5.985,4.7825e-4,5.985000000000001e-4,TRUE,TRUE,TRUE,FALSE,FALSE
Plot E,1-1,Plot E 1-1,1,May,June,46,NA,NA,Orbicella franksi,2025-05-07,2025-06-09,plotE1-1Matches_Coki_PlotE_20250507_1-1-Coki_PlotE_20250609_1-1.csv,1-1,grow,n/s,1,480,cm2,4.155,5.115,4.155e-4,5.115e-4,TRUE,TRUE,TRUE,FALSE,FALSE
Plot E,1-1,Plot E 1-1,1,May,June,47,NA,NA,Orbicella annularis,2025-05-07,2025-06-09,plotE1-1Matches_Coki_PlotE_20250507_1-1-Coki_PlotE_20250609_1-1.csv,1-1,shrink,n/s,1,480,cm2,5.5025,4.69,5.502500000000001e-4,4.69e-4,TRUE,TRUE,TRUE,FALSE,FALSE
Plot E,1-1,Plot E 1-1,1,May,June,48,NA,NA,Orbicella annularis,2025-05-07,2025-06-09,plotE1-1Matches_Coki_PlotE_20250507_1-1-Coki_PlotE_20250609_1-1.csv,1-1,shrink,n/s,1,480,cm2,2.5825,2.3325,2.5825e-4,2.3325e-4,TRUE,TRUE,TRUE,FALSE,FALSE
Plot E,1-1,Plot E 1-1,1,May,June,49,NA,NA,Orbicella annularis,2025-05-07,2025-06-09,plotE1-1Matches_Coki_PlotE_20250507_1-1-Coki_PlotE_20250609_1-1.csv,1-1,same,n/s,1,480,cm2,5.4525,5.37,5.452499999999999e-4,5.37e-4,TRUE,TRUE,TRUE,FALSE,FALSE
Plot E,1-1,Plot E 1-1,1,May,June,5,NA,NA,Orbicella franksi,2025-05-07,2025-06-09,plotE1-1Matches_Coki_PlotE_20250507_1-1-Coki_PlotE_20250609_1-1.csv,1-1,grow,n/s,1,480,cm2,4,4.9525,4e-4,4.952499999999999e-4,TRUE,TRUE,TRUE,FALSE,FALSE
Plot E,1-1,Plot E 1-1,1,May,June,50,NA,NA,Orbicella annularis,2025-05-07,2025-06-09,plotE1-1Matches_Coki_PlotE_20250507_1-1-Coki_PlotE_20250609_1-1.csv,1-1,same,n/s,1,480,cm2,4.55,4.6675,4.55e-4,4.6675000000000004e-4,TRUE,TRUE,TRUE,FALSE,FALSE
Plot E,1-1,Plot E 1-1,1,May,June,51,NA,NA,Orbicella annularis,2025-05-07,2025-06-09,plotE1-1Matches_Coki_PlotE_20250507_1-1-Coki_PlotE_20250609_1-1.csv,1-1,grow,n/s,1,480,cm2,5.845,6.32,5.845e-4,6.320000000000001e-4,TRUE,TRUE,TRUE,FALSE,FALSE
Plot E,1-1,Plot E 1-1,1,May,June,52,NA,NA,Orbicella annularis,2025-05-07,2025-06-09,plotE1-1Matches_Coki_PlotE_20250507_1-1-Coki_PlotE_20250609_1-1.csv,1-1,same,n/s,3,480,cm2,16.25,16.25,0.001625,0.001625,TRUE,TRUE,TRUE,FALSE,FALSE
Plot E,1-1,Plot E 1-1,1,May,June,53,NA,NA,Orbicella annularis,2025-05-07,2025-06-09,plotE1-1Matches_Coki_PlotE_20250507_1-1-Coki_PlotE_20250609_1-1.csv,1-1,same,n/s,1,480,cm2,5.4325,5.4325,5.4325e-4,5.4325e-4,TRUE,TRUE,TRUE,FALSE,FALSE
Plot E,1-1,Plot E 1-1,1,May,June,54,NA,NA,Orbicella annularis,2025-05-07,2025-06-09,plotE1-1Matches_Coki_PlotE_20250507_1-1-Coki_PlotE_20250609_1-1.csv,1-1,same,n/s,1,480,cm2,5.1175,5.1175,5.117499999999999e-4,5.117499999999999e-4,TRUE,TRUE,TRUE,FALSE,FALSE
Plot E,1-1,Plot E 1-1,1,May,June,55,NA,NA,Orbicella faveolata,2025-05-07,2025-06-09,plotE1-1Matches_Coki_PlotE_20250507_1-1-Coki_PlotE_20250609_1-1.csv,1-1,grow,n/s,1,480,cm2,8.4725,9.13,8.4725e-4,9.130000000000001e-4,TRUE,TRUE,TRUE,FALSE,FALSE
Plot E,1-1,Plot E 1-1,1,May,June,56,NA,NA,Orbicella faveolata,2025-05-07,2025-06-09,plotE1-1Matches_Coki_PlotE_20250507_1-1-Coki_PlotE_20250609_1-1.csv,1-1,grow,n/s,1,480,cm2,4.6325,5.18,4.6325e-4,5.18e-4,TRUE,TRUE,TRUE,FALSE,FALSE
Plot E,1-1,Plot E 1-1,1,May,June,57,NA,NA,Orbicella faveolata,2025-05-07,2025-06-09,plotE1-1Matches_Coki_PlotE_20250507_1-1-Coki_PlotE_20250609_1-1.csv,1-1,same,n/s,1,480,cm2,5.7825,6.04,5.7825e-4,6.04e-4,TRUE,TRUE,TRUE,FALSE,FALSE
Plot E,1-1,Plot E 1-1,1,May,June,58,NA,NA,Acropora palmata,2025-05-07,2025-06-09,plotE1-1Matches_Coki_PlotE_20250507_1-1-Coki_PlotE_20250609_1-1.csv,1-1,shrink,n/s,1,480,cm2,17.94,16.9925,0.001794,0.00169925,TRUE,TRUE,TRUE,FALSE,FALSE
Plot E,1-1,Plot E 1-1,1,May,June,59,NA,NA,Acropora palmata,2025-05-07,2025-06-09,plotE1-1Matches_Coki_PlotE_20250507_1-1-Coki_PlotE_20250609_1-1.csv,1-1,shrink,n/s,1,480,cm2,17.8575,16.4075,0.0017857500000000002,0.0016407499999999998,TRUE,TRUE,TRUE,FALSE,FALSE
Plot E,1-1,Plot E 1-1,1,May,June,6,NA,NA,Orbicella franksi,2025-05-07,2025-06-09,plotE1-1Matches_Coki_PlotE_20250507_1-1-Coki_PlotE_20250609_1-1.csv,1-1,grow,n/s,1,480,cm2,2.4575,3.975,2.4575e-4,3.975e-4,TRUE,TRUE,TRUE,FALSE,FALSE
Plot E,1-1,Plot E 1-1,1,May,June,60,NA,NA,Acropora palmata,2025-05-07,2025-06-09,plotE1-1Matches_Coki_PlotE_20250507_1-1-Coki_PlotE_20250609_1-1.csv,1-1,same,n/s,1,480,cm2,18.8325,19.62,0.00188325,0.001962,TRUE,TRUE,TRUE,FALSE,FALSE
Plot E,1-1,Plot E 1-1,1,May,June,61,NA,NA,Acropora palmata,2025-05-07,2025-06-09,plotE1-1Matches_Coki_PlotE_20250507_1-1-Coki_PlotE_20250609_1-1.csv,1-1,shrink,n/s,1,480,cm2,10.8775,9.985,0.00108775,9.985e-4,TRUE,TRUE,TRUE,FALSE,FALSE
Plot E,1-1,Plot E 1-1,1,May,June,62,NA,NA,Acropora palmata,2025-05-07,2025-06-09,plotE1-1Matches_Coki_PlotE_20250507_1-1-Coki_PlotE_20250609_1-1.csv,1-1,shrink,n/s,1,480,cm2,15.3625,14.03,0.00153625,0.001403,TRUE,TRUE,TRUE,FALSE,FALSE
Plot E,1-1,Plot E 1-1,1,May,June,7,NA,NA,Acropora palmata,2025-05-07,2025-06-09,plotE1-1Matches_Coki_PlotE_20250507_1-1-Coki_PlotE_20250609_1-1.csv,1-1,dead,none,1,480,cm2,21.1325,0,0.00211325,0,TRUE,FALSE,FALSE,TRUE,FALSE
Plot E,1-1,Plot E 1-1,1,May,June,8,NA,NA,Orbicella franksi,2025-05-07,2025-06-09,plotE1-1Matches_Coki_PlotE_20250507_1-1-Coki_PlotE_20250609_1-1.csv,1-1,grow,n/s,1,480,cm2,4.0875,5.1375,4.0875000000000004e-4,5.1375e-4,TRUE,TRUE,TRUE,FALSE,FALSE
Plot E,1-1,Plot E 1-1,1,May,June,9,NA,NA,Orbicella franksi,2025-05-07,2025-06-09,plotE1-1Matches_Coki_PlotE_20250507_1-1-Coki_PlotE_20250609_1-1.csv,1-1,grow,n/s,1,480,cm2,3.7275,5.15,3.7275e-4,5.15e-4,TRUE,TRUE,TRUE,FALSE,FALSE
Plot E,1-1,Plot E 1-1,2,June,July,0,NA,NA,Orbicella annularis,2025-06-09,2025-07-11,plotE1-1Matches_Coki_PlotE_20250609_1-1-Coki_PlotE_20250711_1-1.csv,1-1,grow,n/s,1,480,cm2,0.2375,0.4325,2.3749999999999998e-5,4.325e-5,TRUE,TRUE,TRUE,FALSE,FALSE
Plot E,1-1,Plot E 1-1,2,June,July,11,NA,NA,Orbicella franksi,2025-06-09,2025-07-11,plotE1-1Matches_Coki_PlotE_20250609_1-1-Coki_PlotE_20250711_1-1.csv,1-1,same,n/s,1,480,cm2,4.0925,4.0925,4.0925e-4,4.0925e-4,TRUE,TRUE,TRUE,FALSE,FALSE
Plot E,1-1,Plot E 1-1,2,June,July,13,NA,NA,Orbicella franksi,2025-06-09,2025-07-11,plotE1-1Matches_Coki_PlotE_20250609_1-1-Coki_PlotE_20250711_1-1.csv,1-1,same,n/s,1,480,cm2,2.3,2.3,2.2999999999999998e-4,2.2999999999999998e-4,TRUE,TRUE,TRUE,FALSE,FALSE
Plot E,1-1,Plot E 1-1,2,June,July,14,NA,NA,Orbicella franksi,2025-06-09,2025-07-11,plotE1-1Matches_Coki_PlotE_20250609_1-1-Coki_PlotE_20250711_1-1.csv,1-1,same,n/s,1,480,cm2,4.695,4.695,4.6950000000000003e-4,4.6950000000000003e-4,TRUE,TRUE,TRUE,FALSE,FALSE
Plot E,1-1,Plot E 1-1,2,June,July,16,NA,NA,Orbicella annularis,2025-06-09,2025-07-11,plotE1-1Matches_Coki_PlotE_20250609_1-1-Coki_PlotE_20250711_1-1.csv,1-1,same,n/s,1,480,cm2,8.3075,8.3075,8.307499999999999e-4,8.307499999999999e-4,TRUE,TRUE,TRUE,FALSE,FALSE
Plot E,1-1,Plot E 1-1,2,June,July,18,NA,NA,Orbicella annularis,2025-06-09,2025-07-11,plotE1-1Matches_Coki_PlotE_20250609_1-1-Coki_PlotE_20250711_1-1.csv,1-1,same,n/s,1,480,cm2,2.83,2.83,2.83e-4,2.83e-4,TRUE,TRUE,TRUE,FALSE,FALSE
Plot E,1-1,Plot E 1-1,2,June,July,19,NA,NA,Orbicella annularis,2025-06-09,2025-07-11,plotE1-1Matches_Coki_PlotE_20250609_1-1-Coki_PlotE_20250711_1-1.csv,1-1,same,n/s,2,480,cm2,7.6525,7.6525,7.652500000000001e-4,7.652500000000001e-4,TRUE,TRUE,TRUE,FALSE,FALSE
Plot E,1-1,Plot E 1-1,2,June,July,2,NA,NA,Orbicella franksi,2025-06-09,2025-07-11,plotE1-1Matches_Coki_PlotE_20250609_1-1-Coki_PlotE_20250711_1-1.csv,1-1,same,n/s,1,480,cm2,4.9825,4.9825,4.9825e-4,4.9825e-4,TRUE,TRUE,TRUE,FALSE,FALSE
Plot E,1-1,Plot E 1-1,2,June,July,20,NA,NA,Orbicella annularis,2025-06-09,2025-07-11,plotE1-1Matches_Coki_PlotE_20250609_1-1-Coki_PlotE_20250711_1-1.csv,1-1,same,n/s,1,480,cm2,5.025,5.025,5.025e-4,5.025e-4,TRUE,TRUE,TRUE,FALSE,FALSE
Plot E,1-1,Plot E 1-1,2,June,July,21,NA,NA,Orbicella annularis,2025-06-09,2025-07-11,plotE1-1Matches_Coki_PlotE_20250609_1-1-Coki_PlotE_20250711_1-1.csv,1-1,n/s; same,fuse; n/s,5,480,cm2,28.825000000000003,28.8,0.0028825,0.00288,TRUE,TRUE,TRUE,FALSE,FALSE
Plot E,1-1,Plot E 1-1,2,June,July,22,NA,NA,Orbicella annularis,2025-06-09,2025-07-11,plotE1-1Matches_Coki_PlotE_20250609_1-1-Coki_PlotE_20250711_1-1.csv,1-1,same,n/s,1,480,cm2,3.3275,3.3275,3.3275000000000004e-4,3.3275000000000004e-4,TRUE,TRUE,TRUE,FALSE,FALSE
Plot E,1-1,Plot E 1-1,2,June,July,24,NA,NA,Orbicella annularis,2025-06-09,2025-07-11,plotE1-1Matches_Coki_PlotE_20250609_1-1-Coki_PlotE_20250711_1-1.csv,1-1,same,n/s,1,480,cm2,0.485,0.4925,4.85e-5,4.925e-5,TRUE,TRUE,TRUE,FALSE,FALSE
Plot E,1-1,Plot E 1-1,2,June,July,25,NA,NA,Orbicella annularis,2025-06-09,2025-07-11,plotE1-1Matches_Coki_PlotE_20250609_1-1-Coki_PlotE_20250711_1-1.csv,1-1,same,n/s,2,480,cm2,8.975,8.8375,8.975000000000001e-4,8.8375e-4,TRUE,TRUE,TRUE,FALSE,FALSE
Plot E,1-1,Plot E 1-1,2,June,July,26,NA,NA,Orbicella annularis,2025-06-09,2025-07-11,plotE1-1Matches_Coki_PlotE_20250609_1-1-Coki_PlotE_20250711_1-1.csv,1-1,grow,n/s,1,480,cm2,2.425,2.76,2.4249999999999999e-4,2.76e-4,TRUE,TRUE,TRUE,FALSE,FALSE
Plot E,1-1,Plot E 1-1,2,June,July,27,NA,NA,Orbicella annularis,2025-06-09,2025-07-11,plotE1-1Matches_Coki_PlotE_20250609_1-1-Coki_PlotE_20250711_1-1.csv,1-1,shrink,n/s,1,480,cm2,4.1675,3.1025,4.1675e-4,3.1025e-4,TRUE,TRUE,TRUE,FALSE,FALSE
Plot E,1-1,Plot E 1-1,2,June,July,28,NA,NA,Orbicella annularis,2025-06-09,2025-07-11,plotE1-1Matches_Coki_PlotE_20250609_1-1-Coki_PlotE_20250711_1-1.csv,1-1,same,n/s,1,480,cm2,7.89,8.0475,7.89e-4,8.047499999999999e-4,TRUE,TRUE,TRUE,FALSE,FALSE
Plot E,1-1,Plot E 1-1,2,June,July,29,NA,NA,Orbicella annularis,2025-06-09,2025-07-11,plotE1-1Matches_Coki_PlotE_20250609_1-1-Coki_PlotE_20250711_1-1.csv,1-1,shrink,n/s,1,480,cm2,1.2075,0.9975,1.2075000000000001e-4,9.975e-5,TRUE,TRUE,TRUE,FALSE,FALSE
Plot E,1-1,Plot E 1-1,2,June,July,3,NA,NA,Orbicella franksi,2025-06-09,2025-07-11,plotE1-1Matches_Coki_PlotE_20250609_1-1-Coki_PlotE_20250711_1-1.csv,1-1,same,n/s,1,480,cm2,4.4275,4.4275,4.4275e-4,4.4275e-4,TRUE,TRUE,TRUE,FALSE,FALSE
Plot E,1-1,Plot E 1-1,2,June,July,30,NA,NA,Orbicella annularis,2025-06-09,2025-07-11,plotE1-1Matches_Coki_PlotE_20250609_1-1-Coki_PlotE_20250711_1-1.csv,1-1,dead,none,1,480,cm2,0.6725,0,6.725e-5,0,TRUE,FALSE,FALSE,TRUE,FALSE
Plot E,1-1,Plot E 1-1,2,June,July,31,NA,NA,Orbicella annularis,2025-06-09,2025-07-11,plotE1-1Matches_Coki_PlotE_20250609_1-1-Coki_PlotE_20250711_1-1.csv,1-1,shrink,n/s,1,480,cm2,10.4,9.1025,0.0010400000000000001,9.102499999999999e-4,TRUE,TRUE,TRUE,FALSE,FALSE
Plot E,1-1,Plot E 1-1,2,June,July,32,NA,NA,Acropora palmata,2025-06-09,2025-07-11,plotE1-1Matches_Coki_PlotE_20250609_1-1-Coki_PlotE_20250711_1-1.csv,1-1,grow; n/s,fuse; n/s,8,480,cm2,207.315,227.19,0.0207315,0.022719,TRUE,TRUE,TRUE,FALSE,FALSE
Plot E,1-1,Plot E 1-1,2,June,July,33,NA,NA,Orbicella annularis,2025-06-09,2025-07-11,plotE1-1Matches_Coki_PlotE_20250609_1-1-Coki_PlotE_20250711_1-1.csv,1-1,shrink,n/s,1,480,cm2,3.01,2.8225,3.01e-4,2.8225e-4,TRUE,TRUE,TRUE,FALSE,FALSE
Plot E,1-1,Plot E 1-1,2,June,July,34,NA,NA,Orbicella annularis,2025-06-09,2025-07-11,plotE1-1Matches_Coki_PlotE_20250609_1-1-Coki_PlotE_20250711_1-1.csv,1-1,shrink,n/s,1,480,cm2,3.525,3.0675,3.525e-4,3.0675e-4,TRUE,TRUE,TRUE,FALSE,FALSE
Plot E,1-1,Plot E 1-1,2,June,July,35,NA,NA,Orbicella annularis,2025-06-09,2025-07-11,plotE1-1Matches_Coki_PlotE_20250609_1-1-Coki_PlotE_20250711_1-1.csv,1-1,shrink,n/s,1,480,cm2,0.6225,0.54,6.225000000000001e-5,5.4000000000000005e-5,TRUE,TRUE,TRUE,FALSE,FALSE
Plot E,1-1,Plot E 1-1,2,June,July,36,NA,NA,Orbicella annularis,2025-06-09,2025-07-11,plotE1-1Matches_Coki_PlotE_20250609_1-1-Coki_PlotE_20250711_1-1.csv,1-1,grow,n/s,1,480,cm2,1.625,1.735,1.625e-4,1.7350000000000002e-4,TRUE,TRUE,TRUE,FALSE,FALSE
Plot E,1-1,Plot E 1-1,2,June,July,38,NA,NA,Orbicella franksi,2025-06-09,2025-07-11,plotE1-1Matches_Coki_PlotE_20250609_1-1-Coki_PlotE_20250711_1-1.csv,1-1,same,n/s,1,480,cm2,6.04,5.985,6.04e-4,5.985000000000001e-4,TRUE,TRUE,TRUE,FALSE,FALSE
Plot E,1-1,Plot E 1-1,2,June,July,39,NA,NA,Orbicella franksi,2025-06-09,2025-07-11,plotE1-1Matches_Coki_PlotE_20250609_1-1-Coki_PlotE_20250711_1-1.csv,1-1,same,n/s,1,480,cm2,5.4775,5.75,5.4775e-4,5.75e-4,TRUE,TRUE,TRUE,FALSE,FALSE
Plot E,1-1,Plot E 1-1,2,June,July,4,NA,NA,Orbicella franksi,2025-06-09,2025-07-11,plotE1-1Matches_Coki_PlotE_20250609_1-1-Coki_PlotE_20250711_1-1.csv,1-1,same,n/s,1,480,cm2,5.025,5.025,5.025e-4,5.025e-4,TRUE,TRUE,TRUE,FALSE,FALSE
Plot E,1-1,Plot E 1-1,2,June,July,40,NA,NA,Orbicella franksi,2025-06-09,2025-07-11,plotE1-1Matches_Coki_PlotE_20250609_1-1-Coki_PlotE_20250711_1-1.csv,1-1,same,n/s,1,480,cm2,5.73,5.7025,5.73e-4,5.7025e-4,TRUE,TRUE,TRUE,FALSE,FALSE
Plot E,1-1,Plot E 1-1,2,June,July,41,NA,NA,Orbicella franksi,2025-06-09,2025-07-11,plotE1-1Matches_Coki_PlotE_20250609_1-1-Coki_PlotE_20250711_1-1.csv,1-1,shrink,n/s,1,480,cm2,5.45,5.0125,5.45e-4,5.012500000000001e-4,TRUE,TRUE,TRUE,FALSE,FALSE
Plot E,1-1,Plot E 1-1,2,June,July,42,NA,NA,Orbicella franksi,2025-06-09,2025-07-11,plotE1-1Matches_Coki_PlotE_20250609_1-1-Coki_PlotE_20250711_1-1.csv,1-1,same,n/s,1,480,cm2,6.2425,6.3425,6.2425e-4,6.3425e-4,TRUE,TRUE,TRUE,FALSE,FALSE
Plot E,1-1,Plot E 1-1,2,June,July,43,NA,NA,Orbicella franksi,2025-06-09,2025-07-11,plotE1-1Matches_Coki_PlotE_20250609_1-1-Coki_PlotE_20250711_1-1.csv,1-1,same,n/s,1,480,cm2,6.1525,6.0425,6.1525e-4,6.042500000000001e-4,TRUE,TRUE,TRUE,FALSE,FALSE
Plot E,1-1,Plot E 1-1,2,June,July,44,NA,NA,Orbicella franksi,2025-06-09,2025-07-11,plotE1-1Matches_Coki_PlotE_20250609_1-1-Coki_PlotE_20250711_1-1.csv,1-1,same,n/s,1,480,cm2,4.745,4.73,4.745e-4,4.7300000000000006e-4,TRUE,TRUE,TRUE,FALSE,FALSE
Plot E,1-1,Plot E 1-1,2,June,July,45,NA,NA,Orbicella franksi,2025-06-09,2025-07-11,plotE1-1Matches_Coki_PlotE_20250609_1-1-Coki_PlotE_20250711_1-1.csv,1-1,same,n/s,1,480,cm2,5.985,6.145,5.985000000000001e-4,6.144999999999999e-4,TRUE,TRUE,TRUE,FALSE,FALSE
Plot E,1-1,Plot E 1-1,2,June,July,46,NA,NA,Orbicella franksi,2025-06-09,2025-07-11,plotE1-1Matches_Coki_PlotE_20250609_1-1-Coki_PlotE_20250711_1-1.csv,1-1,same,n/s,1,480,cm2,5.115,5.09,5.115e-4,5.09e-4,TRUE,TRUE,TRUE,FALSE,FALSE
Plot E,1-1,Plot E 1-1,2,June,July,47,NA,NA,Orbicella annularis,2025-06-09,2025-07-11,plotE1-1Matches_Coki_PlotE_20250609_1-1-Coki_PlotE_20250711_1-1.csv,1-1,grow,n/s,1,480,cm2,4.69,5.77,4.69e-4,5.769999999999999e-4,TRUE,TRUE,TRUE,FALSE,FALSE
Plot E,1-1,Plot E 1-1,2,June,July,48,NA,NA,Orbicella annularis,2025-06-09,2025-07-11,plotE1-1Matches_Coki_PlotE_20250609_1-1-Coki_PlotE_20250711_1-1.csv,1-1,same,n/s,1,480,cm2,2.3325,2.3525,2.3325e-4,2.3525e-4,TRUE,TRUE,TRUE,FALSE,FALSE
Plot E,1-1,Plot E 1-1,2,June,July,49,NA,NA,Orbicella annularis,2025-06-09,2025-07-11,plotE1-1Matches_Coki_PlotE_20250609_1-1-Coki_PlotE_20250711_1-1.csv,1-1,same,n/s,1,480,cm2,5.37,5.4275,5.37e-4,5.4275e-4,TRUE,TRUE,TRUE,FALSE,FALSE
Plot E,1-1,Plot E 1-1,2,June,July,5,NA,NA,Orbicella franksi,2025-06-09,2025-07-11,plotE1-1Matches_Coki_PlotE_20250609_1-1-Coki_PlotE_20250711_1-1.csv,1-1,same,n/s,1,480,cm2,4.9525,4.9525,4.952499999999999e-4,4.952499999999999e-4,TRUE,TRUE,TRUE,FALSE,FALSE
Plot E,1-1,Plot E 1-1,2,June,July,50,NA,NA,Orbicella annularis,2025-06-09,2025-07-11,plotE1-1Matches_Coki_PlotE_20250609_1-1-Coki_PlotE_20250711_1-1.csv,1-1,same,n/s,1,480,cm2,4.6675,4.755,4.6675000000000004e-4,4.755e-4,TRUE,TRUE,TRUE,FALSE,FALSE
Plot E,1-1,Plot E 1-1,2,June,July,51,NA,NA,Orbicella annularis,2025-06-09,2025-07-11,plotE1-1Matches_Coki_PlotE_20250609_1-1-Coki_PlotE_20250711_1-1.csv,1-1,grow,n/s,1,480,cm2,6.32,6.975,6.320000000000001e-4,6.975e-4,TRUE,TRUE,TRUE,FALSE,FALSE
Plot E,1-1,Plot E 1-1,2,June,July,52,NA,NA,Orbicella annularis,2025-06-09,2025-07-11,plotE1-1Matches_Coki_PlotE_20250609_1-1-Coki_PlotE_20250711_1-1.csv,1-1,grow; shrink,n/s,3,480,cm2,16.25,16.8775,0.001625,0.00168775,TRUE,TRUE,TRUE,FALSE,FALSE
Plot E,1-1,Plot E 1-1,2,June,July,53,NA,NA,Orbicella annularis,2025-06-09,2025-07-11,plotE1-1Matches_Coki_PlotE_20250609_1-1-Coki_PlotE_20250711_1-1.csv,1-1,grow,n/s,1,480,cm2,5.4325,6.7625,5.4325e-4,6.7625e-4,TRUE,TRUE,TRUE,FALSE,FALSE
Plot E,1-1,Plot E 1-1,2,June,July,54,NA,NA,Orbicella annularis,2025-06-09,2025-07-11,plotE1-1Matches_Coki_PlotE_20250609_1-1-Coki_PlotE_20250711_1-1.csv,1-1,same,n/s,1,480,cm2,5.1175,5.33,5.117499999999999e-4,5.33e-4,TRUE,TRUE,TRUE,FALSE,FALSE
Plot E,1-1,Plot E 1-1,2,June,July,55,NA,NA,Orbicella faveolata,2025-06-09,2025-07-11,plotE1-1Matches_Coki_PlotE_20250609_1-1-Coki_PlotE_20250711_1-1.csv,1-1,same,n/s,1,480,cm2,9.13,8.975,9.130000000000001e-4,8.975e-4,TRUE,TRUE,TRUE,FALSE,FALSE
Plot E,1-1,Plot E 1-1,2,June,July,56,NA,NA,Orbicella faveolata,2025-06-09,2025-07-11,plotE1-1Matches_Coki_PlotE_20250609_1-1-Coki_PlotE_20250711_1-1.csv,1-1,shrink,n/s,1,480,cm2,5.18,4.1025,5.18e-4,4.1025e-4,TRUE,TRUE,TRUE,FALSE,FALSE
Plot E,1-1,Plot E 1-1,2,June,July,57,NA,NA,Orbicella faveolata,2025-06-09,2025-07-11,plotE1-1Matches_Coki_PlotE_20250609_1-1-Coki_PlotE_20250711_1-1.csv,1-1,shrink,n/s,1,480,cm2,6.04,4.27,6.04e-4,4.2699999999999997e-4,TRUE,TRUE,TRUE,FALSE,FALSE
Plot E,1-1,Plot E 1-1,2,June,July,58,NA,NA,Acropora palmata,2025-06-09,2025-07-11,plotE1-1Matches_Coki_PlotE_20250609_1-1-Coki_PlotE_20250711_1-1.csv,1-1,shrink,n/s,1,480,cm2,16.9925,9,0.00169925,9e-4,TRUE,TRUE,TRUE,FALSE,FALSE
Plot E,1-1,Plot E 1-1,2,June,July,59,NA,NA,Acropora palmata,2025-06-09,2025-07-11,plotE1-1Matches_Coki_PlotE_20250609_1-1-Coki_PlotE_20250711_1-1.csv,1-1,shrink,n/s,1,480,cm2,16.4075,10.5825,0.0016407499999999998,0.00105825,TRUE,TRUE,TRUE,FALSE,FALSE
Plot E,1-1,Plot E 1-1,2,June,July,6,NA,NA,Orbicella franksi,2025-06-09,2025-07-11,plotE1-1Matches_Coki_PlotE_20250609_1-1-Coki_PlotE_20250711_1-1.csv,1-1,same,n/s,1,480,cm2,3.975,3.975,3.975e-4,3.975e-4,TRUE,TRUE,TRUE,FALSE,FALSE
Plot E,1-1,Plot E 1-1,2,June,July,60,NA,NA,Acropora palmata,2025-06-09,2025-07-11,plotE1-1Matches_Coki_PlotE_20250609_1-1-Coki_PlotE_20250711_1-1.csv,1-1,shrink,n/s,1,480,cm2,19.62,18.5625,0.001962,0.00185625,TRUE,TRUE,TRUE,FALSE,FALSE
Plot E,1-1,Plot E 1-1,2,June,July,61,NA,NA,Acropora palmata,2025-06-09,2025-07-11,plotE1-1Matches_Coki_PlotE_20250609_1-1-Coki_PlotE_20250711_1-1.csv,1-1,shrink,n/s,1,480,cm2,9.985,9.3575,9.985e-4,9.3575e-4,TRUE,TRUE,TRUE,FALSE,FALSE
Plot E,1-1,Plot E 1-1,2,June,July,62,NA,NA,Acropora palmata,2025-06-09,2025-07-11,plotE1-1Matches_Coki_PlotE_20250609_1-1-Coki_PlotE_20250711_1-1.csv,1-1,shrink,n/s,1,480,cm2,14.03,12.1525,0.001403,0.00121525,TRUE,TRUE,TRUE,FALSE,FALSE
Plot E,1-1,Plot E 1-1,2,June,July,8,NA,NA,Orbicella franksi,2025-06-09,2025-07-11,plotE1-1Matches_Coki_PlotE_20250609_1-1-Coki_PlotE_20250711_1-1.csv,1-1,same,n/s,1,480,cm2,5.1375,5.1375,5.1375e-4,5.1375e-4,TRUE,TRUE,TRUE,FALSE,FALSE
Plot E,1-1,Plot E 1-1,2,June,July,9,NA,NA,Orbicella franksi,2025-06-09,2025-07-11,plotE1-1Matches_Coki_PlotE_20250609_1-1-Coki_PlotE_20250711_1-1.csv,1-1,same,n/s,1,480,cm2,5.15,5.15,5.15e-4,5.15e-4,TRUE,TRUE,TRUE,FALSE,FALSE
Plot E,1-1,Plot E 1-1,3,July,August,0,NA,NA,Orbicella annularis,2025-07-11,2025-08-04,plotE1-1Matches_Coki_PlotE_20250711_1-1-Coki_PlotE_20250804_1-1.csv,1-1,dead,none,1,480,cm2,0.4325,0,4.325e-5,0,TRUE,FALSE,FALSE,TRUE,FALSE
Plot E,1-1,Plot E 1-1,3,July,August,11,NA,NA,Orbicella franksi,2025-07-11,2025-08-04,plotE1-1Matches_Coki_PlotE_20250711_1-1-Coki_PlotE_20250804_1-1.csv,1-1,grow,n/s,1,480,cm2,4.0925,4.435,4.0925e-4,4.4349999999999994e-4,TRUE,TRUE,TRUE,FALSE,FALSE
Plot E,1-1,Plot E 1-1,3,July,August,13,NA,NA,Orbicella franksi,2025-07-11,2025-08-04,plotE1-1Matches_Coki_PlotE_20250711_1-1-Coki_PlotE_20250804_1-1.csv,1-1,grow,n/s,1,480,cm2,2.3,3.545,2.2999999999999998e-4,3.545e-4,TRUE,TRUE,TRUE,FALSE,FALSE
Plot E,1-1,Plot E 1-1,3,July,August,14,NA,NA,Orbicella franksi,2025-07-11,2025-08-04,plotE1-1Matches_Coki_PlotE_20250711_1-1-Coki_PlotE_20250804_1-1.csv,1-1,shrink,n/s,1,480,cm2,4.695,2.9125,4.6950000000000003e-4,2.9125e-4,TRUE,TRUE,TRUE,FALSE,FALSE
Plot E,1-1,Plot E 1-1,3,July,August,16,NA,NA,Orbicella annularis,2025-07-11,2025-08-04,plotE1-1Matches_Coki_PlotE_20250711_1-1-Coki_PlotE_20250804_1-1.csv,1-1,grow,n/s,1,480,cm2,8.3075,9.0725,8.307499999999999e-4,9.0725e-4,TRUE,TRUE,TRUE,FALSE,FALSE
Plot E,1-1,Plot E 1-1,3,July,August,18,NA,NA,Orbicella annularis,2025-07-11,2025-08-04,plotE1-1Matches_Coki_PlotE_20250711_1-1-Coki_PlotE_20250804_1-1.csv,1-1,grow,n/s,1,480,cm2,2.83,3.3275,2.83e-4,3.3275000000000004e-4,TRUE,TRUE,TRUE,FALSE,FALSE
Plot E,1-1,Plot E 1-1,3,July,August,19,NA,NA,Orbicella annularis,2025-07-11,2025-08-04,plotE1-1Matches_Coki_PlotE_20250711_1-1-Coki_PlotE_20250804_1-1.csv,1-1,grow,n/s,2,480,cm2,7.6525,9.6375,7.652500000000001e-4,9.6375e-4,TRUE,TRUE,TRUE,FALSE,FALSE
Plot E,1-1,Plot E 1-1,3,July,August,2,NA,NA,Orbicella franksi,2025-07-11,2025-08-04,plotE1-1Matches_Coki_PlotE_20250711_1-1-Coki_PlotE_20250804_1-1.csv,1-1,grow,n/s,1,480,cm2,4.9825,5.5075,4.9825e-4,5.5075e-4,TRUE,TRUE,TRUE,FALSE,FALSE
Plot E,1-1,Plot E 1-1,3,July,August,20,NA,NA,Orbicella annularis,2025-07-11,2025-08-04,plotE1-1Matches_Coki_PlotE_20250711_1-1-Coki_PlotE_20250804_1-1.csv,1-1,grow,n/s,1,480,cm2,5.025,5.445,5.025e-4,5.445000000000001e-4,TRUE,TRUE,TRUE,FALSE,FALSE
Plot E,1-1,Plot E 1-1,3,July,August,21,NA,NA,Orbicella annularis,2025-07-11,2025-08-04,plotE1-1Matches_Coki_PlotE_20250711_1-1-Coki_PlotE_20250804_1-1.csv,1-1,grow; same; shrink,n/s,4,480,cm2,28.8,29.9525,0.00288,0.0029952499999999996,TRUE,TRUE,TRUE,FALSE,FALSE
Plot E,1-1,Plot E 1-1,3,July,August,22,NA,NA,Orbicella annularis,2025-07-11,2025-08-04,plotE1-1Matches_Coki_PlotE_20250711_1-1-Coki_PlotE_20250804_1-1.csv,1-1,same,n/s,1,480,cm2,3.3275,3.35,3.3275000000000004e-4,3.35e-4,TRUE,TRUE,TRUE,FALSE,FALSE
Plot E,1-1,Plot E 1-1,3,July,August,24,NA,NA,Orbicella annularis,2025-07-11,2025-08-04,plotE1-1Matches_Coki_PlotE_20250711_1-1-Coki_PlotE_20250804_1-1.csv,1-1,grow,n/s,1,480,cm2,0.4925,0.7675,4.925e-5,7.675e-5,TRUE,TRUE,TRUE,FALSE,FALSE
Plot E,1-1,Plot E 1-1,3,July,August,25,NA,NA,Orbicella annularis,2025-07-11,2025-08-04,plotE1-1Matches_Coki_PlotE_20250711_1-1-Coki_PlotE_20250804_1-1.csv,1-1,grow,n/s,2,480,cm2,8.8375,10.13,8.8375e-4,0.001013,TRUE,TRUE,TRUE,FALSE,FALSE
Plot E,1-1,Plot E 1-1,3,July,August,26,NA,NA,Orbicella annularis,2025-07-11,2025-08-04,plotE1-1Matches_Coki_PlotE_20250711_1-1-Coki_PlotE_20250804_1-1.csv,1-1,shrink,n/s,1,480,cm2,2.76,2.565,2.76e-4,2.565e-4,TRUE,TRUE,TRUE,FALSE,FALSE
Plot E,1-1,Plot E 1-1,3,July,August,27,NA,NA,Orbicella annularis,2025-07-11,2025-08-04,plotE1-1Matches_Coki_PlotE_20250711_1-1-Coki_PlotE_20250804_1-1.csv,1-1,grow,n/s,1,480,cm2,3.1025,4.0175,3.1025e-4,4.0175e-4,TRUE,TRUE,TRUE,FALSE,FALSE
Plot E,1-1,Plot E 1-1,3,July,August,28,NA,NA,Orbicella annularis,2025-07-11,2025-08-04,plotE1-1Matches_Coki_PlotE_20250711_1-1-Coki_PlotE_20250804_1-1.csv,1-1,grow,n/s,1,480,cm2,8.0475,8.615,8.047499999999999e-4,8.615000000000001e-4,TRUE,TRUE,TRUE,FALSE,FALSE
Plot E,1-1,Plot E 1-1,3,July,August,29,NA,NA,Orbicella annularis,2025-07-11,2025-08-04,plotE1-1Matches_Coki_PlotE_20250711_1-1-Coki_PlotE_20250804_1-1.csv,1-1,grow,n/s,1,480,cm2,0.9975,1.185,9.975e-5,1.1850000000000001e-4,TRUE,TRUE,TRUE,FALSE,FALSE
Plot E,1-1,Plot E 1-1,3,July,August,3,NA,NA,Orbicella franksi,2025-07-11,2025-08-04,plotE1-1Matches_Coki_PlotE_20250711_1-1-Coki_PlotE_20250804_1-1.csv,1-1,same,n/s,1,480,cm2,4.4275,4.3675,4.4275e-4,4.3674999999999996e-4,TRUE,TRUE,TRUE,FALSE,FALSE
Plot E,1-1,Plot E 1-1,3,July,August,31,NA,NA,Orbicella annularis,2025-07-11,2025-08-04,plotE1-1Matches_Coki_PlotE_20250711_1-1-Coki_PlotE_20250804_1-1.csv,1-1,grow,n/s,1,480,cm2,9.1025,10.51,9.102499999999999e-4,0.001051,TRUE,TRUE,TRUE,FALSE,FALSE
Plot E,1-1,Plot E 1-1,3,July,August,32,NA,NA,Acropora palmata,2025-07-11,2025-08-04,plotE1-1Matches_Coki_PlotE_20250711_1-1-Coki_PlotE_20250804_1-1.csv,1-1,n/s,fuse,3,480,cm2,227.19,272.8425,0.022719,0.027284249999999996,TRUE,TRUE,TRUE,FALSE,FALSE
Plot E,1-1,Plot E 1-1,3,July,August,33,NA,NA,Orbicella annularis,2025-07-11,2025-08-04,plotE1-1Matches_Coki_PlotE_20250711_1-1-Coki_PlotE_20250804_1-1.csv,1-1,grow,n/s,1,480,cm2,2.8225,3.255,2.8225e-4,3.255e-4,TRUE,TRUE,TRUE,FALSE,FALSE
Plot E,1-1,Plot E 1-1,3,July,August,34,NA,NA,Orbicella annularis,2025-07-11,2025-08-04,plotE1-1Matches_Coki_PlotE_20250711_1-1-Coki_PlotE_20250804_1-1.csv,1-1,grow,n/s,1,480,cm2,3.0675,4.065,3.0675e-4,4.065e-4,TRUE,TRUE,TRUE,FALSE,FALSE
Plot E,1-1,Plot E 1-1,3,July,August,35,NA,NA,Orbicella annularis,2025-07-11,2025-08-04,plotE1-1Matches_Coki_PlotE_20250711_1-1-Coki_PlotE_20250804_1-1.csv,1-1,grow,n/s,1,480,cm2,0.54,0.6225,5.4000000000000005e-5,6.225000000000001e-5,TRUE,TRUE,TRUE,FALSE,FALSE
Plot E,1-1,Plot E 1-1,3,July,August,36,NA,NA,Orbicella annularis,2025-07-11,2025-08-04,plotE1-1Matches_Coki_PlotE_20250711_1-1-Coki_PlotE_20250804_1-1.csv,1-1,same,n/s,1,480,cm2,1.735,1.7125,1.7350000000000002e-4,1.7125e-4,TRUE,TRUE,TRUE,FALSE,FALSE
Plot E,1-1,Plot E 1-1,3,July,August,38,NA,NA,Orbicella franksi,2025-07-11,2025-08-04,plotE1-1Matches_Coki_PlotE_20250711_1-1-Coki_PlotE_20250804_1-1.csv,1-1,same,n/s,1,480,cm2,5.985,5.8125,5.985000000000001e-4,5.8125e-4,TRUE,TRUE,TRUE,FALSE,FALSE
Plot E,1-1,Plot E 1-1,3,July,August,39,NA,NA,Orbicella franksi,2025-07-11,2025-08-04,plotE1-1Matches_Coki_PlotE_20250711_1-1-Coki_PlotE_20250804_1-1.csv,1-1,same,n/s,1,480,cm2,5.75,5.825,5.75e-4,5.825e-4,TRUE,TRUE,TRUE,FALSE,FALSE
Plot E,1-1,Plot E 1-1,3,July,August,4,NA,NA,Orbicella franksi,2025-07-11,2025-08-04,plotE1-1Matches_Coki_PlotE_20250711_1-1-Coki_PlotE_20250804_1-1.csv,1-1,grow,n/s,1,480,cm2,5.025,5.385,5.025e-4,5.385e-4,TRUE,TRUE,TRUE,FALSE,FALSE
Plot E,1-1,Plot E 1-1,3,July,August,40,NA,NA,Orbicella franksi,2025-07-11,2025-08-04,plotE1-1Matches_Coki_PlotE_20250711_1-1-Coki_PlotE_20250804_1-1.csv,1-1,shrink,n/s,1,480,cm2,5.7025,5.2375,5.7025e-4,5.2375e-4,TRUE,TRUE,TRUE,FALSE,FALSE
Plot E,1-1,Plot E 1-1,3,July,August,41,NA,NA,Orbicella franksi,2025-07-11,2025-08-04,plotE1-1Matches_Coki_PlotE_20250711_1-1-Coki_PlotE_20250804_1-1.csv,1-1,grow,n/s,1,480,cm2,5.0125,5.435,5.012500000000001e-4,5.434999999999999e-4,TRUE,TRUE,TRUE,FALSE,FALSE
Plot E,1-1,Plot E 1-1,3,July,August,42,NA,NA,Orbicella franksi,2025-07-11,2025-08-04,plotE1-1Matches_Coki_PlotE_20250711_1-1-Coki_PlotE_20250804_1-1.csv,1-1,same,n/s,1,480,cm2,6.3425,6.49,6.3425e-4,0.00064900000000000005,TRUE,TRUE,TRUE,FALSE,FALSE
Plot E,1-1,Plot E 1-1,3,July,August,43,NA,NA,Orbicella franksi,2025-07-11,2025-08-04,plotE1-1Matches_Coki_PlotE_20250711_1-1-Coki_PlotE_20250804_1-1.csv,1-1,same,n/s,1,480,cm2,6.0425,6.1875,6.042500000000001e-4,6.1875e-4,TRUE,TRUE,TRUE,FALSE,FALSE
Plot E,1-1,Plot E 1-1,3,July,August,44,NA,NA,Orbicella franksi,2025-07-11,2025-08-04,plotE1-1Matches_Coki_PlotE_20250711_1-1-Coki_PlotE_20250804_1-1.csv,1-1,shrink,n/s,1,480,cm2,4.73,4.4675,4.7300000000000006e-4,4.4675000000000004e-4,TRUE,TRUE,TRUE,FALSE,FALSE
Plot E,1-1,Plot E 1-1,3,July,August,45,NA,NA,Orbicella franksi,2025-07-11,2025-08-04,plotE1-1Matches_Coki_PlotE_20250711_1-1-Coki_PlotE_20250804_1-1.csv,1-1,same,n/s,1,480,cm2,6.145,5.915,6.144999999999999e-4,5.915e-4,TRUE,TRUE,TRUE,FALSE,FALSE
Plot E,1-1,Plot E 1-1,3,July,August,46,NA,NA,Orbicella franksi,2025-07-11,2025-08-04,plotE1-1Matches_Coki_PlotE_20250711_1-1-Coki_PlotE_20250804_1-1.csv,1-1,shrink,n/s,1,480,cm2,5.09,4.5025,5.09e-4,4.5025e-4,TRUE,TRUE,TRUE,FALSE,FALSE
Plot E,1-1,Plot E 1-1,3,July,August,47,NA,NA,Orbicella annularis,2025-07-11,2025-08-04,plotE1-1Matches_Coki_PlotE_20250711_1-1-Coki_PlotE_20250804_1-1.csv,1-1,same,n/s,1,480,cm2,5.77,5.5475,5.769999999999999e-4,5.5475e-4,TRUE,TRUE,TRUE,FALSE,FALSE
Plot E,1-1,Plot E 1-1,3,July,August,48,NA,NA,Orbicella annularis,2025-07-11,2025-08-04,plotE1-1Matches_Coki_PlotE_20250711_1-1-Coki_PlotE_20250804_1-1.csv,1-1,shrink,n/s,1,480,cm2,2.3525,2.22,2.3525e-4,2.2200000000000003e-4,TRUE,TRUE,TRUE,FALSE,FALSE
Plot E,1-1,Plot E 1-1,3,July,August,49,NA,NA,Orbicella annularis,2025-07-11,2025-08-04,plotE1-1Matches_Coki_PlotE_20250711_1-1-Coki_PlotE_20250804_1-1.csv,1-1,grow,n/s,1,480,cm2,5.4275,6.345,5.4275e-4,6.345e-4,TRUE,TRUE,TRUE,FALSE,FALSE
Plot E,1-1,Plot E 1-1,3,July,August,5,NA,NA,Orbicella franksi,2025-07-11,2025-08-04,plotE1-1Matches_Coki_PlotE_20250711_1-1-Coki_PlotE_20250804_1-1.csv,1-1,same,n/s,1,480,cm2,4.9525,4.795,4.952499999999999e-4,4.795e-4,TRUE,TRUE,TRUE,FALSE,FALSE
Plot E,1-1,Plot E 1-1,3,July,August,50,NA,NA,Orbicella annularis,2025-07-11,2025-08-04,plotE1-1Matches_Coki_PlotE_20250711_1-1-Coki_PlotE_20250804_1-1.csv,1-1,grow,n/s,1,480,cm2,4.755,5.3025,4.755e-4,5.3025e-4,TRUE,TRUE,TRUE,FALSE,FALSE
Plot E,1-1,Plot E 1-1,3,July,August,51,NA,NA,Orbicella annularis,2025-07-11,2025-08-04,plotE1-1Matches_Coki_PlotE_20250711_1-1-Coki_PlotE_20250804_1-1.csv,1-1,same,n/s,1,480,cm2,6.975,6.9875,6.975e-4,6.987499999999999e-4,TRUE,TRUE,TRUE,FALSE,FALSE
Plot E,1-1,Plot E 1-1,3,July,August,52,NA,NA,Orbicella annularis,2025-07-11,2025-08-04,plotE1-1Matches_Coki_PlotE_20250711_1-1-Coki_PlotE_20250804_1-1.csv,1-1,grow; same,n/s,3,480,cm2,16.8775,17.565,0.00168775,0.0017565000000000002,TRUE,TRUE,TRUE,FALSE,FALSE
Plot E,1-1,Plot E 1-1,3,July,August,53,NA,NA,Orbicella annularis,2025-07-11,2025-08-04,plotE1-1Matches_Coki_PlotE_20250711_1-1-Coki_PlotE_20250804_1-1.csv,1-1,same,n/s,1,480,cm2,6.7625,6.5525,6.7625e-4,6.5525e-4,TRUE,TRUE,TRUE,FALSE,FALSE
Plot E,1-1,Plot E 1-1,3,July,August,54,NA,NA,Orbicella annularis,2025-07-11,2025-08-04,plotE1-1Matches_Coki_PlotE_20250711_1-1-Coki_PlotE_20250804_1-1.csv,1-1,grow,n/s,1,480,cm2,5.33,5.9875,5.33e-4,5.9875e-4,TRUE,TRUE,TRUE,FALSE,FALSE
Plot E,1-1,Plot E 1-1,3,July,August,55,NA,NA,Orbicella faveolata,2025-07-11,2025-08-04,plotE1-1Matches_Coki_PlotE_20250711_1-1-Coki_PlotE_20250804_1-1.csv,1-1,same,n/s,1,480,cm2,8.975,9.1725,8.975e-4,9.1725e-4,TRUE,TRUE,TRUE,FALSE,FALSE
Plot E,1-1,Plot E 1-1,3,July,August,56,NA,NA,Orbicella faveolata,2025-07-11,2025-08-04,plotE1-1Matches_Coki_PlotE_20250711_1-1-Coki_PlotE_20250804_1-1.csv,1-1,grow,n/s,1,480,cm2,4.1025,5.2875,4.1025e-4,5.287499999999999e-4,TRUE,TRUE,TRUE,FALSE,FALSE
Plot E,1-1,Plot E 1-1,3,July,August,57,NA,NA,Orbicella faveolata,2025-07-11,2025-08-04,plotE1-1Matches_Coki_PlotE_20250711_1-1-Coki_PlotE_20250804_1-1.csv,1-1,grow,n/s,1,480,cm2,4.27,6.4775,4.2699999999999997e-4,6.4775e-4,TRUE,TRUE,TRUE,FALSE,FALSE
Plot E,1-1,Plot E 1-1,3,July,August,58,NA,NA,Acropora palmata,2025-07-11,2025-08-04,plotE1-1Matches_Coki_PlotE_20250711_1-1-Coki_PlotE_20250804_1-1.csv,1-1,grow,n/s,1,480,cm2,9,20.9375,9e-4,0.00209375,TRUE,TRUE,TRUE,FALSE,FALSE
Plot E,1-1,Plot E 1-1,3,July,August,59,NA,NA,Acropora palmata,2025-07-11,2025-08-04,plotE1-1Matches_Coki_PlotE_20250711_1-1-Coki_PlotE_20250804_1-1.csv,1-1,grow,n/s,1,480,cm2,10.5825,22.0525,0.00105825,0.0022052499999999997,TRUE,TRUE,TRUE,FALSE,FALSE
Plot E,1-1,Plot E 1-1,3,July,August,6,NA,NA,Orbicella franksi,2025-07-11,2025-08-04,plotE1-1Matches_Coki_PlotE_20250711_1-1-Coki_PlotE_20250804_1-1.csv,1-1,shrink,n/s,1,480,cm2,3.975,3.69,3.975e-4,3.6899999999999997e-4,TRUE,TRUE,TRUE,FALSE,FALSE
Plot E,1-1,Plot E 1-1,3,July,August,60,NA,NA,Acropora palmata,2025-07-11,2025-08-04,plotE1-1Matches_Coki_PlotE_20250711_1-1-Coki_PlotE_20250804_1-1.csv,1-1,grow,n/s,1,480,cm2,18.5625,26.4,0.00185625,0.00264,TRUE,TRUE,TRUE,FALSE,FALSE
Plot E,1-1,Plot E 1-1,3,July,August,61,NA,NA,Acropora palmata,2025-07-11,2025-08-04,plotE1-1Matches_Coki_PlotE_20250711_1-1-Coki_PlotE_20250804_1-1.csv,1-1,grow,n/s,1,480,cm2,9.3575,13.925,9.3575e-4,0.0013925,TRUE,TRUE,TRUE,FALSE,FALSE
Plot E,1-1,Plot E 1-1,3,July,August,62,NA,NA,Acropora palmata,2025-07-11,2025-08-04,plotE1-1Matches_Coki_PlotE_20250711_1-1-Coki_PlotE_20250804_1-1.csv,1-1,grow,n/s,1,480,cm2,12.1525,15.55,0.00121525,0.0015550000000000002,TRUE,TRUE,TRUE,FALSE,FALSE
Plot E,1-1,Plot E 1-1,3,July,August,63,NA,NA,Orbicella sp.,2025-07-11,2025-08-04,plotE1-1Matches_Coki_PlotE_20250711_1-1-Coki_PlotE_20250804_1-1.csv,1-1,born,none,1,480,cm2,0,4.255,0,4.255e-4,FALSE,TRUE,FALSE,FALSE,TRUE
Plot E,1-1,Plot E 1-1,3,July,August,64,NA,NA,Orbicella sp.,2025-07-11,2025-08-04,plotE1-1Matches_Coki_PlotE_20250711_1-1-Coki_PlotE_20250804_1-1.csv,1-1,born,none,1,480,cm2,0,2.92,0,2.92e-4,FALSE,TRUE,FALSE,FALSE,TRUE
Plot E,1-1,Plot E 1-1,3,July,August,8,NA,NA,Orbicella franksi,2025-07-11,2025-08-04,plotE1-1Matches_Coki_PlotE_20250711_1-1-Coki_PlotE_20250804_1-1.csv,1-1,grow,n/s,1,480,cm2,5.1375,5.435,5.1375e-4,5.434999999999999e-4,TRUE,TRUE,TRUE,FALSE,FALSE
Plot E,1-1,Plot E 1-1,3,July,August,9,NA,NA,Orbicella franksi,2025-07-11,2025-08-04,plotE1-1Matches_Coki_PlotE_20250711_1-1-Coki_PlotE_20250804_1-1.csv,1-1,grow,n/s,1,480,cm2,5.15,5.7575,5.15e-4,5.7575e-4,TRUE,TRUE,TRUE,FALSE,FALSE
Plot E,1-1,Plot E 1-1,4,August,September,11,NA,NA,Orbicella franksi,2025-08-04,2025-09-08,plotE1-1Matches_Coki_PlotE_20250804_1-1-Coki_PlotE_20250908_1-1.csv,1-1,same,n/s,1,480,cm2,4.435,4.375,4.4349999999999994e-4,4.375e-4,TRUE,TRUE,TRUE,FALSE,FALSE
Plot E,1-1,Plot E 1-1,4,August,September,13,NA,NA,Orbicella franksi,2025-08-04,2025-09-08,plotE1-1Matches_Coki_PlotE_20250804_1-1-Coki_PlotE_20250908_1-1.csv,1-1,same,n/s,1,480,cm2,3.545,3.44,3.545e-4,3.44e-4,TRUE,TRUE,TRUE,FALSE,FALSE
Plot E,1-1,Plot E 1-1,4,August,September,14,NA,NA,Orbicella franksi,2025-08-04,2025-09-08,plotE1-1Matches_Coki_PlotE_20250804_1-1-Coki_PlotE_20250908_1-1.csv,1-1,grow,n/s,1,480,cm2,2.9125,4.4375,2.9125e-4,4.4375e-4,TRUE,TRUE,TRUE,FALSE,FALSE
Plot E,1-1,Plot E 1-1,4,August,September,16,NA,NA,Orbicella annularis,2025-08-04,2025-09-08,plotE1-1Matches_Coki_PlotE_20250804_1-1-Coki_PlotE_20250908_1-1.csv,1-1,same,n/s,1,480,cm2,9.0725,8.9725,9.0725e-4,8.9725e-4,TRUE,TRUE,TRUE,FALSE,FALSE
Plot E,1-1,Plot E 1-1,4,August,September,18,NA,NA,Orbicella annularis,2025-08-04,2025-09-08,plotE1-1Matches_Coki_PlotE_20250804_1-1-Coki_PlotE_20250908_1-1.csv,1-1,grow,n/s,1,480,cm2,3.3275,3.5775,3.3275000000000004e-4,3.5775e-4,TRUE,TRUE,TRUE,FALSE,FALSE
Plot E,1-1,Plot E 1-1,4,August,September,19,NA,NA,Orbicella annularis,2025-08-04,2025-09-08,plotE1-1Matches_Coki_PlotE_20250804_1-1-Coki_PlotE_20250908_1-1.csv,1-1,same,n/s,2,480,cm2,9.6375,9.555,9.6375e-4,9.555000000000001e-4,TRUE,TRUE,TRUE,FALSE,FALSE
Plot E,1-1,Plot E 1-1,4,August,September,2,NA,NA,Orbicella franksi,2025-08-04,2025-09-08,plotE1-1Matches_Coki_PlotE_20250804_1-1-Coki_PlotE_20250908_1-1.csv,1-1,same,n/s,1,480,cm2,5.5075,5.26,5.5075e-4,5.26e-4,TRUE,TRUE,TRUE,FALSE,FALSE
Plot E,1-1,Plot E 1-1,4,August,September,20,NA,NA,Orbicella annularis,2025-08-04,2025-09-08,plotE1-1Matches_Coki_PlotE_20250804_1-1-Coki_PlotE_20250908_1-1.csv,1-1,same,n/s,1,480,cm2,5.445,5.6525,5.445000000000001e-4,5.6525e-4,TRUE,TRUE,TRUE,FALSE,FALSE
Plot E,1-1,Plot E 1-1,4,August,September,21,NA,NA,Orbicella annularis,2025-08-04,2025-09-08,plotE1-1Matches_Coki_PlotE_20250804_1-1-Coki_PlotE_20250908_1-1.csv,1-1,grow; n/s,fuse; n/s,4,480,cm2,29.9525,33.28,0.0029952499999999996,0.003328,TRUE,TRUE,TRUE,FALSE,FALSE
Plot E,1-1,Plot E 1-1,4,August,September,22,NA,NA,Orbicella annularis,2025-08-04,2025-09-08,plotE1-1Matches_Coki_PlotE_20250804_1-1-Coki_PlotE_20250908_1-1.csv,1-1,grow,n/s,1,480,cm2,3.35,3.9625,3.35e-4,3.9625e-4,TRUE,TRUE,TRUE,FALSE,FALSE
Plot E,1-1,Plot E 1-1,4,August,September,24,NA,NA,Orbicella annularis,2025-08-04,2025-09-08,plotE1-1Matches_Coki_PlotE_20250804_1-1-Coki_PlotE_20250908_1-1.csv,1-1,shrink,n/s,1,480,cm2,0.7675,0.6125,7.675e-5,6.125e-5,TRUE,TRUE,TRUE,FALSE,FALSE
Plot E,1-1,Plot E 1-1,4,August,September,25,NA,NA,Orbicella annularis,2025-08-04,2025-09-08,plotE1-1Matches_Coki_PlotE_20250804_1-1-Coki_PlotE_20250908_1-1.csv,1-1,grow; same,n/s,2,480,cm2,10.13,10.495,0.001013,0.0010494999999999999,TRUE,TRUE,TRUE,FALSE,FALSE
Plot E,1-1,Plot E 1-1,4,August,September,26,NA,NA,Orbicella annularis,2025-08-04,2025-09-08,plotE1-1Matches_Coki_PlotE_20250804_1-1-Coki_PlotE_20250908_1-1.csv,1-1,grow,n/s,1,480,cm2,2.565,2.7175,2.565e-4,2.7174999999999996e-4,TRUE,TRUE,TRUE,FALSE,FALSE
Plot E,1-1,Plot E 1-1,4,August,September,27,NA,NA,Orbicella annularis,2025-08-04,2025-09-08,plotE1-1Matches_Coki_PlotE_20250804_1-1-Coki_PlotE_20250908_1-1.csv,1-1,grow,n/s,1,480,cm2,4.0175,4.5225,4.0175e-4,4.5225e-4,TRUE,TRUE,TRUE,FALSE,FALSE
Plot E,1-1,Plot E 1-1,4,August,September,28,NA,NA,Orbicella annularis,2025-08-04,2025-09-08,plotE1-1Matches_Coki_PlotE_20250804_1-1-Coki_PlotE_20250908_1-1.csv,1-1,grow,n/s,1,480,cm2,8.615,9.315,8.615000000000001e-4,9.314999999999999e-4,TRUE,TRUE,TRUE,FALSE,FALSE
Plot E,1-1,Plot E 1-1,4,August,September,29,NA,NA,Orbicella annularis,2025-08-04,2025-09-08,plotE1-1Matches_Coki_PlotE_20250804_1-1-Coki_PlotE_20250908_1-1.csv,1-1,grow,n/s,1,480,cm2,1.185,1.2625,1.1850000000000001e-4,1.2625e-4,TRUE,TRUE,TRUE,FALSE,FALSE
Plot E,1-1,Plot E 1-1,4,August,September,3,NA,NA,Orbicella franksi,2025-08-04,2025-09-08,plotE1-1Matches_Coki_PlotE_20250804_1-1-Coki_PlotE_20250908_1-1.csv,1-1,grow,n/s,1,480,cm2,4.3675,4.6625,4.3674999999999996e-4,4.6625e-4,TRUE,TRUE,TRUE,FALSE,FALSE
Plot E,1-1,Plot E 1-1,4,August,September,31,NA,NA,Orbicella annularis,2025-08-04,2025-09-08,plotE1-1Matches_Coki_PlotE_20250804_1-1-Coki_PlotE_20250908_1-1.csv,1-1,grow,n/s,1,480,cm2,10.51,11.1625,0.001051,0.00111625,TRUE,TRUE,TRUE,FALSE,FALSE
Plot E,1-1,Plot E 1-1,4,August,September,32,NA,NA,Acropora palmata,2025-08-04,2025-09-08,plotE1-1Matches_Coki_PlotE_20250804_1-1-Coki_PlotE_20250908_1-1.csv,1-1,grow,n/s,1,480,cm2,272.8425,304.465,0.027284249999999996,0.030446499999999998,TRUE,TRUE,TRUE,FALSE,FALSE
Plot E,1-1,Plot E 1-1,4,August,September,33,NA,NA,Orbicella annularis,2025-08-04,2025-09-08,plotE1-1Matches_Coki_PlotE_20250804_1-1-Coki_PlotE_20250908_1-1.csv,1-1,grow,n/s,1,480,cm2,3.255,3.6275,3.255e-4,3.6275e-4,TRUE,TRUE,TRUE,FALSE,FALSE
Plot E,1-1,Plot E 1-1,4,August,September,34,NA,NA,Orbicella annularis,2025-08-04,2025-09-08,plotE1-1Matches_Coki_PlotE_20250804_1-1-Coki_PlotE_20250908_1-1.csv,1-1,grow,n/s,1,480,cm2,4.065,4.4875,4.065e-4,4.4875e-4,TRUE,TRUE,TRUE,FALSE,FALSE
Plot E,1-1,Plot E 1-1,4,August,September,35,NA,NA,Orbicella annularis,2025-08-04,2025-09-08,plotE1-1Matches_Coki_PlotE_20250804_1-1-Coki_PlotE_20250908_1-1.csv,1-1,same,n/s,1,480,cm2,0.6225,0.645,6.225000000000001e-5,6.45e-5,TRUE,TRUE,TRUE,FALSE,FALSE
Plot E,1-1,Plot E 1-1,4,August,September,36,NA,NA,Orbicella annularis,2025-08-04,2025-09-08,plotE1-1Matches_Coki_PlotE_20250804_1-1-Coki_PlotE_20250908_1-1.csv,1-1,grow,n/s,1,480,cm2,1.7125,1.9775,1.7125e-4,1.9775e-4,TRUE,TRUE,TRUE,FALSE,FALSE
Plot E,1-1,Plot E 1-1,4,August,September,38,NA,NA,Orbicella franksi,2025-08-04,2025-09-08,plotE1-1Matches_Coki_PlotE_20250804_1-1-Coki_PlotE_20250908_1-1.csv,1-1,shrink,n/s,1,480,cm2,5.8125,4.39,5.8125e-4,4.39e-4,TRUE,TRUE,TRUE,FALSE,FALSE
Plot E,1-1,Plot E 1-1,4,August,September,39,NA,NA,Orbicella franksi,2025-08-04,2025-09-08,plotE1-1Matches_Coki_PlotE_20250804_1-1-Coki_PlotE_20250908_1-1.csv,1-1,same,n/s,1,480,cm2,5.825,6.0425,5.825e-4,6.042500000000001e-4,TRUE,TRUE,TRUE,FALSE,FALSE
Plot E,1-1,Plot E 1-1,4,August,September,4,NA,NA,Orbicella franksi,2025-08-04,2025-09-08,plotE1-1Matches_Coki_PlotE_20250804_1-1-Coki_PlotE_20250908_1-1.csv,1-1,same,n/s,1,480,cm2,5.385,5.3725,5.385e-4,5.3725e-4,TRUE,TRUE,TRUE,FALSE,FALSE
Plot E,1-1,Plot E 1-1,4,August,September,40,NA,NA,Orbicella franksi,2025-08-04,2025-09-08,plotE1-1Matches_Coki_PlotE_20250804_1-1-Coki_PlotE_20250908_1-1.csv,1-1,grow,n/s,1,480,cm2,5.2375,5.7525,5.2375e-4,5.7525e-4,TRUE,TRUE,TRUE,FALSE,FALSE
Plot E,1-1,Plot E 1-1,4,August,September,41,NA,NA,Orbicella franksi,2025-08-04,2025-09-08,plotE1-1Matches_Coki_PlotE_20250804_1-1-Coki_PlotE_20250908_1-1.csv,1-1,grow,n/s,1,480,cm2,5.435,6.105,5.434999999999999e-4,6.105e-4,TRUE,TRUE,TRUE,FALSE,FALSE
Plot E,1-1,Plot E 1-1,4,August,September,42,NA,NA,Orbicella franksi,2025-08-04,2025-09-08,plotE1-1Matches_Coki_PlotE_20250804_1-1-Coki_PlotE_20250908_1-1.csv,1-1,same,n/s,1,480,cm2,6.49,6.6775,0.00064900000000000005,6.6775e-4,TRUE,TRUE,TRUE,FALSE,FALSE
Plot E,1-1,Plot E 1-1,4,August,September,43,NA,NA,Orbicella franksi,2025-08-04,2025-09-08,plotE1-1Matches_Coki_PlotE_20250804_1-1-Coki_PlotE_20250908_1-1.csv,1-1,shrink,n/s,1,480,cm2,6.1875,5.65,6.1875e-4,5.650000000000001e-4,TRUE,TRUE,TRUE,FALSE,FALSE
Plot E,1-1,Plot E 1-1,4,August,September,44,NA,NA,Orbicella franksi,2025-08-04,2025-09-08,plotE1-1Matches_Coki_PlotE_20250804_1-1-Coki_PlotE_20250908_1-1.csv,1-1,grow,n/s,1,480,cm2,4.4675,5.0525,4.4675000000000004e-4,5.052500000000001e-4,TRUE,TRUE,TRUE,FALSE,FALSE
Plot E,1-1,Plot E 1-1,4,August,September,45,NA,NA,Orbicella franksi,2025-08-04,2025-09-08,plotE1-1Matches_Coki_PlotE_20250804_1-1-Coki_PlotE_20250908_1-1.csv,1-1,grow,n/s,1,480,cm2,5.915,6.565,5.915e-4,6.565000000000001e-4,TRUE,TRUE,TRUE,FALSE,FALSE
Plot E,1-1,Plot E 1-1,4,August,September,46,NA,NA,Orbicella franksi,2025-08-04,2025-09-08,plotE1-1Matches_Coki_PlotE_20250804_1-1-Coki_PlotE_20250908_1-1.csv,1-1,grow,n/s,1,480,cm2,4.5025,5.2675,4.5025e-4,5.2675e-4,TRUE,TRUE,TRUE,FALSE,FALSE
Plot E,1-1,Plot E 1-1,4,August,September,47,NA,NA,Orbicella annularis,2025-08-04,2025-09-08,plotE1-1Matches_Coki_PlotE_20250804_1-1-Coki_PlotE_20250908_1-1.csv,1-1,grow,n/s,1,480,cm2,5.5475,6.1125,5.5475e-4,6.1125e-4,TRUE,TRUE,TRUE,FALSE,FALSE
Plot E,1-1,Plot E 1-1,4,August,September,48,NA,NA,Orbicella annularis,2025-08-04,2025-09-08,plotE1-1Matches_Coki_PlotE_20250804_1-1-Coki_PlotE_20250908_1-1.csv,1-1,same,n/s,1,480,cm2,2.22,2.1775,2.2200000000000003e-4,2.1775000000000003e-4,TRUE,TRUE,TRUE,FALSE,FALSE
Plot E,1-1,Plot E 1-1,4,August,September,49,NA,NA,Orbicella annularis,2025-08-04,2025-09-08,plotE1-1Matches_Coki_PlotE_20250804_1-1-Coki_PlotE_20250908_1-1.csv,1-1,same,n/s,1,480,cm2,6.345,6.13,6.345e-4,6.129999999999999e-4,TRUE,TRUE,TRUE,FALSE,FALSE
Plot E,1-1,Plot E 1-1,4,August,September,5,NA,NA,Orbicella franksi,2025-08-04,2025-09-08,plotE1-1Matches_Coki_PlotE_20250804_1-1-Coki_PlotE_20250908_1-1.csv,1-1,same,n/s,1,480,cm2,4.795,4.575,4.795e-4,4.575e-4,TRUE,TRUE,TRUE,FALSE,FALSE
Plot E,1-1,Plot E 1-1,4,August,September,50,NA,NA,Orbicella annularis,2025-08-04,2025-09-08,plotE1-1Matches_Coki_PlotE_20250804_1-1-Coki_PlotE_20250908_1-1.csv,1-1,shrink,n/s,1,480,cm2,5.3025,4.335,5.3025e-4,4.335e-4,TRUE,TRUE,TRUE,FALSE,FALSE
Plot E,1-1,Plot E 1-1,4,August,September,51,NA,NA,Orbicella annularis,2025-08-04,2025-09-08,plotE1-1Matches_Coki_PlotE_20250804_1-1-Coki_PlotE_20250908_1-1.csv,1-1,same,n/s,1,480,cm2,6.9875,7.0425,6.987499999999999e-4,7.0425e-4,TRUE,TRUE,TRUE,FALSE,FALSE
Plot E,1-1,Plot E 1-1,4,August,September,52,NA,NA,Orbicella annularis,2025-08-04,2025-09-08,plotE1-1Matches_Coki_PlotE_20250804_1-1-Coki_PlotE_20250908_1-1.csv,1-1,grow; n/s,fuse; n/s,3,480,cm2,17.565,19.705000000000002,0.0017565000000000002,0.0019705,TRUE,TRUE,TRUE,FALSE,FALSE
Plot E,1-1,Plot E 1-1,4,August,September,53,NA,NA,Orbicella annularis,2025-08-04,2025-09-08,plotE1-1Matches_Coki_PlotE_20250804_1-1-Coki_PlotE_20250908_1-1.csv,1-1,grow,n/s,1,480,cm2,6.5525,7.725,6.5525e-4,7.725e-4,TRUE,TRUE,TRUE,FALSE,FALSE
Plot E,1-1,Plot E 1-1,4,August,September,54,NA,NA,Orbicella annularis,2025-08-04,2025-09-08,plotE1-1Matches_Coki_PlotE_20250804_1-1-Coki_PlotE_20250908_1-1.csv,1-1,grow,n/s,1,480,cm2,5.9875,7.3075,5.9875e-4,7.307500000000001e-4,TRUE,TRUE,TRUE,FALSE,FALSE
Plot E,1-1,Plot E 1-1,4,August,September,55,NA,NA,Orbicella faveolata,2025-08-04,2025-09-08,plotE1-1Matches_Coki_PlotE_20250804_1-1-Coki_PlotE_20250908_1-1.csv,1-1,grow,n/s,1,480,cm2,9.1725,9.9625,9.1725e-4,9.9625e-4,TRUE,TRUE,TRUE,FALSE,FALSE
Plot E,1-1,Plot E 1-1,4,August,September,56,NA,NA,Orbicella faveolata,2025-08-04,2025-09-08,plotE1-1Matches_Coki_PlotE_20250804_1-1-Coki_PlotE_20250908_1-1.csv,1-1,grow,n/s,1,480,cm2,5.2875,5.9225,5.287499999999999e-4,5.9225e-4,TRUE,TRUE,TRUE,FALSE,FALSE
Plot E,1-1,Plot E 1-1,4,August,September,57,NA,NA,Orbicella faveolata,2025-08-04,2025-09-08,plotE1-1Matches_Coki_PlotE_20250804_1-1-Coki_PlotE_20250908_1-1.csv,1-1,grow,n/s,1,480,cm2,6.4775,7.2125,6.4775e-4,7.2125e-4,TRUE,TRUE,TRUE,FALSE,FALSE
Plot E,1-1,Plot E 1-1,4,August,September,58,NA,NA,Acropora palmata,2025-08-04,2025-09-08,plotE1-1Matches_Coki_PlotE_20250804_1-1-Coki_PlotE_20250908_1-1.csv,1-1,shrink,n/s,1,480,cm2,20.9375,18.3825,0.00209375,0.00183825,TRUE,TRUE,TRUE,FALSE,FALSE
Plot E,1-1,Plot E 1-1,4,August,September,59,NA,NA,Acropora palmata,2025-08-04,2025-09-08,plotE1-1Matches_Coki_PlotE_20250804_1-1-Coki_PlotE_20250908_1-1.csv,1-1,grow,n/s,1,480,cm2,22.0525,23.5825,0.0022052499999999997,0.00235825,TRUE,TRUE,TRUE,FALSE,FALSE
Plot E,1-1,Plot E 1-1,4,August,September,6,NA,NA,Orbicella franksi,2025-08-04,2025-09-08,plotE1-1Matches_Coki_PlotE_20250804_1-1-Coki_PlotE_20250908_1-1.csv,1-1,grow,n/s,1,480,cm2,3.69,4.105,3.6899999999999997e-4,4.1050000000000006e-4,TRUE,TRUE,TRUE,FALSE,FALSE
Plot E,1-1,Plot E 1-1,4,August,September,60,NA,NA,Acropora palmata,2025-08-04,2025-09-08,plotE1-1Matches_Coki_PlotE_20250804_1-1-Coki_PlotE_20250908_1-1.csv,1-1,grow,n/s,1,480,cm2,26.4,27.7475,0.00264,0.00277475,TRUE,TRUE,TRUE,FALSE,FALSE
Plot E,1-1,Plot E 1-1,4,August,September,61,NA,NA,Acropora palmata,2025-08-04,2025-09-08,plotE1-1Matches_Coki_PlotE_20250804_1-1-Coki_PlotE_20250908_1-1.csv,1-1,grow,n/s,1,480,cm2,13.925,16.77,0.0013925,0.0016769999999999999,TRUE,TRUE,TRUE,FALSE,FALSE
Plot E,1-1,Plot E 1-1,4,August,September,62,NA,NA,Acropora palmata,2025-08-04,2025-09-08,plotE1-1Matches_Coki_PlotE_20250804_1-1-Coki_PlotE_20250908_1-1.csv,1-1,grow,n/s,1,480,cm2,15.55,17.1675,0.0015550000000000002,0.00171675,TRUE,TRUE,TRUE,FALSE,FALSE
Plot E,1-1,Plot E 1-1,4,August,September,63,NA,NA,Orbicella sp.,2025-08-04,2025-09-08,plotE1-1Matches_Coki_PlotE_20250804_1-1-Coki_PlotE_20250908_1-1.csv,1-1,grow,n/s,1,480,cm2,4.255,4.7325,4.255e-4,4.7325e-4,TRUE,TRUE,TRUE,FALSE,FALSE
Plot E,1-1,Plot E 1-1,4,August,September,64,NA,NA,Orbicella sp.,2025-08-04,2025-09-08,plotE1-1Matches_Coki_PlotE_20250804_1-1-Coki_PlotE_20250908_1-1.csv,1-1,grow,n/s,1,480,cm2,2.92,3.1825,2.92e-4,3.1825e-4,TRUE,TRUE,TRUE,FALSE,FALSE
Plot E,1-1,Plot E 1-1,4,August,September,8,NA,NA,Orbicella franksi,2025-08-04,2025-09-08,plotE1-1Matches_Coki_PlotE_20250804_1-1-Coki_PlotE_20250908_1-1.csv,1-1,same,n/s,1,480,cm2,5.435,5.6775,5.434999999999999e-4,5.6775e-4,TRUE,TRUE,TRUE,FALSE,FALSE
Plot E,1-1,Plot E 1-1,4,August,September,9,NA,NA,Orbicella franksi,2025-08-04,2025-09-08,plotE1-1Matches_Coki_PlotE_20250804_1-1-Coki_PlotE_20250908_1-1.csv,1-1,grow,n/s,1,480,cm2,5.7575,6.5925,5.7575e-4,6.5925e-4,TRUE,TRUE,TRUE,FALSE,FALSE
Plot E,1-1,Plot E 1-1,5,September,October,11,NA,NA,Orbicella franksi,2025-09-08,2025-10-14,plotE1-1Matches_Coki_PlotE_20250908_1-1-Coki_PlotE_20251014_1-1.csv,1-1,shrink,n/s,1,480,cm2,4.375,4.0575,4.375e-4,4.0575e-4,TRUE,TRUE,TRUE,FALSE,FALSE
Plot E,1-1,Plot E 1-1,5,September,October,13,NA,NA,Orbicella franksi,2025-09-08,2025-10-14,plotE1-1Matches_Coki_PlotE_20250908_1-1-Coki_PlotE_20251014_1-1.csv,1-1,shrink,n/s,1,480,cm2,3.44,2.92,3.44e-4,2.92e-4,TRUE,TRUE,TRUE,FALSE,FALSE
Plot E,1-1,Plot E 1-1,5,September,October,14,NA,NA,Orbicella franksi,2025-09-08,2025-10-14,plotE1-1Matches_Coki_PlotE_20250908_1-1-Coki_PlotE_20251014_1-1.csv,1-1,shrink,n/s,1,480,cm2,4.4375,3.39,4.4375e-4,3.39e-4,TRUE,TRUE,TRUE,FALSE,FALSE
Plot E,1-1,Plot E 1-1,5,September,October,16,NA,NA,Orbicella annularis,2025-09-08,2025-10-14,plotE1-1Matches_Coki_PlotE_20250908_1-1-Coki_PlotE_20251014_1-1.csv,1-1,same,n/s,1,480,cm2,8.9725,8.965,8.9725e-4,8.964999999999999e-4,TRUE,TRUE,TRUE,FALSE,FALSE
Plot E,1-1,Plot E 1-1,5,September,October,18,NA,NA,Orbicella annularis,2025-09-08,2025-10-14,plotE1-1Matches_Coki_PlotE_20250908_1-1-Coki_PlotE_20251014_1-1.csv,1-1,grow,n/s,1,480,cm2,3.5775,4.0925,3.5775e-4,4.0925e-4,TRUE,TRUE,TRUE,FALSE,FALSE
Plot E,1-1,Plot E 1-1,5,September,October,19,NA,NA,Orbicella annularis,2025-09-08,2025-10-14,plotE1-1Matches_Coki_PlotE_20250908_1-1-Coki_PlotE_20251014_1-1.csv,1-1,n/s,fuse,2,480,cm2,9.555,11.2625,9.555000000000001e-4,0.0011262499999999999,TRUE,TRUE,TRUE,FALSE,FALSE
Plot E,1-1,Plot E 1-1,5,September,October,2,NA,NA,Orbicella franksi,2025-09-08,2025-10-14,plotE1-1Matches_Coki_PlotE_20250908_1-1-Coki_PlotE_20251014_1-1.csv,1-1,same,n/s,1,480,cm2,5.26,5.09,5.26e-4,5.09e-4,TRUE,TRUE,TRUE,FALSE,FALSE
Plot E,1-1,Plot E 1-1,5,September,October,20,NA,NA,Orbicella annularis,2025-09-08,2025-10-14,plotE1-1Matches_Coki_PlotE_20250908_1-1-Coki_PlotE_20251014_1-1.csv,1-1,same,n/s,1,480,cm2,5.6525,5.8925,5.6525e-4,5.8925e-4,TRUE,TRUE,TRUE,FALSE,FALSE
Plot E,1-1,Plot E 1-1,5,September,October,21,NA,NA,Orbicella annularis,2025-09-08,2025-10-14,plotE1-1Matches_Coki_PlotE_20250908_1-1-Coki_PlotE_20251014_1-1.csv,1-1,n/s,fuse,2,480,cm2,33.28,34.745,0.003328,0.0034744999999999997,TRUE,TRUE,TRUE,FALSE,FALSE
Plot E,1-1,Plot E 1-1,5,September,October,22,NA,NA,Orbicella annularis,2025-09-08,2025-10-14,plotE1-1Matches_Coki_PlotE_20250908_1-1-Coki_PlotE_20251014_1-1.csv,1-1,grow,n/s,1,480,cm2,3.9625,4.5275,3.9625e-4,4.5275e-4,TRUE,TRUE,TRUE,FALSE,FALSE
Plot E,1-1,Plot E 1-1,5,September,October,24,NA,NA,Orbicella annularis,2025-09-08,2025-10-14,plotE1-1Matches_Coki_PlotE_20250908_1-1-Coki_PlotE_20251014_1-1.csv,1-1,grow,n/s,1,480,cm2,0.6125,0.675,6.125e-5,6.75e-5,TRUE,TRUE,TRUE,FALSE,FALSE
Plot E,1-1,Plot E 1-1,5,September,October,25,NA,NA,Orbicella annularis,2025-09-08,2025-10-14,plotE1-1Matches_Coki_PlotE_20250908_1-1-Coki_PlotE_20251014_1-1.csv,1-1,grow; same,n/s,2,480,cm2,10.495,10.955,0.0010494999999999999,0.0010955,TRUE,TRUE,TRUE,FALSE,FALSE
Plot E,1-1,Plot E 1-1,5,September,October,26,NA,NA,Orbicella annularis,2025-09-08,2025-10-14,plotE1-1Matches_Coki_PlotE_20250908_1-1-Coki_PlotE_20251014_1-1.csv,1-1,same,n/s,1,480,cm2,2.7175,2.82,2.7174999999999996e-4,2.8199999999999997e-4,TRUE,TRUE,TRUE,FALSE,FALSE
Plot E,1-1,Plot E 1-1,5,September,October,27,NA,NA,Orbicella annularis,2025-09-08,2025-10-14,plotE1-1Matches_Coki_PlotE_20250908_1-1-Coki_PlotE_20251014_1-1.csv,1-1,grow,n/s,1,480,cm2,4.5225,4.945,4.5225e-4,4.945e-4,TRUE,TRUE,TRUE,FALSE,FALSE
Plot E,1-1,Plot E 1-1,5,September,October,28,NA,NA,Orbicella annularis,2025-09-08,2025-10-14,plotE1-1Matches_Coki_PlotE_20250908_1-1-Coki_PlotE_20251014_1-1.csv,1-1,grow,n/s,1,480,cm2,9.315,9.805,9.314999999999999e-4,9.805e-4,TRUE,TRUE,TRUE,FALSE,FALSE
Plot E,1-1,Plot E 1-1,5,September,October,29,NA,NA,Orbicella annularis,2025-09-08,2025-10-14,plotE1-1Matches_Coki_PlotE_20250908_1-1-Coki_PlotE_20251014_1-1.csv,1-1,same,n/s,1,480,cm2,1.2625,1.2925,1.2625e-4,1.2925e-4,TRUE,TRUE,TRUE,FALSE,FALSE
Plot E,1-1,Plot E 1-1,5,September,October,3,NA,NA,Orbicella franksi,2025-09-08,2025-10-14,plotE1-1Matches_Coki_PlotE_20250908_1-1-Coki_PlotE_20251014_1-1.csv,1-1,shrink,n/s,1,480,cm2,4.6625,4.27,4.6625e-4,4.2699999999999997e-4,TRUE,TRUE,TRUE,FALSE,FALSE
Plot E,1-1,Plot E 1-1,5,September,October,31,NA,NA,Orbicella annularis,2025-09-08,2025-10-14,plotE1-1Matches_Coki_PlotE_20250908_1-1-Coki_PlotE_20251014_1-1.csv,1-1,grow,n/s,1,480,cm2,11.1625,12.1575,0.00111625,0.00121575,TRUE,TRUE,TRUE,FALSE,FALSE
Plot E,1-1,Plot E 1-1,5,September,October,32,NA,NA,Acropora palmata,2025-09-08,2025-10-14,plotE1-1Matches_Coki_PlotE_20250908_1-1-Coki_PlotE_20251014_1-1.csv,1-1,same,n/s,1,480,cm2,304.465,303.265,0.030446499999999998,0.0303265,TRUE,TRUE,TRUE,FALSE,FALSE
Plot E,1-1,Plot E 1-1,5,September,October,33,NA,NA,Orbicella annularis,2025-09-08,2025-10-14,plotE1-1Matches_Coki_PlotE_20250908_1-1-Coki_PlotE_20251014_1-1.csv,1-1,grow,n/s,1,480,cm2,3.6275,3.9225,3.6275e-4,3.9224999999999997e-4,TRUE,TRUE,TRUE,FALSE,FALSE
Plot E,1-1,Plot E 1-1,5,September,October,34,NA,NA,Orbicella annularis,2025-09-08,2025-10-14,plotE1-1Matches_Coki_PlotE_20250908_1-1-Coki_PlotE_20251014_1-1.csv,1-1,grow,n/s,1,480,cm2,4.4875,5.4925,4.4875e-4,5.492499999999999e-4,TRUE,TRUE,TRUE,FALSE,FALSE
Plot E,1-1,Plot E 1-1,5,September,October,35,NA,NA,Orbicella annularis,2025-09-08,2025-10-14,plotE1-1Matches_Coki_PlotE_20250908_1-1-Coki_PlotE_20251014_1-1.csv,1-1,grow,n/s,1,480,cm2,0.645,0.695,6.45e-5,6.95e-5,TRUE,TRUE,TRUE,FALSE,FALSE
Plot E,1-1,Plot E 1-1,5,September,October,36,NA,NA,Orbicella annularis,2025-09-08,2025-10-14,plotE1-1Matches_Coki_PlotE_20250908_1-1-Coki_PlotE_20251014_1-1.csv,1-1,same,n/s,1,480,cm2,1.9775,2.05,1.9775e-4,2.05e-4,TRUE,TRUE,TRUE,FALSE,FALSE
Plot E,1-1,Plot E 1-1,5,September,October,38,NA,NA,Orbicella franksi,2025-09-08,2025-10-14,plotE1-1Matches_Coki_PlotE_20250908_1-1-Coki_PlotE_20251014_1-1.csv,1-1,grow,n/s,1,480,cm2,4.39,6.51,4.39e-4,6.51e-4,TRUE,TRUE,TRUE,FALSE,FALSE
Plot E,1-1,Plot E 1-1,5,September,October,39,NA,NA,Orbicella franksi,2025-09-08,2025-10-14,plotE1-1Matches_Coki_PlotE_20250908_1-1-Coki_PlotE_20251014_1-1.csv,1-1,same,n/s,1,480,cm2,6.0425,6.02,6.042500000000001e-4,6.02e-4,TRUE,TRUE,TRUE,FALSE,FALSE
Plot E,1-1,Plot E 1-1,5,September,October,4,NA,NA,Orbicella franksi,2025-09-08,2025-10-14,plotE1-1Matches_Coki_PlotE_20250908_1-1-Coki_PlotE_20251014_1-1.csv,1-1,same,n/s,1,480,cm2,5.3725,5.4025,5.3725e-4,5.402499999999999e-4,TRUE,TRUE,TRUE,FALSE,FALSE
Plot E,1-1,Plot E 1-1,5,September,October,40,NA,NA,Orbicella franksi,2025-09-08,2025-10-14,plotE1-1Matches_Coki_PlotE_20250908_1-1-Coki_PlotE_20251014_1-1.csv,1-1,shrink,n/s,1,480,cm2,5.7525,5.4225,5.7525e-4,5.4225e-4,TRUE,TRUE,TRUE,FALSE,FALSE
Plot E,1-1,Plot E 1-1,5,September,October,41,NA,NA,Orbicella franksi,2025-09-08,2025-10-14,plotE1-1Matches_Coki_PlotE_20250908_1-1-Coki_PlotE_20251014_1-1.csv,1-1,same,n/s,1,480,cm2,6.105,5.9425,6.105e-4,5.942499999999999e-4,TRUE,TRUE,TRUE,FALSE,FALSE
Plot E,1-1,Plot E 1-1,5,September,October,42,NA,NA,Orbicella franksi,2025-09-08,2025-10-14,plotE1-1Matches_Coki_PlotE_20250908_1-1-Coki_PlotE_20251014_1-1.csv,1-1,same,n/s,1,480,cm2,6.6775,6.745,6.6775e-4,6.745e-4,TRUE,TRUE,TRUE,FALSE,FALSE
Plot E,1-1,Plot E 1-1,5,September,October,43,NA,NA,Orbicella franksi,2025-09-08,2025-10-14,plotE1-1Matches_Coki_PlotE_20250908_1-1-Coki_PlotE_20251014_1-1.csv,1-1,grow,n/s,1,480,cm2,5.65,6.39,5.650000000000001e-4,6.389999999999999e-4,TRUE,TRUE,TRUE,FALSE,FALSE
Plot E,1-1,Plot E 1-1,5,September,October,44,NA,NA,Orbicella franksi,2025-09-08,2025-10-14,plotE1-1Matches_Coki_PlotE_20250908_1-1-Coki_PlotE_20251014_1-1.csv,1-1,shrink,n/s,1,480,cm2,5.0525,4.77,5.052500000000001e-4,4.7699999999999994e-4,TRUE,TRUE,TRUE,FALSE,FALSE
Plot E,1-1,Plot E 1-1,5,September,October,45,NA,NA,Orbicella franksi,2025-09-08,2025-10-14,plotE1-1Matches_Coki_PlotE_20250908_1-1-Coki_PlotE_20251014_1-1.csv,1-1,same,n/s,1,480,cm2,6.565,6.4625,6.565000000000001e-4,6.4625e-4,TRUE,TRUE,TRUE,FALSE,FALSE
Plot E,1-1,Plot E 1-1,5,September,October,46,NA,NA,Orbicella franksi,2025-09-08,2025-10-14,plotE1-1Matches_Coki_PlotE_20250908_1-1-Coki_PlotE_20251014_1-1.csv,1-1,same,n/s,1,480,cm2,5.2675,5.215,5.2675e-4,5.214999999999999e-4,TRUE,TRUE,TRUE,FALSE,FALSE
Plot E,1-1,Plot E 1-1,5,September,October,47,NA,NA,Orbicella annularis,2025-09-08,2025-10-14,plotE1-1Matches_Coki_PlotE_20250908_1-1-Coki_PlotE_20251014_1-1.csv,1-1,same,n/s,1,480,cm2,6.1125,6.3,6.1125e-4,6.3e-4,TRUE,TRUE,TRUE,FALSE,FALSE
Plot E,1-1,Plot E 1-1,5,September,October,48,NA,NA,Orbicella annularis,2025-09-08,2025-10-14,plotE1-1Matches_Coki_PlotE_20250908_1-1-Coki_PlotE_20251014_1-1.csv,1-1,grow,n/s,1,480,cm2,2.1775,2.555,2.1775000000000003e-4,2.5550000000000003e-4,TRUE,TRUE,TRUE,FALSE,FALSE
Plot E,1-1,Plot E 1-1,5,September,October,49,NA,NA,Orbicella annularis,2025-09-08,2025-10-14,plotE1-1Matches_Coki_PlotE_20250908_1-1-Coki_PlotE_20251014_1-1.csv,1-1,same,n/s,1,480,cm2,6.13,6.3575,6.129999999999999e-4,6.3575e-4,TRUE,TRUE,TRUE,FALSE,FALSE
Plot E,1-1,Plot E 1-1,5,September,October,5,NA,NA,Orbicella franksi,2025-09-08,2025-10-14,plotE1-1Matches_Coki_PlotE_20250908_1-1-Coki_PlotE_20251014_1-1.csv,1-1,grow,n/s,1,480,cm2,4.575,5.15,4.575e-4,5.15e-4,TRUE,TRUE,TRUE,FALSE,FALSE
Plot E,1-1,Plot E 1-1,5,September,October,50,NA,NA,Orbicella annularis,2025-09-08,2025-10-14,plotE1-1Matches_Coki_PlotE_20250908_1-1-Coki_PlotE_20251014_1-1.csv,1-1,grow,n/s,1,480,cm2,4.335,5.4575,4.335e-4,5.4575e-4,TRUE,TRUE,TRUE,FALSE,FALSE
Plot E,1-1,Plot E 1-1,5,September,October,51,NA,NA,Orbicella annularis,2025-09-08,2025-10-14,plotE1-1Matches_Coki_PlotE_20250908_1-1-Coki_PlotE_20251014_1-1.csv,1-1,grow,n/s,1,480,cm2,7.0425,7.78,7.0425e-4,7.78e-4,TRUE,TRUE,TRUE,FALSE,FALSE
Plot E,1-1,Plot E 1-1,5,September,October,52,NA,NA,Orbicella annularis,2025-09-08,2025-10-14,plotE1-1Matches_Coki_PlotE_20250908_1-1-Coki_PlotE_20251014_1-1.csv,1-1,n/s,fuse,2,480,cm2,19.705000000000002,21.375,0.0019705,0.0021375,TRUE,TRUE,TRUE,FALSE,FALSE
Plot E,1-1,Plot E 1-1,5,September,October,53,NA,NA,Orbicella annularis,2025-09-08,2025-10-14,plotE1-1Matches_Coki_PlotE_20250908_1-1-Coki_PlotE_20251014_1-1.csv,1-1,same,n/s,1,480,cm2,7.725,8.0175,7.725e-4,8.0175e-4,TRUE,TRUE,TRUE,FALSE,FALSE
Plot E,1-1,Plot E 1-1,5,September,October,54,NA,NA,Orbicella annularis,2025-09-08,2025-10-14,plotE1-1Matches_Coki_PlotE_20250908_1-1-Coki_PlotE_20251014_1-1.csv,1-1,grow,n/s,1,480,cm2,7.3075,8.2725,7.307500000000001e-4,8.272500000000001e-4,TRUE,TRUE,TRUE,FALSE,FALSE
Plot E,1-1,Plot E 1-1,5,September,October,55,NA,NA,Orbicella faveolata,2025-09-08,2025-10-14,plotE1-1Matches_Coki_PlotE_20250908_1-1-Coki_PlotE_20251014_1-1.csv,1-1,grow,n/s,1,480,cm2,9.9625,10.6525,9.9625e-4,0.00106525,TRUE,TRUE,TRUE,FALSE,FALSE
Plot E,1-1,Plot E 1-1,5,September,October,56,NA,NA,Orbicella faveolata,2025-09-08,2025-10-14,plotE1-1Matches_Coki_PlotE_20250908_1-1-Coki_PlotE_20251014_1-1.csv,1-1,grow,n/s,1,480,cm2,5.9225,7.57,5.9225e-4,7.570000000000001e-4,TRUE,TRUE,TRUE,FALSE,FALSE
Plot E,1-1,Plot E 1-1,5,September,October,57,NA,NA,Orbicella faveolata,2025-09-08,2025-10-14,plotE1-1Matches_Coki_PlotE_20250908_1-1-Coki_PlotE_20251014_1-1.csv,1-1,same,n/s,1,480,cm2,7.2125,7.315,7.2125e-4,7.315e-4,TRUE,TRUE,TRUE,FALSE,FALSE
Plot E,1-1,Plot E 1-1,5,September,October,58,NA,NA,Acropora palmata,2025-09-08,2025-10-14,plotE1-1Matches_Coki_PlotE_20250908_1-1-Coki_PlotE_20251014_1-1.csv,1-1,shrink,n/s,1,480,cm2,18.3825,15.405,0.00183825,0.0015405,TRUE,TRUE,TRUE,FALSE,FALSE
Plot E,1-1,Plot E 1-1,5,September,October,59,NA,NA,Acropora palmata,2025-09-08,2025-10-14,plotE1-1Matches_Coki_PlotE_20250908_1-1-Coki_PlotE_20251014_1-1.csv,1-1,shrink,n/s,1,480,cm2,23.5825,21.28,0.00235825,0.002128,TRUE,TRUE,TRUE,FALSE,FALSE
Plot E,1-1,Plot E 1-1,5,September,October,6,NA,NA,Orbicella franksi,2025-09-08,2025-10-14,plotE1-1Matches_Coki_PlotE_20250908_1-1-Coki_PlotE_20251014_1-1.csv,1-1,same,n/s,1,480,cm2,4.105,4.035,4.1050000000000006e-4,4.035e-4,TRUE,TRUE,TRUE,FALSE,FALSE
Plot E,1-1,Plot E 1-1,5,September,October,60,NA,NA,Acropora palmata,2025-09-08,2025-10-14,plotE1-1Matches_Coki_PlotE_20250908_1-1-Coki_PlotE_20251014_1-1.csv,1-1,same,n/s,1,480,cm2,27.7475,28.375,0.00277475,0.0028375,TRUE,TRUE,TRUE,FALSE,FALSE
Plot E,1-1,Plot E 1-1,5,September,October,61,NA,NA,Acropora palmata,2025-09-08,2025-10-14,plotE1-1Matches_Coki_PlotE_20250908_1-1-Coki_PlotE_20251014_1-1.csv,1-1,shrink,n/s,1,480,cm2,16.77,11.9325,0.0016769999999999999,0.0011932499999999999,TRUE,TRUE,TRUE,FALSE,FALSE
Plot E,1-1,Plot E 1-1,5,September,October,62,NA,NA,Acropora palmata,2025-09-08,2025-10-14,plotE1-1Matches_Coki_PlotE_20250908_1-1-Coki_PlotE_20251014_1-1.csv,1-1,same,n/s,1,480,cm2,17.1675,17.06,0.00171675,0.0017059999999999998,TRUE,TRUE,TRUE,FALSE,FALSE
Plot E,1-1,Plot E 1-1,5,September,October,63,NA,NA,Orbicella sp.,2025-09-08,2025-10-14,plotE1-1Matches_Coki_PlotE_20250908_1-1-Coki_PlotE_20251014_1-1.csv,1-1,dead,none,1,480,cm2,4.7325,0,4.7325e-4,0,TRUE,FALSE,FALSE,TRUE,FALSE
Plot E,1-1,Plot E 1-1,5,September,October,64,NA,NA,Orbicella sp.,2025-09-08,2025-10-14,plotE1-1Matches_Coki_PlotE_20250908_1-1-Coki_PlotE_20251014_1-1.csv,1-1,same,n/s,1,480,cm2,3.1825,3.1825,3.1825e-4,3.1825e-4,TRUE,TRUE,TRUE,FALSE,FALSE
Plot E,1-1,Plot E 1-1,5,September,October,8,NA,NA,Orbicella franksi,2025-09-08,2025-10-14,plotE1-1Matches_Coki_PlotE_20250908_1-1-Coki_PlotE_20251014_1-1.csv,1-1,same,n/s,1,480,cm2,5.6775,5.515,5.6775e-4,5.515e-4,TRUE,TRUE,TRUE,FALSE,FALSE
Plot E,1-1,Plot E 1-1,5,September,October,9,NA,NA,Orbicella franksi,2025-09-08,2025-10-14,plotE1-1Matches_Coki_PlotE_20250908_1-1-Coki_PlotE_20251014_1-1.csv,1-1,same,n/s,1,480,cm2,6.5925,6.815,6.5925e-4,6.815e-4,TRUE,TRUE,TRUE,FALSE,FALSE
Plot E,1-1,Plot E 1-1,6,October,November,11,NA,NA,Orbicella franksi,2025-10-14,2025-11-06,plotE1-1Matches_Coki_PlotE_20251014_1-1-Coki_PlotE_20251106_1-1.csv,1-1,grow,n/s,1,480,cm2,4.0575,4.755,4.0575e-4,4.755e-4,TRUE,TRUE,TRUE,FALSE,FALSE
Plot E,1-1,Plot E 1-1,6,October,November,13,NA,NA,Orbicella franksi,2025-10-14,2025-11-06,plotE1-1Matches_Coki_PlotE_20251014_1-1-Coki_PlotE_20251106_1-1.csv,1-1,grow,n/s,1,480,cm2,2.92,3.83,2.92e-4,3.83e-4,TRUE,TRUE,TRUE,FALSE,FALSE
Plot E,1-1,Plot E 1-1,6,October,November,14,NA,NA,Orbicella franksi,2025-10-14,2025-11-06,plotE1-1Matches_Coki_PlotE_20251014_1-1-Coki_PlotE_20251106_1-1.csv,1-1,same,n/s,1,480,cm2,3.39,3.39,3.39e-4,3.39e-4,TRUE,TRUE,TRUE,FALSE,FALSE
Plot E,1-1,Plot E 1-1,6,October,November,16,NA,NA,Orbicella annularis,2025-10-14,2025-11-06,plotE1-1Matches_Coki_PlotE_20251014_1-1-Coki_PlotE_20251106_1-1.csv,1-1,grow,n/s,1,480,cm2,8.965,9.71,8.964999999999999e-4,9.710000000000001e-4,TRUE,TRUE,TRUE,FALSE,FALSE
Plot E,1-1,Plot E 1-1,6,October,November,18,NA,NA,Orbicella annularis,2025-10-14,2025-11-06,plotE1-1Matches_Coki_PlotE_20251014_1-1-Coki_PlotE_20251106_1-1.csv,1-1,shrink,n/s,1,480,cm2,4.0925,3.4425,4.0925e-4,3.4425e-4,TRUE,TRUE,TRUE,FALSE,FALSE
Plot E,1-1,Plot E 1-1,6,October,November,19,NA,NA,Orbicella annularis,2025-10-14,2025-11-06,plotE1-1Matches_Coki_PlotE_20251014_1-1-Coki_PlotE_20251106_1-1.csv,1-1,grow,n/s,1,480,cm2,11.2625,11.9625,0.0011262499999999999,0.00119625,TRUE,TRUE,TRUE,FALSE,FALSE
Plot E,1-1,Plot E 1-1,6,October,November,2,NA,NA,Orbicella franksi,2025-10-14,2025-11-06,plotE1-1Matches_Coki_PlotE_20251014_1-1-Coki_PlotE_20251106_1-1.csv,1-1,same,n/s,1,480,cm2,5.09,5.05,5.09e-4,5.05e-4,TRUE,TRUE,TRUE,FALSE,FALSE
Plot E,1-1,Plot E 1-1,6,October,November,20,NA,NA,Orbicella annularis,2025-10-14,2025-11-06,plotE1-1Matches_Coki_PlotE_20251014_1-1-Coki_PlotE_20251106_1-1.csv,1-1,same,n/s,1,480,cm2,5.8925,5.66,5.8925e-4,5.66e-4,TRUE,TRUE,TRUE,FALSE,FALSE
Plot E,1-1,Plot E 1-1,6,October,November,21,NA,NA,Orbicella annularis,2025-10-14,2025-11-06,plotE1-1Matches_Coki_PlotE_20251014_1-1-Coki_PlotE_20251106_1-1.csv,1-1,same,n/s,1,480,cm2,34.745,35.2,0.0034744999999999997,0.00352,TRUE,TRUE,TRUE,FALSE,FALSE
Plot E,1-1,Plot E 1-1,6,October,November,22,NA,NA,Orbicella annularis,2025-10-14,2025-11-06,plotE1-1Matches_Coki_PlotE_20251014_1-1-Coki_PlotE_20251106_1-1.csv,1-1,shrink,n/s,1,480,cm2,4.5275,3.8425,4.5275e-4,3.8425e-4,TRUE,TRUE,TRUE,FALSE,FALSE
Plot E,1-1,Plot E 1-1,6,October,November,24,NA,NA,Orbicella annularis,2025-10-14,2025-11-06,plotE1-1Matches_Coki_PlotE_20251014_1-1-Coki_PlotE_20251106_1-1.csv,1-1,grow,n/s,1,480,cm2,0.675,0.725,6.75e-5,7.25e-5,TRUE,TRUE,TRUE,FALSE,FALSE
Plot E,1-1,Plot E 1-1,6,October,November,25,NA,NA,Orbicella annularis,2025-10-14,2025-11-06,plotE1-1Matches_Coki_PlotE_20251014_1-1-Coki_PlotE_20251106_1-1.csv,1-1,n/s,fuse,2,480,cm2,10.955,11.145,0.0010955,0.0011145,TRUE,TRUE,TRUE,FALSE,FALSE
Plot E,1-1,Plot E 1-1,6,October,November,26,NA,NA,Orbicella annularis,2025-10-14,2025-11-06,plotE1-1Matches_Coki_PlotE_20251014_1-1-Coki_PlotE_20251106_1-1.csv,1-1,shrink,n/s,1,480,cm2,2.82,2.525,2.8199999999999997e-4,2.525e-4,TRUE,TRUE,TRUE,FALSE,FALSE
Plot E,1-1,Plot E 1-1,6,October,November,27,NA,NA,Orbicella annularis,2025-10-14,2025-11-06,plotE1-1Matches_Coki_PlotE_20251014_1-1-Coki_PlotE_20251106_1-1.csv,1-1,shrink,n/s,1,480,cm2,4.945,4.045,4.945e-4,4.0449999999999997e-4,TRUE,TRUE,TRUE,FALSE,FALSE
Plot E,1-1,Plot E 1-1,6,October,November,28,NA,NA,Orbicella annularis,2025-10-14,2025-11-06,plotE1-1Matches_Coki_PlotE_20251014_1-1-Coki_PlotE_20251106_1-1.csv,1-1,shrink,n/s,1,480,cm2,9.805,8.73,9.805e-4,8.730000000000001e-4,TRUE,TRUE,TRUE,FALSE,FALSE
Plot E,1-1,Plot E 1-1,6,October,November,29,NA,NA,Orbicella annularis,2025-10-14,2025-11-06,plotE1-1Matches_Coki_PlotE_20251014_1-1-Coki_PlotE_20251106_1-1.csv,1-1,shrink,n/s,1,480,cm2,1.2925,1.225,1.2925e-4,1.225e-4,TRUE,TRUE,TRUE,FALSE,FALSE
Plot E,1-1,Plot E 1-1,6,October,November,3,NA,NA,Orbicella franksi,2025-10-14,2025-11-06,plotE1-1Matches_Coki_PlotE_20251014_1-1-Coki_PlotE_20251106_1-1.csv,1-1,grow,n/s,1,480,cm2,4.27,4.9425,4.2699999999999997e-4,4.9425e-4,TRUE,TRUE,TRUE,FALSE,FALSE
Plot E,1-1,Plot E 1-1,6,October,November,31,NA,NA,Orbicella annularis,2025-10-14,2025-11-06,plotE1-1Matches_Coki_PlotE_20251014_1-1-Coki_PlotE_20251106_1-1.csv,1-1,same,n/s,1,480,cm2,12.1575,12.58,0.00121575,0.001258,TRUE,TRUE,TRUE,FALSE,FALSE
Plot E,1-1,Plot E 1-1,6,October,November,32,NA,NA,Acropora palmata,2025-10-14,2025-11-06,plotE1-1Matches_Coki_PlotE_20251014_1-1-Coki_PlotE_20251106_1-1.csv,1-1,grow,n/s,1,480,cm2,303.265,328.705,0.0303265,0.0328705,TRUE,TRUE,TRUE,FALSE,FALSE
Plot E,1-1,Plot E 1-1,6,October,November,33,NA,NA,Orbicella annularis,2025-10-14,2025-11-06,plotE1-1Matches_Coki_PlotE_20251014_1-1-Coki_PlotE_20251106_1-1.csv,1-1,grow,n/s,1,480,cm2,3.9225,4.185,3.9224999999999997e-4,4.185e-4,TRUE,TRUE,TRUE,FALSE,FALSE
Plot E,1-1,Plot E 1-1,6,October,November,34,NA,NA,Orbicella annularis,2025-10-14,2025-11-06,plotE1-1Matches_Coki_PlotE_20251014_1-1-Coki_PlotE_20251106_1-1.csv,1-1,same,n/s,1,480,cm2,5.4925,5.24,5.492499999999999e-4,5.24e-4,TRUE,TRUE,TRUE,FALSE,FALSE
Plot E,1-1,Plot E 1-1,6,October,November,35,NA,NA,Orbicella annularis,2025-10-14,2025-11-06,plotE1-1Matches_Coki_PlotE_20251014_1-1-Coki_PlotE_20251106_1-1.csv,1-1,shrink,n/s,1,480,cm2,0.695,0.6,6.95e-5,5.9999999999999995e-5,TRUE,TRUE,TRUE,FALSE,FALSE
Plot E,1-1,Plot E 1-1,6,October,November,36,NA,NA,Orbicella annularis,2025-10-14,2025-11-06,plotE1-1Matches_Coki_PlotE_20251014_1-1-Coki_PlotE_20251106_1-1.csv,1-1,same,n/s,1,480,cm2,2.05,1.98,2.05e-4,1.98e-4,TRUE,TRUE,TRUE,FALSE,FALSE
Plot E,1-1,Plot E 1-1,6,October,November,38,NA,NA,Orbicella franksi,2025-10-14,2025-11-06,plotE1-1Matches_Coki_PlotE_20251014_1-1-Coki_PlotE_20251106_1-1.csv,1-1,shrink,n/s,1,480,cm2,6.51,6.185,6.51e-4,6.184999999999999e-4,TRUE,TRUE,TRUE,FALSE,FALSE
Plot E,1-1,Plot E 1-1,6,October,November,39,NA,NA,Orbicella franksi,2025-10-14,2025-11-06,plotE1-1Matches_Coki_PlotE_20251014_1-1-Coki_PlotE_20251106_1-1.csv,1-1,same,n/s,1,480,cm2,6.02,6.215,6.02e-4,6.215e-4,TRUE,TRUE,TRUE,FALSE,FALSE
Plot E,1-1,Plot E 1-1,6,October,November,4,NA,NA,Orbicella franksi,2025-10-14,2025-11-06,plotE1-1Matches_Coki_PlotE_20251014_1-1-Coki_PlotE_20251106_1-1.csv,1-1,grow,n/s,1,480,cm2,5.4025,9.005,5.402499999999999e-4,9.005e-4,TRUE,TRUE,TRUE,FALSE,FALSE
Plot E,1-1,Plot E 1-1,6,October,November,40,NA,NA,Orbicella franksi,2025-10-14,2025-11-06,plotE1-1Matches_Coki_PlotE_20251014_1-1-Coki_PlotE_20251106_1-1.csv,1-1,same,n/s,1,480,cm2,5.4225,5.6025,5.4225e-4,5.6025e-4,TRUE,TRUE,TRUE,FALSE,FALSE
Plot E,1-1,Plot E 1-1,6,October,November,41,NA,NA,Orbicella franksi,2025-10-14,2025-11-06,plotE1-1Matches_Coki_PlotE_20251014_1-1-Coki_PlotE_20251106_1-1.csv,1-1,shrink,n/s,1,480,cm2,5.9425,5.5725,5.942499999999999e-4,5.5725e-4,TRUE,TRUE,TRUE,FALSE,FALSE
Plot E,1-1,Plot E 1-1,6,October,November,42,NA,NA,Orbicella franksi,2025-10-14,2025-11-06,plotE1-1Matches_Coki_PlotE_20251014_1-1-Coki_PlotE_20251106_1-1.csv,1-1,same,n/s,1,480,cm2,6.745,6.51,6.745e-4,6.51e-4,TRUE,TRUE,TRUE,FALSE,FALSE
Plot E,1-1,Plot E 1-1,6,October,November,43,NA,NA,Orbicella franksi,2025-10-14,2025-11-06,plotE1-1Matches_Coki_PlotE_20251014_1-1-Coki_PlotE_20251106_1-1.csv,1-1,same,n/s,1,480,cm2,6.39,6.4325,6.389999999999999e-4,6.4325e-4,TRUE,TRUE,TRUE,FALSE,FALSE
Plot E,1-1,Plot E 1-1,6,October,November,44,NA,NA,Orbicella franksi,2025-10-14,2025-11-06,plotE1-1Matches_Coki_PlotE_20251014_1-1-Coki_PlotE_20251106_1-1.csv,1-1,same,n/s,1,480,cm2,4.77,4.8075,4.7699999999999994e-4,4.8075e-4,TRUE,TRUE,TRUE,FALSE,FALSE
Plot E,1-1,Plot E 1-1,6,October,November,45,NA,NA,Orbicella franksi,2025-10-14,2025-11-06,plotE1-1Matches_Coki_PlotE_20251014_1-1-Coki_PlotE_20251106_1-1.csv,1-1,same,n/s,1,480,cm2,6.4625,6.3525,6.4625e-4,6.3525e-4,TRUE,TRUE,TRUE,FALSE,FALSE
Plot E,1-1,Plot E 1-1,6,October,November,46,NA,NA,Orbicella franksi,2025-10-14,2025-11-06,plotE1-1Matches_Coki_PlotE_20251014_1-1-Coki_PlotE_20251106_1-1.csv,1-1,same,n/s,1,480,cm2,5.215,4.9975,5.214999999999999e-4,4.9975e-4,TRUE,TRUE,TRUE,FALSE,FALSE
Plot E,1-1,Plot E 1-1,6,October,November,47,NA,NA,Orbicella annularis,2025-10-14,2025-11-06,plotE1-1Matches_Coki_PlotE_20251014_1-1-Coki_PlotE_20251106_1-1.csv,1-1,same,n/s,1,480,cm2,6.3,6.075,6.3e-4,6.075e-4,TRUE,TRUE,TRUE,FALSE,FALSE
Plot E,1-1,Plot E 1-1,6,October,November,48,NA,NA,Orbicella annularis,2025-10-14,2025-11-06,plotE1-1Matches_Coki_PlotE_20251014_1-1-Coki_PlotE_20251106_1-1.csv,1-1,same,n/s,1,480,cm2,2.555,2.5725,2.5550000000000003e-4,2.5725e-4,TRUE,TRUE,TRUE,FALSE,FALSE
Plot E,1-1,Plot E 1-1,6,October,November,49,NA,NA,Orbicella annularis,2025-10-14,2025-11-06,plotE1-1Matches_Coki_PlotE_20251014_1-1-Coki_PlotE_20251106_1-1.csv,1-1,shrink,n/s,1,480,cm2,6.3575,5.3125,6.3575e-4,5.3125e-4,TRUE,TRUE,TRUE,FALSE,FALSE
Plot E,1-1,Plot E 1-1,6,October,November,5,NA,NA,Orbicella franksi,2025-10-14,2025-11-06,plotE1-1Matches_Coki_PlotE_20251014_1-1-Coki_PlotE_20251106_1-1.csv,1-1,grow,n/s,1,480,cm2,5.15,7.2675,5.15e-4,7.2675e-4,TRUE,TRUE,TRUE,FALSE,FALSE
Plot E,1-1,Plot E 1-1,6,October,November,50,NA,NA,Orbicella annularis,2025-10-14,2025-11-06,plotE1-1Matches_Coki_PlotE_20251014_1-1-Coki_PlotE_20251106_1-1.csv,1-1,same,n/s,1,480,cm2,5.4575,5.5325,5.4575e-4,5.532499999999999e-4,TRUE,TRUE,TRUE,FALSE,FALSE
Plot E,1-1,Plot E 1-1,6,October,November,51,NA,NA,Orbicella annularis,2025-10-14,2025-11-06,plotE1-1Matches_Coki_PlotE_20251014_1-1-Coki_PlotE_20251106_1-1.csv,1-1,shrink,n/s,1,480,cm2,7.78,6.2625,7.78e-4,6.262500000000001e-4,TRUE,TRUE,TRUE,FALSE,FALSE
Plot E,1-1,Plot E 1-1,6,October,November,52,NA,NA,Orbicella annularis,2025-10-14,2025-11-06,plotE1-1Matches_Coki_PlotE_20251014_1-1-Coki_PlotE_20251106_1-1.csv,1-1,shrink,n/s,1,480,cm2,21.375,20.1625,0.0021375,0.0020162500000000002,TRUE,TRUE,TRUE,FALSE,FALSE
Plot E,1-1,Plot E 1-1,6,October,November,53,NA,NA,Orbicella annularis,2025-10-14,2025-11-06,plotE1-1Matches_Coki_PlotE_20251014_1-1-Coki_PlotE_20251106_1-1.csv,1-1,same,n/s,1,480,cm2,8.0175,8.0675,8.0175e-4,8.067500000000001e-4,TRUE,TRUE,TRUE,FALSE,FALSE
Plot E,1-1,Plot E 1-1,6,October,November,54,NA,NA,Orbicella annularis,2025-10-14,2025-11-06,plotE1-1Matches_Coki_PlotE_20251014_1-1-Coki_PlotE_20251106_1-1.csv,1-1,shrink,n/s,1,480,cm2,8.2725,7.1,8.272500000000001e-4,7.099999999999999e-4,TRUE,TRUE,TRUE,FALSE,FALSE
Plot E,1-1,Plot E 1-1,6,October,November,55,NA,NA,Orbicella faveolata,2025-10-14,2025-11-06,plotE1-1Matches_Coki_PlotE_20251014_1-1-Coki_PlotE_20251106_1-1.csv,1-1,same,n/s,1,480,cm2,10.6525,10.1575,0.00106525,0.0010157500000000002,TRUE,TRUE,TRUE,FALSE,FALSE
Plot E,1-1,Plot E 1-1,6,October,November,56,NA,NA,Orbicella faveolata,2025-10-14,2025-11-06,plotE1-1Matches_Coki_PlotE_20251014_1-1-Coki_PlotE_20251106_1-1.csv,1-1,shrink,n/s,1,480,cm2,7.57,6.48,7.570000000000001e-4,6.48e-4,TRUE,TRUE,TRUE,FALSE,FALSE
Plot E,1-1,Plot E 1-1,6,October,November,57,NA,NA,Orbicella faveolata,2025-10-14,2025-11-06,plotE1-1Matches_Coki_PlotE_20251014_1-1-Coki_PlotE_20251106_1-1.csv,1-1,same,n/s,1,480,cm2,7.315,7.2775,7.315e-4,7.2775e-4,TRUE,TRUE,TRUE,FALSE,FALSE
Plot E,1-1,Plot E 1-1,6,October,November,58,NA,NA,Acropora palmata,2025-10-14,2025-11-06,plotE1-1Matches_Coki_PlotE_20251014_1-1-Coki_PlotE_20251106_1-1.csv,1-1,same,n/s,1,480,cm2,15.405,15.395,0.0015405,0.0015394999999999999,TRUE,TRUE,TRUE,FALSE,FALSE
Plot E,1-1,Plot E 1-1,6,October,November,59,NA,NA,Acropora palmata,2025-10-14,2025-11-06,plotE1-1Matches_Coki_PlotE_20251014_1-1-Coki_PlotE_20251106_1-1.csv,1-1,same,n/s,1,480,cm2,21.28,21.14,0.002128,0.002114,TRUE,TRUE,TRUE,FALSE,FALSE
Plot E,1-1,Plot E 1-1,6,October,November,6,NA,NA,Orbicella franksi,2025-10-14,2025-11-06,plotE1-1Matches_Coki_PlotE_20251014_1-1-Coki_PlotE_20251106_1-1.csv,1-1,grow,n/s,1,480,cm2,4.035,5.48,4.035e-4,5.480000000000001e-4,TRUE,TRUE,TRUE,FALSE,FALSE
Plot E,1-1,Plot E 1-1,6,October,November,60,NA,NA,Acropora palmata,2025-10-14,2025-11-06,plotE1-1Matches_Coki_PlotE_20251014_1-1-Coki_PlotE_20251106_1-1.csv,1-1,shrink,n/s,1,480,cm2,28.375,26.4475,0.0028375,0.00264475,TRUE,TRUE,TRUE,FALSE,FALSE
Plot E,1-1,Plot E 1-1,6,October,November,61,NA,NA,Acropora palmata,2025-10-14,2025-11-06,plotE1-1Matches_Coki_PlotE_20251014_1-1-Coki_PlotE_20251106_1-1.csv,1-1,grow,n/s,1,480,cm2,11.9325,18.6825,0.0011932499999999999,0.0018682500000000001,TRUE,TRUE,TRUE,FALSE,FALSE
Plot E,1-1,Plot E 1-1,6,October,November,62,NA,NA,Acropora palmata,2025-10-14,2025-11-06,plotE1-1Matches_Coki_PlotE_20251014_1-1-Coki_PlotE_20251106_1-1.csv,1-1,same,n/s,1,480,cm2,17.06,16.8625,0.0017059999999999998,0.00168625,TRUE,TRUE,TRUE,FALSE,FALSE
Plot E,1-1,Plot E 1-1,6,October,November,64,NA,NA,Orbicella sp.,2025-10-14,2025-11-06,plotE1-1Matches_Coki_PlotE_20251014_1-1-Coki_PlotE_20251106_1-1.csv,1-1,same,n/s,1,480,cm2,3.1825,3.27,3.1825e-4,3.27e-4,TRUE,TRUE,TRUE,FALSE,FALSE
Plot E,1-1,Plot E 1-1,6,October,November,69,NA,NA,Orbicella sp.,2025-10-14,2025-11-06,plotE1-1Matches_Coki_PlotE_20251014_1-1-Coki_PlotE_20251106_1-1.csv,1-1,born,none,1,480,cm2,0,3.9825,0,3.9825e-4,FALSE,TRUE,FALSE,FALSE,TRUE
Plot E,1-1,Plot E 1-1,6,October,November,70,NA,NA,Orbicella sp.,2025-10-14,2025-11-06,plotE1-1Matches_Coki_PlotE_20251014_1-1-Coki_PlotE_20251106_1-1.csv,1-1,born,none,1,480,cm2,0,2.3075,0,2.3075e-4,FALSE,TRUE,FALSE,FALSE,TRUE
Plot E,1-1,Plot E 1-1,6,October,November,8,NA,NA,Orbicella franksi,2025-10-14,2025-11-06,plotE1-1Matches_Coki_PlotE_20251014_1-1-Coki_PlotE_20251106_1-1.csv,1-1,shrink,n/s,1,480,cm2,5.515,4.0575,5.515e-4,4.0575e-4,TRUE,TRUE,TRUE,FALSE,FALSE
Plot E,1-1,Plot E 1-1,6,October,November,9,NA,NA,Orbicella franksi,2025-10-14,2025-11-06,plotE1-1Matches_Coki_PlotE_20251014_1-1-Coki_PlotE_20251106_1-1.csv,1-1,shrink,n/s,1,480,cm2,6.815,2.92,6.815e-4,2.92e-4,TRUE,TRUE,TRUE,FALSE,FALSE
Plot G,0-0,Plot G 0-0,1,November,April,0,NA,NA,Orbicella annularis,2025-11-07,2026-04-24,0-0_PlotG_Matches_November_April.csv,0-0,born,none,1,480,cm2,0,21.6825,0,0.00216825,FALSE,TRUE,FALSE,FALSE,TRUE
Plot G,0-0,Plot G 0-0,1,November,April,1,NA,NA,Orbicella annularis,2025-11-07,2026-04-24,0-0_PlotG_Matches_November_April.csv,0-0,born,none,1,480,cm2,0,11.925,0,0.0011925,FALSE,TRUE,FALSE,FALSE,TRUE
Plot G,0-0,Plot G 0-0,1,November,April,10,NA,NA,Porites porites,2025-11-07,2026-04-24,0-0_PlotG_Matches_November_April.csv,0-0,born,none,1,480,cm2,0,8.535,0,8.535e-4,FALSE,TRUE,FALSE,FALSE,TRUE
Plot G,0-0,Plot G 0-0,1,November,April,11,NA,NA,Porites porites,2025-11-07,2026-04-24,0-0_PlotG_Matches_November_April.csv,0-0,born,none,1,480,cm2,0,9.1475,0,9.147500000000001e-4,FALSE,TRUE,FALSE,FALSE,TRUE
Plot G,0-0,Plot G 0-0,1,November,April,12,NA,NA,Porites porites,2025-11-07,2026-04-24,0-0_PlotG_Matches_November_April.csv,0-0,born,none,1,480,cm2,0,13.575,0,0.0013575,FALSE,TRUE,FALSE,FALSE,TRUE
Plot G,0-0,Plot G 0-0,1,November,April,13,NA,NA,Orbicella annularis,2025-11-07,2026-04-24,0-0_PlotG_Matches_November_April.csv,0-0,born,none,1,480,cm2,0,14.3325,0,0.00143325,FALSE,TRUE,FALSE,FALSE,TRUE
Plot G,0-0,Plot G 0-0,1,November,April,14,NA,NA,Porites porites,2025-11-07,2026-04-24,0-0_PlotG_Matches_November_April.csv,0-0,born,none,1,480,cm2,0,11.0075,0,0.00110075,FALSE,TRUE,FALSE,FALSE,TRUE
Plot G,0-0,Plot G 0-0,1,November,April,15,NA,NA,Porites porites,2025-11-07,2026-04-24,0-0_PlotG_Matches_November_April.csv,0-0,born,none,1,480,cm2,0,11.11,0,0.001111,FALSE,TRUE,FALSE,FALSE,TRUE
Plot G,0-0,Plot G 0-0,1,November,April,16,NA,NA,Orbicella annularis,2025-11-07,2026-04-24,0-0_PlotG_Matches_November_April.csv,0-0,born,none,1,480,cm2,0,25.25,0,0.002525,FALSE,TRUE,FALSE,FALSE,TRUE
Plot G,0-0,Plot G 0-0,1,November,April,17,NA,NA,Porites porites,2025-11-07,2026-04-24,0-0_PlotG_Matches_November_April.csv,0-0,born,none,1,480,cm2,0,10.06,0,0.001006,FALSE,TRUE,FALSE,FALSE,TRUE
Plot G,0-0,Plot G 0-0,1,November,April,18,NA,NA,Porites porites,2025-11-07,2026-04-24,0-0_PlotG_Matches_November_April.csv,0-0,born,none,1,480,cm2,0,13.2475,0,0.00132475,FALSE,TRUE,FALSE,FALSE,TRUE
Plot G,0-0,Plot G 0-0,1,November,April,19,NA,NA,Orbicella annularis,2025-11-07,2026-04-24,0-0_PlotG_Matches_November_April.csv,0-0,born,none,1,480,cm2,0,18.795,0,0.0018795,FALSE,TRUE,FALSE,FALSE,TRUE
Plot G,0-0,Plot G 0-0,1,November,April,2,NA,NA,Porites porites,2025-11-07,2026-04-24,0-0_PlotG_Matches_November_April.csv,0-0,born,none,1,480,cm2,0,8.34,0,8.34e-4,FALSE,TRUE,FALSE,FALSE,TRUE
Plot G,0-0,Plot G 0-0,1,November,April,20,NA,NA,Orbicella annularis,2025-11-07,2026-04-24,0-0_PlotG_Matches_November_April.csv,0-0,born,none,1,480,cm2,0,13.7175,0,0.00137175,FALSE,TRUE,FALSE,FALSE,TRUE
Plot G,0-0,Plot G 0-0,1,November,April,3,NA,NA,Porites porites,2025-11-07,2026-04-24,0-0_PlotG_Matches_November_April.csv,0-0,born,none,1,480,cm2,0,10.2125,0,0.00102125,FALSE,TRUE,FALSE,FALSE,TRUE
Plot G,0-0,Plot G 0-0,1,November,April,4,NA,NA,Orbicella annularis,2025-11-07,2026-04-24,0-0_PlotG_Matches_November_April.csv,0-0,born,none,1,480,cm2,0,22.4125,0,0.00224125,FALSE,TRUE,FALSE,FALSE,TRUE
Plot G,0-0,Plot G 0-0,1,November,April,5,NA,NA,Porites porites,2025-11-07,2026-04-24,0-0_PlotG_Matches_November_April.csv,0-0,born,none,1,480,cm2,0,10.4125,0,0.0010412499999999999,FALSE,TRUE,FALSE,FALSE,TRUE
Plot G,0-0,Plot G 0-0,1,November,April,6,NA,NA,Porites porites,2025-11-07,2026-04-24,0-0_PlotG_Matches_November_April.csv,0-0,born,none,1,480,cm2,0,12.225,0,0.0012225,FALSE,TRUE,FALSE,FALSE,TRUE
Plot G,0-0,Plot G 0-0,1,November,April,7,NA,NA,Porites porites,2025-11-07,2026-04-24,0-0_PlotG_Matches_November_April.csv,0-0,born,none,1,480,cm2,0,13.0025,0,0.00130025,FALSE,TRUE,FALSE,FALSE,TRUE
Plot G,0-0,Plot G 0-0,1,November,April,8,NA,NA,Porites porites,2025-11-07,2026-04-24,0-0_PlotG_Matches_November_April.csv,0-0,born,none,1,480,cm2,0,14.35,0,0.0014349999999999999,FALSE,TRUE,FALSE,FALSE,TRUE
Plot G,0-0,Plot G 0-0,1,November,April,9,NA,NA,Porites porites,2025-11-07,2026-04-24,0-0_PlotG_Matches_November_April.csv,0-0,born,none,1,480,cm2,0,10.075,0,0.0010075,FALSE,TRUE,FALSE,FALSE,TRUE
Plot G,0-0,Plot G 0-0,2,April,May,0,NA,NA,Orbicella annularis,2026-04-24,2026-05-26,0-0_PlotG_matches_April_May.csv,0-0,same,n/s,1,480,cm2,21.6825,20.78,0.00216825,0.002078,TRUE,TRUE,TRUE,FALSE,FALSE
Plot G,0-0,Plot G 0-0,2,April,May,1,NA,NA,Orbicella annularis,2026-04-24,2026-05-26,0-0_PlotG_matches_April_May.csv,0-0,shrink,n/s,1,480,cm2,11.925,11.145,0.0011925,0.0011145,TRUE,TRUE,TRUE,FALSE,FALSE
Plot G,0-0,Plot G 0-0,2,April,May,10,NA,NA,Porites porites,2026-04-24,2026-05-26,0-0_PlotG_matches_April_May.csv,0-0,shrink,n/s,1,480,cm2,8.535,5.06,8.535e-4,5.059999999999999e-4,TRUE,TRUE,TRUE,FALSE,FALSE
Plot G,0-0,Plot G 0-0,2,April,May,11,NA,NA,Porites porites,2026-04-24,2026-05-26,0-0_PlotG_matches_April_May.csv,0-0,same,n/s,1,480,cm2,9.1475,8.87,9.147500000000001e-4,8.869999999999999e-4,TRUE,TRUE,TRUE,FALSE,FALSE
Plot G,0-0,Plot G 0-0,2,April,May,12,NA,NA,Porites porites,2026-04-24,2026-05-26,0-0_PlotG_matches_April_May.csv,0-0,shrink,n/s,1,480,cm2,13.575,12.04,0.0013575,0.001204,TRUE,TRUE,TRUE,FALSE,FALSE
Plot G,0-0,Plot G 0-0,2,April,May,13,NA,NA,Orbicella annularis,2026-04-24,2026-05-26,0-0_PlotG_matches_April_May.csv,0-0,same,n/s,1,480,cm2,14.3325,14.7225,0.00143325,0.00147225,TRUE,TRUE,TRUE,FALSE,FALSE
Plot G,0-0,Plot G 0-0,2,April,May,14,NA,NA,Porites porites,2026-04-24,2026-05-26,0-0_PlotG_matches_April_May.csv,0-0,grow,n/s,1,480,cm2,11.0075,12.01,0.00110075,0.001201,TRUE,TRUE,TRUE,FALSE,FALSE
Plot G,0-0,Plot G 0-0,2,April,May,15,NA,NA,Porites porites,2026-04-24,2026-05-26,0-0_PlotG_matches_April_May.csv,0-0,grow,n/s,1,480,cm2,11.11,11.8025,0.001111,0.00118025,TRUE,TRUE,TRUE,FALSE,FALSE
Plot G,0-0,Plot G 0-0,2,April,May,16,NA,NA,Orbicella annularis,2026-04-24,2026-05-26,0-0_PlotG_matches_April_May.csv,0-0,grow,n/s,1,480,cm2,25.25,27.4775,0.002525,0.0027477499999999998,TRUE,TRUE,TRUE,FALSE,FALSE
Plot G,0-0,Plot G 0-0,2,April,May,17,NA,NA,Porites porites,2026-04-24,2026-05-26,0-0_PlotG_matches_April_May.csv,0-0,grow,n/s,1,480,cm2,10.06,10.8575,0.001006,0.00108575,TRUE,TRUE,TRUE,FALSE,FALSE
Plot G,0-0,Plot G 0-0,2,April,May,18,NA,NA,Porites porites,2026-04-24,2026-05-26,0-0_PlotG_matches_April_May.csv,0-0,shrink,n/s,1,480,cm2,13.2475,10.115,0.00132475,0.0010115,TRUE,TRUE,TRUE,FALSE,FALSE
Plot G,0-0,Plot G 0-0,2,April,May,19,NA,NA,Orbicella annularis,2026-04-24,2026-05-26,0-0_PlotG_matches_April_May.csv,0-0,same,n/s,1,480,cm2,18.795,19.025,0.0018795,0.0019025,TRUE,TRUE,TRUE,FALSE,FALSE
Plot G,0-0,Plot G 0-0,2,April,May,2,NA,NA,Porites porites,2026-04-24,2026-05-26,0-0_PlotG_matches_April_May.csv,0-0,shrink,n/s,1,480,cm2,8.34,7.39,8.34e-4,7.39e-4,TRUE,TRUE,TRUE,FALSE,FALSE
Plot G,0-0,Plot G 0-0,2,April,May,20,NA,NA,Orbicella annularis,2026-04-24,2026-05-26,0-0_PlotG_matches_April_May.csv,0-0,same,n/s,1,480,cm2,13.7175,13.935,0.00137175,0.0013935,TRUE,TRUE,TRUE,FALSE,FALSE
Plot G,0-0,Plot G 0-0,2,April,May,3,NA,NA,Porites porites,2026-04-24,2026-05-26,0-0_PlotG_matches_April_May.csv,0-0,shrink,n/s,1,480,cm2,10.2125,9.575,0.00102125,9.574999999999999e-4,TRUE,TRUE,TRUE,FALSE,FALSE
Plot G,0-0,Plot G 0-0,2,April,May,4,NA,NA,Orbicella annularis,2026-04-24,2026-05-26,0-0_PlotG_matches_April_May.csv,0-0,grow,n/s,1,480,cm2,22.4125,24.2075,0.00224125,0.00242075,TRUE,TRUE,TRUE,FALSE,FALSE
Plot G,0-0,Plot G 0-0,2,April,May,5,NA,NA,Porites porites,2026-04-24,2026-05-26,0-0_PlotG_matches_April_May.csv,0-0,same,n/s,1,480,cm2,10.4125,10.39,0.0010412499999999999,0.001039,TRUE,TRUE,TRUE,FALSE,FALSE
Plot G,0-0,Plot G 0-0,2,April,May,6,NA,NA,Porites porites,2026-04-24,2026-05-26,0-0_PlotG_matches_April_May.csv,0-0,grow,n/s,1,480,cm2,12.225,13.28,0.0012225,0.001328,TRUE,TRUE,TRUE,FALSE,FALSE
Plot G,0-0,Plot G 0-0,2,April,May,7,NA,NA,Porites porites,2026-04-24,2026-05-26,0-0_PlotG_matches_April_May.csv,0-0,same,n/s,1,480,cm2,13.0025,13.46,0.00130025,0.0013460000000000002,TRUE,TRUE,TRUE,FALSE,FALSE
Plot G,0-0,Plot G 0-0,2,April,May,8,NA,NA,Porites porites,2026-04-24,2026-05-26,0-0_PlotG_matches_April_May.csv,0-0,same,n/s,1,480,cm2,14.35,14.86,0.0014349999999999999,0.001486,TRUE,TRUE,TRUE,FALSE,FALSE
Plot G,0-0,Plot G 0-0,2,April,May,9,NA,NA,Porites porites,2026-04-24,2026-05-26,0-0_PlotG_matches_April_May.csv,0-0,same,n/s,1,480,cm2,10.075,10.2725,0.0010075,0.0010272500000000002,TRUE,TRUE,TRUE,FALSE,FALSE
Plot G,0-1,Plot G 0-1,1,November,April,0,NA,NA,Porites porites,2025-11-07,2026-04-24,0-1_PlotG_Matches_November_April.csv,0-1,born,none,1,480,cm2,0,8.3125,0,8.3125e-4,FALSE,TRUE,FALSE,FALSE,TRUE
Plot G,0-1,Plot G 0-1,1,November,April,1,NA,NA,Porites porites,2025-11-07,2026-04-24,0-1_PlotG_Matches_November_April.csv,0-1,born,none,1,480,cm2,0,12.5125,0,0.00125125,FALSE,TRUE,FALSE,FALSE,TRUE
Plot G,0-1,Plot G 0-1,1,November,April,2,NA,NA,Orbicella annularis,2025-11-07,2026-04-24,0-1_PlotG_Matches_November_April.csv,0-1,born,none,1,480,cm2,0,21.8875,0,0.0021887499999999997,FALSE,TRUE,FALSE,FALSE,TRUE
Plot G,0-1,Plot G 0-1,2,April,May,0,NA,NA,Porites porites,2026-04-24,2026-05-26,0-1_PlotG_Matches_April_May.csv,0-1,same,n/s,1,480,cm2,8.3125,8.3,8.3125e-4,8.300000000000001e-4,TRUE,TRUE,TRUE,FALSE,FALSE
Plot G,0-1,Plot G 0-1,2,April,May,1,NA,NA,Porites porites,2026-04-24,2026-05-26,0-1_PlotG_Matches_April_May.csv,0-1,shrink,n/s,1,480,cm2,12.5125,9.1375,0.00125125,9.1375e-4,TRUE,TRUE,TRUE,FALSE,FALSE
Plot G,0-1,Plot G 0-1,2,April,May,2,NA,NA,Orbicella annularis,2026-04-24,2026-05-26,0-1_PlotG_Matches_April_May.csv,0-1,grow,n/s,1,480,cm2,21.8875,24.4575,0.0021887499999999997,0.00244575,TRUE,TRUE,TRUE,FALSE,FALSE
Plot G,1-0,Plot G 1-0,1,November,April,0,NA,NA,Porites porites,2025-11-07,2026-04-24,Coki_PlotG_Survivorship_Coki_PlotG_20251107_1-0-Coki_PlotG_20260424_1-0.csv,1-0,born,none,1,480,cm2,0,10.4225,0,0.00104225,FALSE,TRUE,FALSE,FALSE,TRUE
Plot G,1-0,Plot G 1-0,1,November,April,1,NA,NA,Porites porites,2025-11-07,2026-04-24,Coki_PlotG_Survivorship_Coki_PlotG_20251107_1-0-Coki_PlotG_20260424_1-0.csv,1-0,born,none,1,480,cm2,0,11.2575,0,0.00112575,FALSE,TRUE,FALSE,FALSE,TRUE
Plot G,1-0,Plot G 1-0,1,November,April,10,NA,NA,Orbicella annularis,2025-11-07,2026-04-24,Coki_PlotG_Survivorship_Coki_PlotG_20251107_1-0-Coki_PlotG_20260424_1-0.csv,1-0,born,none,1,480,cm2,0,23.17,0,0.002317,FALSE,TRUE,FALSE,FALSE,TRUE
Plot G,1-0,Plot G 1-0,1,November,April,11,NA,NA,Orbicella annularis,2025-11-07,2026-04-24,Coki_PlotG_Survivorship_Coki_PlotG_20251107_1-0-Coki_PlotG_20260424_1-0.csv,1-0,born,none,1,480,cm2,0,13.2075,0,0.0013207499999999999,FALSE,TRUE,FALSE,FALSE,TRUE
Plot G,1-0,Plot G 1-0,1,November,April,12,NA,NA,Porites porites,2025-11-07,2026-04-24,Coki_PlotG_Survivorship_Coki_PlotG_20251107_1-0-Coki_PlotG_20260424_1-0.csv,1-0,born,none,1,480,cm2,0,10.5575,0,0.0010557499999999998,FALSE,TRUE,FALSE,FALSE,TRUE
Plot G,1-0,Plot G 1-0,1,November,April,13,NA,NA,Porites porites,2025-11-07,2026-04-24,Coki_PlotG_Survivorship_Coki_PlotG_20251107_1-0-Coki_PlotG_20260424_1-0.csv,1-0,born,none,1,480,cm2,0,9.4675,0,9.467499999999999e-4,FALSE,TRUE,FALSE,FALSE,TRUE
Plot G,1-0,Plot G 1-0,1,November,April,14,NA,NA,Porites porites,2025-11-07,2026-04-24,Coki_PlotG_Survivorship_Coki_PlotG_20251107_1-0-Coki_PlotG_20260424_1-0.csv,1-0,born,none,1,480,cm2,0,9.8475,0,9.8475e-4,FALSE,TRUE,FALSE,FALSE,TRUE
Plot G,1-0,Plot G 1-0,1,November,April,15,NA,NA,Porites porites,2025-11-07,2026-04-24,Coki_PlotG_Survivorship_Coki_PlotG_20251107_1-0-Coki_PlotG_20260424_1-0.csv,1-0,born,none,1,480,cm2,0,9.27,0,9.27e-4,FALSE,TRUE,FALSE,FALSE,TRUE
Plot G,1-0,Plot G 1-0,1,November,April,16,NA,NA,Orbicella annularis,2025-11-07,2026-04-24,Coki_PlotG_Survivorship_Coki_PlotG_20251107_1-0-Coki_PlotG_20260424_1-0.csv,1-0,born,none,1,480,cm2,0,17.4,0,0.0017399999999999998,FALSE,TRUE,FALSE,FALSE,TRUE
Plot G,1-0,Plot G 1-0,1,November,April,17,NA,NA,Orbicella annularis,2025-11-07,2026-04-24,Coki_PlotG_Survivorship_Coki_PlotG_20251107_1-0-Coki_PlotG_20260424_1-0.csv,1-0,born,none,1,480,cm2,0,16.3725,0,0.0016372499999999998,FALSE,TRUE,FALSE,FALSE,TRUE
Plot G,1-0,Plot G 1-0,1,November,April,18,NA,NA,Orbicella annularis,2025-11-07,2026-04-24,Coki_PlotG_Survivorship_Coki_PlotG_20251107_1-0-Coki_PlotG_20260424_1-0.csv,1-0,born,none,1,480,cm2,0,12.2975,0,0.00122975,FALSE,TRUE,FALSE,FALSE,TRUE
Plot G,1-0,Plot G 1-0,1,November,April,19,NA,NA,Orbicella annularis,2025-11-07,2026-04-24,Coki_PlotG_Survivorship_Coki_PlotG_20251107_1-0-Coki_PlotG_20260424_1-0.csv,1-0,born,none,1,480,cm2,0,11.4075,0,0.00114075,FALSE,TRUE,FALSE,FALSE,TRUE
Plot G,1-0,Plot G 1-0,1,November,April,2,NA,NA,Orbicella annularis,2025-11-07,2026-04-24,Coki_PlotG_Survivorship_Coki_PlotG_20251107_1-0-Coki_PlotG_20260424_1-0.csv,1-0,born,none,1,480,cm2,0,13.065,0,0.0013065,FALSE,TRUE,FALSE,FALSE,TRUE
Plot G,1-0,Plot G 1-0,1,November,April,20,NA,NA,Orbicella annularis,2025-11-07,2026-04-24,Coki_PlotG_Survivorship_Coki_PlotG_20251107_1-0-Coki_PlotG_20260424_1-0.csv,1-0,born,none,1,480,cm2,0,21.12,0,0.002112,FALSE,TRUE,FALSE,FALSE,TRUE
Plot G,1-0,Plot G 1-0,1,November,April,3,NA,NA,Porites porites,2025-11-07,2026-04-24,Coki_PlotG_Survivorship_Coki_PlotG_20251107_1-0-Coki_PlotG_20260424_1-0.csv,1-0,born,none,1,480,cm2,0,11.8425,0,0.00118425,FALSE,TRUE,FALSE,FALSE,TRUE
Plot G,1-0,Plot G 1-0,1,November,April,4,NA,NA,Porites porites,2025-11-07,2026-04-24,Coki_PlotG_Survivorship_Coki_PlotG_20251107_1-0-Coki_PlotG_20260424_1-0.csv,1-0,born,none,1,480,cm2,0,11.145,0,0.0011145,FALSE,TRUE,FALSE,FALSE,TRUE
Plot G,1-0,Plot G 1-0,1,November,April,5,NA,NA,Porites porites,2025-11-07,2026-04-24,Coki_PlotG_Survivorship_Coki_PlotG_20251107_1-0-Coki_PlotG_20260424_1-0.csv,1-0,born,none,1,480,cm2,0,6.9225,0,6.9225e-4,FALSE,TRUE,FALSE,FALSE,TRUE
Plot G,1-0,Plot G 1-0,1,November,April,6,NA,NA,Porites porites,2025-11-07,2026-04-24,Coki_PlotG_Survivorship_Coki_PlotG_20251107_1-0-Coki_PlotG_20260424_1-0.csv,1-0,born,none,1,480,cm2,0,8.35,0,8.349999999999999e-4,FALSE,TRUE,FALSE,FALSE,TRUE
Plot G,1-0,Plot G 1-0,1,November,April,7,NA,NA,Orbicella annularis,2025-11-07,2026-04-24,Coki_PlotG_Survivorship_Coki_PlotG_20251107_1-0-Coki_PlotG_20260424_1-0.csv,1-0,born,none,1,480,cm2,0,16.155,0,0.0016155000000000002,FALSE,TRUE,FALSE,FALSE,TRUE
Plot G,1-0,Plot G 1-0,1,November,April,8,NA,NA,Porites porites,2025-11-07,2026-04-24,Coki_PlotG_Survivorship_Coki_PlotG_20251107_1-0-Coki_PlotG_20260424_1-0.csv,1-0,born,none,1,480,cm2,0,10.4875,0,0.00104875,FALSE,TRUE,FALSE,FALSE,TRUE
Plot G,1-0,Plot G 1-0,1,November,April,9,NA,NA,Porites porites,2025-11-07,2026-04-24,Coki_PlotG_Survivorship_Coki_PlotG_20251107_1-0-Coki_PlotG_20260424_1-0.csv,1-0,born,none,1,480,cm2,0,10.1575,0,0.0010157500000000002,FALSE,TRUE,FALSE,FALSE,TRUE
Plot G,1-0,Plot G 1-0,2,April,May,0,NA,NA,Porites porites,2026-04-24,2026-05-26,Coki_PlotG_Survivorship_Coki_PlotG_20260424_1-0-Coki_PlotG_20260526_1-0.csv,1-0,same,n/s,1,480,cm2,10.4225,10.0425,0.00104225,0.00100425,TRUE,TRUE,TRUE,FALSE,FALSE
Plot G,1-0,Plot G 1-0,2,April,May,1,NA,NA,Porites porites,2026-04-24,2026-05-26,Coki_PlotG_Survivorship_Coki_PlotG_20260424_1-0-Coki_PlotG_20260526_1-0.csv,1-0,shrink,n/s,1,480,cm2,11.2575,10.2225,0.00112575,0.00102225,TRUE,TRUE,TRUE,FALSE,FALSE
Plot G,1-0,Plot G 1-0,2,April,May,10,NA,NA,Orbicella annularis,2026-04-24,2026-05-26,Coki_PlotG_Survivorship_Coki_PlotG_20260424_1-0-Coki_PlotG_20260526_1-0.csv,1-0,same,n/s,1,480,cm2,23.17,23.1125,0.002317,0.00231125,TRUE,TRUE,TRUE,FALSE,FALSE
Plot G,1-0,Plot G 1-0,2,April,May,11,NA,NA,Orbicella annularis,2026-04-24,2026-05-26,Coki_PlotG_Survivorship_Coki_PlotG_20260424_1-0-Coki_PlotG_20260526_1-0.csv,1-0,shrink,n/s,1,480,cm2,13.2075,11.29,0.0013207499999999999,0.001129,TRUE,TRUE,TRUE,FALSE,FALSE
Plot G,1-0,Plot G 1-0,2,April,May,12,NA,NA,Porites porites,2026-04-24,2026-05-26,Coki_PlotG_Survivorship_Coki_PlotG_20260424_1-0-Coki_PlotG_20260526_1-0.csv,1-0,shrink,n/s,1,480,cm2,10.5575,9.5075,0.0010557499999999998,9.5075e-4,TRUE,TRUE,TRUE,FALSE,FALSE
Plot G,1-0,Plot G 1-0,2,April,May,13,NA,NA,Porites porites,2026-04-24,2026-05-26,Coki_PlotG_Survivorship_Coki_PlotG_20260424_1-0-Coki_PlotG_20260526_1-0.csv,1-0,grow,n/s,1,480,cm2,9.4675,10.745,9.467499999999999e-4,0.0010745,TRUE,TRUE,TRUE,FALSE,FALSE
Plot G,1-0,Plot G 1-0,2,April,May,14,NA,NA,Porites porites,2026-04-24,2026-05-26,Coki_PlotG_Survivorship_Coki_PlotG_20260424_1-0-Coki_PlotG_20260526_1-0.csv,1-0,grow,n/s,1,480,cm2,9.8475,11.085,9.8475e-4,0.0011085000000000001,TRUE,TRUE,TRUE,FALSE,FALSE
Plot G,1-0,Plot G 1-0,2,April,May,15,NA,NA,Porites porites,2026-04-24,2026-05-26,Coki_PlotG_Survivorship_Coki_PlotG_20260424_1-0-Coki_PlotG_20260526_1-0.csv,1-0,grow,n/s,1,480,cm2,9.27,10.045,9.27e-4,0.0010045,TRUE,TRUE,TRUE,FALSE,FALSE
Plot G,1-0,Plot G 1-0,2,April,May,16,NA,NA,Orbicella annularis,2026-04-24,2026-05-26,Coki_PlotG_Survivorship_Coki_PlotG_20260424_1-0-Coki_PlotG_20260526_1-0.csv,1-0,same,n/s,1,480,cm2,17.4,17.7775,0.0017399999999999998,0.00177775,TRUE,TRUE,TRUE,FALSE,FALSE
Plot G,1-0,Plot G 1-0,2,April,May,17,NA,NA,Orbicella annularis,2026-04-24,2026-05-26,Coki_PlotG_Survivorship_Coki_PlotG_20260424_1-0-Coki_PlotG_20260526_1-0.csv,1-0,same,n/s,1,480,cm2,16.3725,16.89,0.0016372499999999998,0.001689,TRUE,TRUE,TRUE,FALSE,FALSE
Plot G,1-0,Plot G 1-0,2,April,May,18,NA,NA,Orbicella annularis,2026-04-24,2026-05-26,Coki_PlotG_Survivorship_Coki_PlotG_20260424_1-0-Coki_PlotG_20260526_1-0.csv,1-0,grow,n/s,1,480,cm2,12.2975,14.57,0.00122975,0.001457,TRUE,TRUE,TRUE,FALSE,FALSE
Plot G,1-0,Plot G 1-0,2,April,May,19,NA,NA,Orbicella annularis,2026-04-24,2026-05-26,Coki_PlotG_Survivorship_Coki_PlotG_20260424_1-0-Coki_PlotG_20260526_1-0.csv,1-0,shrink,n/s,1,480,cm2,11.4075,10.67,0.00114075,0.001067,TRUE,TRUE,TRUE,FALSE,FALSE
Plot G,1-0,Plot G 1-0,2,April,May,2,NA,NA,Orbicella annularis,2026-04-24,2026-05-26,Coki_PlotG_Survivorship_Coki_PlotG_20260424_1-0-Coki_PlotG_20260526_1-0.csv,1-0,same,n/s,1,480,cm2,13.065,13.1675,0.0013065,0.00131675,TRUE,TRUE,TRUE,FALSE,FALSE
Plot G,1-0,Plot G 1-0,2,April,May,20,NA,NA,Orbicella annularis,2026-04-24,2026-05-26,Coki_PlotG_Survivorship_Coki_PlotG_20260424_1-0-Coki_PlotG_20260526_1-0.csv,1-0,shrink,n/s,1,480,cm2,21.12,20.0225,0.002112,0.00200225,TRUE,TRUE,TRUE,FALSE,FALSE
Plot G,1-0,Plot G 1-0,2,April,May,3,NA,NA,Porites porites,2026-04-24,2026-05-26,Coki_PlotG_Survivorship_Coki_PlotG_20260424_1-0-Coki_PlotG_20260526_1-0.csv,1-0,same,n/s,1,480,cm2,11.8425,12.1575,0.00118425,0.00121575,TRUE,TRUE,TRUE,FALSE,FALSE
Plot G,1-0,Plot G 1-0,2,April,May,4,NA,NA,Porites porites,2026-04-24,2026-05-26,Coki_PlotG_Survivorship_Coki_PlotG_20260424_1-0-Coki_PlotG_20260526_1-0.csv,1-0,same,n/s,1,480,cm2,11.145,11.0675,0.0011145,0.00110675,TRUE,TRUE,TRUE,FALSE,FALSE
Plot G,1-0,Plot G 1-0,2,April,May,5,NA,NA,Porites porites,2026-04-24,2026-05-26,Coki_PlotG_Survivorship_Coki_PlotG_20260424_1-0-Coki_PlotG_20260526_1-0.csv,1-0,grow,n/s,1,480,cm2,6.9225,9.7675,6.9225e-4,9.7675e-4,TRUE,TRUE,TRUE,FALSE,FALSE
Plot G,1-0,Plot G 1-0,2,April,May,6,NA,NA,Porites porites,2026-04-24,2026-05-26,Coki_PlotG_Survivorship_Coki_PlotG_20260424_1-0-Coki_PlotG_20260526_1-0.csv,1-0,grow,n/s,1,480,cm2,8.35,9.3025,8.349999999999999e-4,9.3025e-4,TRUE,TRUE,TRUE,FALSE,FALSE
Plot G,1-0,Plot G 1-0,2,April,May,7,NA,NA,Orbicella annularis,2026-04-24,2026-05-26,Coki_PlotG_Survivorship_Coki_PlotG_20260424_1-0-Coki_PlotG_20260526_1-0.csv,1-0,grow,n/s,1,480,cm2,16.155,17.885,0.0016155000000000002,0.0017885000000000002,TRUE,TRUE,TRUE,FALSE,FALSE
Plot G,1-0,Plot G 1-0,2,April,May,8,NA,NA,Porites porites,2026-04-24,2026-05-26,Coki_PlotG_Survivorship_Coki_PlotG_20260424_1-0-Coki_PlotG_20260526_1-0.csv,1-0,shrink,n/s,1,480,cm2,10.4875,8.7775,0.00104875,8.7775e-4,TRUE,TRUE,TRUE,FALSE,FALSE
Plot G,1-0,Plot G 1-0,2,April,May,9,NA,NA,Porites porites,2026-04-24,2026-05-26,Coki_PlotG_Survivorship_Coki_PlotG_20260424_1-0-Coki_PlotG_20260526_1-0.csv,1-0,grow,n/s,1,480,cm2,10.1575,11.2575,0.0010157500000000002,0.00112575,TRUE,TRUE,TRUE,FALSE,FALSE
