plot,plot_section,plot_section_label,month,month_order,survey_date,observation_source,genet,tag,genotype,species,plot_area_m2,taglab_area_units,area,area_m2,present,snapshot_object_id,n_duplicate_observations
Plot C,all,Plot C,November,1,2025-11-03,baseline_start,0-0__0,NA,NA,Porites porites,480,cm2,0,0,FALSE,Plot C__1__baseline_start__0-0__0,1
Plot C,all,Plot C,November,1,2025-11-03,baseline_start,0-0__1,NA,NA,Porites porites,480,cm2,0,0,FALSE,Plot C__1__baseline_start__0-0__1,1
Plot C,all,Plot C,November,1,2025-11-03,baseline_start,0-0__10,NA,NA,Montastraea cavernosa,480,cm2,0,0,FALSE,Plot C__1__baseline_start__0-0__10,1
Plot C,all,Plot C,November,1,2025-11-03,baseline_start,0-0__100,NA,NA,Porites porites,480,cm2,0,0,FALSE,Plot C__1__baseline_start__0-0__100,1
Plot C,all,Plot C,November,1,2025-11-03,baseline_start,0-0__101,NA,NA,Porites porites,480,cm2,0,0,FALSE,Plot C__1__baseline_start__0-0__101,1
Plot C,all,Plot C,November,1,2025-11-03,baseline_start,0-0__102,NA,NA,Porites porites,480,cm2,0,0,FALSE,Plot C__1__baseline_start__0-0__102,1
Plot C,all,Plot C,November,1,2025-11-03,baseline_start,0-0__103,NA,NA,Porites porites,480,cm2,0,0,FALSE,Plot C__1__baseline_start__0-0__103,1
Plot C,all,Plot C,November,1,2025-11-03,baseline_start,0-0__104,NA,NA,Porites porites,480,cm2,0,0,FALSE,Plot C__1__baseline_start__0-0__104,1
Plot C,all,Plot C,November,1,2025-11-03,baseline_start,0-0__105,NA,NA,Porites porites,480,cm2,0,0,FALSE,Plot C__1__baseline_start__0-0__105,1
Plot C,all,Plot C,November,1,2025-11-03,baseline_start,0-0__106,NA,NA,Porites porites,480,cm2,0,0,FALSE,Plot C__1__baseline_start__0-0__106,1
Plot C,all,Plot C,November,1,2025-11-03,baseline_start,0-0__107,NA,NA,Porites porites,480,cm2,0,0,FALSE,Plot C__1__baseline_start__0-0__107,1
Plot C,all,Plot C,November,1,2025-11-03,baseline_start,0-0__108,NA,NA,Porites porites,480,cm2,0,0,FALSE,Plot C__1__baseline_start__0-0__108,1
Plot C,all,Plot C,November,1,2025-11-03,baseline_start,0-0__109,NA,NA,Porites porites,480,cm2,0,0,FALSE,Plot C__1__baseline_start__0-0__109,1
Plot C,all,Plot C,November,1,2025-11-03,baseline_start,0-0__11,NA,NA,Montastraea cavernosa,480,cm2,0,0,FALSE,Plot C__1__baseline_start__0-0__11,1
Plot C,all,Plot C,November,1,2025-11-03,baseline_start,0-0__110,NA,NA,Porites porites,480,cm2,0,0,FALSE,Plot C__1__baseline_start__0-0__110,1
Plot C,all,Plot C,November,1,2025-11-03,baseline_start,0-0__111,NA,NA,Porites porites,480,cm2,0,0,FALSE,Plot C__1__baseline_start__0-0__111,1
Plot C,all,Plot C,November,1,2025-11-03,baseline_start,0-0__112,NA,NA,Porites porites,480,cm2,0,0,FALSE,Plot C__1__baseline_start__0-0__112,1
Plot C,all,Plot C,November,1,2025-11-03,baseline_start,0-0__113,NA,NA,Porites porites,480,cm2,0,0,FALSE,Plot C__1__baseline_start__0-0__113,1
Plot C,all,Plot C,November,1,2025-11-03,baseline_start,0-0__114,NA,NA,Porites porites,480,cm2,0,0,FALSE,Plot C__1__baseline_start__0-0__114,1
Plot C,all,Plot C,November,1,2025-11-03,baseline_start,0-0__115,NA,NA,Porites porites,480,cm2,0,0,FALSE,Plot C__1__baseline_start__0-0__115,1
Plot C,all,Plot C,November,1,2025-11-03,baseline_start,0-0__116,NA,NA,Porites porites,480,cm2,0,0,FALSE,Plot C__1__baseline_start__0-0__116,1
Plot C,all,Plot C,November,1,2025-11-03,baseline_start,0-0__117,NA,NA,Porites porites,480,cm2,0,0,FALSE,Plot C__1__baseline_start__0-0__117,1
Plot C,all,Plot C,November,1,2025-11-03,baseline_start,0-0__118,NA,NA,Porites porites,480,cm2,0,0,FALSE,Plot C__1__baseline_start__0-0__118,1
Plot C,all,Plot C,November,1,2025-11-03,baseline_start,0-0__119,NA,NA,Porites porites,480,cm2,0,0,FALSE,Plot C__1__baseline_start__0-0__119,1
Plot C,all,Plot C,November,1,2025-11-03,baseline_start,0-0__12,NA,NA,Montastraea cavernosa,480,cm2,0,0,FALSE,Plot C__1__baseline_start__0-0__12,1
Plot C,all,Plot C,November,1,2025-11-03,baseline_start,0-0__120,NA,NA,Porites porites,480,cm2,0,0,FALSE,Plot C__1__baseline_start__0-0__120,1
Plot C,all,Plot C,November,1,2025-11-03,baseline_start,0-0__121,NA,NA,Porites porites,480,cm2,0,0,FALSE,Plot C__1__baseline_start__0-0__121,1
Plot C,all,Plot C,November,1,2025-11-03,baseline_start,0-0__122,NA,NA,Porites porites,480,cm2,0,0,FALSE,Plot C__1__baseline_start__0-0__122,1
Plot C,all,Plot C,November,1,2025-11-03,baseline_start,0-0__123,NA,NA,Porites porites,480,cm2,0,0,FALSE,Plot C__1__baseline_start__0-0__123,1
Plot C,all,Plot C,November,1,2025-11-03,baseline_start,0-0__124,NA,NA,Porites porites,480,cm2,0,0,FALSE,Plot C__1__baseline_start__0-0__124,1
Plot C,all,Plot C,November,1,2025-11-03,baseline_start,0-0__125,NA,NA,Porites porites,480,cm2,0,0,FALSE,Plot C__1__baseline_start__0-0__125,1
Plot C,all,Plot C,November,1,2025-11-03,baseline_start,0-0__126,NA,NA,Porites porites,480,cm2,0,0,FALSE,Plot C__1__baseline_start__0-0__126,1
Plot C,all,Plot C,November,1,2025-11-03,baseline_start,0-0__127,NA,NA,Porites porites,480,cm2,0,0,FALSE,Plot C__1__baseline_start__0-0__127,1
Plot C,all,Plot C,November,1,2025-11-03,baseline_start,0-0__128,NA,NA,Porites porites,480,cm2,0,0,FALSE,Plot C__1__baseline_start__0-0__128,1
Plot C,all,Plot C,November,1,2025-11-03,baseline_start,0-0__129,NA,NA,Porites porites,480,cm2,0,0,FALSE,Plot C__1__baseline_start__0-0__129,1
Plot C,all,Plot C,November,1,2025-11-03,baseline_start,0-0__13,NA,NA,Montastraea cavernosa,480,cm2,0,0,FALSE,Plot C__1__baseline_start__0-0__13,1
Plot C,all,Plot C,November,1,2025-11-03,baseline_start,0-0__130,NA,NA,Porites porites,480,cm2,0,0,FALSE,Plot C__1__baseline_start__0-0__130,1
Plot C,all,Plot C,November,1,2025-11-03,baseline_start,0-0__131,NA,NA,Porites porites,480,cm2,0,0,FALSE,Plot C__1__baseline_start__0-0__131,1
Plot C,all,Plot C,November,1,2025-11-03,baseline_start,0-0__132,NA,NA,Porites porites,480,cm2,0,0,FALSE,Plot C__1__baseline_start__0-0__132,1
Plot C,all,Plot C,November,1,2025-11-03,baseline_start,0-0__133,NA,NA,Porites porites,480,cm2,0,0,FALSE,Plot C__1__baseline_start__0-0__133,1
Plot C,all,Plot C,November,1,2025-11-03,baseline_start,0-0__134,NA,NA,Porites porites,480,cm2,0,0,FALSE,Plot C__1__baseline_start__0-0__134,1
Plot C,all,Plot C,November,1,2025-11-03,baseline_start,0-0__135,NA,NA,Porites porites,480,cm2,0,0,FALSE,Plot C__1__baseline_start__0-0__135,1
Plot C,all,Plot C,November,1,2025-11-03,baseline_start,0-0__136,NA,NA,Orbicella franksi,480,cm2,0,0,FALSE,Plot C__1__baseline_start__0-0__136,1
Plot C,all,Plot C,November,1,2025-11-03,baseline_start,0-0__137,NA,NA,Orbicella franksi,480,cm2,0,0,FALSE,Plot C__1__baseline_start__0-0__137,1
Plot C,all,Plot C,November,1,2025-11-03,baseline_start,0-0__138,NA,NA,Porites porites,480,cm2,0,0,FALSE,Plot C__1__baseline_start__0-0__138,1
Plot C,all,Plot C,November,1,2025-11-03,baseline_start,0-0__139,NA,NA,Porites porites,480,cm2,0,0,FALSE,Plot C__1__baseline_start__0-0__139,1
Plot C,all,Plot C,November,1,2025-11-03,baseline_start,0-0__14,NA,NA,Montastraea cavernosa,480,cm2,0,0,FALSE,Plot C__1__baseline_start__0-0__14,1
Plot C,all,Plot C,November,1,2025-11-03,baseline_start,0-0__140,NA,NA,Orbicella franksi,480,cm2,0,0,FALSE,Plot C__1__baseline_start__0-0__140,1
Plot C,all,Plot C,November,1,2025-11-03,baseline_start,0-0__141,NA,NA,Orbicella franksi,480,cm2,0,0,FALSE,Plot C__1__baseline_start__0-0__141,1
Plot C,all,Plot C,November,1,2025-11-03,baseline_start,0-0__142,NA,NA,Porites porites,480,cm2,0,0,FALSE,Plot C__1__baseline_start__0-0__142,1
Plot C,all,Plot C,November,1,2025-11-03,baseline_start,0-0__143,NA,NA,Orbicella franksi,480,cm2,0,0,FALSE,Plot C__1__baseline_start__0-0__143,1
Plot C,all,Plot C,November,1,2025-11-03,baseline_start,0-0__144,NA,NA,Orbicella franksi,480,cm2,0,0,FALSE,Plot C__1__baseline_start__0-0__144,1
Plot C,all,Plot C,November,1,2025-11-03,baseline_start,0-0__145,NA,NA,Orbicella franksi,480,cm2,0,0,FALSE,Plot C__1__baseline_start__0-0__145,1
Plot C,all,Plot C,November,1,2025-11-03,baseline_start,0-0__146,NA,NA,Porites porites,480,cm2,0,0,FALSE,Plot C__1__baseline_start__0-0__146,1
Plot C,all,Plot C,November,1,2025-11-03,baseline_start,0-0__147,NA,NA,Orbicella franksi,480,cm2,0,0,FALSE,Plot C__1__baseline_start__0-0__147,1
Plot C,all,Plot C,November,1,2025-11-03,baseline_start,0-0__148,NA,NA,Orbicella franksi,480,cm2,0,0,FALSE,Plot C__1__baseline_start__0-0__148,1
Plot C,all,Plot C,November,1,2025-11-03,baseline_start,0-0__149,NA,NA,Orbicella franksi,480,cm2,0,0,FALSE,Plot C__1__baseline_start__0-0__149,1
Plot C,all,Plot C,November,1,2025-11-03,baseline_start,0-0__15,NA,NA,Montastraea cavernosa,480,cm2,0,0,FALSE,Plot C__1__baseline_start__0-0__15,1
Plot C,all,Plot C,November,1,2025-11-03,baseline_start,0-0__150,NA,NA,Orbicella franksi,480,cm2,0,0,FALSE,Plot C__1__baseline_start__0-0__150,1
Plot C,all,Plot C,November,1,2025-11-03,baseline_start,0-0__151,NA,NA,Orbicella franksi,480,cm2,0,0,FALSE,Plot C__1__baseline_start__0-0__151,1
Plot C,all,Plot C,November,1,2025-11-03,baseline_start,0-0__152,NA,NA,Orbicella franksi,480,cm2,0,0,FALSE,Plot C__1__baseline_start__0-0__152,1
Plot C,all,Plot C,November,1,2025-11-03,baseline_start,0-0__153,NA,NA,Porites porites,480,cm2,0,0,FALSE,Plot C__1__baseline_start__0-0__153,1
Plot C,all,Plot C,November,1,2025-11-03,baseline_start,0-0__154,NA,NA,Orbicella franksi,480,cm2,0,0,FALSE,Plot C__1__baseline_start__0-0__154,1
Plot C,all,Plot C,November,1,2025-11-03,baseline_start,0-0__155,NA,NA,Orbicella franksi,480,cm2,0,0,FALSE,Plot C__1__baseline_start__0-0__155,1
Plot C,all,Plot C,November,1,2025-11-03,baseline_start,0-0__156,NA,NA,Orbicella franksi,480,cm2,0,0,FALSE,Plot C__1__baseline_start__0-0__156,1
Plot C,all,Plot C,November,1,2025-11-03,baseline_start,0-0__157,NA,NA,Orbicella franksi,480,cm2,0,0,FALSE,Plot C__1__baseline_start__0-0__157,1
Plot C,all,Plot C,November,1,2025-11-03,baseline_start,0-0__158,NA,NA,Orbicella franksi,480,cm2,0,0,FALSE,Plot C__1__baseline_start__0-0__158,1
Plot C,all,Plot C,November,1,2025-11-03,baseline_start,0-0__159,NA,NA,Porites porites,480,cm2,0,0,FALSE,Plot C__1__baseline_start__0-0__159,1
Plot C,all,Plot C,November,1,2025-11-03,baseline_start,0-0__16,NA,NA,Montastraea cavernosa,480,cm2,0,0,FALSE,Plot C__1__baseline_start__0-0__16,1
Plot C,all,Plot C,November,1,2025-11-03,baseline_start,0-0__160,NA,NA,Orbicella franksi,480,cm2,0,0,FALSE,Plot C__1__baseline_start__0-0__160,1
Plot C,all,Plot C,November,1,2025-11-03,baseline_start,0-0__161,NA,NA,Orbicella franksi,480,cm2,0,0,FALSE,Plot C__1__baseline_start__0-0__161,1
Plot C,all,Plot C,November,1,2025-11-03,baseline_start,0-0__162,NA,NA,Orbicella franksi,480,cm2,0,0,FALSE,Plot C__1__baseline_start__0-0__162,1
Plot C,all,Plot C,November,1,2025-11-03,baseline_start,0-0__163,NA,NA,Orbicella franksi,480,cm2,0,0,FALSE,Plot C__1__baseline_start__0-0__163,1
Plot C,all,Plot C,November,1,2025-11-03,baseline_start,0-0__164,NA,NA,Orbicella franksi,480,cm2,0,0,FALSE,Plot C__1__baseline_start__0-0__164,1
Plot C,all,Plot C,November,1,2025-11-03,baseline_start,0-0__166,NA,NA,Orbicella annularis,480,cm2,0,0,FALSE,Plot C__1__baseline_start__0-0__166,1
Plot C,all,Plot C,November,1,2025-11-03,baseline_start,0-0__167,NA,NA,Porites porites,480,cm2,0,0,FALSE,Plot C__1__baseline_start__0-0__167,1
Plot C,all,Plot C,November,1,2025-11-03,baseline_start,0-0__168,NA,NA,Porites porites,480,cm2,0,0,FALSE,Plot C__1__baseline_start__0-0__168,1
Plot C,all,Plot C,November,1,2025-11-03,baseline_start,0-0__169,NA,NA,Porites porites,480,cm2,0,0,FALSE,Plot C__1__baseline_start__0-0__169,1
Plot C,all,Plot C,November,1,2025-11-03,baseline_start,0-0__17,NA,NA,Montastraea cavernosa,480,cm2,0,0,FALSE,Plot C__1__baseline_start__0-0__17,1
Plot C,all,Plot C,November,1,2025-11-03,baseline_start,0-0__170,NA,NA,Porites porites,480,cm2,0,0,FALSE,Plot C__1__baseline_start__0-0__170,1
Plot C,all,Plot C,November,1,2025-11-03,baseline_start,0-0__171,NA,NA,Porites porites,480,cm2,0,0,FALSE,Plot C__1__baseline_start__0-0__171,1
Plot C,all,Plot C,November,1,2025-11-03,baseline_start,0-0__172,NA,NA,Porites porites,480,cm2,0,0,FALSE,Plot C__1__baseline_start__0-0__172,1
Plot C,all,Plot C,November,1,2025-11-03,baseline_start,0-0__173,NA,NA,Porites porites,480,cm2,0,0,FALSE,Plot C__1__baseline_start__0-0__173,1
Plot C,all,Plot C,November,1,2025-11-03,baseline_start,0-0__174,NA,NA,Porites porites,480,cm2,0,0,FALSE,Plot C__1__baseline_start__0-0__174,1
Plot C,all,Plot C,November,1,2025-11-03,baseline_start,0-0__175,NA,NA,Porites porites,480,cm2,0,0,FALSE,Plot C__1__baseline_start__0-0__175,1
Plot C,all,Plot C,November,1,2025-11-03,baseline_start,0-0__176,NA,NA,Porites porites,480,cm2,0,0,FALSE,Plot C__1__baseline_start__0-0__176,1
Plot C,all,Plot C,November,1,2025-11-03,baseline_start,0-0__177,NA,NA,Porites porites,480,cm2,0,0,FALSE,Plot C__1__baseline_start__0-0__177,1
Plot C,all,Plot C,November,1,2025-11-03,baseline_start,0-0__178,NA,NA,Porites porites,480,cm2,0,0,FALSE,Plot C__1__baseline_start__0-0__178,1
Plot C,all,Plot C,November,1,2025-11-03,baseline_start,0-0__179,NA,NA,Porites porites,480,cm2,0,0,FALSE,Plot C__1__baseline_start__0-0__179,1
Plot C,all,Plot C,November,1,2025-11-03,baseline_start,0-0__18,NA,NA,Montastraea cavernosa,480,cm2,0,0,FALSE,Plot C__1__baseline_start__0-0__18,1
Plot C,all,Plot C,November,1,2025-11-03,baseline_start,0-0__180,NA,NA,Porites porites,480,cm2,0,0,FALSE,Plot C__1__baseline_start__0-0__180,1
Plot C,all,Plot C,November,1,2025-11-03,baseline_start,0-0__181,NA,NA,Porites porites,480,cm2,0,0,FALSE,Plot C__1__baseline_start__0-0__181,1
Plot C,all,Plot C,November,1,2025-11-03,baseline_start,0-0__182,NA,NA,Porites porites,480,cm2,0,0,FALSE,Plot C__1__baseline_start__0-0__182,1
Plot C,all,Plot C,November,1,2025-11-03,baseline_start,0-0__183,NA,NA,Porites porites,480,cm2,0,0,FALSE,Plot C__1__baseline_start__0-0__183,1
Plot C,all,Plot C,November,1,2025-11-03,baseline_start,0-0__184,NA,NA,Porites porites,480,cm2,0,0,FALSE,Plot C__1__baseline_start__0-0__184,1
Plot C,all,Plot C,November,1,2025-11-03,baseline_start,0-0__185,NA,NA,Porites porites,480,cm2,0,0,FALSE,Plot C__1__baseline_start__0-0__185,1
Plot C,all,Plot C,November,1,2025-11-03,baseline_start,0-0__186,NA,NA,Porites porites,480,cm2,0,0,FALSE,Plot C__1__baseline_start__0-0__186,1
Plot C,all,Plot C,November,1,2025-11-03,baseline_start,0-0__187,NA,NA,Porites porites,480,cm2,0,0,FALSE,Plot C__1__baseline_start__0-0__187,1
Plot C,all,Plot C,November,1,2025-11-03,baseline_start,0-0__188,NA,NA,Porites porites,480,cm2,0,0,FALSE,Plot C__1__baseline_start__0-0__188,1
Plot C,all,Plot C,November,1,2025-11-03,baseline_start,0-0__189,NA,NA,Porites porites,480,cm2,0,0,FALSE,Plot C__1__baseline_start__0-0__189,1
Plot C,all,Plot C,November,1,2025-11-03,baseline_start,0-0__19,NA,NA,Montastraea cavernosa,480,cm2,0,0,FALSE,Plot C__1__baseline_start__0-0__19,1
Plot C,all,Plot C,November,1,2025-11-03,baseline_start,0-0__190,NA,NA,Porites porites,480,cm2,0,0,FALSE,Plot C__1__baseline_start__0-0__190,1
Plot C,all,Plot C,November,1,2025-11-03,baseline_start,0-0__191,NA,NA,Porites porites,480,cm2,0,0,FALSE,Plot C__1__baseline_start__0-0__191,1
Plot C,all,Plot C,November,1,2025-11-03,baseline_start,0-0__192,NA,NA,Porites porites,480,cm2,0,0,FALSE,Plot C__1__baseline_start__0-0__192,1
Plot C,all,Plot C,November,1,2025-11-03,baseline_start,0-0__193,NA,NA,Porites porites,480,cm2,0,0,FALSE,Plot C__1__baseline_start__0-0__193,1
Plot C,all,Plot C,November,1,2025-11-03,baseline_start,0-0__194,NA,NA,Porites porites,480,cm2,0,0,FALSE,Plot C__1__baseline_start__0-0__194,1
Plot C,all,Plot C,November,1,2025-11-03,baseline_start,0-0__195,NA,NA,Porites porites,480,cm2,0,0,FALSE,Plot C__1__baseline_start__0-0__195,1
Plot C,all,Plot C,November,1,2025-11-03,baseline_start,0-0__196,NA,NA,Porites porites,480,cm2,0,0,FALSE,Plot C__1__baseline_start__0-0__196,1
Plot C,all,Plot C,November,1,2025-11-03,baseline_start,0-0__197,NA,NA,Porites porites,480,cm2,0,0,FALSE,Plot C__1__baseline_start__0-0__197,1
Plot C,all,Plot C,November,1,2025-11-03,baseline_start,0-0__198,NA,NA,Porites porites,480,cm2,0,0,FALSE,Plot C__1__baseline_start__0-0__198,1
Plot C,all,Plot C,November,1,2025-11-03,baseline_start,0-0__199,NA,NA,Porites porites,480,cm2,0,0,FALSE,Plot C__1__baseline_start__0-0__199,1
Plot C,all,Plot C,November,1,2025-11-03,baseline_start,0-0__2,NA,NA,Orbicella annularis,480,cm2,0,0,FALSE,Plot C__1__baseline_start__0-0__2,1
Plot C,all,Plot C,November,1,2025-11-03,baseline_start,0-0__20,NA,NA,Montastraea cavernosa,480,cm2,0,0,FALSE,Plot C__1__baseline_start__0-0__20,1
Plot C,all,Plot C,November,1,2025-11-03,baseline_start,0-0__200,NA,NA,Porites porites,480,cm2,0,0,FALSE,Plot C__1__baseline_start__0-0__200,1
Plot C,all,Plot C,November,1,2025-11-03,baseline_start,0-0__201,NA,NA,Porites porites,480,cm2,0,0,FALSE,Plot C__1__baseline_start__0-0__201,1
Plot C,all,Plot C,November,1,2025-11-03,baseline_start,0-0__202,NA,NA,Porites porites,480,cm2,0,0,FALSE,Plot C__1__baseline_start__0-0__202,1
Plot C,all,Plot C,November,1,2025-11-03,baseline_start,0-0__203,NA,NA,Porites porites,480,cm2,0,0,FALSE,Plot C__1__baseline_start__0-0__203,1
Plot C,all,Plot C,November,1,2025-11-03,baseline_start,0-0__204,NA,NA,Porites porites,480,cm2,0,0,FALSE,Plot C__1__baseline_start__0-0__204,1
Plot C,all,Plot C,November,1,2025-11-03,baseline_start,0-0__205,NA,NA,Porites porites,480,cm2,0,0,FALSE,Plot C__1__baseline_start__0-0__205,1
Plot C,all,Plot C,November,1,2025-11-03,baseline_start,0-0__206,NA,NA,Porites porites,480,cm2,0,0,FALSE,Plot C__1__baseline_start__0-0__206,1
Plot C,all,Plot C,November,1,2025-11-03,baseline_start,0-0__207,NA,NA,Unidentified coral,480,cm2,0,0,FALSE,Plot C__1__baseline_start__0-0__207,1
Plot C,all,Plot C,November,1,2025-11-03,baseline_start,0-0__208,NA,NA,Porites porites,480,cm2,0,0,FALSE,Plot C__1__baseline_start__0-0__208,1
Plot C,all,Plot C,November,1,2025-11-03,baseline_start,0-0__209,NA,NA,Porites porites,480,cm2,0,0,FALSE,Plot C__1__baseline_start__0-0__209,1
Plot C,all,Plot C,November,1,2025-11-03,baseline_start,0-0__21,NA,NA,Montastraea cavernosa,480,cm2,0,0,FALSE,Plot C__1__baseline_start__0-0__21,1
Plot C,all,Plot C,November,1,2025-11-03,baseline_start,0-0__210,NA,NA,Porites porites,480,cm2,0,0,FALSE,Plot C__1__baseline_start__0-0__210,1
Plot C,all,Plot C,November,1,2025-11-03,baseline_start,0-0__211,NA,NA,Porites porites,480,cm2,0,0,FALSE,Plot C__1__baseline_start__0-0__211,1
Plot C,all,Plot C,November,1,2025-11-03,baseline_start,0-0__212,NA,NA,Porites porites,480,cm2,0,0,FALSE,Plot C__1__baseline_start__0-0__212,1
Plot C,all,Plot C,November,1,2025-11-03,baseline_start,0-0__213,NA,NA,Porites porites,480,cm2,0,0,FALSE,Plot C__1__baseline_start__0-0__213,1
Plot C,all,Plot C,November,1,2025-11-03,baseline_start,0-0__214,NA,NA,Porites porites,480,cm2,0,0,FALSE,Plot C__1__baseline_start__0-0__214,1
Plot C,all,Plot C,November,1,2025-11-03,baseline_start,0-0__215,NA,NA,Porites porites,480,cm2,0,0,FALSE,Plot C__1__baseline_start__0-0__215,1
Plot C,all,Plot C,November,1,2025-11-03,baseline_start,0-0__216,NA,NA,Porites porites,480,cm2,0,0,FALSE,Plot C__1__baseline_start__0-0__216,1
Plot C,all,Plot C,November,1,2025-11-03,baseline_start,0-0__217,NA,NA,Porites porites,480,cm2,0,0,FALSE,Plot C__1__baseline_start__0-0__217,1
Plot C,all,Plot C,November,1,2025-11-03,baseline_start,0-0__218,NA,NA,Porites porites,480,cm2,0,0,FALSE,Plot C__1__baseline_start__0-0__218,1
Plot C,all,Plot C,November,1,2025-11-03,baseline_start,0-0__219,NA,NA,Porites porites,480,cm2,0,0,FALSE,Plot C__1__baseline_start__0-0__219,1
Plot C,all,Plot C,November,1,2025-11-03,baseline_start,0-0__22,NA,NA,Orbicella annularis,480,cm2,0,0,FALSE,Plot C__1__baseline_start__0-0__22,1
Plot C,all,Plot C,November,1,2025-11-03,baseline_start,0-0__220,NA,NA,Porites porites,480,cm2,0,0,FALSE,Plot C__1__baseline_start__0-0__220,1
Plot C,all,Plot C,November,1,2025-11-03,baseline_start,0-0__221,NA,NA,Porites porites,480,cm2,0,0,FALSE,Plot C__1__baseline_start__0-0__221,1
Plot C,all,Plot C,November,1,2025-11-03,baseline_start,0-0__222,NA,NA,Porites porites,480,cm2,0,0,FALSE,Plot C__1__baseline_start__0-0__222,1
Plot C,all,Plot C,November,1,2025-11-03,baseline_start,0-0__223,NA,NA,Porites porites,480,cm2,0,0,FALSE,Plot C__1__baseline_start__0-0__223,1
Plot C,all,Plot C,November,1,2025-11-03,baseline_start,0-0__224,NA,NA,Porites porites,480,cm2,0,0,FALSE,Plot C__1__baseline_start__0-0__224,1
Plot C,all,Plot C,November,1,2025-11-03,baseline_start,0-0__225,NA,NA,Porites porites,480,cm2,0,0,FALSE,Plot C__1__baseline_start__0-0__225,1
Plot C,all,Plot C,November,1,2025-11-03,baseline_start,0-0__226,NA,NA,Porites porites,480,cm2,0,0,FALSE,Plot C__1__baseline_start__0-0__226,1
Plot C,all,Plot C,November,1,2025-11-03,baseline_start,0-0__227,NA,NA,Porites porites,480,cm2,0,0,FALSE,Plot C__1__baseline_start__0-0__227,1
Plot C,all,Plot C,November,1,2025-11-03,baseline_start,0-0__228,NA,NA,Porites porites,480,cm2,0,0,FALSE,Plot C__1__baseline_start__0-0__228,1
Plot C,all,Plot C,November,1,2025-11-03,baseline_start,0-0__229,NA,NA,Porites porites,480,cm2,0,0,FALSE,Plot C__1__baseline_start__0-0__229,1
Plot C,all,Plot C,November,1,2025-11-03,baseline_start,0-0__23,NA,NA,Montastraea cavernosa,480,cm2,0,0,FALSE,Plot C__1__baseline_start__0-0__23,1
Plot C,all,Plot C,November,1,2025-11-03,baseline_start,0-0__230,NA,NA,Porites porites,480,cm2,0,0,FALSE,Plot C__1__baseline_start__0-0__230,1
Plot C,all,Plot C,November,1,2025-11-03,baseline_start,0-0__231,NA,NA,Porites porites,480,cm2,0,0,FALSE,Plot C__1__baseline_start__0-0__231,1
Plot C,all,Plot C,November,1,2025-11-03,baseline_start,0-0__232,NA,NA,Porites porites,480,cm2,0,0,FALSE,Plot C__1__baseline_start__0-0__232,1
Plot C,all,Plot C,November,1,2025-11-03,baseline_start,0-0__233,NA,NA,Porites porites,480,cm2,0,0,FALSE,Plot C__1__baseline_start__0-0__233,1
Plot C,all,Plot C,November,1,2025-11-03,baseline_start,0-0__234,NA,NA,Porites porites,480,cm2,0,0,FALSE,Plot C__1__baseline_start__0-0__234,1
Plot C,all,Plot C,November,1,2025-11-03,baseline_start,0-0__235,NA,NA,Porites porites,480,cm2,0,0,FALSE,Plot C__1__baseline_start__0-0__235,1
Plot C,all,Plot C,November,1,2025-11-03,baseline_start,0-0__236,NA,NA,Porites porites,480,cm2,0,0,FALSE,Plot C__1__baseline_start__0-0__236,1
Plot C,all,Plot C,November,1,2025-11-03,baseline_start,0-0__237,NA,NA,Orbicella faveolata,480,cm2,0,0,FALSE,Plot C__1__baseline_start__0-0__237,1
Plot C,all,Plot C,November,1,2025-11-03,baseline_start,0-0__238,NA,NA,Orbicella faveolata,480,cm2,0,0,FALSE,Plot C__1__baseline_start__0-0__238,1
Plot C,all,Plot C,November,1,2025-11-03,baseline_start,0-0__239,NA,NA,Orbicella faveolata,480,cm2,0,0,FALSE,Plot C__1__baseline_start__0-0__239,1
Plot C,all,Plot C,November,1,2025-11-03,baseline_start,0-0__24,NA,NA,Montastraea cavernosa,480,cm2,0,0,FALSE,Plot C__1__baseline_start__0-0__24,1
Plot C,all,Plot C,November,1,2025-11-03,baseline_start,0-0__240,NA,NA,Orbicella faveolata,480,cm2,0,0,FALSE,Plot C__1__baseline_start__0-0__240,1
Plot C,all,Plot C,November,1,2025-11-03,baseline_start,0-0__241,NA,NA,Orbicella faveolata,480,cm2,0,0,FALSE,Plot C__1__baseline_start__0-0__241,1
Plot C,all,Plot C,November,1,2025-11-03,baseline_start,0-0__242,NA,NA,Orbicella faveolata,480,cm2,0,0,FALSE,Plot C__1__baseline_start__0-0__242,1
Plot C,all,Plot C,November,1,2025-11-03,baseline_start,0-0__243,NA,NA,Orbicella faveolata,480,cm2,0,0,FALSE,Plot C__1__baseline_start__0-0__243,1
Plot C,all,Plot C,November,1,2025-11-03,baseline_start,0-0__244,NA,NA,Orbicella faveolata,480,cm2,0,0,FALSE,Plot C__1__baseline_start__0-0__244,1
Plot C,all,Plot C,November,1,2025-11-03,baseline_start,0-0__245,NA,NA,Porites porites,480,cm2,0,0,FALSE,Plot C__1__baseline_start__0-0__245,1
Plot C,all,Plot C,November,1,2025-11-03,baseline_start,0-0__246,NA,NA,Orbicella faveolata,480,cm2,0,0,FALSE,Plot C__1__baseline_start__0-0__246,1
Plot C,all,Plot C,November,1,2025-11-03,baseline_start,0-0__247,NA,NA,Orbicella faveolata,480,cm2,0,0,FALSE,Plot C__1__baseline_start__0-0__247,1
Plot C,all,Plot C,November,1,2025-11-03,baseline_start,0-0__248,NA,NA,Orbicella faveolata,480,cm2,0,0,FALSE,Plot C__1__baseline_start__0-0__248,1
Plot C,all,Plot C,November,1,2025-11-03,baseline_start,0-0__249,NA,NA,Orbicella faveolata,480,cm2,0,0,FALSE,Plot C__1__baseline_start__0-0__249,1
Plot C,all,Plot C,November,1,2025-11-03,baseline_start,0-0__25,NA,NA,Montastraea cavernosa,480,cm2,0,0,FALSE,Plot C__1__baseline_start__0-0__25,1
Plot C,all,Plot C,November,1,2025-11-03,baseline_start,0-0__250,NA,NA,Porites porites,480,cm2,0,0,FALSE,Plot C__1__baseline_start__0-0__250,1
Plot C,all,Plot C,November,1,2025-11-03,baseline_start,0-0__251,NA,NA,Orbicella faveolata,480,cm2,0,0,FALSE,Plot C__1__baseline_start__0-0__251,1
Plot C,all,Plot C,November,1,2025-11-03,baseline_start,0-0__252,NA,NA,Porites porites,480,cm2,0,0,FALSE,Plot C__1__baseline_start__0-0__252,1
Plot C,all,Plot C,November,1,2025-11-03,baseline_start,0-0__253,NA,NA,Porites porites,480,cm2,0,0,FALSE,Plot C__1__baseline_start__0-0__253,1
Plot C,all,Plot C,November,1,2025-11-03,baseline_start,0-0__254,NA,NA,Porites porites,480,cm2,0,0,FALSE,Plot C__1__baseline_start__0-0__254,1
Plot C,all,Plot C,November,1,2025-11-03,baseline_start,0-0__255,NA,NA,Porites porites,480,cm2,0,0,FALSE,Plot C__1__baseline_start__0-0__255,1
Plot C,all,Plot C,November,1,2025-11-03,baseline_start,0-0__256,NA,NA,Porites porites,480,cm2,0,0,FALSE,Plot C__1__baseline_start__0-0__256,1
Plot C,all,Plot C,November,1,2025-11-03,baseline_start,0-0__257,NA,NA,Porites porites,480,cm2,0,0,FALSE,Plot C__1__baseline_start__0-0__257,1
Plot C,all,Plot C,November,1,2025-11-03,baseline_start,0-0__258,NA,NA,Porites porites,480,cm2,0,0,FALSE,Plot C__1__baseline_start__0-0__258,1
Plot C,all,Plot C,November,1,2025-11-03,baseline_start,0-0__259,NA,NA,Porites porites,480,cm2,0,0,FALSE,Plot C__1__baseline_start__0-0__259,1
Plot C,all,Plot C,November,1,2025-11-03,baseline_start,0-0__26,NA,NA,Montastraea cavernosa,480,cm2,0,0,FALSE,Plot C__1__baseline_start__0-0__26,1
Plot C,all,Plot C,November,1,2025-11-03,baseline_start,0-0__260,NA,NA,Porites porites,480,cm2,0,0,FALSE,Plot C__1__baseline_start__0-0__260,1
Plot C,all,Plot C,November,1,2025-11-03,baseline_start,0-0__261,NA,NA,Porites porites,480,cm2,0,0,FALSE,Plot C__1__baseline_start__0-0__261,1
Plot C,all,Plot C,November,1,2025-11-03,baseline_start,0-0__262,NA,NA,Porites porites,480,cm2,0,0,FALSE,Plot C__1__baseline_start__0-0__262,1
Plot C,all,Plot C,November,1,2025-11-03,baseline_start,0-0__263,NA,NA,Porites porites,480,cm2,0,0,FALSE,Plot C__1__baseline_start__0-0__263,1
Plot C,all,Plot C,November,1,2025-11-03,baseline_start,0-0__264,NA,NA,Porites porites,480,cm2,0,0,FALSE,Plot C__1__baseline_start__0-0__264,1
Plot C,all,Plot C,November,1,2025-11-03,baseline_start,0-0__265,NA,NA,Porites porites,480,cm2,0,0,FALSE,Plot C__1__baseline_start__0-0__265,1
Plot C,all,Plot C,November,1,2025-11-03,baseline_start,0-0__266,NA,NA,Porites porites,480,cm2,0,0,FALSE,Plot C__1__baseline_start__0-0__266,1
Plot C,all,Plot C,November,1,2025-11-03,baseline_start,0-0__267,NA,NA,Porites porites,480,cm2,0,0,FALSE,Plot C__1__baseline_start__0-0__267,1
Plot C,all,Plot C,November,1,2025-11-03,baseline_start,0-0__268,NA,NA,Porites porites,480,cm2,0,0,FALSE,Plot C__1__baseline_start__0-0__268,1
Plot C,all,Plot C,November,1,2025-11-03,baseline_start,0-0__269,NA,NA,Porites porites,480,cm2,0,0,FALSE,Plot C__1__baseline_start__0-0__269,1
Plot C,all,Plot C,November,1,2025-11-03,baseline_start,0-0__27,NA,NA,Montastraea cavernosa,480,cm2,0,0,FALSE,Plot C__1__baseline_start__0-0__27,1
Plot C,all,Plot C,November,1,2025-11-03,baseline_start,0-0__270,NA,NA,Porites porites,480,cm2,0,0,FALSE,Plot C__1__baseline_start__0-0__270,1
Plot C,all,Plot C,November,1,2025-11-03,baseline_start,0-0__271,NA,NA,Porites porites,480,cm2,0,0,FALSE,Plot C__1__baseline_start__0-0__271,1
Plot C,all,Plot C,November,1,2025-11-03,baseline_start,0-0__272,NA,NA,Porites porites,480,cm2,0,0,FALSE,Plot C__1__baseline_start__0-0__272,1
Plot C,all,Plot C,November,1,2025-11-03,baseline_start,0-0__273,NA,NA,Porites porites,480,cm2,0,0,FALSE,Plot C__1__baseline_start__0-0__273,1
Plot C,all,Plot C,November,1,2025-11-03,baseline_start,0-0__274,NA,NA,Porites porites,480,cm2,0,0,FALSE,Plot C__1__baseline_start__0-0__274,1
Plot C,all,Plot C,November,1,2025-11-03,baseline_start,0-0__275,NA,NA,Porites porites,480,cm2,0,0,FALSE,Plot C__1__baseline_start__0-0__275,1
Plot C,all,Plot C,November,1,2025-11-03,baseline_start,0-0__276,NA,NA,Porites porites,480,cm2,0,0,FALSE,Plot C__1__baseline_start__0-0__276,1
Plot C,all,Plot C,November,1,2025-11-03,baseline_start,0-0__277,NA,NA,Porites porites,480,cm2,0,0,FALSE,Plot C__1__baseline_start__0-0__277,1
Plot C,all,Plot C,November,1,2025-11-03,baseline_start,0-0__278,NA,NA,Orbicella franksi,480,cm2,0,0,FALSE,Plot C__1__baseline_start__0-0__278,1
Plot C,all,Plot C,November,1,2025-11-03,baseline_start,0-0__279,NA,NA,Orbicella franksi,480,cm2,0,0,FALSE,Plot C__1__baseline_start__0-0__279,1
Plot C,all,Plot C,November,1,2025-11-03,baseline_start,0-0__28,NA,NA,Montastraea cavernosa,480,cm2,0,0,FALSE,Plot C__1__baseline_start__0-0__28,1
Plot C,all,Plot C,November,1,2025-11-03,baseline_start,0-0__280,NA,NA,Orbicella franksi,480,cm2,0,0,FALSE,Plot C__1__baseline_start__0-0__280,1
Plot C,all,Plot C,November,1,2025-11-03,baseline_start,0-0__281,NA,NA,Orbicella franksi,480,cm2,0,0,FALSE,Plot C__1__baseline_start__0-0__281,1
Plot C,all,Plot C,November,1,2025-11-03,baseline_start,0-0__283,NA,NA,Orbicella franksi,480,cm2,0,0,FALSE,Plot C__1__baseline_start__0-0__283,1
Plot C,all,Plot C,November,1,2025-11-03,baseline_start,0-0__284,NA,NA,Orbicella franksi,480,cm2,0,0,FALSE,Plot C__1__baseline_start__0-0__284,1
Plot C,all,Plot C,November,1,2025-11-03,baseline_start,0-0__285,NA,NA,Orbicella franksi,480,cm2,0,0,FALSE,Plot C__1__baseline_start__0-0__285,1
Plot C,all,Plot C,November,1,2025-11-03,baseline_start,0-0__286,NA,NA,Orbicella franksi,480,cm2,0,0,FALSE,Plot C__1__baseline_start__0-0__286,1
Plot C,all,Plot C,November,1,2025-11-03,baseline_start,0-0__287,NA,NA,Orbicella franksi,480,cm2,0,0,FALSE,Plot C__1__baseline_start__0-0__287,1
Plot C,all,Plot C,November,1,2025-11-03,baseline_start,0-0__288,NA,NA,Orbicella franksi,480,cm2,0,0,FALSE,Plot C__1__baseline_start__0-0__288,1
Plot C,all,Plot C,November,1,2025-11-03,baseline_start,0-0__289,NA,NA,Orbicella franksi,480,cm2,0,0,FALSE,Plot C__1__baseline_start__0-0__289,1
Plot C,all,Plot C,November,1,2025-11-03,baseline_start,0-0__29,NA,NA,Montastraea cavernosa,480,cm2,0,0,FALSE,Plot C__1__baseline_start__0-0__29,1
Plot C,all,Plot C,November,1,2025-11-03,baseline_start,0-0__290,NA,NA,Orbicella franksi,480,cm2,0,0,FALSE,Plot C__1__baseline_start__0-0__290,1
Plot C,all,Plot C,November,1,2025-11-03,baseline_start,0-0__291,NA,NA,Orbicella franksi,480,cm2,0,0,FALSE,Plot C__1__baseline_start__0-0__291,1
Plot C,all,Plot C,November,1,2025-11-03,baseline_start,0-0__292,NA,NA,Orbicella faveolata,480,cm2,0,0,FALSE,Plot C__1__baseline_start__0-0__292,1
Plot C,all,Plot C,November,1,2025-11-03,baseline_start,0-0__293,NA,NA,Orbicella faveolata,480,cm2,0,0,FALSE,Plot C__1__baseline_start__0-0__293,1
Plot C,all,Plot C,November,1,2025-11-03,baseline_start,0-0__294,NA,NA,Orbicella faveolata,480,cm2,0,0,FALSE,Plot C__1__baseline_start__0-0__294,1
Plot C,all,Plot C,November,1,2025-11-03,baseline_start,0-0__295,NA,NA,Orbicella faveolata,480,cm2,0,0,FALSE,Plot C__1__baseline_start__0-0__295,1
Plot C,all,Plot C,November,1,2025-11-03,baseline_start,0-0__296,NA,NA,Orbicella faveolata,480,cm2,0,0,FALSE,Plot C__1__baseline_start__0-0__296,1
Plot C,all,Plot C,November,1,2025-11-03,baseline_start,0-0__297,NA,NA,Orbicella faveolata,480,cm2,0,0,FALSE,Plot C__1__baseline_start__0-0__297,1
Plot C,all,Plot C,November,1,2025-11-03,baseline_start,0-0__298,NA,NA,Orbicella faveolata,480,cm2,0,0,FALSE,Plot C__1__baseline_start__0-0__298,1
Plot C,all,Plot C,November,1,2025-11-03,baseline_start,0-0__299,NA,NA,Orbicella faveolata,480,cm2,0,0,FALSE,Plot C__1__baseline_start__0-0__299,1
Plot C,all,Plot C,November,1,2025-11-03,baseline_start,0-0__3,NA,NA,Montastraea cavernosa,480,cm2,0,0,FALSE,Plot C__1__baseline_start__0-0__3,1
Plot C,all,Plot C,November,1,2025-11-03,baseline_start,0-0__30,NA,NA,Montastraea cavernosa,480,cm2,0,0,FALSE,Plot C__1__baseline_start__0-0__30,1
Plot C,all,Plot C,November,1,2025-11-03,baseline_start,0-0__300,NA,NA,Orbicella faveolata,480,cm2,0,0,FALSE,Plot C__1__baseline_start__0-0__300,1
Plot C,all,Plot C,November,1,2025-11-03,baseline_start,0-0__301,NA,NA,Orbicella faveolata,480,cm2,0,0,FALSE,Plot C__1__baseline_start__0-0__301,1
Plot C,all,Plot C,November,1,2025-11-03,baseline_start,0-0__302,NA,NA,Orbicella faveolata,480,cm2,0,0,FALSE,Plot C__1__baseline_start__0-0__302,1
Plot C,all,Plot C,November,1,2025-11-03,baseline_start,0-0__303,NA,NA,Orbicella faveolata,480,cm2,0,0,FALSE,Plot C__1__baseline_start__0-0__303,1
Plot C,all,Plot C,November,1,2025-11-03,baseline_start,0-0__31,NA,NA,Montastraea cavernosa,480,cm2,0,0,FALSE,Plot C__1__baseline_start__0-0__31,1
Plot C,all,Plot C,November,1,2025-11-03,baseline_start,0-0__32,NA,NA,Montastraea cavernosa,480,cm2,0,0,FALSE,Plot C__1__baseline_start__0-0__32,1
Plot C,all,Plot C,November,1,2025-11-03,baseline_start,0-0__33,NA,NA,Montastraea cavernosa,480,cm2,0,0,FALSE,Plot C__1__baseline_start__0-0__33,1
Plot C,all,Plot C,November,1,2025-11-03,baseline_start,0-0__34,NA,NA,Montastraea cavernosa,480,cm2,0,0,FALSE,Plot C__1__baseline_start__0-0__34,1
Plot C,all,Plot C,November,1,2025-11-03,baseline_start,0-0__35,NA,NA,Montastraea cavernosa,480,cm2,0,0,FALSE,Plot C__1__baseline_start__0-0__35,1
Plot C,all,Plot C,November,1,2025-11-03,baseline_start,0-0__36,NA,NA,Montastraea cavernosa,480,cm2,0,0,FALSE,Plot C__1__baseline_start__0-0__36,1
Plot C,all,Plot C,November,1,2025-11-03,baseline_start,0-0__37,NA,NA,Montastraea cavernosa,480,cm2,0,0,FALSE,Plot C__1__baseline_start__0-0__37,1
Plot C,all,Plot C,November,1,2025-11-03,baseline_start,0-0__38,NA,NA,Montastraea cavernosa,480,cm2,0,0,FALSE,Plot C__1__baseline_start__0-0__38,1
Plot C,all,Plot C,November,1,2025-11-03,baseline_start,0-0__39,NA,NA,Montastraea cavernosa,480,cm2,0,0,FALSE,Plot C__1__baseline_start__0-0__39,1
Plot C,all,Plot C,November,1,2025-11-03,baseline_start,0-0__4,NA,NA,Montastraea cavernosa,480,cm2,0,0,FALSE,Plot C__1__baseline_start__0-0__4,1
Plot C,all,Plot C,November,1,2025-11-03,baseline_start,0-0__40,NA,NA,Montastraea cavernosa,480,cm2,0,0,FALSE,Plot C__1__baseline_start__0-0__40,1
Plot C,all,Plot C,November,1,2025-11-03,baseline_start,0-0__41,NA,NA,Montastraea cavernosa,480,cm2,0,0,FALSE,Plot C__1__baseline_start__0-0__41,1
Plot C,all,Plot C,November,1,2025-11-03,baseline_start,0-0__42,NA,NA,Montastraea cavernosa,480,cm2,0,0,FALSE,Plot C__1__baseline_start__0-0__42,1
Plot C,all,Plot C,November,1,2025-11-03,baseline_start,0-0__43,NA,NA,Montastraea cavernosa,480,cm2,0,0,FALSE,Plot C__1__baseline_start__0-0__43,1
Plot C,all,Plot C,November,1,2025-11-03,baseline_start,0-0__44,NA,NA,Orbicella annularis,480,cm2,0,0,FALSE,Plot C__1__baseline_start__0-0__44,1
Plot C,all,Plot C,November,1,2025-11-03,baseline_start,0-0__45,NA,NA,Montastraea cavernosa,480,cm2,0,0,FALSE,Plot C__1__baseline_start__0-0__45,1
Plot C,all,Plot C,November,1,2025-11-03,baseline_start,0-0__46,NA,NA,Montastraea cavernosa,480,cm2,0,0,FALSE,Plot C__1__baseline_start__0-0__46,1
Plot C,all,Plot C,November,1,2025-11-03,baseline_start,0-0__47,NA,NA,Montastraea cavernosa,480,cm2,0,0,FALSE,Plot C__1__baseline_start__0-0__47,1
Plot C,all,Plot C,November,1,2025-11-03,baseline_start,0-0__48,NA,NA,Montastraea cavernosa,480,cm2,0,0,FALSE,Plot C__1__baseline_start__0-0__48,1
Plot C,all,Plot C,November,1,2025-11-03,baseline_start,0-0__49,NA,NA,Montastraea cavernosa,480,cm2,0,0,FALSE,Plot C__1__baseline_start__0-0__49,1
Plot C,all,Plot C,November,1,2025-11-03,baseline_start,0-0__5,NA,NA,Montastraea cavernosa,480,cm2,0,0,FALSE,Plot C__1__baseline_start__0-0__5,1
Plot C,all,Plot C,November,1,2025-11-03,baseline_start,0-0__50,NA,NA,Montastraea cavernosa,480,cm2,0,0,FALSE,Plot C__1__baseline_start__0-0__50,1
Plot C,all,Plot C,November,1,2025-11-03,baseline_start,0-0__51,NA,NA,Montastraea cavernosa,480,cm2,0,0,FALSE,Plot C__1__baseline_start__0-0__51,1
Plot C,all,Plot C,November,1,2025-11-03,baseline_start,0-0__52,NA,NA,Montastraea cavernosa,480,cm2,0,0,FALSE,Plot C__1__baseline_start__0-0__52,1
Plot C,all,Plot C,November,1,2025-11-03,baseline_start,0-0__53,NA,NA,Montastraea cavernosa,480,cm2,0,0,FALSE,Plot C__1__baseline_start__0-0__53,1
Plot C,all,Plot C,November,1,2025-11-03,baseline_start,0-0__54,NA,NA,Montastraea cavernosa,480,cm2,0,0,FALSE,Plot C__1__baseline_start__0-0__54,1
Plot C,all,Plot C,November,1,2025-11-03,baseline_start,0-0__55,NA,NA,Montastraea cavernosa,480,cm2,0,0,FALSE,Plot C__1__baseline_start__0-0__55,1
Plot C,all,Plot C,November,1,2025-11-03,baseline_start,0-0__56,NA,NA,Montastraea cavernosa,480,cm2,0,0,FALSE,Plot C__1__baseline_start__0-0__56,1
Plot C,all,Plot C,November,1,2025-11-03,baseline_start,0-0__57,NA,NA,Montastraea cavernosa,480,cm2,0,0,FALSE,Plot C__1__baseline_start__0-0__57,1
Plot C,all,Plot C,November,1,2025-11-03,baseline_start,0-0__59,NA,NA,Montastraea cavernosa,480,cm2,0,0,FALSE,Plot C__1__baseline_start__0-0__59,1
Plot C,all,Plot C,November,1,2025-11-03,baseline_start,0-0__6,NA,NA,Montastraea cavernosa,480,cm2,0,0,FALSE,Plot C__1__baseline_start__0-0__6,1
Plot C,all,Plot C,November,1,2025-11-03,baseline_start,0-0__60,NA,NA,Montastraea cavernosa,480,cm2,0,0,FALSE,Plot C__1__baseline_start__0-0__60,1
Plot C,all,Plot C,November,1,2025-11-03,baseline_start,0-0__61,NA,NA,Montastraea cavernosa,480,cm2,0,0,FALSE,Plot C__1__baseline_start__0-0__61,1
Plot C,all,Plot C,November,1,2025-11-03,baseline_start,0-0__62,NA,NA,Montastraea cavernosa,480,cm2,0,0,FALSE,Plot C__1__baseline_start__0-0__62,1
Plot C,all,Plot C,November,1,2025-11-03,baseline_start,0-0__63,NA,NA,Montastraea cavernosa,480,cm2,0,0,FALSE,Plot C__1__baseline_start__0-0__63,1
Plot C,all,Plot C,November,1,2025-11-03,baseline_start,0-0__64,NA,NA,Montastraea cavernosa,480,cm2,0,0,FALSE,Plot C__1__baseline_start__0-0__64,1
Plot C,all,Plot C,November,1,2025-11-03,baseline_start,0-0__65,NA,NA,Montastraea cavernosa,480,cm2,0,0,FALSE,Plot C__1__baseline_start__0-0__65,1
Plot C,all,Plot C,November,1,2025-11-03,baseline_start,0-0__66,NA,NA,Porites porites,480,cm2,0,0,FALSE,Plot C__1__baseline_start__0-0__66,1
Plot C,all,Plot C,November,1,2025-11-03,baseline_start,0-0__67,NA,NA,Porites porites,480,cm2,0,0,FALSE,Plot C__1__baseline_start__0-0__67,1
Plot C,all,Plot C,November,1,2025-11-03,baseline_start,0-0__68,NA,NA,Montastraea cavernosa,480,cm2,0,0,FALSE,Plot C__1__baseline_start__0-0__68,1
Plot C,all,Plot C,November,1,2025-11-03,baseline_start,0-0__69,NA,NA,Montastraea cavernosa,480,cm2,0,0,FALSE,Plot C__1__baseline_start__0-0__69,1
Plot C,all,Plot C,November,1,2025-11-03,baseline_start,0-0__7,NA,NA,Montastraea cavernosa,480,cm2,0,0,FALSE,Plot C__1__baseline_start__0-0__7,1
Plot C,all,Plot C,November,1,2025-11-03,baseline_start,0-0__70,NA,NA,Montastraea cavernosa,480,cm2,0,0,FALSE,Plot C__1__baseline_start__0-0__70,1
Plot C,all,Plot C,November,1,2025-11-03,baseline_start,0-0__71,NA,NA,Montastraea cavernosa,480,cm2,0,0,FALSE,Plot C__1__baseline_start__0-0__71,1
Plot C,all,Plot C,November,1,2025-11-03,baseline_start,0-0__72,NA,NA,Montastraea cavernosa,480,cm2,0,0,FALSE,Plot C__1__baseline_start__0-0__72,1
Plot C,all,Plot C,November,1,2025-11-03,baseline_start,0-0__73,NA,NA,Montastraea cavernosa,480,cm2,0,0,FALSE,Plot C__1__baseline_start__0-0__73,1
Plot C,all,Plot C,November,1,2025-11-03,baseline_start,0-0__74,NA,NA,Montastraea cavernosa,480,cm2,0,0,FALSE,Plot C__1__baseline_start__0-0__74,1
Plot C,all,Plot C,November,1,2025-11-03,baseline_start,0-0__75,NA,NA,Montastraea cavernosa,480,cm2,0,0,FALSE,Plot C__1__baseline_start__0-0__75,1
Plot C,all,Plot C,November,1,2025-11-03,baseline_start,0-0__76,NA,NA,Montastraea cavernosa,480,cm2,0,0,FALSE,Plot C__1__baseline_start__0-0__76,1
Plot C,all,Plot C,November,1,2025-11-03,baseline_start,0-0__77,NA,NA,Montastraea cavernosa,480,cm2,0,0,FALSE,Plot C__1__baseline_start__0-0__77,1
Plot C,all,Plot C,November,1,2025-11-03,baseline_start,0-0__78,NA,NA,Montastraea cavernosa,480,cm2,0,0,FALSE,Plot C__1__baseline_start__0-0__78,1
Plot C,all,Plot C,November,1,2025-11-03,baseline_start,0-0__79,NA,NA,Montastraea cavernosa,480,cm2,0,0,FALSE,Plot C__1__baseline_start__0-0__79,1
Plot C,all,Plot C,November,1,2025-11-03,baseline_start,0-0__8,NA,NA,Montastraea cavernosa,480,cm2,0,0,FALSE,Plot C__1__baseline_start__0-0__8,1
Plot C,all,Plot C,November,1,2025-11-03,baseline_start,0-0__80,NA,NA,Montastraea cavernosa,480,cm2,0,0,FALSE,Plot C__1__baseline_start__0-0__80,1
Plot C,all,Plot C,November,1,2025-11-03,baseline_start,0-0__81,NA,NA,Montastraea cavernosa,480,cm2,0,0,FALSE,Plot C__1__baseline_start__0-0__81,1
Plot C,all,Plot C,November,1,2025-11-03,baseline_start,0-0__82,NA,NA,Montastraea cavernosa,480,cm2,0,0,FALSE,Plot C__1__baseline_start__0-0__82,1
Plot C,all,Plot C,November,1,2025-11-03,baseline_start,0-0__83,NA,NA,Montastraea cavernosa,480,cm2,0,0,FALSE,Plot C__1__baseline_start__0-0__83,1
Plot C,all,Plot C,November,1,2025-11-03,baseline_start,0-0__84,NA,NA,Montastraea cavernosa,480,cm2,0,0,FALSE,Plot C__1__baseline_start__0-0__84,1
Plot C,all,Plot C,November,1,2025-11-03,baseline_start,0-0__85,NA,NA,Montastraea cavernosa,480,cm2,0,0,FALSE,Plot C__1__baseline_start__0-0__85,1
Plot C,all,Plot C,November,1,2025-11-03,baseline_start,0-0__86,NA,NA,Montastraea cavernosa,480,cm2,0,0,FALSE,Plot C__1__baseline_start__0-0__86,1
Plot C,all,Plot C,November,1,2025-11-03,baseline_start,0-0__87,NA,NA,Montastraea cavernosa,480,cm2,0,0,FALSE,Plot C__1__baseline_start__0-0__87,1
Plot C,all,Plot C,November,1,2025-11-03,baseline_start,0-0__88,NA,NA,Porites porites,480,cm2,0,0,FALSE,Plot C__1__baseline_start__0-0__88,1
Plot C,all,Plot C,November,1,2025-11-03,baseline_start,0-0__89,NA,NA,Orbicella annularis,480,cm2,0,0,FALSE,Plot C__1__baseline_start__0-0__89,1
Plot C,all,Plot C,November,1,2025-11-03,baseline_start,0-0__9,NA,NA,Montastraea cavernosa,480,cm2,0,0,FALSE,Plot C__1__baseline_start__0-0__9,1
Plot C,all,Plot C,November,1,2025-11-03,baseline_start,0-0__90,NA,NA,Porites porites,480,cm2,0,0,FALSE,Plot C__1__baseline_start__0-0__90,1
Plot C,all,Plot C,November,1,2025-11-03,baseline_start,0-0__91,NA,NA,Porites porites,480,cm2,0,0,FALSE,Plot C__1__baseline_start__0-0__91,1
Plot C,all,Plot C,November,1,2025-11-03,baseline_start,0-0__92,NA,NA,Porites porites,480,cm2,0,0,FALSE,Plot C__1__baseline_start__0-0__92,1
Plot C,all,Plot C,November,1,2025-11-03,baseline_start,0-0__93,NA,NA,Porites porites,480,cm2,0,0,FALSE,Plot C__1__baseline_start__0-0__93,1
Plot C,all,Plot C,November,1,2025-11-03,baseline_start,0-0__94,NA,NA,Porites porites,480,cm2,0,0,FALSE,Plot C__1__baseline_start__0-0__94,1
Plot C,all,Plot C,November,1,2025-11-03,baseline_start,0-0__95,NA,NA,Porites porites,480,cm2,0,0,FALSE,Plot C__1__baseline_start__0-0__95,1
Plot C,all,Plot C,November,1,2025-11-03,baseline_start,0-0__96,NA,NA,Porites porites,480,cm2,0,0,FALSE,Plot C__1__baseline_start__0-0__96,1
Plot C,all,Plot C,November,1,2025-11-03,baseline_start,0-0__97,NA,NA,Porites porites,480,cm2,0,0,FALSE,Plot C__1__baseline_start__0-0__97,1
Plot C,all,Plot C,November,1,2025-11-03,baseline_start,0-0__98,NA,NA,Porites porites,480,cm2,0,0,FALSE,Plot C__1__baseline_start__0-0__98,1
Plot C,all,Plot C,November,1,2025-11-03,baseline_start,0-0__99,NA,NA,Porites porites,480,cm2,0,0,FALSE,Plot C__1__baseline_start__0-0__99,1
Plot C,all,Plot C,November,1,2025-11-03,baseline_start,1-0__0,NA,NA,Orbicella annularis,480,cm2,0,0,FALSE,Plot C__1__baseline_start__1-0__0,1
Plot C,all,Plot C,November,1,2025-11-03,baseline_start,1-0__1,NA,NA,Orbicella annularis,480,cm2,0,0,FALSE,Plot C__1__baseline_start__1-0__1,1
Plot C,all,Plot C,November,1,2025-11-03,baseline_start,1-0__10,NA,NA,Orbicella annularis,480,cm2,0,0,FALSE,Plot C__1__baseline_start__1-0__10,1
Plot C,all,Plot C,November,1,2025-11-03,baseline_start,1-0__100,NA,NA,Orbicella franksi,480,cm2,0,0,FALSE,Plot C__1__baseline_start__1-0__100,1
Plot C,all,Plot C,November,1,2025-11-03,baseline_start,1-0__101,NA,NA,Orbicella franksi,480,cm2,0,0,FALSE,Plot C__1__baseline_start__1-0__101,1
Plot C,all,Plot C,November,1,2025-11-03,baseline_start,1-0__102,NA,NA,Orbicella franksi,480,cm2,0,0,FALSE,Plot C__1__baseline_start__1-0__102,1
Plot C,all,Plot C,November,1,2025-11-03,baseline_start,1-0__103,NA,NA,Orbicella franksi,480,cm2,0,0,FALSE,Plot C__1__baseline_start__1-0__103,1
Plot C,all,Plot C,November,1,2025-11-03,baseline_start,1-0__104,NA,NA,Montastraea cavernosa,480,cm2,0,0,FALSE,Plot C__1__baseline_start__1-0__104,1
Plot C,all,Plot C,November,1,2025-11-03,baseline_start,1-0__105,NA,NA,Orbicella franksi,480,cm2,0,0,FALSE,Plot C__1__baseline_start__1-0__105,1
Plot C,all,Plot C,November,1,2025-11-03,baseline_start,1-0__106,NA,NA,Orbicella franksi,480,cm2,0,0,FALSE,Plot C__1__baseline_start__1-0__106,1
Plot C,all,Plot C,November,1,2025-11-03,baseline_start,1-0__107,NA,NA,Montastraea cavernosa,480,cm2,0,0,FALSE,Plot C__1__baseline_start__1-0__107,1
Plot C,all,Plot C,November,1,2025-11-03,baseline_start,1-0__108,NA,NA,Montastraea cavernosa,480,cm2,0,0,FALSE,Plot C__1__baseline_start__1-0__108,1
Plot C,all,Plot C,November,1,2025-11-03,baseline_start,1-0__109,NA,NA,Montastraea cavernosa,480,cm2,0,0,FALSE,Plot C__1__baseline_start__1-0__109,1
Plot C,all,Plot C,November,1,2025-11-03,baseline_start,1-0__11,NA,NA,Orbicella annularis,480,cm2,0,0,FALSE,Plot C__1__baseline_start__1-0__11,1
Plot C,all,Plot C,November,1,2025-11-03,baseline_start,1-0__110,NA,NA,Orbicella franksi,480,cm2,0,0,FALSE,Plot C__1__baseline_start__1-0__110,1
Plot C,all,Plot C,November,1,2025-11-03,baseline_start,1-0__111,NA,NA,Montastraea cavernosa,480,cm2,0,0,FALSE,Plot C__1__baseline_start__1-0__111,1
Plot C,all,Plot C,November,1,2025-11-03,baseline_start,1-0__112,NA,NA,Montastraea cavernosa,480,cm2,0,0,FALSE,Plot C__1__baseline_start__1-0__112,1
Plot C,all,Plot C,November,1,2025-11-03,baseline_start,1-0__113,NA,NA,Orbicella franksi,480,cm2,0,0,FALSE,Plot C__1__baseline_start__1-0__113,1
Plot C,all,Plot C,November,1,2025-11-03,baseline_start,1-0__114,NA,NA,Montastraea cavernosa,480,cm2,0,0,FALSE,Plot C__1__baseline_start__1-0__114,1
Plot C,all,Plot C,November,1,2025-11-03,baseline_start,1-0__115,NA,NA,Montastraea cavernosa,480,cm2,0,0,FALSE,Plot C__1__baseline_start__1-0__115,1
Plot C,all,Plot C,November,1,2025-11-03,baseline_start,1-0__116,NA,NA,Montastraea cavernosa,480,cm2,0,0,FALSE,Plot C__1__baseline_start__1-0__116,1
Plot C,all,Plot C,November,1,2025-11-03,baseline_start,1-0__117,NA,NA,Montastraea cavernosa,480,cm2,0,0,FALSE,Plot C__1__baseline_start__1-0__117,1
Plot C,all,Plot C,November,1,2025-11-03,baseline_start,1-0__118,NA,NA,Montastraea cavernosa,480,cm2,0,0,FALSE,Plot C__1__baseline_start__1-0__118,1
Plot C,all,Plot C,November,1,2025-11-03,baseline_start,1-0__119,NA,NA,Montastraea cavernosa,480,cm2,0,0,FALSE,Plot C__1__baseline_start__1-0__119,1
Plot C,all,Plot C,November,1,2025-11-03,baseline_start,1-0__12,NA,NA,Orbicella annularis,480,cm2,0,0,FALSE,Plot C__1__baseline_start__1-0__12,1
Plot C,all,Plot C,November,1,2025-11-03,baseline_start,1-0__120,NA,NA,Orbicella franksi,480,cm2,0,0,FALSE,Plot C__1__baseline_start__1-0__120,1
Plot C,all,Plot C,November,1,2025-11-03,baseline_start,1-0__121,NA,NA,Orbicella franksi,480,cm2,0,0,FALSE,Plot C__1__baseline_start__1-0__121,1
Plot C,all,Plot C,November,1,2025-11-03,baseline_start,1-0__122,NA,NA,Montastraea cavernosa,480,cm2,0,0,FALSE,Plot C__1__baseline_start__1-0__122,1
Plot C,all,Plot C,November,1,2025-11-03,baseline_start,1-0__123,NA,NA,Montastraea cavernosa,480,cm2,0,0,FALSE,Plot C__1__baseline_start__1-0__123,1
Plot C,all,Plot C,November,1,2025-11-03,baseline_start,1-0__124,NA,NA,Montastraea cavernosa,480,cm2,0,0,FALSE,Plot C__1__baseline_start__1-0__124,1
Plot C,all,Plot C,November,1,2025-11-03,baseline_start,1-0__125,NA,NA,Montastraea cavernosa,480,cm2,0,0,FALSE,Plot C__1__baseline_start__1-0__125,1
Plot C,all,Plot C,November,1,2025-11-03,baseline_start,1-0__126,NA,NA,Montastraea cavernosa,480,cm2,0,0,FALSE,Plot C__1__baseline_start__1-0__126,1
Plot C,all,Plot C,November,1,2025-11-03,baseline_start,1-0__127,NA,NA,Orbicella franksi,480,cm2,0,0,FALSE,Plot C__1__baseline_start__1-0__127,1
Plot C,all,Plot C,November,1,2025-11-03,baseline_start,1-0__128,NA,NA,Montastraea cavernosa,480,cm2,0,0,FALSE,Plot C__1__baseline_start__1-0__128,1
Plot C,all,Plot C,November,1,2025-11-03,baseline_start,1-0__129,NA,NA,Montastraea cavernosa,480,cm2,0,0,FALSE,Plot C__1__baseline_start__1-0__129,1
Plot C,all,Plot C,November,1,2025-11-03,baseline_start,1-0__13,NA,NA,Orbicella annularis,480,cm2,0,0,FALSE,Plot C__1__baseline_start__1-0__13,1
Plot C,all,Plot C,November,1,2025-11-03,baseline_start,1-0__130,NA,NA,Montastraea cavernosa,480,cm2,0,0,FALSE,Plot C__1__baseline_start__1-0__130,1
Plot C,all,Plot C,November,1,2025-11-03,baseline_start,1-0__131,NA,NA,Montastraea cavernosa,480,cm2,0,0,FALSE,Plot C__1__baseline_start__1-0__131,1
Plot C,all,Plot C,November,1,2025-11-03,baseline_start,1-0__132,NA,NA,Montastraea cavernosa,480,cm2,0,0,FALSE,Plot C__1__baseline_start__1-0__132,1
Plot C,all,Plot C,November,1,2025-11-03,baseline_start,1-0__133,NA,NA,Montastraea cavernosa,480,cm2,0,0,FALSE,Plot C__1__baseline_start__1-0__133,1
Plot C,all,Plot C,November,1,2025-11-03,baseline_start,1-0__134,NA,NA,Montastraea cavernosa,480,cm2,0,0,FALSE,Plot C__1__baseline_start__1-0__134,1
Plot C,all,Plot C,November,1,2025-11-03,baseline_start,1-0__135,NA,NA,Montastraea cavernosa,480,cm2,0,0,FALSE,Plot C__1__baseline_start__1-0__135,1
Plot C,all,Plot C,November,1,2025-11-03,baseline_start,1-0__136,NA,NA,Orbicella franksi,480,cm2,0,0,FALSE,Plot C__1__baseline_start__1-0__136,1
Plot C,all,Plot C,November,1,2025-11-03,baseline_start,1-0__137,NA,NA,Montastraea cavernosa,480,cm2,0,0,FALSE,Plot C__1__baseline_start__1-0__137,1
Plot C,all,Plot C,November,1,2025-11-03,baseline_start,1-0__138,NA,NA,Montastraea cavernosa,480,cm2,0,0,FALSE,Plot C__1__baseline_start__1-0__138,1
Plot C,all,Plot C,November,1,2025-11-03,baseline_start,1-0__139,NA,NA,Montastraea cavernosa,480,cm2,0,0,FALSE,Plot C__1__baseline_start__1-0__139,1
Plot C,all,Plot C,November,1,2025-11-03,baseline_start,1-0__14,NA,NA,Orbicella annularis,480,cm2,0,0,FALSE,Plot C__1__baseline_start__1-0__14,1
Plot C,all,Plot C,November,1,2025-11-03,baseline_start,1-0__140,NA,NA,Orbicella franksi,480,cm2,0,0,FALSE,Plot C__1__baseline_start__1-0__140,1
Plot C,all,Plot C,November,1,2025-11-03,baseline_start,1-0__141,NA,NA,Montastraea cavernosa,480,cm2,0,0,FALSE,Plot C__1__baseline_start__1-0__141,1
Plot C,all,Plot C,November,1,2025-11-03,baseline_start,1-0__142,NA,NA,Montastraea cavernosa,480,cm2,0,0,FALSE,Plot C__1__baseline_start__1-0__142,1
Plot C,all,Plot C,November,1,2025-11-03,baseline_start,1-0__143,NA,NA,Montastraea cavernosa,480,cm2,0,0,FALSE,Plot C__1__baseline_start__1-0__143,1
Plot C,all,Plot C,November,1,2025-11-03,baseline_start,1-0__144,NA,NA,Orbicella franksi,480,cm2,0,0,FALSE,Plot C__1__baseline_start__1-0__144,1
Plot C,all,Plot C,November,1,2025-11-03,baseline_start,1-0__145,NA,NA,Montastraea cavernosa,480,cm2,0,0,FALSE,Plot C__1__baseline_start__1-0__145,1
Plot C,all,Plot C,November,1,2025-11-03,baseline_start,1-0__146,NA,NA,Montastraea cavernosa,480,cm2,0,0,FALSE,Plot C__1__baseline_start__1-0__146,1
Plot C,all,Plot C,November,1,2025-11-03,baseline_start,1-0__147,NA,NA,Montastraea cavernosa,480,cm2,0,0,FALSE,Plot C__1__baseline_start__1-0__147,1
Plot C,all,Plot C,November,1,2025-11-03,baseline_start,1-0__148,NA,NA,Montastraea cavernosa,480,cm2,0,0,FALSE,Plot C__1__baseline_start__1-0__148,1
Plot C,all,Plot C,November,1,2025-11-03,baseline_start,1-0__149,NA,NA,Montastraea cavernosa,480,cm2,0,0,FALSE,Plot C__1__baseline_start__1-0__149,1
Plot C,all,Plot C,November,1,2025-11-03,baseline_start,1-0__15,NA,NA,Orbicella annularis,480,cm2,0,0,FALSE,Plot C__1__baseline_start__1-0__15,1
Plot C,all,Plot C,November,1,2025-11-03,baseline_start,1-0__150,NA,NA,Orbicella annularis,480,cm2,0,0,FALSE,Plot C__1__baseline_start__1-0__150,1
Plot C,all,Plot C,November,1,2025-11-03,baseline_start,1-0__151,NA,NA,Montastraea cavernosa,480,cm2,0,0,FALSE,Plot C__1__baseline_start__1-0__151,1
Plot C,all,Plot C,November,1,2025-11-03,baseline_start,1-0__152,NA,NA,Montastraea cavernosa,480,cm2,0,0,FALSE,Plot C__1__baseline_start__1-0__152,1
Plot C,all,Plot C,November,1,2025-11-03,baseline_start,1-0__153,NA,NA,Orbicella franksi,480,cm2,0,0,FALSE,Plot C__1__baseline_start__1-0__153,1
Plot C,all,Plot C,November,1,2025-11-03,baseline_start,1-0__154,NA,NA,Montastraea cavernosa,480,cm2,0,0,FALSE,Plot C__1__baseline_start__1-0__154,1
Plot C,all,Plot C,November,1,2025-11-03,baseline_start,1-0__155,NA,NA,Orbicella franksi,480,cm2,0,0,FALSE,Plot C__1__baseline_start__1-0__155,1
Plot C,all,Plot C,November,1,2025-11-03,baseline_start,1-0__156,NA,NA,Montastraea cavernosa,480,cm2,0,0,FALSE,Plot C__1__baseline_start__1-0__156,1
Plot C,all,Plot C,November,1,2025-11-03,baseline_start,1-0__157,NA,NA,Montastraea cavernosa,480,cm2,0,0,FALSE,Plot C__1__baseline_start__1-0__157,1
Plot C,all,Plot C,November,1,2025-11-03,baseline_start,1-0__158,NA,NA,Montastraea cavernosa,480,cm2,0,0,FALSE,Plot C__1__baseline_start__1-0__158,1
Plot C,all,Plot C,November,1,2025-11-03,baseline_start,1-0__159,NA,NA,Montastraea cavernosa,480,cm2,0,0,FALSE,Plot C__1__baseline_start__1-0__159,1
Plot C,all,Plot C,November,1,2025-11-03,baseline_start,1-0__16,NA,NA,Orbicella annularis,480,cm2,0,0,FALSE,Plot C__1__baseline_start__1-0__16,1
Plot C,all,Plot C,November,1,2025-11-03,baseline_start,1-0__160,NA,NA,Montastraea cavernosa,480,cm2,0,0,FALSE,Plot C__1__baseline_start__1-0__160,1
Plot C,all,Plot C,November,1,2025-11-03,baseline_start,1-0__161,NA,NA,Montastraea cavernosa,480,cm2,0,0,FALSE,Plot C__1__baseline_start__1-0__161,1
Plot C,all,Plot C,November,1,2025-11-03,baseline_start,1-0__162,NA,NA,Montastraea cavernosa,480,cm2,0,0,FALSE,Plot C__1__baseline_start__1-0__162,1
Plot C,all,Plot C,November,1,2025-11-03,baseline_start,1-0__163,NA,NA,Montastraea cavernosa,480,cm2,0,0,FALSE,Plot C__1__baseline_start__1-0__163,1
Plot C,all,Plot C,November,1,2025-11-03,baseline_start,1-0__164,NA,NA,Montastraea cavernosa,480,cm2,0,0,FALSE,Plot C__1__baseline_start__1-0__164,1
Plot C,all,Plot C,November,1,2025-11-03,baseline_start,1-0__165,NA,NA,Montastraea cavernosa,480,cm2,0,0,FALSE,Plot C__1__baseline_start__1-0__165,1
Plot C,all,Plot C,November,1,2025-11-03,baseline_start,1-0__166,NA,NA,Montastraea cavernosa,480,cm2,0,0,FALSE,Plot C__1__baseline_start__1-0__166,1
Plot C,all,Plot C,November,1,2025-11-03,baseline_start,1-0__167,NA,NA,Orbicella franksi,480,cm2,0,0,FALSE,Plot C__1__baseline_start__1-0__167,1
Plot C,all,Plot C,November,1,2025-11-03,baseline_start,1-0__168,NA,NA,Orbicella franksi,480,cm2,0,0,FALSE,Plot C__1__baseline_start__1-0__168,1
Plot C,all,Plot C,November,1,2025-11-03,baseline_start,1-0__169,NA,NA,Orbicella franksi,480,cm2,0,0,FALSE,Plot C__1__baseline_start__1-0__169,1
Plot C,all,Plot C,November,1,2025-11-03,baseline_start,1-0__17,NA,NA,Orbicella annularis,480,cm2,0,0,FALSE,Plot C__1__baseline_start__1-0__17,1
Plot C,all,Plot C,November,1,2025-11-03,baseline_start,1-0__170,NA,NA,Orbicella franksi,480,cm2,0,0,FALSE,Plot C__1__baseline_start__1-0__170,1
Plot C,all,Plot C,November,1,2025-11-03,baseline_start,1-0__171,NA,NA,Orbicella franksi,480,cm2,0,0,FALSE,Plot C__1__baseline_start__1-0__171,1
Plot C,all,Plot C,November,1,2025-11-03,baseline_start,1-0__172,NA,NA,Orbicella franksi,480,cm2,0,0,FALSE,Plot C__1__baseline_start__1-0__172,1
Plot C,all,Plot C,November,1,2025-11-03,baseline_start,1-0__173,NA,NA,Orbicella franksi,480,cm2,0,0,FALSE,Plot C__1__baseline_start__1-0__173,1
Plot C,all,Plot C,November,1,2025-11-03,baseline_start,1-0__174,NA,NA,Orbicella franksi,480,cm2,0,0,FALSE,Plot C__1__baseline_start__1-0__174,1
Plot C,all,Plot C,November,1,2025-11-03,baseline_start,1-0__175,NA,NA,Orbicella franksi,480,cm2,0,0,FALSE,Plot C__1__baseline_start__1-0__175,1
Plot C,all,Plot C,November,1,2025-11-03,baseline_start,1-0__176,NA,NA,Orbicella franksi,480,cm2,0,0,FALSE,Plot C__1__baseline_start__1-0__176,1
Plot C,all,Plot C,November,1,2025-11-03,baseline_start,1-0__177,NA,NA,Orbicella franksi,480,cm2,0,0,FALSE,Plot C__1__baseline_start__1-0__177,1
Plot C,all,Plot C,November,1,2025-11-03,baseline_start,1-0__178,NA,NA,Orbicella franksi,480,cm2,0,0,FALSE,Plot C__1__baseline_start__1-0__178,1
Plot C,all,Plot C,November,1,2025-11-03,baseline_start,1-0__179,NA,NA,Orbicella franksi,480,cm2,0,0,FALSE,Plot C__1__baseline_start__1-0__179,1
Plot C,all,Plot C,November,1,2025-11-03,baseline_start,1-0__18,NA,NA,Orbicella annularis,480,cm2,0,0,FALSE,Plot C__1__baseline_start__1-0__18,1
Plot C,all,Plot C,November,1,2025-11-03,baseline_start,1-0__180,NA,NA,Orbicella franksi,480,cm2,0,0,FALSE,Plot C__1__baseline_start__1-0__180,1
Plot C,all,Plot C,November,1,2025-11-03,baseline_start,1-0__181,NA,NA,Orbicella franksi,480,cm2,0,0,FALSE,Plot C__1__baseline_start__1-0__181,1
Plot C,all,Plot C,November,1,2025-11-03,baseline_start,1-0__182,NA,NA,Orbicella annularis,480,cm2,0,0,FALSE,Plot C__1__baseline_start__1-0__182,1
Plot C,all,Plot C,November,1,2025-11-03,baseline_start,1-0__183,NA,NA,Porites porites,480,cm2,0,0,FALSE,Plot C__1__baseline_start__1-0__183,1
Plot C,all,Plot C,November,1,2025-11-03,baseline_start,1-0__184,NA,NA,Porites porites,480,cm2,0,0,FALSE,Plot C__1__baseline_start__1-0__184,1
Plot C,all,Plot C,November,1,2025-11-03,baseline_start,1-0__185,NA,NA,Orbicella franksi,480,cm2,0,0,FALSE,Plot C__1__baseline_start__1-0__185,1
Plot C,all,Plot C,November,1,2025-11-03,baseline_start,1-0__186,NA,NA,Orbicella annularis,480,cm2,0,0,FALSE,Plot C__1__baseline_start__1-0__186,1
Plot C,all,Plot C,November,1,2025-11-03,baseline_start,1-0__187,NA,NA,Orbicella franksi,480,cm2,0,0,FALSE,Plot C__1__baseline_start__1-0__187,1
Plot C,all,Plot C,November,1,2025-11-03,baseline_start,1-0__188,NA,NA,Orbicella franksi,480,cm2,0,0,FALSE,Plot C__1__baseline_start__1-0__188,1
Plot C,all,Plot C,November,1,2025-11-03,baseline_start,1-0__189,NA,NA,Orbicella franksi,480,cm2,0,0,FALSE,Plot C__1__baseline_start__1-0__189,1
Plot C,all,Plot C,November,1,2025-11-03,baseline_start,1-0__19,NA,NA,Orbicella annularis,480,cm2,0,0,FALSE,Plot C__1__baseline_start__1-0__19,1
Plot C,all,Plot C,November,1,2025-11-03,baseline_start,1-0__190,NA,NA,Orbicella franksi,480,cm2,0,0,FALSE,Plot C__1__baseline_start__1-0__190,1
Plot C,all,Plot C,November,1,2025-11-03,baseline_start,1-0__191,NA,NA,Orbicella franksi,480,cm2,0,0,FALSE,Plot C__1__baseline_start__1-0__191,1
Plot C,all,Plot C,November,1,2025-11-03,baseline_start,1-0__192,NA,NA,Orbicella franksi,480,cm2,0,0,FALSE,Plot C__1__baseline_start__1-0__192,1
Plot C,all,Plot C,November,1,2025-11-03,baseline_start,1-0__193,NA,NA,Orbicella franksi,480,cm2,0,0,FALSE,Plot C__1__baseline_start__1-0__193,1
Plot C,all,Plot C,November,1,2025-11-03,baseline_start,1-0__194,NA,NA,Orbicella franksi,480,cm2,0,0,FALSE,Plot C__1__baseline_start__1-0__194,1
Plot C,all,Plot C,November,1,2025-11-03,baseline_start,1-0__195,NA,NA,Porites porites,480,cm2,0,0,FALSE,Plot C__1__baseline_start__1-0__195,1
Plot C,all,Plot C,November,1,2025-11-03,baseline_start,1-0__196,NA,NA,Orbicella franksi,480,cm2,0,0,FALSE,Plot C__1__baseline_start__1-0__196,1
Plot C,all,Plot C,November,1,2025-11-03,baseline_start,1-0__197,NA,NA,Porites porites,480,cm2,0,0,FALSE,Plot C__1__baseline_start__1-0__197,1
Plot C,all,Plot C,November,1,2025-11-03,baseline_start,1-0__198,NA,NA,Orbicella franksi,480,cm2,0,0,FALSE,Plot C__1__baseline_start__1-0__198,1
Plot C,all,Plot C,November,1,2025-11-03,baseline_start,1-0__199,NA,NA,Orbicella franksi,480,cm2,0,0,FALSE,Plot C__1__baseline_start__1-0__199,1
Plot C,all,Plot C,November,1,2025-11-03,baseline_start,1-0__2,NA,NA,Orbicella annularis,480,cm2,0,0,FALSE,Plot C__1__baseline_start__1-0__2,1
Plot C,all,Plot C,November,1,2025-11-03,baseline_start,1-0__20,NA,NA,Orbicella annularis,480,cm2,0,0,FALSE,Plot C__1__baseline_start__1-0__20,1
Plot C,all,Plot C,November,1,2025-11-03,baseline_start,1-0__200,NA,NA,Orbicella franksi,480,cm2,0,0,FALSE,Plot C__1__baseline_start__1-0__200,1
Plot C,all,Plot C,November,1,2025-11-03,baseline_start,1-0__201,NA,NA,Orbicella franksi,480,cm2,0,0,FALSE,Plot C__1__baseline_start__1-0__201,1
Plot C,all,Plot C,November,1,2025-11-03,baseline_start,1-0__202,NA,NA,Orbicella franksi,480,cm2,0,0,FALSE,Plot C__1__baseline_start__1-0__202,1
Plot C,all,Plot C,November,1,2025-11-03,baseline_start,1-0__203,NA,NA,Porites porites,480,cm2,0,0,FALSE,Plot C__1__baseline_start__1-0__203,1
Plot C,all,Plot C,November,1,2025-11-03,baseline_start,1-0__204,NA,NA,Porites porites,480,cm2,0,0,FALSE,Plot C__1__baseline_start__1-0__204,1
Plot C,all,Plot C,November,1,2025-11-03,baseline_start,1-0__205,NA,NA,Porites porites,480,cm2,0,0,FALSE,Plot C__1__baseline_start__1-0__205,1
Plot C,all,Plot C,November,1,2025-11-03,baseline_start,1-0__206,NA,NA,Orbicella franksi,480,cm2,0,0,FALSE,Plot C__1__baseline_start__1-0__206,1
Plot C,all,Plot C,November,1,2025-11-03,baseline_start,1-0__207,NA,NA,Porites porites,480,cm2,0,0,FALSE,Plot C__1__baseline_start__1-0__207,1
Plot C,all,Plot C,November,1,2025-11-03,baseline_start,1-0__208,NA,NA,Orbicella franksi,480,cm2,0,0,FALSE,Plot C__1__baseline_start__1-0__208,1
Plot C,all,Plot C,November,1,2025-11-03,baseline_start,1-0__209,NA,NA,Orbicella franksi,480,cm2,0,0,FALSE,Plot C__1__baseline_start__1-0__209,1
Plot C,all,Plot C,November,1,2025-11-03,baseline_start,1-0__21,NA,NA,Orbicella annularis,480,cm2,0,0,FALSE,Plot C__1__baseline_start__1-0__21,1
Plot C,all,Plot C,November,1,2025-11-03,baseline_start,1-0__210,NA,NA,Orbicella franksi,480,cm2,0,0,FALSE,Plot C__1__baseline_start__1-0__210,1
Plot C,all,Plot C,November,1,2025-11-03,baseline_start,1-0__211,NA,NA,Porites porites,480,cm2,0,0,FALSE,Plot C__1__baseline_start__1-0__211,1
Plot C,all,Plot C,November,1,2025-11-03,baseline_start,1-0__212,NA,NA,Orbicella franksi,480,cm2,0,0,FALSE,Plot C__1__baseline_start__1-0__212,1
Plot C,all,Plot C,November,1,2025-11-03,baseline_start,1-0__213,NA,NA,Porites porites,480,cm2,0,0,FALSE,Plot C__1__baseline_start__1-0__213,1
Plot C,all,Plot C,November,1,2025-11-03,baseline_start,1-0__214,NA,NA,Porites porites,480,cm2,0,0,FALSE,Plot C__1__baseline_start__1-0__214,1
Plot C,all,Plot C,November,1,2025-11-03,baseline_start,1-0__215,NA,NA,Porites porites,480,cm2,0,0,FALSE,Plot C__1__baseline_start__1-0__215,1
Plot C,all,Plot C,November,1,2025-11-03,baseline_start,1-0__216,NA,NA,Porites porites,480,cm2,0,0,FALSE,Plot C__1__baseline_start__1-0__216,1
Plot C,all,Plot C,November,1,2025-11-03,baseline_start,1-0__217,NA,NA,Porites porites,480,cm2,0,0,FALSE,Plot C__1__baseline_start__1-0__217,1
Plot C,all,Plot C,November,1,2025-11-03,baseline_start,1-0__218,NA,NA,Orbicella franksi,480,cm2,0,0,FALSE,Plot C__1__baseline_start__1-0__218,1
Plot C,all,Plot C,November,1,2025-11-03,baseline_start,1-0__219,NA,NA,Orbicella franksi,480,cm2,0,0,FALSE,Plot C__1__baseline_start__1-0__219,1
Plot C,all,Plot C,November,1,2025-11-03,baseline_start,1-0__22,NA,NA,Orbicella annularis,480,cm2,0,0,FALSE,Plot C__1__baseline_start__1-0__22,1
Plot C,all,Plot C,November,1,2025-11-03,baseline_start,1-0__220,NA,NA,Porites porites,480,cm2,0,0,FALSE,Plot C__1__baseline_start__1-0__220,1
Plot C,all,Plot C,November,1,2025-11-03,baseline_start,1-0__221,NA,NA,Porites porites,480,cm2,0,0,FALSE,Plot C__1__baseline_start__1-0__221,1
Plot C,all,Plot C,November,1,2025-11-03,baseline_start,1-0__222,NA,NA,Porites porites,480,cm2,0,0,FALSE,Plot C__1__baseline_start__1-0__222,1
Plot C,all,Plot C,November,1,2025-11-03,baseline_start,1-0__223,NA,NA,Orbicella franksi,480,cm2,0,0,FALSE,Plot C__1__baseline_start__1-0__223,1
Plot C,all,Plot C,November,1,2025-11-03,baseline_start,1-0__224,NA,NA,Porites porites,480,cm2,0,0,FALSE,Plot C__1__baseline_start__1-0__224,1
Plot C,all,Plot C,November,1,2025-11-03,baseline_start,1-0__225,NA,NA,Porites porites,480,cm2,0,0,FALSE,Plot C__1__baseline_start__1-0__225,1
Plot C,all,Plot C,November,1,2025-11-03,baseline_start,1-0__226,NA,NA,Porites porites,480,cm2,0,0,FALSE,Plot C__1__baseline_start__1-0__226,1
Plot C,all,Plot C,November,1,2025-11-03,baseline_start,1-0__227,NA,NA,Porites porites,480,cm2,0,0,FALSE,Plot C__1__baseline_start__1-0__227,1
Plot C,all,Plot C,November,1,2025-11-03,baseline_start,1-0__228,NA,NA,Porites porites,480,cm2,0,0,FALSE,Plot C__1__baseline_start__1-0__228,1
Plot C,all,Plot C,November,1,2025-11-03,baseline_start,1-0__229,NA,NA,Porites porites,480,cm2,0,0,FALSE,Plot C__1__baseline_start__1-0__229,1
Plot C,all,Plot C,November,1,2025-11-03,baseline_start,1-0__23,NA,NA,Orbicella annularis,480,cm2,0,0,FALSE,Plot C__1__baseline_start__1-0__23,1
Plot C,all,Plot C,November,1,2025-11-03,baseline_start,1-0__230,NA,NA,Porites porites,480,cm2,0,0,FALSE,Plot C__1__baseline_start__1-0__230,1
Plot C,all,Plot C,November,1,2025-11-03,baseline_start,1-0__231,NA,NA,Porites porites,480,cm2,0,0,FALSE,Plot C__1__baseline_start__1-0__231,1
Plot C,all,Plot C,November,1,2025-11-03,baseline_start,1-0__232,NA,NA,Porites porites,480,cm2,0,0,FALSE,Plot C__1__baseline_start__1-0__232,1
Plot C,all,Plot C,November,1,2025-11-03,baseline_start,1-0__233,NA,NA,Porites porites,480,cm2,0,0,FALSE,Plot C__1__baseline_start__1-0__233,1
Plot C,all,Plot C,November,1,2025-11-03,baseline_start,1-0__234,NA,NA,Orbicella franksi,480,cm2,0,0,FALSE,Plot C__1__baseline_start__1-0__234,1
Plot C,all,Plot C,November,1,2025-11-03,baseline_start,1-0__235,NA,NA,Orbicella franksi,480,cm2,0,0,FALSE,Plot C__1__baseline_start__1-0__235,1
Plot C,all,Plot C,November,1,2025-11-03,baseline_start,1-0__236,NA,NA,Porites porites,480,cm2,0,0,FALSE,Plot C__1__baseline_start__1-0__236,1
Plot C,all,Plot C,November,1,2025-11-03,baseline_start,1-0__237,NA,NA,Porites porites,480,cm2,0,0,FALSE,Plot C__1__baseline_start__1-0__237,1
Plot C,all,Plot C,November,1,2025-11-03,baseline_start,1-0__238,NA,NA,Orbicella franksi,480,cm2,0,0,FALSE,Plot C__1__baseline_start__1-0__238,1
Plot C,all,Plot C,November,1,2025-11-03,baseline_start,1-0__239,NA,NA,Orbicella franksi,480,cm2,0,0,FALSE,Plot C__1__baseline_start__1-0__239,1
Plot C,all,Plot C,November,1,2025-11-03,baseline_start,1-0__24,NA,NA,Orbicella annularis,480,cm2,0,0,FALSE,Plot C__1__baseline_start__1-0__24,1
Plot C,all,Plot C,November,1,2025-11-03,baseline_start,1-0__240,NA,NA,Porites porites,480,cm2,0,0,FALSE,Plot C__1__baseline_start__1-0__240,1
Plot C,all,Plot C,November,1,2025-11-03,baseline_start,1-0__241,NA,NA,Orbicella franksi,480,cm2,0,0,FALSE,Plot C__1__baseline_start__1-0__241,1
Plot C,all,Plot C,November,1,2025-11-03,baseline_start,1-0__242,NA,NA,Orbicella franksi,480,cm2,0,0,FALSE,Plot C__1__baseline_start__1-0__242,1
Plot C,all,Plot C,November,1,2025-11-03,baseline_start,1-0__243,NA,NA,Porites porites,480,cm2,0,0,FALSE,Plot C__1__baseline_start__1-0__243,1
Plot C,all,Plot C,November,1,2025-11-03,baseline_start,1-0__244,NA,NA,Porites porites,480,cm2,0,0,FALSE,Plot C__1__baseline_start__1-0__244,1
Plot C,all,Plot C,November,1,2025-11-03,baseline_start,1-0__245,NA,NA,Porites porites,480,cm2,0,0,FALSE,Plot C__1__baseline_start__1-0__245,1
Plot C,all,Plot C,November,1,2025-11-03,baseline_start,1-0__246,NA,NA,Porites porites,480,cm2,0,0,FALSE,Plot C__1__baseline_start__1-0__246,1
Plot C,all,Plot C,November,1,2025-11-03,baseline_start,1-0__247,NA,NA,Orbicella franksi,480,cm2,0,0,FALSE,Plot C__1__baseline_start__1-0__247,1
Plot C,all,Plot C,November,1,2025-11-03,baseline_start,1-0__248,NA,NA,Orbicella franksi,480,cm2,0,0,FALSE,Plot C__1__baseline_start__1-0__248,1
Plot C,all,Plot C,November,1,2025-11-03,baseline_start,1-0__249,NA,NA,Porites porites,480,cm2,0,0,FALSE,Plot C__1__baseline_start__1-0__249,1
Plot C,all,Plot C,November,1,2025-11-03,baseline_start,1-0__25,NA,NA,Orbicella annularis,480,cm2,0,0,FALSE,Plot C__1__baseline_start__1-0__25,1
Plot C,all,Plot C,November,1,2025-11-03,baseline_start,1-0__250,NA,NA,Porites porites,480,cm2,0,0,FALSE,Plot C__1__baseline_start__1-0__250,1
Plot C,all,Plot C,November,1,2025-11-03,baseline_start,1-0__251,NA,NA,Orbicella franksi,480,cm2,0,0,FALSE,Plot C__1__baseline_start__1-0__251,1
Plot C,all,Plot C,November,1,2025-11-03,baseline_start,1-0__252,NA,NA,Orbicella franksi,480,cm2,0,0,FALSE,Plot C__1__baseline_start__1-0__252,1
Plot C,all,Plot C,November,1,2025-11-03,baseline_start,1-0__26,NA,NA,Orbicella annularis,480,cm2,0,0,FALSE,Plot C__1__baseline_start__1-0__26,1
Plot C,all,Plot C,November,1,2025-11-03,baseline_start,1-0__27,NA,NA,Orbicella annularis,480,cm2,0,0,FALSE,Plot C__1__baseline_start__1-0__27,1
Plot C,all,Plot C,November,1,2025-11-03,baseline_start,1-0__28,NA,NA,Orbicella annularis,480,cm2,0,0,FALSE,Plot C__1__baseline_start__1-0__28,1
Plot C,all,Plot C,November,1,2025-11-03,baseline_start,1-0__29,NA,NA,Orbicella annularis,480,cm2,0,0,FALSE,Plot C__1__baseline_start__1-0__29,1
Plot C,all,Plot C,November,1,2025-11-03,baseline_start,1-0__3,NA,NA,Orbicella annularis,480,cm2,0,0,FALSE,Plot C__1__baseline_start__1-0__3,1
Plot C,all,Plot C,November,1,2025-11-03,baseline_start,1-0__30,NA,NA,Porites porites,480,cm2,0,0,FALSE,Plot C__1__baseline_start__1-0__30,1
Plot C,all,Plot C,November,1,2025-11-03,baseline_start,1-0__31,NA,NA,Montastraea cavernosa,480,cm2,0,0,FALSE,Plot C__1__baseline_start__1-0__31,1
Plot C,all,Plot C,November,1,2025-11-03,baseline_start,1-0__32,NA,NA,Porites porites,480,cm2,0,0,FALSE,Plot C__1__baseline_start__1-0__32,1
Plot C,all,Plot C,November,1,2025-11-03,baseline_start,1-0__33,NA,NA,Orbicella annularis,480,cm2,0,0,FALSE,Plot C__1__baseline_start__1-0__33,1
Plot C,all,Plot C,November,1,2025-11-03,baseline_start,1-0__34,NA,NA,Montastraea cavernosa,480,cm2,0,0,FALSE,Plot C__1__baseline_start__1-0__34,1
Plot C,all,Plot C,November,1,2025-11-03,baseline_start,1-0__35,NA,NA,Montastraea cavernosa,480,cm2,0,0,FALSE,Plot C__1__baseline_start__1-0__35,1
Plot C,all,Plot C,November,1,2025-11-03,baseline_start,1-0__36,NA,NA,Montastraea cavernosa,480,cm2,0,0,FALSE,Plot C__1__baseline_start__1-0__36,1
Plot C,all,Plot C,November,1,2025-11-03,baseline_start,1-0__37,NA,NA,Montastraea cavernosa,480,cm2,0,0,FALSE,Plot C__1__baseline_start__1-0__37,1
Plot C,all,Plot C,November,1,2025-11-03,baseline_start,1-0__38,NA,NA,Montastraea cavernosa,480,cm2,0,0,FALSE,Plot C__1__baseline_start__1-0__38,1
Plot C,all,Plot C,November,1,2025-11-03,baseline_start,1-0__39,NA,NA,Montastraea cavernosa,480,cm2,0,0,FALSE,Plot C__1__baseline_start__1-0__39,1
Plot C,all,Plot C,November,1,2025-11-03,baseline_start,1-0__4,NA,NA,Orbicella annularis,480,cm2,0,0,FALSE,Plot C__1__baseline_start__1-0__4,1
Plot C,all,Plot C,November,1,2025-11-03,baseline_start,1-0__40,NA,NA,Montastraea cavernosa,480,cm2,0,0,FALSE,Plot C__1__baseline_start__1-0__40,1
Plot C,all,Plot C,November,1,2025-11-03,baseline_start,1-0__41,NA,NA,Montastraea cavernosa,480,cm2,0,0,FALSE,Plot C__1__baseline_start__1-0__41,1
Plot C,all,Plot C,November,1,2025-11-03,baseline_start,1-0__42,NA,NA,Montastraea cavernosa,480,cm2,0,0,FALSE,Plot C__1__baseline_start__1-0__42,1
Plot C,all,Plot C,November,1,2025-11-03,baseline_start,1-0__43,NA,NA,Montastraea cavernosa,480,cm2,0,0,FALSE,Plot C__1__baseline_start__1-0__43,1
Plot C,all,Plot C,November,1,2025-11-03,baseline_start,1-0__44,NA,NA,Montastraea cavernosa,480,cm2,0,0,FALSE,Plot C__1__baseline_start__1-0__44,1
Plot C,all,Plot C,November,1,2025-11-03,baseline_start,1-0__45,NA,NA,Montastraea cavernosa,480,cm2,0,0,FALSE,Plot C__1__baseline_start__1-0__45,1
Plot C,all,Plot C,November,1,2025-11-03,baseline_start,1-0__46,NA,NA,Montastraea cavernosa,480,cm2,0,0,FALSE,Plot C__1__baseline_start__1-0__46,1
Plot C,all,Plot C,November,1,2025-11-03,baseline_start,1-0__47,NA,NA,Montastraea cavernosa,480,cm2,0,0,FALSE,Plot C__1__baseline_start__1-0__47,1
Plot C,all,Plot C,November,1,2025-11-03,baseline_start,1-0__48,NA,NA,Montastraea cavernosa,480,cm2,0,0,FALSE,Plot C__1__baseline_start__1-0__48,1
Plot C,all,Plot C,November,1,2025-11-03,baseline_start,1-0__49,NA,NA,Montastraea cavernosa,480,cm2,0,0,FALSE,Plot C__1__baseline_start__1-0__49,1
Plot C,all,Plot C,November,1,2025-11-03,baseline_start,1-0__5,NA,NA,Orbicella annularis,480,cm2,0,0,FALSE,Plot C__1__baseline_start__1-0__5,1
Plot C,all,Plot C,November,1,2025-11-03,baseline_start,1-0__50,NA,NA,Montastraea cavernosa,480,cm2,0,0,FALSE,Plot C__1__baseline_start__1-0__50,1
Plot C,all,Plot C,November,1,2025-11-03,baseline_start,1-0__51,NA,NA,Montastraea cavernosa,480,cm2,0,0,FALSE,Plot C__1__baseline_start__1-0__51,1
Plot C,all,Plot C,November,1,2025-11-03,baseline_start,1-0__52,NA,NA,Montastraea cavernosa,480,cm2,0,0,FALSE,Plot C__1__baseline_start__1-0__52,1
Plot C,all,Plot C,November,1,2025-11-03,baseline_start,1-0__53,NA,NA,Orbicella annularis,480,cm2,0,0,FALSE,Plot C__1__baseline_start__1-0__53,1
Plot C,all,Plot C,November,1,2025-11-03,baseline_start,1-0__54,NA,NA,Orbicella annularis,480,cm2,0,0,FALSE,Plot C__1__baseline_start__1-0__54,1
Plot C,all,Plot C,November,1,2025-11-03,baseline_start,1-0__55,NA,NA,Orbicella franksi,480,cm2,0,0,FALSE,Plot C__1__baseline_start__1-0__55,1
Plot C,all,Plot C,November,1,2025-11-03,baseline_start,1-0__56,NA,NA,Orbicella franksi,480,cm2,0,0,FALSE,Plot C__1__baseline_start__1-0__56,1
Plot C,all,Plot C,November,1,2025-11-03,baseline_start,1-0__57,NA,NA,Orbicella franksi,480,cm2,0,0,FALSE,Plot C__1__baseline_start__1-0__57,1
Plot C,all,Plot C,November,1,2025-11-03,baseline_start,1-0__58,NA,NA,Orbicella franksi,480,cm2,0,0,FALSE,Plot C__1__baseline_start__1-0__58,1
Plot C,all,Plot C,November,1,2025-11-03,baseline_start,1-0__59,NA,NA,Orbicella franksi,480,cm2,0,0,FALSE,Plot C__1__baseline_start__1-0__59,1
Plot C,all,Plot C,November,1,2025-11-03,baseline_start,1-0__6,NA,NA,Orbicella annularis,480,cm2,0,0,FALSE,Plot C__1__baseline_start__1-0__6,1
Plot C,all,Plot C,November,1,2025-11-03,baseline_start,1-0__60,NA,NA,Orbicella franksi,480,cm2,0,0,FALSE,Plot C__1__baseline_start__1-0__60,1
Plot C,all,Plot C,November,1,2025-11-03,baseline_start,1-0__61,NA,NA,Orbicella franksi,480,cm2,0,0,FALSE,Plot C__1__baseline_start__1-0__61,1
Plot C,all,Plot C,November,1,2025-11-03,baseline_start,1-0__62,NA,NA,Orbicella franksi,480,cm2,0,0,FALSE,Plot C__1__baseline_start__1-0__62,1
Plot C,all,Plot C,November,1,2025-11-03,baseline_start,1-0__63,NA,NA,Orbicella franksi,480,cm2,0,0,FALSE,Plot C__1__baseline_start__1-0__63,1
Plot C,all,Plot C,November,1,2025-11-03,baseline_start,1-0__64,NA,NA,Orbicella franksi,480,cm2,0,0,FALSE,Plot C__1__baseline_start__1-0__64,1
Plot C,all,Plot C,November,1,2025-11-03,baseline_start,1-0__65,NA,NA,Orbicella franksi,480,cm2,0,0,FALSE,Plot C__1__baseline_start__1-0__65,1
Plot C,all,Plot C,November,1,2025-11-03,baseline_start,1-0__66,NA,NA,Orbicella franksi,480,cm2,0,0,FALSE,Plot C__1__baseline_start__1-0__66,1
Plot C,all,Plot C,November,1,2025-11-03,baseline_start,1-0__67,NA,NA,Orbicella franksi,480,cm2,0,0,FALSE,Plot C__1__baseline_start__1-0__67,1
Plot C,all,Plot C,November,1,2025-11-03,baseline_start,1-0__68,NA,NA,Orbicella franksi,480,cm2,0,0,FALSE,Plot C__1__baseline_start__1-0__68,1
Plot C,all,Plot C,November,1,2025-11-03,baseline_start,1-0__69,NA,NA,Orbicella franksi,480,cm2,0,0,FALSE,Plot C__1__baseline_start__1-0__69,1
Plot C,all,Plot C,November,1,2025-11-03,baseline_start,1-0__7,NA,NA,Orbicella annularis,480,cm2,0,0,FALSE,Plot C__1__baseline_start__1-0__7,1
Plot C,all,Plot C,November,1,2025-11-03,baseline_start,1-0__70,NA,NA,Orbicella franksi,480,cm2,0,0,FALSE,Plot C__1__baseline_start__1-0__70,1
Plot C,all,Plot C,November,1,2025-11-03,baseline_start,1-0__71,NA,NA,Orbicella franksi,480,cm2,0,0,FALSE,Plot C__1__baseline_start__1-0__71,1
Plot C,all,Plot C,November,1,2025-11-03,baseline_start,1-0__72,NA,NA,Orbicella franksi,480,cm2,0,0,FALSE,Plot C__1__baseline_start__1-0__72,1
Plot C,all,Plot C,November,1,2025-11-03,baseline_start,1-0__73,NA,NA,Orbicella franksi,480,cm2,0,0,FALSE,Plot C__1__baseline_start__1-0__73,1
Plot C,all,Plot C,November,1,2025-11-03,baseline_start,1-0__74,NA,NA,Orbicella franksi,480,cm2,0,0,FALSE,Plot C__1__baseline_start__1-0__74,1
Plot C,all,Plot C,November,1,2025-11-03,baseline_start,1-0__75,NA,NA,Orbicella franksi,480,cm2,0,0,FALSE,Plot C__1__baseline_start__1-0__75,1
Plot C,all,Plot C,November,1,2025-11-03,baseline_start,1-0__76,NA,NA,Montastraea cavernosa,480,cm2,0,0,FALSE,Plot C__1__baseline_start__1-0__76,1
Plot C,all,Plot C,November,1,2025-11-03,baseline_start,1-0__77,NA,NA,Montastraea cavernosa,480,cm2,0,0,FALSE,Plot C__1__baseline_start__1-0__77,1
Plot C,all,Plot C,November,1,2025-11-03,baseline_start,1-0__78,NA,NA,Montastraea cavernosa,480,cm2,0,0,FALSE,Plot C__1__baseline_start__1-0__78,1
Plot C,all,Plot C,November,1,2025-11-03,baseline_start,1-0__79,NA,NA,Montastraea cavernosa,480,cm2,0,0,FALSE,Plot C__1__baseline_start__1-0__79,1
Plot C,all,Plot C,November,1,2025-11-03,baseline_start,1-0__8,NA,NA,Orbicella annularis,480,cm2,0,0,FALSE,Plot C__1__baseline_start__1-0__8,1
Plot C,all,Plot C,November,1,2025-11-03,baseline_start,1-0__80,NA,NA,Montastraea cavernosa,480,cm2,0,0,FALSE,Plot C__1__baseline_start__1-0__80,1
Plot C,all,Plot C,November,1,2025-11-03,baseline_start,1-0__81,NA,NA,Montastraea cavernosa,480,cm2,0,0,FALSE,Plot C__1__baseline_start__1-0__81,1
Plot C,all,Plot C,November,1,2025-11-03,baseline_start,1-0__82,NA,NA,Montastraea cavernosa,480,cm2,0,0,FALSE,Plot C__1__baseline_start__1-0__82,1
Plot C,all,Plot C,November,1,2025-11-03,baseline_start,1-0__83,NA,NA,Montastraea cavernosa,480,cm2,0,0,FALSE,Plot C__1__baseline_start__1-0__83,1
Plot C,all,Plot C,November,1,2025-11-03,baseline_start,1-0__84,NA,NA,Montastraea cavernosa,480,cm2,0,0,FALSE,Plot C__1__baseline_start__1-0__84,1
Plot C,all,Plot C,November,1,2025-11-03,baseline_start,1-0__85,NA,NA,Montastraea cavernosa,480,cm2,0,0,FALSE,Plot C__1__baseline_start__1-0__85,1
Plot C,all,Plot C,November,1,2025-11-03,baseline_start,1-0__86,NA,NA,Montastraea cavernosa,480,cm2,0,0,FALSE,Plot C__1__baseline_start__1-0__86,1
Plot C,all,Plot C,November,1,2025-11-03,baseline_start,1-0__87,NA,NA,Montastraea cavernosa,480,cm2,0,0,FALSE,Plot C__1__baseline_start__1-0__87,1
Plot C,all,Plot C,November,1,2025-11-03,baseline_start,1-0__88,NA,NA,Montastraea cavernosa,480,cm2,0,0,FALSE,Plot C__1__baseline_start__1-0__88,1
Plot C,all,Plot C,November,1,2025-11-03,baseline_start,1-0__89,NA,NA,Montastraea cavernosa,480,cm2,0,0,FALSE,Plot C__1__baseline_start__1-0__89,1
Plot C,all,Plot C,November,1,2025-11-03,baseline_start,1-0__9,NA,NA,Orbicella annularis,480,cm2,0,0,FALSE,Plot C__1__baseline_start__1-0__9,1
Plot C,all,Plot C,November,1,2025-11-03,baseline_start,1-0__90,NA,NA,Montastraea cavernosa,480,cm2,0,0,FALSE,Plot C__1__baseline_start__1-0__90,1
Plot C,all,Plot C,November,1,2025-11-03,baseline_start,1-0__91,NA,NA,Montastraea cavernosa,480,cm2,0,0,FALSE,Plot C__1__baseline_start__1-0__91,1
Plot C,all,Plot C,November,1,2025-11-03,baseline_start,1-0__92,NA,NA,Montastraea cavernosa,480,cm2,0,0,FALSE,Plot C__1__baseline_start__1-0__92,1
Plot C,all,Plot C,November,1,2025-11-03,baseline_start,1-0__93,NA,NA,Montastraea cavernosa,480,cm2,0,0,FALSE,Plot C__1__baseline_start__1-0__93,1
Plot C,all,Plot C,November,1,2025-11-03,baseline_start,1-0__94,NA,NA,Montastraea cavernosa,480,cm2,0,0,FALSE,Plot C__1__baseline_start__1-0__94,1
Plot C,all,Plot C,November,1,2025-11-03,baseline_start,1-0__95,NA,NA,Orbicella annularis,480,cm2,0,0,FALSE,Plot C__1__baseline_start__1-0__95,1
Plot C,all,Plot C,November,1,2025-11-03,baseline_start,1-0__96,NA,NA,Orbicella annularis,480,cm2,0,0,FALSE,Plot C__1__baseline_start__1-0__96,1
Plot C,all,Plot C,November,1,2025-11-03,baseline_start,1-0__97,NA,NA,Orbicella franksi,480,cm2,0,0,FALSE,Plot C__1__baseline_start__1-0__97,1
Plot C,all,Plot C,November,1,2025-11-03,baseline_start,1-0__98,NA,NA,Orbicella franksi,480,cm2,0,0,FALSE,Plot C__1__baseline_start__1-0__98,1
Plot C,all,Plot C,November,1,2025-11-03,baseline_start,1-0__99,NA,NA,Orbicella franksi,480,cm2,0,0,FALSE,Plot C__1__baseline_start__1-0__99,1
Plot C,all,Plot C,April,2,2026-04-03,interval_end,0-0__0,NA,NA,Porites porites,480,cm2,7.7175,7.7175e-4,TRUE,Plot C__2__interval_end__0-0__0,1
Plot C,all,Plot C,April,2,2026-04-03,interval_end,0-0__1,NA,NA,Porites porites,480,cm2,11.3925,0.00113925,TRUE,Plot C__2__interval_end__0-0__1,1
Plot C,all,Plot C,April,2,2026-04-03,interval_end,0-0__10,NA,NA,Montastraea cavernosa,480,cm2,4.6,4.5999999999999996e-4,TRUE,Plot C__2__interval_end__0-0__10,1
Plot C,all,Plot C,April,2,2026-04-03,interval_end,0-0__100,NA,NA,Porites porites,480,cm2,4.8625,4.8625e-4,TRUE,Plot C__2__interval_end__0-0__100,1
Plot C,all,Plot C,April,2,2026-04-03,interval_end,0-0__101,NA,NA,Porites porites,480,cm2,0.73,7.3e-5,TRUE,Plot C__2__interval_end__0-0__101,1
Plot C,all,Plot C,April,2,2026-04-03,interval_end,0-0__102,NA,NA,Porites porites,480,cm2,5.9225,5.9225e-4,TRUE,Plot C__2__interval_end__0-0__102,1
Plot C,all,Plot C,April,2,2026-04-03,interval_end,0-0__103,NA,NA,Porites porites,480,cm2,10.5125,0.0010512499999999999,TRUE,Plot C__2__interval_end__0-0__103,1
Plot C,all,Plot C,April,2,2026-04-03,interval_end,0-0__104,NA,NA,Porites porites,480,cm2,3.335,3.335e-4,TRUE,Plot C__2__interval_end__0-0__104,1
Plot C,all,Plot C,April,2,2026-04-03,interval_end,0-0__105,NA,NA,Porites porites,480,cm2,5.0375,5.0375e-4,TRUE,Plot C__2__interval_end__0-0__105,1
Plot C,all,Plot C,April,2,2026-04-03,interval_end,0-0__106,NA,NA,Porites porites,480,cm2,6.5025,6.5025e-4,TRUE,Plot C__2__interval_end__0-0__106,1
Plot C,all,Plot C,April,2,2026-04-03,interval_end,0-0__107,NA,NA,Porites porites,480,cm2,4.435,4.4349999999999994e-4,TRUE,Plot C__2__interval_end__0-0__107,1
Plot C,all,Plot C,April,2,2026-04-03,interval_end,0-0__108,NA,NA,Porites porites,480,cm2,6.185,6.184999999999999e-4,TRUE,Plot C__2__interval_end__0-0__108,1
Plot C,all,Plot C,April,2,2026-04-03,interval_end,0-0__109,NA,NA,Porites porites,480,cm2,7.61,7.610000000000001e-4,TRUE,Plot C__2__interval_end__0-0__109,1
Plot C,all,Plot C,April,2,2026-04-03,interval_end,0-0__11,NA,NA,Montastraea cavernosa,480,cm2,4.7125,4.7125000000000004e-4,TRUE,Plot C__2__interval_end__0-0__11,1
Plot C,all,Plot C,April,2,2026-04-03,interval_end,0-0__110,NA,NA,Porites porites,480,cm2,1.41,1.4099999999999998e-4,TRUE,Plot C__2__interval_end__0-0__110,1
Plot C,all,Plot C,April,2,2026-04-03,interval_end,0-0__111,NA,NA,Porites porites,480,cm2,1.1675,1.1674999999999999e-4,TRUE,Plot C__2__interval_end__0-0__111,1
Plot C,all,Plot C,April,2,2026-04-03,interval_end,0-0__112,NA,NA,Porites porites,480,cm2,9.4,9.400000000000001e-4,TRUE,Plot C__2__interval_end__0-0__112,1
Plot C,all,Plot C,April,2,2026-04-03,interval_end,0-0__113,NA,NA,Porites porites,480,cm2,2.54,2.54e-4,TRUE,Plot C__2__interval_end__0-0__113,1
Plot C,all,Plot C,April,2,2026-04-03,interval_end,0-0__114,NA,NA,Porites porites,480,cm2,5.9225,5.9225e-4,TRUE,Plot C__2__interval_end__0-0__114,1
Plot C,all,Plot C,April,2,2026-04-03,interval_end,0-0__115,NA,NA,Porites porites,480,cm2,4.37,4.37e-4,TRUE,Plot C__2__interval_end__0-0__115,1
Plot C,all,Plot C,April,2,2026-04-03,interval_end,0-0__116,NA,NA,Porites porites,480,cm2,5.0375,5.0375e-4,TRUE,Plot C__2__interval_end__0-0__116,1
Plot C,all,Plot C,April,2,2026-04-03,interval_end,0-0__117,NA,NA,Porites porites,480,cm2,5.345,5.344999999999999e-4,TRUE,Plot C__2__interval_end__0-0__117,1
Plot C,all,Plot C,April,2,2026-04-03,interval_end,0-0__118,NA,NA,Porites porites,480,cm2,9.5475,9.5475e-4,TRUE,Plot C__2__interval_end__0-0__118,1
Plot C,all,Plot C,April,2,2026-04-03,interval_end,0-0__119,NA,NA,Porites porites,480,cm2,4.4175,4.4175000000000003e-4,TRUE,Plot C__2__interval_end__0-0__119,1
Plot C,all,Plot C,April,2,2026-04-03,interval_end,0-0__12,NA,NA,Montastraea cavernosa,480,cm2,5.2575,5.257500000000001e-4,TRUE,Plot C__2__interval_end__0-0__12,1
Plot C,all,Plot C,April,2,2026-04-03,interval_end,0-0__120,NA,NA,Porites porites,480,cm2,4.2175,4.2175000000000003e-4,TRUE,Plot C__2__interval_end__0-0__120,1
Plot C,all,Plot C,April,2,2026-04-03,interval_end,0-0__121,NA,NA,Porites porites,480,cm2,3.9,3.9e-4,TRUE,Plot C__2__interval_end__0-0__121,1
Plot C,all,Plot C,April,2,2026-04-03,interval_end,0-0__122,NA,NA,Porites porites,480,cm2,5.67,5.67e-4,TRUE,Plot C__2__interval_end__0-0__122,1
Plot C,all,Plot C,April,2,2026-04-03,interval_end,0-0__123,NA,NA,Porites porites,480,cm2,5.305,5.304999999999999e-4,TRUE,Plot C__2__interval_end__0-0__123,1
Plot C,all,Plot C,April,2,2026-04-03,interval_end,0-0__124,NA,NA,Porites porites,480,cm2,3.2325,3.2324999999999997e-4,TRUE,Plot C__2__interval_end__0-0__124,1
Plot C,all,Plot C,April,2,2026-04-03,interval_end,0-0__125,NA,NA,Porites porites,480,cm2,2.99,2.99e-4,TRUE,Plot C__2__interval_end__0-0__125,1
Plot C,all,Plot C,April,2,2026-04-03,interval_end,0-0__126,NA,NA,Porites porites,480,cm2,3.275,3.275e-4,TRUE,Plot C__2__interval_end__0-0__126,1
Plot C,all,Plot C,April,2,2026-04-03,interval_end,0-0__127,NA,NA,Porites porites,480,cm2,7.105,7.105000000000001e-4,TRUE,Plot C__2__interval_end__0-0__127,1
Plot C,all,Plot C,April,2,2026-04-03,interval_end,0-0__128,NA,NA,Porites porites,480,cm2,3.6275,3.6275e-4,TRUE,Plot C__2__interval_end__0-0__128,1
Plot C,all,Plot C,April,2,2026-04-03,interval_end,0-0__129,NA,NA,Porites porites,480,cm2,2.665,2.665e-4,TRUE,Plot C__2__interval_end__0-0__129,1
Plot C,all,Plot C,April,2,2026-04-03,interval_end,0-0__13,NA,NA,Montastraea cavernosa,480,cm2,4.195,4.195e-4,TRUE,Plot C__2__interval_end__0-0__13,1
Plot C,all,Plot C,April,2,2026-04-03,interval_end,0-0__130,NA,NA,Porites porites,480,cm2,5.7275,5.7275e-4,TRUE,Plot C__2__interval_end__0-0__130,1
Plot C,all,Plot C,April,2,2026-04-03,interval_end,0-0__131,NA,NA,Porites porites,480,cm2,2.3025,2.3025e-4,TRUE,Plot C__2__interval_end__0-0__131,1
Plot C,all,Plot C,April,2,2026-04-03,interval_end,0-0__132,NA,NA,Porites porites,480,cm2,4.9575,4.9575e-4,TRUE,Plot C__2__interval_end__0-0__132,1
Plot C,all,Plot C,April,2,2026-04-03,interval_end,0-0__133,NA,NA,Porites porites,480,cm2,5.93,5.93e-4,TRUE,Plot C__2__interval_end__0-0__133,1
Plot C,all,Plot C,April,2,2026-04-03,interval_end,0-0__134,NA,NA,Porites porites,480,cm2,4.0425,4.0425000000000004e-4,TRUE,Plot C__2__interval_end__0-0__134,1
Plot C,all,Plot C,April,2,2026-04-03,interval_end,0-0__135,NA,NA,Porites porites,480,cm2,2.325,2.325e-4,TRUE,Plot C__2__interval_end__0-0__135,1
Plot C,all,Plot C,April,2,2026-04-03,interval_end,0-0__136,NA,NA,Orbicella franksi,480,cm2,3.28,3.28e-4,TRUE,Plot C__2__interval_end__0-0__136,1
Plot C,all,Plot C,April,2,2026-04-03,interval_end,0-0__137,NA,NA,Orbicella franksi,480,cm2,3.9975,3.9975e-4,TRUE,Plot C__2__interval_end__0-0__137,1
Plot C,all,Plot C,April,2,2026-04-03,interval_end,0-0__138,NA,NA,Porites porites,480,cm2,2.9,2.9e-4,TRUE,Plot C__2__interval_end__0-0__138,1
Plot C,all,Plot C,April,2,2026-04-03,interval_end,0-0__139,NA,NA,Porites porites,480,cm2,5.5275,5.5275e-4,TRUE,Plot C__2__interval_end__0-0__139,1
Plot C,all,Plot C,April,2,2026-04-03,interval_end,0-0__14,NA,NA,Montastraea cavernosa,480,cm2,3.9175,3.9175e-4,TRUE,Plot C__2__interval_end__0-0__14,1
Plot C,all,Plot C,April,2,2026-04-03,interval_end,0-0__140,NA,NA,Orbicella franksi,480,cm2,4.2625,4.2625000000000003e-4,TRUE,Plot C__2__interval_end__0-0__140,1
Plot C,all,Plot C,April,2,2026-04-03,interval_end,0-0__141,NA,NA,Orbicella franksi,480,cm2,6.8625,6.8625e-4,TRUE,Plot C__2__interval_end__0-0__141,1
Plot C,all,Plot C,April,2,2026-04-03,interval_end,0-0__142,NA,NA,Porites porites,480,cm2,8.6675,8.6675e-4,TRUE,Plot C__2__interval_end__0-0__142,1
Plot C,all,Plot C,April,2,2026-04-03,interval_end,0-0__143,NA,NA,Orbicella franksi,480,cm2,4.19,4.1900000000000005e-4,TRUE,Plot C__2__interval_end__0-0__143,1
Plot C,all,Plot C,April,2,2026-04-03,interval_end,0-0__144,NA,NA,Orbicella franksi,480,cm2,4.8525,4.8525e-4,TRUE,Plot C__2__interval_end__0-0__144,1
Plot C,all,Plot C,April,2,2026-04-03,interval_end,0-0__145,NA,NA,Orbicella franksi,480,cm2,7.8225,7.8225e-4,TRUE,Plot C__2__interval_end__0-0__145,1
Plot C,all,Plot C,April,2,2026-04-03,interval_end,0-0__146,NA,NA,Porites porites,480,cm2,1.39,1.39e-4,TRUE,Plot C__2__interval_end__0-0__146,1
Plot C,all,Plot C,April,2,2026-04-03,interval_end,0-0__147,NA,NA,Orbicella franksi,480,cm2,6.165,6.165e-4,TRUE,Plot C__2__interval_end__0-0__147,1
Plot C,all,Plot C,April,2,2026-04-03,interval_end,0-0__148,NA,NA,Orbicella franksi,480,cm2,5.31,5.31e-4,TRUE,Plot C__2__interval_end__0-0__148,1
Plot C,all,Plot C,April,2,2026-04-03,interval_end,0-0__149,NA,NA,Orbicella franksi,480,cm2,6.915,6.915000000000001e-4,TRUE,Plot C__2__interval_end__0-0__149,1
Plot C,all,Plot C,April,2,2026-04-03,interval_end,0-0__15,NA,NA,Montastraea cavernosa,480,cm2,4.035,4.035e-4,TRUE,Plot C__2__interval_end__0-0__15,1
Plot C,all,Plot C,April,2,2026-04-03,interval_end,0-0__150,NA,NA,Orbicella franksi,480,cm2,3.7125,3.7125e-4,TRUE,Plot C__2__interval_end__0-0__150,1
Plot C,all,Plot C,April,2,2026-04-03,interval_end,0-0__151,NA,NA,Orbicella franksi,480,cm2,10.1675,0.00101675,TRUE,Plot C__2__interval_end__0-0__151,1
Plot C,all,Plot C,April,2,2026-04-03,interval_end,0-0__152,NA,NA,Orbicella franksi,480,cm2,2.99,2.99e-4,TRUE,Plot C__2__interval_end__0-0__152,1
Plot C,all,Plot C,April,2,2026-04-03,interval_end,0-0__153,NA,NA,Porites porites,480,cm2,8.835,8.835000000000001e-4,TRUE,Plot C__2__interval_end__0-0__153,1
Plot C,all,Plot C,April,2,2026-04-03,interval_end,0-0__154,NA,NA,Orbicella franksi,480,cm2,8.5075,8.5075e-4,TRUE,Plot C__2__interval_end__0-0__154,1
Plot C,all,Plot C,April,2,2026-04-03,interval_end,0-0__155,NA,NA,Orbicella franksi,480,cm2,4.8825,4.8825e-4,TRUE,Plot C__2__interval_end__0-0__155,1
Plot C,all,Plot C,April,2,2026-04-03,interval_end,0-0__156,NA,NA,Orbicella franksi,480,cm2,6.855,6.855e-4,TRUE,Plot C__2__interval_end__0-0__156,1
Plot C,all,Plot C,April,2,2026-04-03,interval_end,0-0__157,NA,NA,Orbicella franksi,480,cm2,8.215,8.215e-4,TRUE,Plot C__2__interval_end__0-0__157,1
Plot C,all,Plot C,April,2,2026-04-03,interval_end,0-0__158,NA,NA,Orbicella franksi,480,cm2,6.2175,6.2175e-4,TRUE,Plot C__2__interval_end__0-0__158,1
Plot C,all,Plot C,April,2,2026-04-03,interval_end,0-0__159,NA,NA,Porites porites,480,cm2,10.315,0.0010314999999999999,TRUE,Plot C__2__interval_end__0-0__159,1
Plot C,all,Plot C,April,2,2026-04-03,interval_end,0-0__16,NA,NA,Montastraea cavernosa,480,cm2,1.9025,1.9025000000000002e-4,TRUE,Plot C__2__interval_end__0-0__16,1
Plot C,all,Plot C,April,2,2026-04-03,interval_end,0-0__160,NA,NA,Orbicella franksi,480,cm2,5.425,5.425e-4,TRUE,Plot C__2__interval_end__0-0__160,1
Plot C,all,Plot C,April,2,2026-04-03,interval_end,0-0__161,NA,NA,Orbicella franksi,480,cm2,4.055,4.055e-4,TRUE,Plot C__2__interval_end__0-0__161,1
Plot C,all,Plot C,April,2,2026-04-03,interval_end,0-0__162,NA,NA,Orbicella franksi,480,cm2,4.235,4.2350000000000005e-4,TRUE,Plot C__2__interval_end__0-0__162,1
Plot C,all,Plot C,April,2,2026-04-03,interval_end,0-0__163,NA,NA,Orbicella franksi,480,cm2,2.875,2.875e-4,TRUE,Plot C__2__interval_end__0-0__163,1
Plot C,all,Plot C,April,2,2026-04-03,interval_end,0-0__164,NA,NA,Orbicella franksi,480,cm2,1.7325,1.7324999999999998e-4,TRUE,Plot C__2__interval_end__0-0__164,1
Plot C,all,Plot C,April,2,2026-04-03,interval_end,0-0__166,NA,NA,Orbicella annularis,480,cm2,148.6225,0.01486225,TRUE,Plot C__2__interval_end__0-0__166,1
Plot C,all,Plot C,April,2,2026-04-03,interval_end,0-0__167,NA,NA,Porites porites,480,cm2,1.6575,1.6575e-4,TRUE,Plot C__2__interval_end__0-0__167,1
Plot C,all,Plot C,April,2,2026-04-03,interval_end,0-0__168,NA,NA,Porites porites,480,cm2,3.2475,3.2475e-4,TRUE,Plot C__2__interval_end__0-0__168,1
Plot C,all,Plot C,April,2,2026-04-03,interval_end,0-0__169,NA,NA,Porites porites,480,cm2,2.5275,2.5275e-4,TRUE,Plot C__2__interval_end__0-0__169,1
Plot C,all,Plot C,April,2,2026-04-03,interval_end,0-0__17,NA,NA,Montastraea cavernosa,480,cm2,3.7775,3.7775e-4,TRUE,Plot C__2__interval_end__0-0__17,1
Plot C,all,Plot C,April,2,2026-04-03,interval_end,0-0__170,NA,NA,Porites porites,480,cm2,1.61,1.61e-4,TRUE,Plot C__2__interval_end__0-0__170,1
Plot C,all,Plot C,April,2,2026-04-03,interval_end,0-0__171,NA,NA,Porites porites,480,cm2,0.9975,9.975e-5,TRUE,Plot C__2__interval_end__0-0__171,1
Plot C,all,Plot C,April,2,2026-04-03,interval_end,0-0__172,NA,NA,Porites porites,480,cm2,0.5425,5.425e-5,TRUE,Plot C__2__interval_end__0-0__172,1
Plot C,all,Plot C,April,2,2026-04-03,interval_end,0-0__173,NA,NA,Porites porites,480,cm2,1.425,1.425e-4,TRUE,Plot C__2__interval_end__0-0__173,1
Plot C,all,Plot C,April,2,2026-04-03,interval_end,0-0__174,NA,NA,Porites porites,480,cm2,3.0475,3.0475e-4,TRUE,Plot C__2__interval_end__0-0__174,1
Plot C,all,Plot C,April,2,2026-04-03,interval_end,0-0__175,NA,NA,Porites porites,480,cm2,6.97,6.97e-4,TRUE,Plot C__2__interval_end__0-0__175,1
Plot C,all,Plot C,April,2,2026-04-03,interval_end,0-0__176,NA,NA,Porites porites,480,cm2,4.625,4.625e-4,TRUE,Plot C__2__interval_end__0-0__176,1
Plot C,all,Plot C,April,2,2026-04-03,interval_end,0-0__177,NA,NA,Porites porites,480,cm2,3.7175,3.7174999999999996e-4,TRUE,Plot C__2__interval_end__0-0__177,1
Plot C,all,Plot C,April,2,2026-04-03,interval_end,0-0__178,NA,NA,Porites porites,480,cm2,4.0375,4.0375e-4,TRUE,Plot C__2__interval_end__0-0__178,1
Plot C,all,Plot C,April,2,2026-04-03,interval_end,0-0__179,NA,NA,Porites porites,480,cm2,5.3925,5.3925e-4,TRUE,Plot C__2__interval_end__0-0__179,1
Plot C,all,Plot C,April,2,2026-04-03,interval_end,0-0__18,NA,NA,Montastraea cavernosa,480,cm2,4.41,4.4100000000000004e-4,TRUE,Plot C__2__interval_end__0-0__18,1
Plot C,all,Plot C,April,2,2026-04-03,interval_end,0-0__180,NA,NA,Porites porites,480,cm2,8.175,8.175000000000001e-4,TRUE,Plot C__2__interval_end__0-0__180,1
Plot C,all,Plot C,April,2,2026-04-03,interval_end,0-0__181,NA,NA,Porites porites,480,cm2,4.37,4.37e-4,TRUE,Plot C__2__interval_end__0-0__181,1
Plot C,all,Plot C,April,2,2026-04-03,interval_end,0-0__182,NA,NA,Porites porites,480,cm2,7.0425,7.0425e-4,TRUE,Plot C__2__interval_end__0-0__182,1
Plot C,all,Plot C,April,2,2026-04-03,interval_end,0-0__183,NA,NA,Porites porites,480,cm2,5.44,5.44e-4,TRUE,Plot C__2__interval_end__0-0__183,1
Plot C,all,Plot C,April,2,2026-04-03,interval_end,0-0__184,NA,NA,Porites porites,480,cm2,2.3975,2.3975e-4,TRUE,Plot C__2__interval_end__0-0__184,1
Plot C,all,Plot C,April,2,2026-04-03,interval_end,0-0__185,NA,NA,Porites porites,480,cm2,4.7275,4.7275e-4,TRUE,Plot C__2__interval_end__0-0__185,1
Plot C,all,Plot C,April,2,2026-04-03,interval_end,0-0__186,NA,NA,Porites porites,480,cm2,3.58,3.5800000000000003e-4,TRUE,Plot C__2__interval_end__0-0__186,1
Plot C,all,Plot C,April,2,2026-04-03,interval_end,0-0__187,NA,NA,Porites porites,480,cm2,4.9225,4.922500000000001e-4,TRUE,Plot C__2__interval_end__0-0__187,1
Plot C,all,Plot C,April,2,2026-04-03,interval_end,0-0__188,NA,NA,Porites porites,480,cm2,5.9125,5.9125e-4,TRUE,Plot C__2__interval_end__0-0__188,1
Plot C,all,Plot C,April,2,2026-04-03,interval_end,0-0__189,NA,NA,Porites porites,480,cm2,4.175,4.1749999999999996e-4,TRUE,Plot C__2__interval_end__0-0__189,1
Plot C,all,Plot C,April,2,2026-04-03,interval_end,0-0__19,NA,NA,Montastraea cavernosa,480,cm2,4.48,4.4800000000000005e-4,TRUE,Plot C__2__interval_end__0-0__19,1
Plot C,all,Plot C,April,2,2026-04-03,interval_end,0-0__190,NA,NA,Porites porites,480,cm2,2.2725,2.2725e-4,TRUE,Plot C__2__interval_end__0-0__190,1
Plot C,all,Plot C,April,2,2026-04-03,interval_end,0-0__191,NA,NA,Porites porites,480,cm2,3.945,3.945e-4,TRUE,Plot C__2__interval_end__0-0__191,1
Plot C,all,Plot C,April,2,2026-04-03,interval_end,0-0__192,NA,NA,Porites porites,480,cm2,2.88,2.88e-4,TRUE,Plot C__2__interval_end__0-0__192,1
Plot C,all,Plot C,April,2,2026-04-03,interval_end,0-0__193,NA,NA,Porites porites,480,cm2,3.255,3.255e-4,TRUE,Plot C__2__interval_end__0-0__193,1
Plot C,all,Plot C,April,2,2026-04-03,interval_end,0-0__194,NA,NA,Porites porites,480,cm2,3.625,3.625e-4,TRUE,Plot C__2__interval_end__0-0__194,1
Plot C,all,Plot C,April,2,2026-04-03,interval_end,0-0__195,NA,NA,Porites porites,480,cm2,2.6775,2.6775000000000003e-4,TRUE,Plot C__2__interval_end__0-0__195,1
Plot C,all,Plot C,April,2,2026-04-03,interval_end,0-0__196,NA,NA,Porites porites,480,cm2,3.3475,3.3475000000000003e-4,TRUE,Plot C__2__interval_end__0-0__196,1
Plot C,all,Plot C,April,2,2026-04-03,interval_end,0-0__197,NA,NA,Porites porites,480,cm2,2.1,2.1e-4,TRUE,Plot C__2__interval_end__0-0__197,1
Plot C,all,Plot C,April,2,2026-04-03,interval_end,0-0__198,NA,NA,Porites porites,480,cm2,3.8225,3.8225e-4,TRUE,Plot C__2__interval_end__0-0__198,1
Plot C,all,Plot C,April,2,2026-04-03,interval_end,0-0__199,NA,NA,Porites porites,480,cm2,5.71,5.71e-4,TRUE,Plot C__2__interval_end__0-0__199,1
Plot C,all,Plot C,April,2,2026-04-03,interval_end,0-0__2,NA,NA,Orbicella annularis,480,cm2,25.15,0.002515,TRUE,Plot C__2__interval_end__0-0__2,1
Plot C,all,Plot C,April,2,2026-04-03,interval_end,0-0__20,NA,NA,Montastraea cavernosa,480,cm2,1.7125,1.7125e-4,TRUE,Plot C__2__interval_end__0-0__20,1
Plot C,all,Plot C,April,2,2026-04-03,interval_end,0-0__200,NA,NA,Porites porites,480,cm2,5.275,5.275000000000001e-4,TRUE,Plot C__2__interval_end__0-0__200,1
Plot C,all,Plot C,April,2,2026-04-03,interval_end,0-0__201,NA,NA,Porites porites,480,cm2,3.6275,3.6275e-4,TRUE,Plot C__2__interval_end__0-0__201,1
Plot C,all,Plot C,April,2,2026-04-03,interval_end,0-0__202,NA,NA,Porites porites,480,cm2,1.9425,1.9424999999999998e-4,TRUE,Plot C__2__interval_end__0-0__202,1
Plot C,all,Plot C,April,2,2026-04-03,interval_end,0-0__203,NA,NA,Porites porites,480,cm2,1.0275,1.0275e-4,TRUE,Plot C__2__interval_end__0-0__203,1
Plot C,all,Plot C,April,2,2026-04-03,interval_end,0-0__204,NA,NA,Porites porites,480,cm2,2.755,2.755e-4,TRUE,Plot C__2__interval_end__0-0__204,1
Plot C,all,Plot C,April,2,2026-04-03,interval_end,0-0__205,NA,NA,Porites porites,480,cm2,4.655,4.6550000000000004e-4,TRUE,Plot C__2__interval_end__0-0__205,1
Plot C,all,Plot C,April,2,2026-04-03,interval_end,0-0__206,NA,NA,Porites porites,480,cm2,5.5275,5.5275e-4,TRUE,Plot C__2__interval_end__0-0__206,1
Plot C,all,Plot C,April,2,2026-04-03,interval_end,0-0__207,NA,NA,Unidentified coral,480,cm2,0.2325,2.3250000000000003e-5,TRUE,Plot C__2__interval_end__0-0__207,1
Plot C,all,Plot C,April,2,2026-04-03,interval_end,0-0__208,NA,NA,Porites porites,480,cm2,3.695,3.695e-4,TRUE,Plot C__2__interval_end__0-0__208,1
Plot C,all,Plot C,April,2,2026-04-03,interval_end,0-0__209,NA,NA,Porites porites,480,cm2,8.2125,8.2125e-4,TRUE,Plot C__2__interval_end__0-0__209,1
Plot C,all,Plot C,April,2,2026-04-03,interval_end,0-0__21,NA,NA,Montastraea cavernosa,480,cm2,1.965,1.965e-4,TRUE,Plot C__2__interval_end__0-0__21,1
Plot C,all,Plot C,April,2,2026-04-03,interval_end,0-0__210,NA,NA,Porites porites,480,cm2,0.965,9.65e-5,TRUE,Plot C__2__interval_end__0-0__210,1
Plot C,all,Plot C,April,2,2026-04-03,interval_end,0-0__211,NA,NA,Porites porites,480,cm2,5.1675,5.167500000000001e-4,TRUE,Plot C__2__interval_end__0-0__211,1
Plot C,all,Plot C,April,2,2026-04-03,interval_end,0-0__212,NA,NA,Porites porites,480,cm2,4.0525,4.0525e-4,TRUE,Plot C__2__interval_end__0-0__212,1
Plot C,all,Plot C,April,2,2026-04-03,interval_end,0-0__213,NA,NA,Porites porites,480,cm2,8.6925,8.692500000000001e-4,TRUE,Plot C__2__interval_end__0-0__213,1
Plot C,all,Plot C,April,2,2026-04-03,interval_end,0-0__214,NA,NA,Porites porites,480,cm2,2.795,2.795e-4,TRUE,Plot C__2__interval_end__0-0__214,1
Plot C,all,Plot C,April,2,2026-04-03,interval_end,0-0__215,NA,NA,Porites porites,480,cm2,7.6025,7.6025e-4,TRUE,Plot C__2__interval_end__0-0__215,1
Plot C,all,Plot C,April,2,2026-04-03,interval_end,0-0__216,NA,NA,Porites porites,480,cm2,5.385,5.385e-4,TRUE,Plot C__2__interval_end__0-0__216,1
Plot C,all,Plot C,April,2,2026-04-03,interval_end,0-0__217,NA,NA,Porites porites,480,cm2,7.1875,7.1875e-4,TRUE,Plot C__2__interval_end__0-0__217,1
Plot C,all,Plot C,April,2,2026-04-03,interval_end,0-0__218,NA,NA,Porites porites,480,cm2,4.8875,4.8875e-4,TRUE,Plot C__2__interval_end__0-0__218,1
Plot C,all,Plot C,April,2,2026-04-03,interval_end,0-0__219,NA,NA,Porites porites,480,cm2,4.54,4.54e-4,TRUE,Plot C__2__interval_end__0-0__219,1
Plot C,all,Plot C,April,2,2026-04-03,interval_end,0-0__22,NA,NA,Orbicella annularis,480,cm2,19.7725,0.0019772500000000003,TRUE,Plot C__2__interval_end__0-0__22,1
Plot C,all,Plot C,April,2,2026-04-03,interval_end,0-0__220,NA,NA,Porites porites,480,cm2,5.34,5.34e-4,TRUE,Plot C__2__interval_end__0-0__220,1
Plot C,all,Plot C,April,2,2026-04-03,interval_end,0-0__221,NA,NA,Porites porites,480,cm2,5.1825,5.1825e-4,TRUE,Plot C__2__interval_end__0-0__221,1
Plot C,all,Plot C,April,2,2026-04-03,interval_end,0-0__222,NA,NA,Porites porites,480,cm2,1.145,1.145e-4,TRUE,Plot C__2__interval_end__0-0__222,1
Plot C,all,Plot C,April,2,2026-04-03,interval_end,0-0__223,NA,NA,Porites porites,480,cm2,4.8225,4.8225e-4,TRUE,Plot C__2__interval_end__0-0__223,1
Plot C,all,Plot C,April,2,2026-04-03,interval_end,0-0__224,NA,NA,Porites porites,480,cm2,6.9775,6.9775e-4,TRUE,Plot C__2__interval_end__0-0__224,1
Plot C,all,Plot C,April,2,2026-04-03,interval_end,0-0__225,NA,NA,Porites porites,480,cm2,4.1975,4.1975e-4,TRUE,Plot C__2__interval_end__0-0__225,1
Plot C,all,Plot C,April,2,2026-04-03,interval_end,0-0__226,NA,NA,Porites porites,480,cm2,4.205,4.2050000000000003e-4,TRUE,Plot C__2__interval_end__0-0__226,1
Plot C,all,Plot C,April,2,2026-04-03,interval_end,0-0__227,NA,NA,Porites porites,480,cm2,5.89,5.89e-4,TRUE,Plot C__2__interval_end__0-0__227,1
Plot C,all,Plot C,April,2,2026-04-03,interval_end,0-0__228,NA,NA,Porites porites,480,cm2,1.415,1.415e-4,TRUE,Plot C__2__interval_end__0-0__228,1
Plot C,all,Plot C,April,2,2026-04-03,interval_end,0-0__229,NA,NA,Porites porites,480,cm2,1.1575,1.1575e-4,TRUE,Plot C__2__interval_end__0-0__229,1
Plot C,all,Plot C,April,2,2026-04-03,interval_end,0-0__23,NA,NA,Montastraea cavernosa,480,cm2,2.855,2.855e-4,TRUE,Plot C__2__interval_end__0-0__23,1
Plot C,all,Plot C,April,2,2026-04-03,interval_end,0-0__230,NA,NA,Porites porites,480,cm2,2.98,2.98e-4,TRUE,Plot C__2__interval_end__0-0__230,1
Plot C,all,Plot C,April,2,2026-04-03,interval_end,0-0__231,NA,NA,Porites porites,480,cm2,1.6125,1.6125000000000002e-4,TRUE,Plot C__2__interval_end__0-0__231,1
Plot C,all,Plot C,April,2,2026-04-03,interval_end,0-0__232,NA,NA,Porites porites,480,cm2,4.13,4.13e-4,TRUE,Plot C__2__interval_end__0-0__232,1
Plot C,all,Plot C,April,2,2026-04-03,interval_end,0-0__233,NA,NA,Porites porites,480,cm2,2.4525,2.4525e-4,TRUE,Plot C__2__interval_end__0-0__233,1
Plot C,all,Plot C,April,2,2026-04-03,interval_end,0-0__234,NA,NA,Porites porites,480,cm2,5.3625,5.362499999999999e-4,TRUE,Plot C__2__interval_end__0-0__234,1
Plot C,all,Plot C,April,2,2026-04-03,interval_end,0-0__235,NA,NA,Porites porites,480,cm2,3.8325,3.8325e-4,TRUE,Plot C__2__interval_end__0-0__235,1
Plot C,all,Plot C,April,2,2026-04-03,interval_end,0-0__236,NA,NA,Porites porites,480,cm2,43.75,0.004375,TRUE,Plot C__2__interval_end__0-0__236,1
Plot C,all,Plot C,April,2,2026-04-03,interval_end,0-0__237,NA,NA,Orbicella faveolata,480,cm2,19.115000000000002,0.0019115,TRUE,Plot C__2__interval_end__0-0__237,1
Plot C,all,Plot C,April,2,2026-04-03,interval_end,0-0__238,NA,NA,Orbicella faveolata,480,cm2,46.4,0.00464,TRUE,Plot C__2__interval_end__0-0__238,1
Plot C,all,Plot C,April,2,2026-04-03,interval_end,0-0__239,NA,NA,Orbicella faveolata,480,cm2,13.5475,0.00135475,TRUE,Plot C__2__interval_end__0-0__239,1
Plot C,all,Plot C,April,2,2026-04-03,interval_end,0-0__24,NA,NA,Montastraea cavernosa,480,cm2,4.4675,4.4675000000000004e-4,TRUE,Plot C__2__interval_end__0-0__24,1
Plot C,all,Plot C,April,2,2026-04-03,interval_end,0-0__240,NA,NA,Orbicella faveolata,480,cm2,6.555,6.554999999999999e-4,TRUE,Plot C__2__interval_end__0-0__240,1
Plot C,all,Plot C,April,2,2026-04-03,interval_end,0-0__241,NA,NA,Orbicella faveolata,480,cm2,7.79,7.79e-4,TRUE,Plot C__2__interval_end__0-0__241,1
Plot C,all,Plot C,April,2,2026-04-03,interval_end,0-0__242,NA,NA,Orbicella faveolata,480,cm2,16.7925,0.0016792500000000002,TRUE,Plot C__2__interval_end__0-0__242,1
Plot C,all,Plot C,April,2,2026-04-03,interval_end,0-0__243,NA,NA,Orbicella faveolata,480,cm2,5.2725,5.2725e-4,TRUE,Plot C__2__interval_end__0-0__243,1
Plot C,all,Plot C,April,2,2026-04-03,interval_end,0-0__244,NA,NA,Orbicella faveolata,480,cm2,18.11,0.001811,TRUE,Plot C__2__interval_end__0-0__244,1
Plot C,all,Plot C,April,2,2026-04-03,interval_end,0-0__245,NA,NA,Porites porites,480,cm2,30.84,0.003084,TRUE,Plot C__2__interval_end__0-0__245,1
Plot C,all,Plot C,April,2,2026-04-03,interval_end,0-0__246,NA,NA,Orbicella faveolata,480,cm2,7.87,7.87e-4,TRUE,Plot C__2__interval_end__0-0__246,1
Plot C,all,Plot C,April,2,2026-04-03,interval_end,0-0__247,NA,NA,Orbicella faveolata,480,cm2,7.41,7.41e-4,TRUE,Plot C__2__interval_end__0-0__247,1
Plot C,all,Plot C,April,2,2026-04-03,interval_end,0-0__248,NA,NA,Orbicella faveolata,480,cm2,20.6725,0.00206725,TRUE,Plot C__2__interval_end__0-0__248,1
Plot C,all,Plot C,April,2,2026-04-03,interval_end,0-0__249,NA,NA,Orbicella faveolata,480,cm2,18.255,0.0018254999999999999,TRUE,Plot C__2__interval_end__0-0__249,1
Plot C,all,Plot C,April,2,2026-04-03,interval_end,0-0__25,NA,NA,Montastraea cavernosa,480,cm2,3.39,3.39e-4,TRUE,Plot C__2__interval_end__0-0__25,1
Plot C,all,Plot C,April,2,2026-04-03,interval_end,0-0__250,NA,NA,Porites porites,480,cm2,8.5625,8.5625e-4,TRUE,Plot C__2__interval_end__0-0__250,1
Plot C,all,Plot C,April,2,2026-04-03,interval_end,0-0__251,NA,NA,Orbicella faveolata,480,cm2,8.325,8.324999999999999e-4,TRUE,Plot C__2__interval_end__0-0__251,1
Plot C,all,Plot C,April,2,2026-04-03,interval_end,0-0__252,NA,NA,Porites porites,480,cm2,8.085,8.085000000000001e-4,TRUE,Plot C__2__interval_end__0-0__252,1
Plot C,all,Plot C,April,2,2026-04-03,interval_end,0-0__253,NA,NA,Porites porites,480,cm2,4.3575,4.3575e-4,TRUE,Plot C__2__interval_end__0-0__253,1
Plot C,all,Plot C,April,2,2026-04-03,interval_end,0-0__254,NA,NA,Porites porites,480,cm2,6.1875,6.1875e-4,TRUE,Plot C__2__interval_end__0-0__254,1
Plot C,all,Plot C,April,2,2026-04-03,interval_end,0-0__255,NA,NA,Porites porites,480,cm2,6.165,6.165e-4,TRUE,Plot C__2__interval_end__0-0__255,1
Plot C,all,Plot C,April,2,2026-04-03,interval_end,0-0__256,NA,NA,Porites porites,480,cm2,7.645,7.645e-4,TRUE,Plot C__2__interval_end__0-0__256,1
Plot C,all,Plot C,April,2,2026-04-03,interval_end,0-0__257,NA,NA,Porites porites,480,cm2,5.11,5.110000000000001e-4,TRUE,Plot C__2__interval_end__0-0__257,1
Plot C,all,Plot C,April,2,2026-04-03,interval_end,0-0__258,NA,NA,Porites porites,480,cm2,1.3775,1.3775e-4,TRUE,Plot C__2__interval_end__0-0__258,1
Plot C,all,Plot C,April,2,2026-04-03,interval_end,0-0__259,NA,NA,Porites porites,480,cm2,2.325,2.325e-4,TRUE,Plot C__2__interval_end__0-0__259,1
Plot C,all,Plot C,April,2,2026-04-03,interval_end,0-0__26,NA,NA,Montastraea cavernosa,480,cm2,4.915,4.915e-4,TRUE,Plot C__2__interval_end__0-0__26,1
Plot C,all,Plot C,April,2,2026-04-03,interval_end,0-0__260,NA,NA,Porites porites,480,cm2,4.545,4.545e-4,TRUE,Plot C__2__interval_end__0-0__260,1
Plot C,all,Plot C,April,2,2026-04-03,interval_end,0-0__261,NA,NA,Porites porites,480,cm2,1.005,1.0049999999999999e-4,TRUE,Plot C__2__interval_end__0-0__261,1
Plot C,all,Plot C,April,2,2026-04-03,interval_end,0-0__262,NA,NA,Porites porites,480,cm2,6.6,6.6e-4,TRUE,Plot C__2__interval_end__0-0__262,1
Plot C,all,Plot C,April,2,2026-04-03,interval_end,0-0__263,NA,NA,Porites porites,480,cm2,6.7325,6.7325e-4,TRUE,Plot C__2__interval_end__0-0__263,1
Plot C,all,Plot C,April,2,2026-04-03,interval_end,0-0__264,NA,NA,Porites porites,480,cm2,2.9125,2.9125e-4,TRUE,Plot C__2__interval_end__0-0__264,1
Plot C,all,Plot C,April,2,2026-04-03,interval_end,0-0__265,NA,NA,Porites porites,480,cm2,4.68,4.68e-4,TRUE,Plot C__2__interval_end__0-0__265,1
Plot C,all,Plot C,April,2,2026-04-03,interval_end,0-0__266,NA,NA,Porites porites,480,cm2,5.23,5.23e-4,TRUE,Plot C__2__interval_end__0-0__266,1
Plot C,all,Plot C,April,2,2026-04-03,interval_end,0-0__267,NA,NA,Porites porites,480,cm2,3.44,3.44e-4,TRUE,Plot C__2__interval_end__0-0__267,1
Plot C,all,Plot C,April,2,2026-04-03,interval_end,0-0__268,NA,NA,Porites porites,480,cm2,5.3725,5.3725e-4,TRUE,Plot C__2__interval_end__0-0__268,1
Plot C,all,Plot C,April,2,2026-04-03,interval_end,0-0__269,NA,NA,Porites porites,480,cm2,3.3375,3.3375e-4,TRUE,Plot C__2__interval_end__0-0__269,1
Plot C,all,Plot C,April,2,2026-04-03,interval_end,0-0__27,NA,NA,Montastraea cavernosa,480,cm2,3.6375,3.6375000000000003e-4,TRUE,Plot C__2__interval_end__0-0__27,1
Plot C,all,Plot C,April,2,2026-04-03,interval_end,0-0__270,NA,NA,Porites porites,480,cm2,1.715,1.715e-4,TRUE,Plot C__2__interval_end__0-0__270,1
Plot C,all,Plot C,April,2,2026-04-03,interval_end,0-0__271,NA,NA,Porites porites,480,cm2,7.8625,7.8625e-4,TRUE,Plot C__2__interval_end__0-0__271,1
Plot C,all,Plot C,April,2,2026-04-03,interval_end,0-0__272,NA,NA,Porites porites,480,cm2,8.97,8.97e-4,TRUE,Plot C__2__interval_end__0-0__272,1
Plot C,all,Plot C,April,2,2026-04-03,interval_end,0-0__273,NA,NA,Porites porites,480,cm2,3.7575,3.7575e-4,TRUE,Plot C__2__interval_end__0-0__273,1
Plot C,all,Plot C,April,2,2026-04-03,interval_end,0-0__274,NA,NA,Porites porites,480,cm2,10.86,0.001086,TRUE,Plot C__2__interval_end__0-0__274,1
Plot C,all,Plot C,April,2,2026-04-03,interval_end,0-0__275,NA,NA,Porites porites,480,cm2,8.4625,8.4625e-4,TRUE,Plot C__2__interval_end__0-0__275,1
Plot C,all,Plot C,April,2,2026-04-03,interval_end,0-0__276,NA,NA,Porites porites,480,cm2,7.5175,7.5175e-4,TRUE,Plot C__2__interval_end__0-0__276,1
Plot C,all,Plot C,April,2,2026-04-03,interval_end,0-0__277,NA,NA,Porites porites,480,cm2,4.2675,4.2675e-4,TRUE,Plot C__2__interval_end__0-0__277,1
Plot C,all,Plot C,April,2,2026-04-03,interval_end,0-0__278,NA,NA,Orbicella franksi,480,cm2,12.5,0.0012499999999999998,TRUE,Plot C__2__interval_end__0-0__278,1
Plot C,all,Plot C,April,2,2026-04-03,interval_end,0-0__279,NA,NA,Orbicella franksi,480,cm2,5.9275,5.927500000000001e-4,TRUE,Plot C__2__interval_end__0-0__279,1
Plot C,all,Plot C,April,2,2026-04-03,interval_end,0-0__28,NA,NA,Montastraea cavernosa,480,cm2,4.115,4.1150000000000003e-4,TRUE,Plot C__2__interval_end__0-0__28,1
Plot C,all,Plot C,April,2,2026-04-03,interval_end,0-0__280,NA,NA,Orbicella franksi,480,cm2,4.3,4.3e-4,TRUE,Plot C__2__interval_end__0-0__280,1
Plot C,all,Plot C,April,2,2026-04-03,interval_end,0-0__281,NA,NA,Orbicella franksi,480,cm2,5.02,5.02e-4,TRUE,Plot C__2__interval_end__0-0__281,1
Plot C,all,Plot C,April,2,2026-04-03,interval_end,0-0__283,NA,NA,Orbicella franksi,480,cm2,3.4475,3.4475e-4,TRUE,Plot C__2__interval_end__0-0__283,1
Plot C,all,Plot C,April,2,2026-04-03,interval_end,0-0__284,NA,NA,Orbicella franksi,480,cm2,3.91,3.91e-4,TRUE,Plot C__2__interval_end__0-0__284,1
Plot C,all,Plot C,April,2,2026-04-03,interval_end,0-0__285,NA,NA,Orbicella franksi,480,cm2,2.4075,2.4075000000000002e-4,TRUE,Plot C__2__interval_end__0-0__285,1
Plot C,all,Plot C,April,2,2026-04-03,interval_end,0-0__286,NA,NA,Orbicella franksi,480,cm2,3.6575,3.6575e-4,TRUE,Plot C__2__interval_end__0-0__286,1
Plot C,all,Plot C,April,2,2026-04-03,interval_end,0-0__287,NA,NA,Orbicella franksi,480,cm2,3.565,3.565e-4,TRUE,Plot C__2__interval_end__0-0__287,1
Plot C,all,Plot C,April,2,2026-04-03,interval_end,0-0__288,NA,NA,Orbicella franksi,480,cm2,2.915,2.915e-4,TRUE,Plot C__2__interval_end__0-0__288,1
Plot C,all,Plot C,April,2,2026-04-03,interval_end,0-0__289,NA,NA,Orbicella franksi,480,cm2,4.7675,4.7675e-4,TRUE,Plot C__2__interval_end__0-0__289,1
Plot C,all,Plot C,April,2,2026-04-03,interval_end,0-0__29,NA,NA,Montastraea cavernosa,480,cm2,3.51,3.5099999999999997e-4,TRUE,Plot C__2__interval_end__0-0__29,1
Plot C,all,Plot C,April,2,2026-04-03,interval_end,0-0__290,NA,NA,Orbicella franksi,480,cm2,4.315,4.315e-4,TRUE,Plot C__2__interval_end__0-0__290,1
Plot C,all,Plot C,April,2,2026-04-03,interval_end,0-0__291,NA,NA,Orbicella franksi,480,cm2,3.495,3.495e-4,TRUE,Plot C__2__interval_end__0-0__291,1
Plot C,all,Plot C,April,2,2026-04-03,interval_end,0-0__292,NA,NA,Orbicella faveolata,480,cm2,35.6825,0.0035682500000000002,TRUE,Plot C__2__interval_end__0-0__292,1
Plot C,all,Plot C,April,2,2026-04-03,interval_end,0-0__293,NA,NA,Orbicella faveolata,480,cm2,32.2725,0.00322725,TRUE,Plot C__2__interval_end__0-0__293,1
Plot C,all,Plot C,April,2,2026-04-03,interval_end,0-0__294,NA,NA,Orbicella faveolata,480,cm2,25.285000000000004,0.0025285,TRUE,Plot C__2__interval_end__0-0__294,1
Plot C,all,Plot C,April,2,2026-04-03,interval_end,0-0__295,NA,NA,Orbicella faveolata,480,cm2,9.96,9.960000000000001e-4,TRUE,Plot C__2__interval_end__0-0__295,1
Plot C,all,Plot C,April,2,2026-04-03,interval_end,0-0__296,NA,NA,Orbicella faveolata,480,cm2,8.475,8.475e-4,TRUE,Plot C__2__interval_end__0-0__296,1
Plot C,all,Plot C,April,2,2026-04-03,interval_end,0-0__297,NA,NA,Orbicella faveolata,480,cm2,14.0825,0.00140825,TRUE,Plot C__2__interval_end__0-0__297,1
Plot C,all,Plot C,April,2,2026-04-03,interval_end,0-0__298,NA,NA,Orbicella faveolata,480,cm2,50.7675,0.0050767500000000005,TRUE,Plot C__2__interval_end__0-0__298,1
Plot C,all,Plot C,April,2,2026-04-03,interval_end,0-0__299,NA,NA,Orbicella faveolata,480,cm2,9.59,9.59e-4,TRUE,Plot C__2__interval_end__0-0__299,1
Plot C,all,Plot C,April,2,2026-04-03,interval_end,0-0__3,NA,NA,Montastraea cavernosa,480,cm2,4.05,4.05e-4,TRUE,Plot C__2__interval_end__0-0__3,1
Plot C,all,Plot C,April,2,2026-04-03,interval_end,0-0__30,NA,NA,Montastraea cavernosa,480,cm2,3.7275,3.7275e-4,TRUE,Plot C__2__interval_end__0-0__30,1
Plot C,all,Plot C,April,2,2026-04-03,interval_end,0-0__300,NA,NA,Orbicella faveolata,480,cm2,7.6025,7.6025e-4,TRUE,Plot C__2__interval_end__0-0__300,1
Plot C,all,Plot C,April,2,2026-04-03,interval_end,0-0__301,NA,NA,Orbicella faveolata,480,cm2,7.235,7.235000000000001e-4,TRUE,Plot C__2__interval_end__0-0__301,1
Plot C,all,Plot C,April,2,2026-04-03,interval_end,0-0__302,NA,NA,Orbicella faveolata,480,cm2,7.5275,7.5275e-4,TRUE,Plot C__2__interval_end__0-0__302,1
Plot C,all,Plot C,April,2,2026-04-03,interval_end,0-0__303,NA,NA,Orbicella faveolata,480,cm2,8.8475,8.8475e-4,TRUE,Plot C__2__interval_end__0-0__303,1
Plot C,all,Plot C,April,2,2026-04-03,interval_end,0-0__31,NA,NA,Montastraea cavernosa,480,cm2,3.575,3.575e-4,TRUE,Plot C__2__interval_end__0-0__31,1
Plot C,all,Plot C,April,2,2026-04-03,interval_end,0-0__32,NA,NA,Montastraea cavernosa,480,cm2,5.1075,5.1075e-4,TRUE,Plot C__2__interval_end__0-0__32,1
Plot C,all,Plot C,April,2,2026-04-03,interval_end,0-0__33,NA,NA,Montastraea cavernosa,480,cm2,5.3725,5.3725e-4,TRUE,Plot C__2__interval_end__0-0__33,1
Plot C,all,Plot C,April,2,2026-04-03,interval_end,0-0__34,NA,NA,Montastraea cavernosa,480,cm2,5.35,5.35e-4,TRUE,Plot C__2__interval_end__0-0__34,1
Plot C,all,Plot C,April,2,2026-04-03,interval_end,0-0__35,NA,NA,Montastraea cavernosa,480,cm2,3.6375,3.6375000000000003e-4,TRUE,Plot C__2__interval_end__0-0__35,1
Plot C,all,Plot C,April,2,2026-04-03,interval_end,0-0__36,NA,NA,Montastraea cavernosa,480,cm2,3.75,3.75e-4,TRUE,Plot C__2__interval_end__0-0__36,1
Plot C,all,Plot C,April,2,2026-04-03,interval_end,0-0__37,NA,NA,Montastraea cavernosa,480,cm2,5.19,5.19e-4,TRUE,Plot C__2__interval_end__0-0__37,1
Plot C,all,Plot C,April,2,2026-04-03,interval_end,0-0__38,NA,NA,Montastraea cavernosa,480,cm2,4.72,4.72e-4,TRUE,Plot C__2__interval_end__0-0__38,1
Plot C,all,Plot C,April,2,2026-04-03,interval_end,0-0__39,NA,NA,Montastraea cavernosa,480,cm2,6.805,6.805e-4,TRUE,Plot C__2__interval_end__0-0__39,1
Plot C,all,Plot C,April,2,2026-04-03,interval_end,0-0__4,NA,NA,Montastraea cavernosa,480,cm2,4.97,4.969999999999999e-4,TRUE,Plot C__2__interval_end__0-0__4,1
Plot C,all,Plot C,April,2,2026-04-03,interval_end,0-0__40,NA,NA,Montastraea cavernosa,480,cm2,5.0625,5.0625e-4,TRUE,Plot C__2__interval_end__0-0__40,1
Plot C,all,Plot C,April,2,2026-04-03,interval_end,0-0__41,NA,NA,Montastraea cavernosa,480,cm2,4.6,4.5999999999999996e-4,TRUE,Plot C__2__interval_end__0-0__41,1
Plot C,all,Plot C,April,2,2026-04-03,interval_end,0-0__42,NA,NA,Montastraea cavernosa,480,cm2,4.0575,4.0575e-4,TRUE,Plot C__2__interval_end__0-0__42,1
Plot C,all,Plot C,April,2,2026-04-03,interval_end,0-0__43,NA,NA,Montastraea cavernosa,480,cm2,4.635,4.635e-4,TRUE,Plot C__2__interval_end__0-0__43,1
Plot C,all,Plot C,April,2,2026-04-03,interval_end,0-0__44,NA,NA,Orbicella annularis,480,cm2,16.1225,0.00161225,TRUE,Plot C__2__interval_end__0-0__44,1
Plot C,all,Plot C,April,2,2026-04-03,interval_end,0-0__45,NA,NA,Montastraea cavernosa,480,cm2,3.69,3.6899999999999997e-4,TRUE,Plot C__2__interval_end__0-0__45,1
Plot C,all,Plot C,April,2,2026-04-03,interval_end,0-0__46,NA,NA,Montastraea cavernosa,480,cm2,3.0275,3.0274999999999996e-4,TRUE,Plot C__2__interval_end__0-0__46,1
Plot C,all,Plot C,April,2,2026-04-03,interval_end,0-0__47,NA,NA,Montastraea cavernosa,480,cm2,3.6275,3.6275e-4,TRUE,Plot C__2__interval_end__0-0__47,1
Plot C,all,Plot C,April,2,2026-04-03,interval_end,0-0__48,NA,NA,Montastraea cavernosa,480,cm2,3.445,3.4449999999999997e-4,TRUE,Plot C__2__interval_end__0-0__48,1
Plot C,all,Plot C,April,2,2026-04-03,interval_end,0-0__49,NA,NA,Montastraea cavernosa,480,cm2,4.0425,4.0425000000000004e-4,TRUE,Plot C__2__interval_end__0-0__49,1
Plot C,all,Plot C,April,2,2026-04-03,interval_end,0-0__5,NA,NA,Montastraea cavernosa,480,cm2,4.4675,4.4675000000000004e-4,TRUE,Plot C__2__interval_end__0-0__5,1
Plot C,all,Plot C,April,2,2026-04-03,interval_end,0-0__50,NA,NA,Montastraea cavernosa,480,cm2,4.3475,4.3475e-4,TRUE,Plot C__2__interval_end__0-0__50,1
Plot C,all,Plot C,April,2,2026-04-03,interval_end,0-0__51,NA,NA,Montastraea cavernosa,480,cm2,4.5325,4.5325e-4,TRUE,Plot C__2__interval_end__0-0__51,1
Plot C,all,Plot C,April,2,2026-04-03,interval_end,0-0__52,NA,NA,Montastraea cavernosa,480,cm2,3.835,3.835e-4,TRUE,Plot C__2__interval_end__0-0__52,1
Plot C,all,Plot C,April,2,2026-04-03,interval_end,0-0__53,NA,NA,Montastraea cavernosa,480,cm2,4.315,4.315e-4,TRUE,Plot C__2__interval_end__0-0__53,1
Plot C,all,Plot C,April,2,2026-04-03,interval_end,0-0__54,NA,NA,Montastraea cavernosa,480,cm2,3.6875,3.6875e-4,TRUE,Plot C__2__interval_end__0-0__54,1
Plot C,all,Plot C,April,2,2026-04-03,interval_end,0-0__55,NA,NA,Montastraea cavernosa,480,cm2,5.34,5.34e-4,TRUE,Plot C__2__interval_end__0-0__55,1
Plot C,all,Plot C,April,2,2026-04-03,interval_end,0-0__56,NA,NA,Montastraea cavernosa,480,cm2,4.165,4.165e-4,TRUE,Plot C__2__interval_end__0-0__56,1
Plot C,all,Plot C,April,2,2026-04-03,interval_end,0-0__57,NA,NA,Montastraea cavernosa,480,cm2,2.5525,2.5525e-4,TRUE,Plot C__2__interval_end__0-0__57,1
Plot C,all,Plot C,April,2,2026-04-03,interval_end,0-0__59,NA,NA,Montastraea cavernosa,480,cm2,5.12,5.12e-4,TRUE,Plot C__2__interval_end__0-0__59,1
Plot C,all,Plot C,April,2,2026-04-03,interval_end,0-0__6,NA,NA,Montastraea cavernosa,480,cm2,4.685,4.6849999999999995e-4,TRUE,Plot C__2__interval_end__0-0__6,1
Plot C,all,Plot C,April,2,2026-04-03,interval_end,0-0__60,NA,NA,Montastraea cavernosa,480,cm2,4,4e-4,TRUE,Plot C__2__interval_end__0-0__60,1
Plot C,all,Plot C,April,2,2026-04-03,interval_end,0-0__61,NA,NA,Montastraea cavernosa,480,cm2,4.035,4.035e-4,TRUE,Plot C__2__interval_end__0-0__61,1
Plot C,all,Plot C,April,2,2026-04-03,interval_end,0-0__62,NA,NA,Montastraea cavernosa,480,cm2,3.685,3.685e-4,TRUE,Plot C__2__interval_end__0-0__62,1
Plot C,all,Plot C,April,2,2026-04-03,interval_end,0-0__63,NA,NA,Montastraea cavernosa,480,cm2,4.02,4.0199999999999996e-4,TRUE,Plot C__2__interval_end__0-0__63,1
Plot C,all,Plot C,April,2,2026-04-03,interval_end,0-0__64,NA,NA,Montastraea cavernosa,480,cm2,4.105,4.1050000000000006e-4,TRUE,Plot C__2__interval_end__0-0__64,1
Plot C,all,Plot C,April,2,2026-04-03,interval_end,0-0__65,NA,NA,Montastraea cavernosa,480,cm2,2.75,2.75e-4,TRUE,Plot C__2__interval_end__0-0__65,1
Plot C,all,Plot C,April,2,2026-04-03,interval_end,0-0__66,NA,NA,Porites porites,480,cm2,13.4825,0.00134825,TRUE,Plot C__2__interval_end__0-0__66,1
Plot C,all,Plot C,April,2,2026-04-03,interval_end,0-0__67,NA,NA,Porites porites,480,cm2,9.715,9.715e-4,TRUE,Plot C__2__interval_end__0-0__67,1
Plot C,all,Plot C,April,2,2026-04-03,interval_end,0-0__68,NA,NA,Montastraea cavernosa,480,cm2,3.0625,3.0625e-4,TRUE,Plot C__2__interval_end__0-0__68,1
Plot C,all,Plot C,April,2,2026-04-03,interval_end,0-0__69,NA,NA,Montastraea cavernosa,480,cm2,3.775,3.775e-4,TRUE,Plot C__2__interval_end__0-0__69,1
Plot C,all,Plot C,April,2,2026-04-03,interval_end,0-0__7,NA,NA,Montastraea cavernosa,480,cm2,4.195,4.195e-4,TRUE,Plot C__2__interval_end__0-0__7,1
Plot C,all,Plot C,April,2,2026-04-03,interval_end,0-0__70,NA,NA,Montastraea cavernosa,480,cm2,3.55,3.5499999999999996e-4,TRUE,Plot C__2__interval_end__0-0__70,1
Plot C,all,Plot C,April,2,2026-04-03,interval_end,0-0__71,NA,NA,Montastraea cavernosa,480,cm2,5.64,5.639999999999999e-4,TRUE,Plot C__2__interval_end__0-0__71,1
Plot C,all,Plot C,April,2,2026-04-03,interval_end,0-0__72,NA,NA,Montastraea cavernosa,480,cm2,4.52,4.52e-4,TRUE,Plot C__2__interval_end__0-0__72,1
Plot C,all,Plot C,April,2,2026-04-03,interval_end,0-0__73,NA,NA,Montastraea cavernosa,480,cm2,6.2725,6.2725e-4,TRUE,Plot C__2__interval_end__0-0__73,1
Plot C,all,Plot C,April,2,2026-04-03,interval_end,0-0__74,NA,NA,Montastraea cavernosa,480,cm2,4.06,4.0599999999999995e-4,TRUE,Plot C__2__interval_end__0-0__74,1
Plot C,all,Plot C,April,2,2026-04-03,interval_end,0-0__75,NA,NA,Montastraea cavernosa,480,cm2,4.54,4.54e-4,TRUE,Plot C__2__interval_end__0-0__75,1
Plot C,all,Plot C,April,2,2026-04-03,interval_end,0-0__76,NA,NA,Montastraea cavernosa,480,cm2,5.27,5.269999999999999e-4,TRUE,Plot C__2__interval_end__0-0__76,1
Plot C,all,Plot C,April,2,2026-04-03,interval_end,0-0__77,NA,NA,Montastraea cavernosa,480,cm2,4.11,4.11e-4,TRUE,Plot C__2__interval_end__0-0__77,1
Plot C,all,Plot C,April,2,2026-04-03,interval_end,0-0__78,NA,NA,Montastraea cavernosa,480,cm2,5.6625,5.662499999999999e-4,TRUE,Plot C__2__interval_end__0-0__78,1
Plot C,all,Plot C,April,2,2026-04-03,interval_end,0-0__79,NA,NA,Montastraea cavernosa,480,cm2,7.955,7.955e-4,TRUE,Plot C__2__interval_end__0-0__79,1
Plot C,all,Plot C,April,2,2026-04-03,interval_end,0-0__8,NA,NA,Montastraea cavernosa,480,cm2,4.35,4.3499999999999995e-4,TRUE,Plot C__2__interval_end__0-0__8,1
Plot C,all,Plot C,April,2,2026-04-03,interval_end,0-0__80,NA,NA,Montastraea cavernosa,480,cm2,3.6125,3.6124999999999997e-4,TRUE,Plot C__2__interval_end__0-0__80,1
Plot C,all,Plot C,April,2,2026-04-03,interval_end,0-0__81,NA,NA,Montastraea cavernosa,480,cm2,5.9475,5.9475e-4,TRUE,Plot C__2__interval_end__0-0__81,1
Plot C,all,Plot C,April,2,2026-04-03,interval_end,0-0__82,NA,NA,Montastraea cavernosa,480,cm2,2.9475,2.9475e-4,TRUE,Plot C__2__interval_end__0-0__82,1
Plot C,all,Plot C,April,2,2026-04-03,interval_end,0-0__83,NA,NA,Montastraea cavernosa,480,cm2,5.685,5.685e-4,TRUE,Plot C__2__interval_end__0-0__83,1
Plot C,all,Plot C,April,2,2026-04-03,interval_end,0-0__84,NA,NA,Montastraea cavernosa,480,cm2,4.6475,4.6475e-4,TRUE,Plot C__2__interval_end__0-0__84,1
Plot C,all,Plot C,April,2,2026-04-03,interval_end,0-0__85,NA,NA,Montastraea cavernosa,480,cm2,6.3325,6.332499999999999e-4,TRUE,Plot C__2__interval_end__0-0__85,1
Plot C,all,Plot C,April,2,2026-04-03,interval_end,0-0__86,NA,NA,Montastraea cavernosa,480,cm2,6.3225,6.3225e-4,TRUE,Plot C__2__interval_end__0-0__86,1
Plot C,all,Plot C,April,2,2026-04-03,interval_end,0-0__87,NA,NA,Montastraea cavernosa,480,cm2,4.12,4.12e-4,TRUE,Plot C__2__interval_end__0-0__87,1
Plot C,all,Plot C,April,2,2026-04-03,interval_end,0-0__88,NA,NA,Porites porites,480,cm2,5.0175,5.0175e-4,TRUE,Plot C__2__interval_end__0-0__88,1
Plot C,all,Plot C,April,2,2026-04-03,interval_end,0-0__89,NA,NA,Orbicella annularis,480,cm2,17.9675,0.0017967500000000002,TRUE,Plot C__2__interval_end__0-0__89,1
Plot C,all,Plot C,April,2,2026-04-03,interval_end,0-0__9,NA,NA,Montastraea cavernosa,480,cm2,2.16,2.1600000000000002e-4,TRUE,Plot C__2__interval_end__0-0__9,1
Plot C,all,Plot C,April,2,2026-04-03,interval_end,0-0__90,NA,NA,Porites porites,480,cm2,2.4775,2.4775e-4,TRUE,Plot C__2__interval_end__0-0__90,1
Plot C,all,Plot C,April,2,2026-04-03,interval_end,0-0__91,NA,NA,Porites porites,480,cm2,0.4775,4.7749999999999995e-5,TRUE,Plot C__2__interval_end__0-0__91,1
Plot C,all,Plot C,April,2,2026-04-03,interval_end,0-0__92,NA,NA,Porites porites,480,cm2,6.945,6.945e-4,TRUE,Plot C__2__interval_end__0-0__92,1
Plot C,all,Plot C,April,2,2026-04-03,interval_end,0-0__93,NA,NA,Porites porites,480,cm2,7.4775,7.4775e-4,TRUE,Plot C__2__interval_end__0-0__93,1
Plot C,all,Plot C,April,2,2026-04-03,interval_end,0-0__94,NA,NA,Porites porites,480,cm2,4.775,4.7750000000000006e-4,TRUE,Plot C__2__interval_end__0-0__94,1
Plot C,all,Plot C,April,2,2026-04-03,interval_end,0-0__95,NA,NA,Porites porites,480,cm2,5.72,5.72e-4,TRUE,Plot C__2__interval_end__0-0__95,1
Plot C,all,Plot C,April,2,2026-04-03,interval_end,0-0__96,NA,NA,Porites porites,480,cm2,2.225,2.2250000000000001e-4,TRUE,Plot C__2__interval_end__0-0__96,1
Plot C,all,Plot C,April,2,2026-04-03,interval_end,0-0__97,NA,NA,Porites porites,480,cm2,9.89,9.89e-4,TRUE,Plot C__2__interval_end__0-0__97,1
Plot C,all,Plot C,April,2,2026-04-03,interval_end,0-0__98,NA,NA,Porites porites,480,cm2,0.515,5.15e-5,TRUE,Plot C__2__interval_end__0-0__98,1
Plot C,all,Plot C,April,2,2026-04-03,interval_end,0-0__99,NA,NA,Porites porites,480,cm2,4.855,4.8550000000000004e-4,TRUE,Plot C__2__interval_end__0-0__99,1
Plot C,all,Plot C,April,2,2026-04-03,interval_end,1-0__0,NA,NA,Orbicella annularis,480,cm2,24.8925,0.0024892499999999997,TRUE,Plot C__2__interval_end__1-0__0,1
Plot C,all,Plot C,April,2,2026-04-03,interval_end,1-0__1,NA,NA,Orbicella annularis,480,cm2,0.2875,2.8749999999999997e-5,TRUE,Plot C__2__interval_end__1-0__1,1
Plot C,all,Plot C,April,2,2026-04-03,interval_end,1-0__10,NA,NA,Orbicella annularis,480,cm2,0.63,6.3e-5,TRUE,Plot C__2__interval_end__1-0__10,1
Plot C,all,Plot C,April,2,2026-04-03,interval_end,1-0__100,NA,NA,Orbicella franksi,480,cm2,4.6175,4.6175e-4,TRUE,Plot C__2__interval_end__1-0__100,1
Plot C,all,Plot C,April,2,2026-04-03,interval_end,1-0__101,NA,NA,Orbicella franksi,480,cm2,8.365,8.365e-4,TRUE,Plot C__2__interval_end__1-0__101,1
Plot C,all,Plot C,April,2,2026-04-03,interval_end,1-0__102,NA,NA,Orbicella franksi,480,cm2,3.73,3.73e-4,TRUE,Plot C__2__interval_end__1-0__102,1
Plot C,all,Plot C,April,2,2026-04-03,interval_end,1-0__103,NA,NA,Orbicella franksi,480,cm2,7.8725,7.8725e-4,TRUE,Plot C__2__interval_end__1-0__103,1
Plot C,all,Plot C,April,2,2026-04-03,interval_end,1-0__104,NA,NA,Montastraea cavernosa,480,cm2,6.0375,6.0375e-4,TRUE,Plot C__2__interval_end__1-0__104,1
Plot C,all,Plot C,April,2,2026-04-03,interval_end,1-0__105,NA,NA,Orbicella franksi,480,cm2,5.2625,5.2625e-4,TRUE,Plot C__2__interval_end__1-0__105,1
Plot C,all,Plot C,April,2,2026-04-03,interval_end,1-0__106,NA,NA,Orbicella franksi,480,cm2,6.3775,6.377500000000001e-4,TRUE,Plot C__2__interval_end__1-0__106,1
Plot C,all,Plot C,April,2,2026-04-03,interval_end,1-0__107,NA,NA,Montastraea cavernosa,480,cm2,7.91,7.91e-4,TRUE,Plot C__2__interval_end__1-0__107,1
Plot C,all,Plot C,April,2,2026-04-03,interval_end,1-0__108,NA,NA,Montastraea cavernosa,480,cm2,4.515,4.5149999999999997e-4,TRUE,Plot C__2__interval_end__1-0__108,1
Plot C,all,Plot C,April,2,2026-04-03,interval_end,1-0__109,NA,NA,Montastraea cavernosa,480,cm2,3.6525,3.6524999999999996e-4,TRUE,Plot C__2__interval_end__1-0__109,1
Plot C,all,Plot C,April,2,2026-04-03,interval_end,1-0__11,NA,NA,Orbicella annularis,480,cm2,0.56,5.6000000000000006e-5,TRUE,Plot C__2__interval_end__1-0__11,1
Plot C,all,Plot C,April,2,2026-04-03,interval_end,1-0__110,NA,NA,Orbicella franksi,480,cm2,3.295,3.295e-4,TRUE,Plot C__2__interval_end__1-0__110,1
Plot C,all,Plot C,April,2,2026-04-03,interval_end,1-0__111,NA,NA,Montastraea cavernosa,480,cm2,6.7425,6.742499999999999e-4,TRUE,Plot C__2__interval_end__1-0__111,1
Plot C,all,Plot C,April,2,2026-04-03,interval_end,1-0__112,NA,NA,Montastraea cavernosa,480,cm2,3.485,3.485e-4,TRUE,Plot C__2__interval_end__1-0__112,1
Plot C,all,Plot C,April,2,2026-04-03,interval_end,1-0__113,NA,NA,Orbicella franksi,480,cm2,2.695,2.695e-4,TRUE,Plot C__2__interval_end__1-0__113,1
Plot C,all,Plot C,April,2,2026-04-03,interval_end,1-0__114,NA,NA,Montastraea cavernosa,480,cm2,5.1525,5.1525e-4,TRUE,Plot C__2__interval_end__1-0__114,1
Plot C,all,Plot C,April,2,2026-04-03,interval_end,1-0__115,NA,NA,Montastraea cavernosa,480,cm2,5.2675,5.2675e-4,TRUE,Plot C__2__interval_end__1-0__115,1
Plot C,all,Plot C,April,2,2026-04-03,interval_end,1-0__116,NA,NA,Montastraea cavernosa,480,cm2,6.17,6.17e-4,TRUE,Plot C__2__interval_end__1-0__116,1
Plot C,all,Plot C,April,2,2026-04-03,interval_end,1-0__117,NA,NA,Montastraea cavernosa,480,cm2,5.31,5.31e-4,TRUE,Plot C__2__interval_end__1-0__117,1
Plot C,all,Plot C,April,2,2026-04-03,interval_end,1-0__118,NA,NA,Montastraea cavernosa,480,cm2,6.97,6.97e-4,TRUE,Plot C__2__interval_end__1-0__118,1
Plot C,all,Plot C,April,2,2026-04-03,interval_end,1-0__119,NA,NA,Montastraea cavernosa,480,cm2,5.89,5.89e-4,TRUE,Plot C__2__interval_end__1-0__119,1
Plot C,all,Plot C,April,2,2026-04-03,interval_end,1-0__12,NA,NA,Orbicella annularis,480,cm2,0.47,4.7e-5,TRUE,Plot C__2__interval_end__1-0__12,1
Plot C,all,Plot C,April,2,2026-04-03,interval_end,1-0__120,NA,NA,Orbicella franksi,480,cm2,2.9775,2.9775e-4,TRUE,Plot C__2__interval_end__1-0__120,1
Plot C,all,Plot C,April,2,2026-04-03,interval_end,1-0__121,NA,NA,Orbicella franksi,480,cm2,4.1975,4.1975e-4,TRUE,Plot C__2__interval_end__1-0__121,1
Plot C,all,Plot C,April,2,2026-04-03,interval_end,1-0__122,NA,NA,Montastraea cavernosa,480,cm2,5.0925,5.0925e-4,TRUE,Plot C__2__interval_end__1-0__122,1
Plot C,all,Plot C,April,2,2026-04-03,interval_end,1-0__123,NA,NA,Montastraea cavernosa,480,cm2,5.4225,5.4225e-4,TRUE,Plot C__2__interval_end__1-0__123,1
Plot C,all,Plot C,April,2,2026-04-03,interval_end,1-0__124,NA,NA,Montastraea cavernosa,480,cm2,6.08,6.08e-4,TRUE,Plot C__2__interval_end__1-0__124,1
Plot C,all,Plot C,April,2,2026-04-03,interval_end,1-0__125,NA,NA,Montastraea cavernosa,480,cm2,5.6275,5.6275e-4,TRUE,Plot C__2__interval_end__1-0__125,1
Plot C,all,Plot C,April,2,2026-04-03,interval_end,1-0__126,NA,NA,Montastraea cavernosa,480,cm2,5.485,5.485e-4,TRUE,Plot C__2__interval_end__1-0__126,1
Plot C,all,Plot C,April,2,2026-04-03,interval_end,1-0__127,NA,NA,Orbicella franksi,480,cm2,4.32,4.3200000000000004e-4,TRUE,Plot C__2__interval_end__1-0__127,1
Plot C,all,Plot C,April,2,2026-04-03,interval_end,1-0__128,NA,NA,Montastraea cavernosa,480,cm2,5.85,5.85e-4,TRUE,Plot C__2__interval_end__1-0__128,1
Plot C,all,Plot C,April,2,2026-04-03,interval_end,1-0__129,NA,NA,Montastraea cavernosa,480,cm2,6.39,6.389999999999999e-4,TRUE,Plot C__2__interval_end__1-0__129,1
Plot C,all,Plot C,April,2,2026-04-03,interval_end,1-0__13,NA,NA,Orbicella annularis,480,cm2,0.88,8.8e-5,TRUE,Plot C__2__interval_end__1-0__13,1
Plot C,all,Plot C,April,2,2026-04-03,interval_end,1-0__130,NA,NA,Montastraea cavernosa,480,cm2,8.875,8.875e-4,TRUE,Plot C__2__interval_end__1-0__130,1
Plot C,all,Plot C,April,2,2026-04-03,interval_end,1-0__131,NA,NA,Montastraea cavernosa,480,cm2,4.2925,4.2925000000000005e-4,TRUE,Plot C__2__interval_end__1-0__131,1
Plot C,all,Plot C,April,2,2026-04-03,interval_end,1-0__132,NA,NA,Montastraea cavernosa,480,cm2,6.3225,6.3225e-4,TRUE,Plot C__2__interval_end__1-0__132,1
Plot C,all,Plot C,April,2,2026-04-03,interval_end,1-0__133,NA,NA,Montastraea cavernosa,480,cm2,9.6,9.599999999999999e-4,TRUE,Plot C__2__interval_end__1-0__133,1
Plot C,all,Plot C,April,2,2026-04-03,interval_end,1-0__134,NA,NA,Montastraea cavernosa,480,cm2,6.655,6.655000000000001e-4,TRUE,Plot C__2__interval_end__1-0__134,1
Plot C,all,Plot C,April,2,2026-04-03,interval_end,1-0__135,NA,NA,Montastraea cavernosa,480,cm2,5.0225,5.0225e-4,TRUE,Plot C__2__interval_end__1-0__135,1
Plot C,all,Plot C,April,2,2026-04-03,interval_end,1-0__136,NA,NA,Orbicella franksi,480,cm2,7.265,7.264999999999999e-4,TRUE,Plot C__2__interval_end__1-0__136,1
Plot C,all,Plot C,April,2,2026-04-03,interval_end,1-0__137,NA,NA,Montastraea cavernosa,480,cm2,6.735,6.735e-4,TRUE,Plot C__2__interval_end__1-0__137,1
Plot C,all,Plot C,April,2,2026-04-03,interval_end,1-0__138,NA,NA,Montastraea cavernosa,480,cm2,5.0275,5.027499999999999e-4,TRUE,Plot C__2__interval_end__1-0__138,1
Plot C,all,Plot C,April,2,2026-04-03,interval_end,1-0__139,NA,NA,Montastraea cavernosa,480,cm2,6.6425,6.6425e-4,TRUE,Plot C__2__interval_end__1-0__139,1
Plot C,all,Plot C,April,2,2026-04-03,interval_end,1-0__14,NA,NA,Orbicella annularis,480,cm2,0.6275,6.275e-5,TRUE,Plot C__2__interval_end__1-0__14,1
Plot C,all,Plot C,April,2,2026-04-03,interval_end,1-0__140,NA,NA,Orbicella franksi,480,cm2,5.0725,5.0725e-4,TRUE,Plot C__2__interval_end__1-0__140,1
Plot C,all,Plot C,April,2,2026-04-03,interval_end,1-0__141,NA,NA,Montastraea cavernosa,480,cm2,5.105,5.105e-4,TRUE,Plot C__2__interval_end__1-0__141,1
Plot C,all,Plot C,April,2,2026-04-03,interval_end,1-0__142,NA,NA,Montastraea cavernosa,480,cm2,6.61,6.61e-4,TRUE,Plot C__2__interval_end__1-0__142,1
Plot C,all,Plot C,April,2,2026-04-03,interval_end,1-0__143,NA,NA,Montastraea cavernosa,480,cm2,6.4725,6.4725e-4,TRUE,Plot C__2__interval_end__1-0__143,1
Plot C,all,Plot C,April,2,2026-04-03,interval_end,1-0__144,NA,NA,Orbicella franksi,480,cm2,4.8375,4.8375e-4,TRUE,Plot C__2__interval_end__1-0__144,1
Plot C,all,Plot C,April,2,2026-04-03,interval_end,1-0__145,NA,NA,Montastraea cavernosa,480,cm2,6.575,6.575e-4,TRUE,Plot C__2__interval_end__1-0__145,1
Plot C,all,Plot C,April,2,2026-04-03,interval_end,1-0__146,NA,NA,Montastraea cavernosa,480,cm2,6.045,6.045e-4,TRUE,Plot C__2__interval_end__1-0__146,1
Plot C,all,Plot C,April,2,2026-04-03,interval_end,1-0__147,NA,NA,Montastraea cavernosa,480,cm2,5.0575,5.0575e-4,TRUE,Plot C__2__interval_end__1-0__147,1
Plot C,all,Plot C,April,2,2026-04-03,interval_end,1-0__148,NA,NA,Montastraea cavernosa,480,cm2,4.1725,4.1725000000000003e-4,TRUE,Plot C__2__interval_end__1-0__148,1
Plot C,all,Plot C,April,2,2026-04-03,interval_end,1-0__149,NA,NA,Montastraea cavernosa,480,cm2,7.71,7.71e-4,TRUE,Plot C__2__interval_end__1-0__149,1
Plot C,all,Plot C,April,2,2026-04-03,interval_end,1-0__15,NA,NA,Orbicella annularis,480,cm2,0.765,7.65e-5,TRUE,Plot C__2__interval_end__1-0__15,1
Plot C,all,Plot C,April,2,2026-04-03,interval_end,1-0__150,NA,NA,Orbicella annularis,480,cm2,23.3375,0.00233375,TRUE,Plot C__2__interval_end__1-0__150,1
Plot C,all,Plot C,April,2,2026-04-03,interval_end,1-0__151,NA,NA,Montastraea cavernosa,480,cm2,6.0975,6.0975e-4,TRUE,Plot C__2__interval_end__1-0__151,1
Plot C,all,Plot C,April,2,2026-04-03,interval_end,1-0__152,NA,NA,Montastraea cavernosa,480,cm2,4.89,4.89e-4,TRUE,Plot C__2__interval_end__1-0__152,1
Plot C,all,Plot C,April,2,2026-04-03,interval_end,1-0__153,NA,NA,Orbicella franksi,480,cm2,8.3625,8.362500000000001e-4,TRUE,Plot C__2__interval_end__1-0__153,1
Plot C,all,Plot C,April,2,2026-04-03,interval_end,1-0__154,NA,NA,Montastraea cavernosa,480,cm2,6.8725,6.872499999999999e-4,TRUE,Plot C__2__interval_end__1-0__154,1
Plot C,all,Plot C,April,2,2026-04-03,interval_end,1-0__155,NA,NA,Orbicella franksi,480,cm2,9.025,9.025e-4,TRUE,Plot C__2__interval_end__1-0__155,1
Plot C,all,Plot C,April,2,2026-04-03,interval_end,1-0__156,NA,NA,Montastraea cavernosa,480,cm2,5.525,5.525e-4,TRUE,Plot C__2__interval_end__1-0__156,1
Plot C,all,Plot C,April,2,2026-04-03,interval_end,1-0__157,NA,NA,Montastraea cavernosa,480,cm2,6.235,6.235e-4,TRUE,Plot C__2__interval_end__1-0__157,1
Plot C,all,Plot C,April,2,2026-04-03,interval_end,1-0__158,NA,NA,Montastraea cavernosa,480,cm2,6.78,6.78e-4,TRUE,Plot C__2__interval_end__1-0__158,1
Plot C,all,Plot C,April,2,2026-04-03,interval_end,1-0__159,NA,NA,Montastraea cavernosa,480,cm2,5.5475,5.5475e-4,TRUE,Plot C__2__interval_end__1-0__159,1
Plot C,all,Plot C,April,2,2026-04-03,interval_end,1-0__16,NA,NA,Orbicella annularis,480,cm2,0.82,8.2e-5,TRUE,Plot C__2__interval_end__1-0__16,1
Plot C,all,Plot C,April,2,2026-04-03,interval_end,1-0__160,NA,NA,Montastraea cavernosa,480,cm2,6.145,6.144999999999999e-4,TRUE,Plot C__2__interval_end__1-0__160,1
Plot C,all,Plot C,April,2,2026-04-03,interval_end,1-0__161,NA,NA,Montastraea cavernosa,480,cm2,5.9025,5.9025e-4,TRUE,Plot C__2__interval_end__1-0__161,1
Plot C,all,Plot C,April,2,2026-04-03,interval_end,1-0__162,NA,NA,Montastraea cavernosa,480,cm2,5.97,5.97e-4,TRUE,Plot C__2__interval_end__1-0__162,1
Plot C,all,Plot C,April,2,2026-04-03,interval_end,1-0__163,NA,NA,Montastraea cavernosa,480,cm2,6.0575,6.057500000000001e-4,TRUE,Plot C__2__interval_end__1-0__163,1
Plot C,all,Plot C,April,2,2026-04-03,interval_end,1-0__164,NA,NA,Montastraea cavernosa,480,cm2,5.8025,5.8025e-4,TRUE,Plot C__2__interval_end__1-0__164,1
Plot C,all,Plot C,April,2,2026-04-03,interval_end,1-0__165,NA,NA,Montastraea cavernosa,480,cm2,6.2175,6.2175e-4,TRUE,Plot C__2__interval_end__1-0__165,1
Plot C,all,Plot C,April,2,2026-04-03,interval_end,1-0__166,NA,NA,Montastraea cavernosa,480,cm2,5.9825,5.9825e-4,TRUE,Plot C__2__interval_end__1-0__166,1
Plot C,all,Plot C,April,2,2026-04-03,interval_end,1-0__167,NA,NA,Orbicella franksi,480,cm2,6.6975,6.6975e-4,TRUE,Plot C__2__interval_end__1-0__167,1
Plot C,all,Plot C,April,2,2026-04-03,interval_end,1-0__168,NA,NA,Orbicella franksi,480,cm2,1.605,1.605e-4,TRUE,Plot C__2__interval_end__1-0__168,1
Plot C,all,Plot C,April,2,2026-04-03,interval_end,1-0__169,NA,NA,Orbicella franksi,480,cm2,4.2175,4.2175000000000003e-4,TRUE,Plot C__2__interval_end__1-0__169,1
Plot C,all,Plot C,April,2,2026-04-03,interval_end,1-0__17,NA,NA,Orbicella annularis,480,cm2,0.405,4.05e-5,TRUE,Plot C__2__interval_end__1-0__17,1
Plot C,all,Plot C,April,2,2026-04-03,interval_end,1-0__170,NA,NA,Orbicella franksi,480,cm2,4.13,4.13e-4,TRUE,Plot C__2__interval_end__1-0__170,1
Plot C,all,Plot C,April,2,2026-04-03,interval_end,1-0__171,NA,NA,Orbicella franksi,480,cm2,3.1,3.1e-4,TRUE,Plot C__2__interval_end__1-0__171,1
Plot C,all,Plot C,April,2,2026-04-03,interval_end,1-0__172,NA,NA,Orbicella franksi,480,cm2,5.7625,5.7625e-4,TRUE,Plot C__2__interval_end__1-0__172,1
Plot C,all,Plot C,April,2,2026-04-03,interval_end,1-0__173,NA,NA,Orbicella franksi,480,cm2,8.285,8.285e-4,TRUE,Plot C__2__interval_end__1-0__173,1
Plot C,all,Plot C,April,2,2026-04-03,interval_end,1-0__174,NA,NA,Orbicella franksi,480,cm2,3.07,3.07e-4,TRUE,Plot C__2__interval_end__1-0__174,1
Plot C,all,Plot C,April,2,2026-04-03,interval_end,1-0__175,NA,NA,Orbicella franksi,480,cm2,5.4925,5.492499999999999e-4,TRUE,Plot C__2__interval_end__1-0__175,1
Plot C,all,Plot C,April,2,2026-04-03,interval_end,1-0__176,NA,NA,Orbicella franksi,480,cm2,8.805,8.805e-4,TRUE,Plot C__2__interval_end__1-0__176,1
Plot C,all,Plot C,April,2,2026-04-03,interval_end,1-0__177,NA,NA,Orbicella franksi,480,cm2,3.655,3.655e-4,TRUE,Plot C__2__interval_end__1-0__177,1
Plot C,all,Plot C,April,2,2026-04-03,interval_end,1-0__178,NA,NA,Orbicella franksi,480,cm2,5.8225,5.8225e-4,TRUE,Plot C__2__interval_end__1-0__178,1
Plot C,all,Plot C,April,2,2026-04-03,interval_end,1-0__179,NA,NA,Orbicella franksi,480,cm2,2.6125,2.6125e-4,TRUE,Plot C__2__interval_end__1-0__179,1
Plot C,all,Plot C,April,2,2026-04-03,interval_end,1-0__18,NA,NA,Orbicella annularis,480,cm2,0.605,6.05e-5,TRUE,Plot C__2__interval_end__1-0__18,1
Plot C,all,Plot C,April,2,2026-04-03,interval_end,1-0__180,NA,NA,Orbicella franksi,480,cm2,3.79,3.79e-4,TRUE,Plot C__2__interval_end__1-0__180,1
Plot C,all,Plot C,April,2,2026-04-03,interval_end,1-0__181,NA,NA,Orbicella franksi,480,cm2,5.4425,5.4425e-4,TRUE,Plot C__2__interval_end__1-0__181,1
Plot C,all,Plot C,April,2,2026-04-03,interval_end,1-0__182,NA,NA,Orbicella annularis,480,cm2,30.26,0.003026,TRUE,Plot C__2__interval_end__1-0__182,1
Plot C,all,Plot C,April,2,2026-04-03,interval_end,1-0__183,NA,NA,Porites porites,480,cm2,4.34,4.34e-4,TRUE,Plot C__2__interval_end__1-0__183,1
Plot C,all,Plot C,April,2,2026-04-03,interval_end,1-0__184,NA,NA,Porites porites,480,cm2,5.84,5.84e-4,TRUE,Plot C__2__interval_end__1-0__184,1
Plot C,all,Plot C,April,2,2026-04-03,interval_end,1-0__185,NA,NA,Orbicella franksi,480,cm2,16.0625,0.00160625,TRUE,Plot C__2__interval_end__1-0__185,1
Plot C,all,Plot C,April,2,2026-04-03,interval_end,1-0__186,NA,NA,Orbicella annularis,480,cm2,15.04,0.001504,TRUE,Plot C__2__interval_end__1-0__186,1
Plot C,all,Plot C,April,2,2026-04-03,interval_end,1-0__187,NA,NA,Orbicella franksi,480,cm2,6.3225,6.3225e-4,TRUE,Plot C__2__interval_end__1-0__187,1
Plot C,all,Plot C,April,2,2026-04-03,interval_end,1-0__188,NA,NA,Orbicella franksi,480,cm2,3.86,3.86e-4,TRUE,Plot C__2__interval_end__1-0__188,1
Plot C,all,Plot C,April,2,2026-04-03,interval_end,1-0__189,NA,NA,Orbicella franksi,480,cm2,6.97,6.97e-4,TRUE,Plot C__2__interval_end__1-0__189,1
Plot C,all,Plot C,April,2,2026-04-03,interval_end,1-0__19,NA,NA,Orbicella annularis,480,cm2,0.5375,5.375e-5,TRUE,Plot C__2__interval_end__1-0__19,1
Plot C,all,Plot C,April,2,2026-04-03,interval_end,1-0__190,NA,NA,Orbicella franksi,480,cm2,7.3775,7.3775e-4,TRUE,Plot C__2__interval_end__1-0__190,1
Plot C,all,Plot C,April,2,2026-04-03,interval_end,1-0__191,NA,NA,Orbicella franksi,480,cm2,3.37,3.37e-4,TRUE,Plot C__2__interval_end__1-0__191,1
Plot C,all,Plot C,April,2,2026-04-03,interval_end,1-0__192,NA,NA,Orbicella franksi,480,cm2,6.4775,6.4775e-4,TRUE,Plot C__2__interval_end__1-0__192,1
Plot C,all,Plot C,April,2,2026-04-03,interval_end,1-0__193,NA,NA,Orbicella franksi,480,cm2,6.155,6.155e-4,TRUE,Plot C__2__interval_end__1-0__193,1
Plot C,all,Plot C,April,2,2026-04-03,interval_end,1-0__194,NA,NA,Orbicella franksi,480,cm2,8.83,8.83e-4,TRUE,Plot C__2__interval_end__1-0__194,1
Plot C,all,Plot C,April,2,2026-04-03,interval_end,1-0__195,NA,NA,Porites porites,480,cm2,10.455,0.0010455,TRUE,Plot C__2__interval_end__1-0__195,1
Plot C,all,Plot C,April,2,2026-04-03,interval_end,1-0__196,NA,NA,Orbicella franksi,480,cm2,3.6075,3.6075e-4,TRUE,Plot C__2__interval_end__1-0__196,1
Plot C,all,Plot C,April,2,2026-04-03,interval_end,1-0__197,NA,NA,Porites porites,480,cm2,6.84,6.84e-4,TRUE,Plot C__2__interval_end__1-0__197,1
Plot C,all,Plot C,April,2,2026-04-03,interval_end,1-0__198,NA,NA,Orbicella franksi,480,cm2,5.045,5.045e-4,TRUE,Plot C__2__interval_end__1-0__198,1
Plot C,all,Plot C,April,2,2026-04-03,interval_end,1-0__199,NA,NA,Orbicella franksi,480,cm2,6.2925,6.2925e-4,TRUE,Plot C__2__interval_end__1-0__199,1
Plot C,all,Plot C,April,2,2026-04-03,interval_end,1-0__2,NA,NA,Orbicella annularis,480,cm2,0.32,3.2e-5,TRUE,Plot C__2__interval_end__1-0__2,1
Plot C,all,Plot C,April,2,2026-04-03,interval_end,1-0__20,NA,NA,Orbicella annularis,480,cm2,1.3425,1.3425e-4,TRUE,Plot C__2__interval_end__1-0__20,1
Plot C,all,Plot C,April,2,2026-04-03,interval_end,1-0__200,NA,NA,Orbicella franksi,480,cm2,4.2925,4.2925000000000005e-4,TRUE,Plot C__2__interval_end__1-0__200,1
Plot C,all,Plot C,April,2,2026-04-03,interval_end,1-0__201,NA,NA,Orbicella franksi,480,cm2,7.3975,7.3975e-4,TRUE,Plot C__2__interval_end__1-0__201,1
Plot C,all,Plot C,April,2,2026-04-03,interval_end,1-0__202,NA,NA,Orbicella franksi,480,cm2,29.2325,0.00292325,TRUE,Plot C__2__interval_end__1-0__202,1
Plot C,all,Plot C,April,2,2026-04-03,interval_end,1-0__203,NA,NA,Porites porites,480,cm2,8.6925,8.692500000000001e-4,TRUE,Plot C__2__interval_end__1-0__203,1
Plot C,all,Plot C,April,2,2026-04-03,interval_end,1-0__204,NA,NA,Porites porites,480,cm2,8.985,8.985e-4,TRUE,Plot C__2__interval_end__1-0__204,1
Plot C,all,Plot C,April,2,2026-04-03,interval_end,1-0__205,NA,NA,Porites porites,480,cm2,9.04,9.04e-4,TRUE,Plot C__2__interval_end__1-0__205,1
Plot C,all,Plot C,April,2,2026-04-03,interval_end,1-0__206,NA,NA,Orbicella franksi,480,cm2,8.885,8.885e-4,TRUE,Plot C__2__interval_end__1-0__206,1
Plot C,all,Plot C,April,2,2026-04-03,interval_end,1-0__207,NA,NA,Porites porites,480,cm2,8.3625,8.362500000000001e-4,TRUE,Plot C__2__interval_end__1-0__207,1
Plot C,all,Plot C,April,2,2026-04-03,interval_end,1-0__208,NA,NA,Orbicella franksi,480,cm2,8.385,8.384999999999999e-4,TRUE,Plot C__2__interval_end__1-0__208,1
Plot C,all,Plot C,April,2,2026-04-03,interval_end,1-0__209,NA,NA,Orbicella franksi,480,cm2,7.3575,7.3575e-4,TRUE,Plot C__2__interval_end__1-0__209,1
Plot C,all,Plot C,April,2,2026-04-03,interval_end,1-0__21,NA,NA,Orbicella annularis,480,cm2,0.435,4.35e-5,TRUE,Plot C__2__interval_end__1-0__21,1
Plot C,all,Plot C,April,2,2026-04-03,interval_end,1-0__210,NA,NA,Orbicella franksi,480,cm2,5.525,5.525e-4,TRUE,Plot C__2__interval_end__1-0__210,1
Plot C,all,Plot C,April,2,2026-04-03,interval_end,1-0__211,NA,NA,Porites porites,480,cm2,8.9825,8.9825e-4,TRUE,Plot C__2__interval_end__1-0__211,1
Plot C,all,Plot C,April,2,2026-04-03,interval_end,1-0__212,NA,NA,Orbicella franksi,480,cm2,7.2375,7.2375e-4,TRUE,Plot C__2__interval_end__1-0__212,1
Plot C,all,Plot C,April,2,2026-04-03,interval_end,1-0__213,NA,NA,Porites porites,480,cm2,9.3475,9.3475e-4,TRUE,Plot C__2__interval_end__1-0__213,1
Plot C,all,Plot C,April,2,2026-04-03,interval_end,1-0__214,NA,NA,Porites porites,480,cm2,7.24,7.24e-4,TRUE,Plot C__2__interval_end__1-0__214,1
Plot C,all,Plot C,April,2,2026-04-03,interval_end,1-0__215,NA,NA,Porites porites,480,cm2,7.3425,7.3425e-4,TRUE,Plot C__2__interval_end__1-0__215,1
Plot C,all,Plot C,April,2,2026-04-03,interval_end,1-0__216,NA,NA,Porites porites,480,cm2,8.705,8.705e-4,TRUE,Plot C__2__interval_end__1-0__216,1
Plot C,all,Plot C,April,2,2026-04-03,interval_end,1-0__217,NA,NA,Porites porites,480,cm2,8.6925,8.692500000000001e-4,TRUE,Plot C__2__interval_end__1-0__217,1
Plot C,all,Plot C,April,2,2026-04-03,interval_end,1-0__218,NA,NA,Orbicella franksi,480,cm2,6.0825,6.0825e-4,TRUE,Plot C__2__interval_end__1-0__218,1
Plot C,all,Plot C,April,2,2026-04-03,interval_end,1-0__219,NA,NA,Orbicella franksi,480,cm2,7.4225,7.422500000000001e-4,TRUE,Plot C__2__interval_end__1-0__219,1
Plot C,all,Plot C,April,2,2026-04-03,interval_end,1-0__22,NA,NA,Orbicella annularis,480,cm2,0.255,2.55e-5,TRUE,Plot C__2__interval_end__1-0__22,1
Plot C,all,Plot C,April,2,2026-04-03,interval_end,1-0__220,NA,NA,Porites porites,480,cm2,8.5775,8.5775e-4,TRUE,Plot C__2__interval_end__1-0__220,1
Plot C,all,Plot C,April,2,2026-04-03,interval_end,1-0__221,NA,NA,Porites porites,480,cm2,9.4625,9.4625e-4,TRUE,Plot C__2__interval_end__1-0__221,1
Plot C,all,Plot C,April,2,2026-04-03,interval_end,1-0__222,NA,NA,Porites porites,480,cm2,9.22,9.220000000000001e-4,TRUE,Plot C__2__interval_end__1-0__222,1
Plot C,all,Plot C,April,2,2026-04-03,interval_end,1-0__223,NA,NA,Orbicella franksi,480,cm2,8.2875,8.2875e-4,TRUE,Plot C__2__interval_end__1-0__223,1
Plot C,all,Plot C,April,2,2026-04-03,interval_end,1-0__224,NA,NA,Porites porites,480,cm2,4.9975,4.9975e-4,TRUE,Plot C__2__interval_end__1-0__224,1
Plot C,all,Plot C,April,2,2026-04-03,interval_end,1-0__225,NA,NA,Porites porites,480,cm2,7.72,7.72e-4,TRUE,Plot C__2__interval_end__1-0__225,1
Plot C,all,Plot C,April,2,2026-04-03,interval_end,1-0__226,NA,NA,Porites porites,480,cm2,9.2325,9.2325e-4,TRUE,Plot C__2__interval_end__1-0__226,1
Plot C,all,Plot C,April,2,2026-04-03,interval_end,1-0__227,NA,NA,Porites porites,480,cm2,6.0775,6.0775e-4,TRUE,Plot C__2__interval_end__1-0__227,1
Plot C,all,Plot C,April,2,2026-04-03,interval_end,1-0__228,NA,NA,Porites porites,480,cm2,8.9375,8.9375e-4,TRUE,Plot C__2__interval_end__1-0__228,1
Plot C,all,Plot C,April,2,2026-04-03,interval_end,1-0__229,NA,NA,Porites porites,480,cm2,6.26,6.259999999999999e-4,TRUE,Plot C__2__interval_end__1-0__229,1
Plot C,all,Plot C,April,2,2026-04-03,interval_end,1-0__23,NA,NA,Orbicella annularis,480,cm2,1.1175,1.1174999999999999e-4,TRUE,Plot C__2__interval_end__1-0__23,1
Plot C,all,Plot C,April,2,2026-04-03,interval_end,1-0__230,NA,NA,Porites porites,480,cm2,7.195,7.195e-4,TRUE,Plot C__2__interval_end__1-0__230,1
Plot C,all,Plot C,April,2,2026-04-03,interval_end,1-0__231,NA,NA,Porites porites,480,cm2,8.9625,8.9625e-4,TRUE,Plot C__2__interval_end__1-0__231,1
Plot C,all,Plot C,April,2,2026-04-03,interval_end,1-0__232,NA,NA,Porites porites,480,cm2,8.535,8.535e-4,TRUE,Plot C__2__interval_end__1-0__232,1
Plot C,all,Plot C,April,2,2026-04-03,interval_end,1-0__233,NA,NA,Porites porites,480,cm2,9.535,9.535e-4,TRUE,Plot C__2__interval_end__1-0__233,1
Plot C,all,Plot C,April,2,2026-04-03,interval_end,1-0__234,NA,NA,Orbicella franksi,480,cm2,18.855,0.0018855,TRUE,Plot C__2__interval_end__1-0__234,1
Plot C,all,Plot C,April,2,2026-04-03,interval_end,1-0__235,NA,NA,Orbicella franksi,480,cm2,30.18,0.003018,TRUE,Plot C__2__interval_end__1-0__235,1
Plot C,all,Plot C,April,2,2026-04-03,interval_end,1-0__236,NA,NA,Porites porites,480,cm2,28.5975,0.00285975,TRUE,Plot C__2__interval_end__1-0__236,1
Plot C,all,Plot C,April,2,2026-04-03,interval_end,1-0__237,NA,NA,Porites porites,480,cm2,0.9475,9.475e-5,TRUE,Plot C__2__interval_end__1-0__237,1
Plot C,all,Plot C,April,2,2026-04-03,interval_end,1-0__238,NA,NA,Orbicella franksi,480,cm2,21.0625,0.00210625,TRUE,Plot C__2__interval_end__1-0__238,1
Plot C,all,Plot C,April,2,2026-04-03,interval_end,1-0__239,NA,NA,Orbicella franksi,480,cm2,18.1975,0.0018197500000000002,TRUE,Plot C__2__interval_end__1-0__239,1
Plot C,all,Plot C,April,2,2026-04-03,interval_end,1-0__24,NA,NA,Orbicella annularis,480,cm2,2.5275,2.5275e-4,TRUE,Plot C__2__interval_end__1-0__24,1
Plot C,all,Plot C,April,2,2026-04-03,interval_end,1-0__240,NA,NA,Porites porites,480,cm2,12.7125,0.00127125,TRUE,Plot C__2__interval_end__1-0__240,1
Plot C,all,Plot C,April,2,2026-04-03,interval_end,1-0__241,NA,NA,Orbicella franksi,480,cm2,13.66,0.001366,TRUE,Plot C__2__interval_end__1-0__241,1
Plot C,all,Plot C,April,2,2026-04-03,interval_end,1-0__242,NA,NA,Orbicella franksi,480,cm2,32.3675,0.00323675,TRUE,Plot C__2__interval_end__1-0__242,1
Plot C,all,Plot C,April,2,2026-04-03,interval_end,1-0__243,NA,NA,Porites porites,480,cm2,6.4925,6.4925e-4,TRUE,Plot C__2__interval_end__1-0__243,1
Plot C,all,Plot C,April,2,2026-04-03,interval_end,1-0__244,NA,NA,Porites porites,480,cm2,4.2075,4.2074999999999995e-4,TRUE,Plot C__2__interval_end__1-0__244,1
Plot C,all,Plot C,April,2,2026-04-03,interval_end,1-0__245,NA,NA,Porites porites,480,cm2,6.6175,6.6175e-4,TRUE,Plot C__2__interval_end__1-0__245,1
Plot C,all,Plot C,April,2,2026-04-03,interval_end,1-0__246,NA,NA,Porites porites,480,cm2,2.0175,2.0175e-4,TRUE,Plot C__2__interval_end__1-0__246,1
Plot C,all,Plot C,April,2,2026-04-03,interval_end,1-0__247,NA,NA,Orbicella franksi,480,cm2,22.335,0.0022335000000000002,TRUE,Plot C__2__interval_end__1-0__247,1
Plot C,all,Plot C,April,2,2026-04-03,interval_end,1-0__248,NA,NA,Orbicella franksi,480,cm2,20.82,0.002082,TRUE,Plot C__2__interval_end__1-0__248,1
Plot C,all,Plot C,April,2,2026-04-03,interval_end,1-0__249,NA,NA,Porites porites,480,cm2,10.2525,0.00102525,TRUE,Plot C__2__interval_end__1-0__249,1
Plot C,all,Plot C,April,2,2026-04-03,interval_end,1-0__25,NA,NA,Orbicella annularis,480,cm2,0.5,5e-5,TRUE,Plot C__2__interval_end__1-0__25,1
Plot C,all,Plot C,April,2,2026-04-03,interval_end,1-0__250,NA,NA,Porites porites,480,cm2,10.625,0.0010625,TRUE,Plot C__2__interval_end__1-0__250,1
Plot C,all,Plot C,April,2,2026-04-03,interval_end,1-0__251,NA,NA,Orbicella franksi,480,cm2,20.79,0.002079,TRUE,Plot C__2__interval_end__1-0__251,1
Plot C,all,Plot C,April,2,2026-04-03,interval_end,1-0__252,NA,NA,Orbicella franksi,480,cm2,23.715,0.0023715,TRUE,Plot C__2__interval_end__1-0__252,1
Plot C,all,Plot C,April,2,2026-04-03,interval_end,1-0__26,NA,NA,Orbicella annularis,480,cm2,0.2325,2.3250000000000003e-5,TRUE,Plot C__2__interval_end__1-0__26,1
Plot C,all,Plot C,April,2,2026-04-03,interval_end,1-0__27,NA,NA,Orbicella annularis,480,cm2,0.5775,5.775e-5,TRUE,Plot C__2__interval_end__1-0__27,1
Plot C,all,Plot C,April,2,2026-04-03,interval_end,1-0__28,NA,NA,Orbicella annularis,480,cm2,0.3625,3.625e-5,TRUE,Plot C__2__interval_end__1-0__28,1
Plot C,all,Plot C,April,2,2026-04-03,interval_end,1-0__29,NA,NA,Orbicella annularis,480,cm2,15.4375,0.00154375,TRUE,Plot C__2__interval_end__1-0__29,1
Plot C,all,Plot C,April,2,2026-04-03,interval_end,1-0__3,NA,NA,Orbicella annularis,480,cm2,0.645,6.45e-5,TRUE,Plot C__2__interval_end__1-0__3,1
Plot C,all,Plot C,April,2,2026-04-03,interval_end,1-0__30,NA,NA,Porites porites,480,cm2,10.035,0.0010035,TRUE,Plot C__2__interval_end__1-0__30,1
Plot C,all,Plot C,April,2,2026-04-03,interval_end,1-0__31,NA,NA,Montastraea cavernosa,480,cm2,2.6275,2.6275e-4,TRUE,Plot C__2__interval_end__1-0__31,1
Plot C,all,Plot C,April,2,2026-04-03,interval_end,1-0__32,NA,NA,Porites porites,480,cm2,10.23,0.001023,TRUE,Plot C__2__interval_end__1-0__32,1
Plot C,all,Plot C,April,2,2026-04-03,interval_end,1-0__33,NA,NA,Orbicella annularis,480,cm2,12.8225,0.00128225,TRUE,Plot C__2__interval_end__1-0__33,1
Plot C,all,Plot C,April,2,2026-04-03,interval_end,1-0__34,NA,NA,Montastraea cavernosa,480,cm2,4.0975,4.0975e-4,TRUE,Plot C__2__interval_end__1-0__34,1
Plot C,all,Plot C,April,2,2026-04-03,interval_end,1-0__35,NA,NA,Montastraea cavernosa,480,cm2,3.435,3.435e-4,TRUE,Plot C__2__interval_end__1-0__35,1
Plot C,all,Plot C,April,2,2026-04-03,interval_end,1-0__36,NA,NA,Montastraea cavernosa,480,cm2,3.495,3.495e-4,TRUE,Plot C__2__interval_end__1-0__36,1
Plot C,all,Plot C,April,2,2026-04-03,interval_end,1-0__37,NA,NA,Montastraea cavernosa,480,cm2,4.48,4.4800000000000005e-4,TRUE,Plot C__2__interval_end__1-0__37,1
Plot C,all,Plot C,April,2,2026-04-03,interval_end,1-0__38,NA,NA,Montastraea cavernosa,480,cm2,3.7575,3.7575e-4,TRUE,Plot C__2__interval_end__1-0__38,1
Plot C,all,Plot C,April,2,2026-04-03,interval_end,1-0__39,NA,NA,Montastraea cavernosa,480,cm2,3.565,3.565e-4,TRUE,Plot C__2__interval_end__1-0__39,1
Plot C,all,Plot C,April,2,2026-04-03,interval_end,1-0__4,NA,NA,Orbicella annularis,480,cm2,4.3575,4.3575e-4,TRUE,Plot C__2__interval_end__1-0__4,1
Plot C,all,Plot C,April,2,2026-04-03,interval_end,1-0__40,NA,NA,Montastraea cavernosa,480,cm2,4.16,4.1600000000000003e-4,TRUE,Plot C__2__interval_end__1-0__40,1
Plot C,all,Plot C,April,2,2026-04-03,interval_end,1-0__41,NA,NA,Montastraea cavernosa,480,cm2,3.63,3.63e-4,TRUE,Plot C__2__interval_end__1-0__41,1
Plot C,all,Plot C,April,2,2026-04-03,interval_end,1-0__42,NA,NA,Montastraea cavernosa,480,cm2,4.78,4.78e-4,TRUE,Plot C__2__interval_end__1-0__42,1
Plot C,all,Plot C,April,2,2026-04-03,interval_end,1-0__43,NA,NA,Montastraea cavernosa,480,cm2,4.94,4.940000000000001e-4,TRUE,Plot C__2__interval_end__1-0__43,1
Plot C,all,Plot C,April,2,2026-04-03,interval_end,1-0__44,NA,NA,Montastraea cavernosa,480,cm2,2.8075,2.8075e-4,TRUE,Plot C__2__interval_end__1-0__44,1
Plot C,all,Plot C,April,2,2026-04-03,interval_end,1-0__45,NA,NA,Montastraea cavernosa,480,cm2,5.21,5.21e-4,TRUE,Plot C__2__interval_end__1-0__45,1
Plot C,all,Plot C,April,2,2026-04-03,interval_end,1-0__46,NA,NA,Montastraea cavernosa,480,cm2,4.09,4.0899999999999997e-4,TRUE,Plot C__2__interval_end__1-0__46,1
Plot C,all,Plot C,April,2,2026-04-03,interval_end,1-0__47,NA,NA,Montastraea cavernosa,480,cm2,2.6325,2.6325e-4,TRUE,Plot C__2__interval_end__1-0__47,1
Plot C,all,Plot C,April,2,2026-04-03,interval_end,1-0__48,NA,NA,Montastraea cavernosa,480,cm2,3.885,3.8849999999999996e-4,TRUE,Plot C__2__interval_end__1-0__48,1
Plot C,all,Plot C,April,2,2026-04-03,interval_end,1-0__49,NA,NA,Montastraea cavernosa,480,cm2,2.5525,2.5525e-4,TRUE,Plot C__2__interval_end__1-0__49,1
Plot C,all,Plot C,April,2,2026-04-03,interval_end,1-0__5,NA,NA,Orbicella annularis,480,cm2,1.6225,1.6225000000000001e-4,TRUE,Plot C__2__interval_end__1-0__5,1
Plot C,all,Plot C,April,2,2026-04-03,interval_end,1-0__50,NA,NA,Montastraea cavernosa,480,cm2,3.73,3.73e-4,TRUE,Plot C__2__interval_end__1-0__50,1
Plot C,all,Plot C,April,2,2026-04-03,interval_end,1-0__51,NA,NA,Montastraea cavernosa,480,cm2,4.1825,4.1825e-4,TRUE,Plot C__2__interval_end__1-0__51,1
Plot C,all,Plot C,April,2,2026-04-03,interval_end,1-0__52,NA,NA,Montastraea cavernosa,480,cm2,3.6775,3.6775e-4,TRUE,Plot C__2__interval_end__1-0__52,1
Plot C,all,Plot C,April,2,2026-04-03,interval_end,1-0__53,NA,NA,Orbicella annularis,480,cm2,31.035,0.0031035,TRUE,Plot C__2__interval_end__1-0__53,1
Plot C,all,Plot C,April,2,2026-04-03,interval_end,1-0__54,NA,NA,Orbicella annularis,480,cm2,26.9825,0.00269825,TRUE,Plot C__2__interval_end__1-0__54,1
Plot C,all,Plot C,April,2,2026-04-03,interval_end,1-0__55,NA,NA,Orbicella franksi,480,cm2,7.51,7.509999999999999e-4,TRUE,Plot C__2__interval_end__1-0__55,1
Plot C,all,Plot C,April,2,2026-04-03,interval_end,1-0__56,NA,NA,Orbicella franksi,480,cm2,4.9275,4.9275e-4,TRUE,Plot C__2__interval_end__1-0__56,1
Plot C,all,Plot C,April,2,2026-04-03,interval_end,1-0__57,NA,NA,Orbicella franksi,480,cm2,5.935,5.935e-4,TRUE,Plot C__2__interval_end__1-0__57,1
Plot C,all,Plot C,April,2,2026-04-03,interval_end,1-0__58,NA,NA,Orbicella franksi,480,cm2,1.62,1.62e-4,TRUE,Plot C__2__interval_end__1-0__58,1
Plot C,all,Plot C,April,2,2026-04-03,interval_end,1-0__59,NA,NA,Orbicella franksi,480,cm2,7.6525,7.6525e-4,TRUE,Plot C__2__interval_end__1-0__59,1
Plot C,all,Plot C,April,2,2026-04-03,interval_end,1-0__6,NA,NA,Orbicella annularis,480,cm2,1.53,1.53e-4,TRUE,Plot C__2__interval_end__1-0__6,1
Plot C,all,Plot C,April,2,2026-04-03,interval_end,1-0__60,NA,NA,Orbicella franksi,480,cm2,1.7975,1.7975e-4,TRUE,Plot C__2__interval_end__1-0__60,1
Plot C,all,Plot C,April,2,2026-04-03,interval_end,1-0__61,NA,NA,Orbicella franksi,480,cm2,3.1825,3.1825e-4,TRUE,Plot C__2__interval_end__1-0__61,1
Plot C,all,Plot C,April,2,2026-04-03,interval_end,1-0__62,NA,NA,Orbicella franksi,480,cm2,7.2375,7.2375e-4,TRUE,Plot C__2__interval_end__1-0__62,1
Plot C,all,Plot C,April,2,2026-04-03,interval_end,1-0__63,NA,NA,Orbicella franksi,480,cm2,7.7225,7.7225e-4,TRUE,Plot C__2__interval_end__1-0__63,1
Plot C,all,Plot C,April,2,2026-04-03,interval_end,1-0__64,NA,NA,Orbicella franksi,480,cm2,3.08,3.08e-4,TRUE,Plot C__2__interval_end__1-0__64,1
Plot C,all,Plot C,April,2,2026-04-03,interval_end,1-0__65,NA,NA,Orbicella franksi,480,cm2,5.63,5.63e-4,TRUE,Plot C__2__interval_end__1-0__65,1
Plot C,all,Plot C,April,2,2026-04-03,interval_end,1-0__66,NA,NA,Orbicella franksi,480,cm2,6.62,6.62e-4,TRUE,Plot C__2__interval_end__1-0__66,1
Plot C,all,Plot C,April,2,2026-04-03,interval_end,1-0__67,NA,NA,Orbicella franksi,480,cm2,6.955,6.955e-4,TRUE,Plot C__2__interval_end__1-0__67,1
Plot C,all,Plot C,April,2,2026-04-03,interval_end,1-0__68,NA,NA,Orbicella franksi,480,cm2,0.9475,9.475e-5,TRUE,Plot C__2__interval_end__1-0__68,1
Plot C,all,Plot C,April,2,2026-04-03,interval_end,1-0__69,NA,NA,Orbicella franksi,480,cm2,6.3025,6.302500000000001e-4,TRUE,Plot C__2__interval_end__1-0__69,1
Plot C,all,Plot C,April,2,2026-04-03,interval_end,1-0__7,NA,NA,Orbicella annularis,480,cm2,1.335,1.335e-4,TRUE,Plot C__2__interval_end__1-0__7,1
Plot C,all,Plot C,April,2,2026-04-03,interval_end,1-0__70,NA,NA,Orbicella franksi,480,cm2,5.0475,5.0475e-4,TRUE,Plot C__2__interval_end__1-0__70,1
Plot C,all,Plot C,April,2,2026-04-03,interval_end,1-0__71,NA,NA,Orbicella franksi,480,cm2,2.0275,2.0275e-4,TRUE,Plot C__2__interval_end__1-0__71,1
Plot C,all,Plot C,April,2,2026-04-03,interval_end,1-0__72,NA,NA,Orbicella franksi,480,cm2,2.9675,2.9675e-4,TRUE,Plot C__2__interval_end__1-0__72,1
Plot C,all,Plot C,April,2,2026-04-03,interval_end,1-0__73,NA,NA,Orbicella franksi,480,cm2,6.56,6.56e-4,TRUE,Plot C__2__interval_end__1-0__73,1
Plot C,all,Plot C,April,2,2026-04-03,interval_end,1-0__74,NA,NA,Orbicella franksi,480,cm2,3.6075,3.6075e-4,TRUE,Plot C__2__interval_end__1-0__74,1
Plot C,all,Plot C,April,2,2026-04-03,interval_end,1-0__75,NA,NA,Orbicella franksi,480,cm2,1.5425,1.5425e-4,TRUE,Plot C__2__interval_end__1-0__75,1
Plot C,all,Plot C,April,2,2026-04-03,interval_end,1-0__76,NA,NA,Montastraea cavernosa,480,cm2,1.92,1.92e-4,TRUE,Plot C__2__interval_end__1-0__76,1
Plot C,all,Plot C,April,2,2026-04-03,interval_end,1-0__77,NA,NA,Montastraea cavernosa,480,cm2,3.35,3.35e-4,TRUE,Plot C__2__interval_end__1-0__77,1
Plot C,all,Plot C,April,2,2026-04-03,interval_end,1-0__78,NA,NA,Montastraea cavernosa,480,cm2,1.205,1.205e-4,TRUE,Plot C__2__interval_end__1-0__78,1
Plot C,all,Plot C,April,2,2026-04-03,interval_end,1-0__79,NA,NA,Montastraea cavernosa,480,cm2,1.9825,1.9825e-4,TRUE,Plot C__2__interval_end__1-0__79,1
Plot C,all,Plot C,April,2,2026-04-03,interval_end,1-0__8,NA,NA,Orbicella annularis,480,cm2,1.5525,1.5525e-4,TRUE,Plot C__2__interval_end__1-0__8,1
Plot C,all,Plot C,April,2,2026-04-03,interval_end,1-0__80,NA,NA,Montastraea cavernosa,480,cm2,3.4175,3.4175e-4,TRUE,Plot C__2__interval_end__1-0__80,1
Plot C,all,Plot C,April,2,2026-04-03,interval_end,1-0__81,NA,NA,Montastraea cavernosa,480,cm2,3.2225,3.2225e-4,TRUE,Plot C__2__interval_end__1-0__81,1
Plot C,all,Plot C,April,2,2026-04-03,interval_end,1-0__82,NA,NA,Montastraea cavernosa,480,cm2,3.5175,3.5175e-4,TRUE,Plot C__2__interval_end__1-0__82,1
Plot C,all,Plot C,April,2,2026-04-03,interval_end,1-0__83,NA,NA,Montastraea cavernosa,480,cm2,3.39,3.39e-4,TRUE,Plot C__2__interval_end__1-0__83,1
Plot C,all,Plot C,April,2,2026-04-03,interval_end,1-0__84,NA,NA,Montastraea cavernosa,480,cm2,2.7925,2.7925e-4,TRUE,Plot C__2__interval_end__1-0__84,1
Plot C,all,Plot C,April,2,2026-04-03,interval_end,1-0__85,NA,NA,Montastraea cavernosa,480,cm2,3.015,3.015e-4,TRUE,Plot C__2__interval_end__1-0__85,1
Plot C,all,Plot C,April,2,2026-04-03,interval_end,1-0__86,NA,NA,Montastraea cavernosa,480,cm2,2.3825,2.3825e-4,TRUE,Plot C__2__interval_end__1-0__86,1
Plot C,all,Plot C,April,2,2026-04-03,interval_end,1-0__87,NA,NA,Montastraea cavernosa,480,cm2,1.4675,1.4675e-4,TRUE,Plot C__2__interval_end__1-0__87,1
Plot C,all,Plot C,April,2,2026-04-03,interval_end,1-0__88,NA,NA,Montastraea cavernosa,480,cm2,3.685,3.685e-4,TRUE,Plot C__2__interval_end__1-0__88,1
Plot C,all,Plot C,April,2,2026-04-03,interval_end,1-0__89,NA,NA,Montastraea cavernosa,480,cm2,2.6925,2.6925e-4,TRUE,Plot C__2__interval_end__1-0__89,1
Plot C,all,Plot C,April,2,2026-04-03,interval_end,1-0__9,NA,NA,Orbicella annularis,480,cm2,1.635,1.635e-4,TRUE,Plot C__2__interval_end__1-0__9,1
Plot C,all,Plot C,April,2,2026-04-03,interval_end,1-0__90,NA,NA,Montastraea cavernosa,480,cm2,2.5875,2.5875e-4,TRUE,Plot C__2__interval_end__1-0__90,1
Plot C,all,Plot C,April,2,2026-04-03,interval_end,1-0__91,NA,NA,Montastraea cavernosa,480,cm2,2.5675,2.5675e-4,TRUE,Plot C__2__interval_end__1-0__91,1
Plot C,all,Plot C,April,2,2026-04-03,interval_end,1-0__92,NA,NA,Montastraea cavernosa,480,cm2,3.375,3.375e-4,TRUE,Plot C__2__interval_end__1-0__92,1
Plot C,all,Plot C,April,2,2026-04-03,interval_end,1-0__93,NA,NA,Montastraea cavernosa,480,cm2,3.96,3.96e-4,TRUE,Plot C__2__interval_end__1-0__93,1
Plot C,all,Plot C,April,2,2026-04-03,interval_end,1-0__94,NA,NA,Montastraea cavernosa,480,cm2,3.43,3.43e-4,TRUE,Plot C__2__interval_end__1-0__94,1
Plot C,all,Plot C,April,2,2026-04-03,interval_end,1-0__95,NA,NA,Orbicella annularis,480,cm2,14.115,0.0014115,TRUE,Plot C__2__interval_end__1-0__95,1
Plot C,all,Plot C,April,2,2026-04-03,interval_end,1-0__96,NA,NA,Orbicella annularis,480,cm2,23.42,0.0023420000000000003,TRUE,Plot C__2__interval_end__1-0__96,1
Plot C,all,Plot C,April,2,2026-04-03,interval_end,1-0__97,NA,NA,Orbicella franksi,480,cm2,4.355,4.3550000000000007e-4,TRUE,Plot C__2__interval_end__1-0__97,1
Plot C,all,Plot C,April,2,2026-04-03,interval_end,1-0__98,NA,NA,Orbicella franksi,480,cm2,4.59,4.59e-4,TRUE,Plot C__2__interval_end__1-0__98,1
Plot C,all,Plot C,April,2,2026-04-03,interval_end,1-0__99,NA,NA,Orbicella franksi,480,cm2,2.15,2.15e-4,TRUE,Plot C__2__interval_end__1-0__99,1
Plot C,all,Plot C,June,3,2026-06-06,interval_end,0-0__10,NA,NA,Montastraea cavernosa,480,cm2,4.93,4.93e-4,TRUE,Plot C__3__interval_end__0-0__10,1
Plot C,all,Plot C,June,3,2026-06-06,interval_end,0-0__100,NA,NA,Porites porites,480,cm2,3.8975,3.8975e-4,TRUE,Plot C__3__interval_end__0-0__100,1
Plot C,all,Plot C,June,3,2026-06-06,interval_end,0-0__101,NA,NA,Porites porites,480,cm2,1.04,1.0400000000000001e-4,TRUE,Plot C__3__interval_end__0-0__101,1
Plot C,all,Plot C,June,3,2026-06-06,interval_end,0-0__102,NA,NA,Porites porites,480,cm2,4.03,4.0300000000000004e-4,TRUE,Plot C__3__interval_end__0-0__102,1
Plot C,all,Plot C,June,3,2026-06-06,interval_end,0-0__103,NA,NA,Porites porites,480,cm2,9.4025,9.4025e-4,TRUE,Plot C__3__interval_end__0-0__103,1
Plot C,all,Plot C,June,3,2026-06-06,interval_end,0-0__104,NA,NA,Porites porites,480,cm2,1.45,1.45e-4,TRUE,Plot C__3__interval_end__0-0__104,1
Plot C,all,Plot C,June,3,2026-06-06,interval_end,0-0__105,NA,NA,Porites porites,480,cm2,2.595,2.595e-4,TRUE,Plot C__3__interval_end__0-0__105,1
Plot C,all,Plot C,June,3,2026-06-06,interval_end,0-0__106,NA,NA,Porites porites,480,cm2,4.1325,4.1325000000000004e-4,TRUE,Plot C__3__interval_end__0-0__106,1
Plot C,all,Plot C,June,3,2026-06-06,interval_end,0-0__107,NA,NA,Porites porites,480,cm2,1.7575,1.7575000000000002e-4,TRUE,Plot C__3__interval_end__0-0__107,1
Plot C,all,Plot C,June,3,2026-06-06,interval_end,0-0__108,NA,NA,Porites porites,480,cm2,4.46,4.46e-4,TRUE,Plot C__3__interval_end__0-0__108,1
Plot C,all,Plot C,June,3,2026-06-06,interval_end,0-0__109,NA,NA,Porites porites,480,cm2,3.9125,3.9125e-4,TRUE,Plot C__3__interval_end__0-0__109,1
Plot C,all,Plot C,June,3,2026-06-06,interval_end,0-0__11,NA,NA,Montastraea cavernosa,480,cm2,4.685,4.6849999999999995e-4,TRUE,Plot C__3__interval_end__0-0__11,1
Plot C,all,Plot C,June,3,2026-06-06,interval_end,0-0__110,NA,NA,Porites porites,480,cm2,1.6475,1.6475e-4,TRUE,Plot C__3__interval_end__0-0__110,1
Plot C,all,Plot C,June,3,2026-06-06,interval_end,0-0__111,NA,NA,Porites porites,480,cm2,0.665,6.65e-5,TRUE,Plot C__3__interval_end__0-0__111,1
Plot C,all,Plot C,June,3,2026-06-06,interval_end,0-0__112,NA,NA,Porites porites,480,cm2,1.95,1.95e-4,TRUE,Plot C__3__interval_end__0-0__112,1
Plot C,all,Plot C,June,3,2026-06-06,interval_end,0-0__113,NA,NA,Porites porites,480,cm2,2.54,2.54e-4,TRUE,Plot C__3__interval_end__0-0__113,1
Plot C,all,Plot C,June,3,2026-06-06,interval_end,0-0__114,NA,NA,Porites porites,480,cm2,3.475,3.475e-4,TRUE,Plot C__3__interval_end__0-0__114,1
Plot C,all,Plot C,June,3,2026-06-06,interval_end,0-0__115,NA,NA,Porites porites,480,cm2,4.16,4.1600000000000003e-4,TRUE,Plot C__3__interval_end__0-0__115,1
Plot C,all,Plot C,June,3,2026-06-06,interval_end,0-0__116,NA,NA,Porites porites,480,cm2,4.0025,4.0025000000000005e-4,TRUE,Plot C__3__interval_end__0-0__116,1
Plot C,all,Plot C,June,3,2026-06-06,interval_end,0-0__117,NA,NA,Porites porites,480,cm2,5.345,5.344999999999999e-4,TRUE,Plot C__3__interval_end__0-0__117,1
Plot C,all,Plot C,June,3,2026-06-06,interval_end,0-0__118,NA,NA,Porites porites,480,cm2,9.795,9.795e-4,TRUE,Plot C__3__interval_end__0-0__118,1
Plot C,all,Plot C,June,3,2026-06-06,interval_end,0-0__119,NA,NA,Porites porites,480,cm2,3.705,3.705e-4,TRUE,Plot C__3__interval_end__0-0__119,1
Plot C,all,Plot C,June,3,2026-06-06,interval_end,0-0__12,NA,NA,Montastraea cavernosa,480,cm2,3.2175,3.2175e-4,TRUE,Plot C__3__interval_end__0-0__12,1
Plot C,all,Plot C,June,3,2026-06-06,interval_end,0-0__120,NA,NA,Porites porites,480,cm2,3.4125,3.4125000000000003e-4,TRUE,Plot C__3__interval_end__0-0__120,1
Plot C,all,Plot C,June,3,2026-06-06,interval_end,0-0__121,NA,NA,Porites porites,480,cm2,5.6425,5.6425e-4,TRUE,Plot C__3__interval_end__0-0__121,1
Plot C,all,Plot C,June,3,2026-06-06,interval_end,0-0__122,NA,NA,Porites porites,480,cm2,3.3625,3.3624999999999996e-4,TRUE,Plot C__3__interval_end__0-0__122,1
Plot C,all,Plot C,June,3,2026-06-06,interval_end,0-0__123,NA,NA,Porites porites,480,cm2,3.045,3.045e-4,TRUE,Plot C__3__interval_end__0-0__123,1
Plot C,all,Plot C,June,3,2026-06-06,interval_end,0-0__124,NA,NA,Porites porites,480,cm2,2.3325,2.3325e-4,TRUE,Plot C__3__interval_end__0-0__124,1
Plot C,all,Plot C,June,3,2026-06-06,interval_end,0-0__125,NA,NA,Porites porites,480,cm2,1.7625,1.7625e-4,TRUE,Plot C__3__interval_end__0-0__125,1
Plot C,all,Plot C,June,3,2026-06-06,interval_end,0-0__126,NA,NA,Porites porites,480,cm2,2.01,2.0099999999999998e-4,TRUE,Plot C__3__interval_end__0-0__126,1
Plot C,all,Plot C,June,3,2026-06-06,interval_end,0-0__127,NA,NA,Porites porites,480,cm2,0.8825,8.824999999999999e-5,TRUE,Plot C__3__interval_end__0-0__127,1
Plot C,all,Plot C,June,3,2026-06-06,interval_end,0-0__128,NA,NA,Porites porites,480,cm2,2.66,2.66e-4,TRUE,Plot C__3__interval_end__0-0__128,1
Plot C,all,Plot C,June,3,2026-06-06,interval_end,0-0__129,NA,NA,Porites porites,480,cm2,1.0725,1.0725e-4,TRUE,Plot C__3__interval_end__0-0__129,1
Plot C,all,Plot C,June,3,2026-06-06,interval_end,0-0__13,NA,NA,Montastraea cavernosa,480,cm2,2.43,2.4300000000000002e-4,TRUE,Plot C__3__interval_end__0-0__13,1
Plot C,all,Plot C,June,3,2026-06-06,interval_end,0-0__130,NA,NA,Porites porites,480,cm2,1.8275,1.8275e-4,TRUE,Plot C__3__interval_end__0-0__130,1
Plot C,all,Plot C,June,3,2026-06-06,interval_end,0-0__131,NA,NA,Porites porites,480,cm2,2.2775,2.2774999999999998e-4,TRUE,Plot C__3__interval_end__0-0__131,1
Plot C,all,Plot C,June,3,2026-06-06,interval_end,0-0__132,NA,NA,Porites porites,480,cm2,2.915,2.915e-4,TRUE,Plot C__3__interval_end__0-0__132,1
Plot C,all,Plot C,June,3,2026-06-06,interval_end,0-0__133,NA,NA,Porites porites,480,cm2,1.77,1.77e-4,TRUE,Plot C__3__interval_end__0-0__133,1
Plot C,all,Plot C,June,3,2026-06-06,interval_end,0-0__134,NA,NA,Porites porites,480,cm2,2.2875,2.2875e-4,TRUE,Plot C__3__interval_end__0-0__134,1
Plot C,all,Plot C,June,3,2026-06-06,interval_end,0-0__135,NA,NA,Porites porites,480,cm2,1.5675,1.5675e-4,TRUE,Plot C__3__interval_end__0-0__135,1
Plot C,all,Plot C,June,3,2026-06-06,interval_end,0-0__136,NA,NA,Orbicella franksi,480,cm2,3.02,3.02e-4,TRUE,Plot C__3__interval_end__0-0__136,1
Plot C,all,Plot C,June,3,2026-06-06,interval_end,0-0__137,NA,NA,Orbicella franksi,480,cm2,3.5925,3.5925e-4,TRUE,Plot C__3__interval_end__0-0__137,1
Plot C,all,Plot C,June,3,2026-06-06,interval_end,0-0__138,NA,NA,Porites porites,480,cm2,1.3475,1.3475e-4,TRUE,Plot C__3__interval_end__0-0__138,1
Plot C,all,Plot C,June,3,2026-06-06,interval_end,0-0__139,NA,NA,Porites porites,480,cm2,1.6025,1.6025e-4,TRUE,Plot C__3__interval_end__0-0__139,1
Plot C,all,Plot C,June,3,2026-06-06,interval_end,0-0__14,NA,NA,Montastraea cavernosa,480,cm2,4.7425,4.7424999999999995e-4,TRUE,Plot C__3__interval_end__0-0__14,1
Plot C,all,Plot C,June,3,2026-06-06,interval_end,0-0__140,NA,NA,Orbicella franksi,480,cm2,4.435,4.4349999999999994e-4,TRUE,Plot C__3__interval_end__0-0__140,1
Plot C,all,Plot C,June,3,2026-06-06,interval_end,0-0__141,NA,NA,Orbicella franksi,480,cm2,7.205,7.205e-4,TRUE,Plot C__3__interval_end__0-0__141,1
Plot C,all,Plot C,June,3,2026-06-06,interval_end,0-0__142,NA,NA,Porites porites,480,cm2,6.095,6.095e-4,TRUE,Plot C__3__interval_end__0-0__142,1
Plot C,all,Plot C,June,3,2026-06-06,interval_end,0-0__143,NA,NA,Orbicella franksi,480,cm2,4.2575,4.2575e-4,TRUE,Plot C__3__interval_end__0-0__143,1
Plot C,all,Plot C,June,3,2026-06-06,interval_end,0-0__144,NA,NA,Orbicella franksi,480,cm2,4.51,4.5099999999999996e-4,TRUE,Plot C__3__interval_end__0-0__144,1
Plot C,all,Plot C,June,3,2026-06-06,interval_end,0-0__145,NA,NA,Orbicella franksi,480,cm2,7.405,7.405000000000001e-4,TRUE,Plot C__3__interval_end__0-0__145,1
Plot C,all,Plot C,June,3,2026-06-06,interval_end,0-0__146,NA,NA,Porites porites,480,cm2,2.1675,2.1675e-4,TRUE,Plot C__3__interval_end__0-0__146,1
Plot C,all,Plot C,June,3,2026-06-06,interval_end,0-0__147,NA,NA,Orbicella franksi,480,cm2,5.4575,5.4575e-4,TRUE,Plot C__3__interval_end__0-0__147,1
Plot C,all,Plot C,June,3,2026-06-06,interval_end,0-0__148,NA,NA,Orbicella franksi,480,cm2,5.4025,5.402499999999999e-4,TRUE,Plot C__3__interval_end__0-0__148,1
Plot C,all,Plot C,June,3,2026-06-06,interval_end,0-0__149,NA,NA,Orbicella franksi,480,cm2,7.03,7.030000000000001e-4,TRUE,Plot C__3__interval_end__0-0__149,1
Plot C,all,Plot C,June,3,2026-06-06,interval_end,0-0__15,NA,NA,Montastraea cavernosa,480,cm2,4.47,4.4699999999999997e-4,TRUE,Plot C__3__interval_end__0-0__15,1
Plot C,all,Plot C,June,3,2026-06-06,interval_end,0-0__150,NA,NA,Orbicella franksi,480,cm2,3.23,3.23e-4,TRUE,Plot C__3__interval_end__0-0__150,1
Plot C,all,Plot C,June,3,2026-06-06,interval_end,0-0__151,NA,NA,Orbicella franksi,480,cm2,10.945,0.0010945,TRUE,Plot C__3__interval_end__0-0__151,1
Plot C,all,Plot C,June,3,2026-06-06,interval_end,0-0__152,NA,NA,Orbicella franksi,480,cm2,2.9225,2.9225e-4,TRUE,Plot C__3__interval_end__0-0__152,1
Plot C,all,Plot C,June,3,2026-06-06,interval_end,0-0__153,NA,NA,Porites porites,480,cm2,9.6325,9.6325e-4,TRUE,Plot C__3__interval_end__0-0__153,1
Plot C,all,Plot C,June,3,2026-06-06,interval_end,0-0__154,NA,NA,Orbicella franksi,480,cm2,7.8025,7.8025e-4,TRUE,Plot C__3__interval_end__0-0__154,1
Plot C,all,Plot C,June,3,2026-06-06,interval_end,0-0__155,NA,NA,Orbicella franksi,480,cm2,4.4,4.4e-4,TRUE,Plot C__3__interval_end__0-0__155,1
Plot C,all,Plot C,June,3,2026-06-06,interval_end,0-0__156,NA,NA,Orbicella franksi,480,cm2,6.975,6.975e-4,TRUE,Plot C__3__interval_end__0-0__156,1
Plot C,all,Plot C,June,3,2026-06-06,interval_end,0-0__157,NA,NA,Orbicella franksi,480,cm2,6.3125,6.3125e-4,TRUE,Plot C__3__interval_end__0-0__157,1
Plot C,all,Plot C,June,3,2026-06-06,interval_end,0-0__158,NA,NA,Orbicella franksi,480,cm2,6.015,6.014999999999999e-4,TRUE,Plot C__3__interval_end__0-0__158,1
Plot C,all,Plot C,June,3,2026-06-06,interval_end,0-0__159,NA,NA,Porites porites,480,cm2,10.0075,0.0010007500000000001,TRUE,Plot C__3__interval_end__0-0__159,1
Plot C,all,Plot C,June,3,2026-06-06,interval_end,0-0__16,NA,NA,Montastraea cavernosa,480,cm2,1.485,1.485e-4,TRUE,Plot C__3__interval_end__0-0__16,1
Plot C,all,Plot C,June,3,2026-06-06,interval_end,0-0__160,NA,NA,Orbicella franksi,480,cm2,3.665,3.665e-4,TRUE,Plot C__3__interval_end__0-0__160,1
Plot C,all,Plot C,June,3,2026-06-06,interval_end,0-0__161,NA,NA,Orbicella franksi,480,cm2,4.2275,4.2275e-4,TRUE,Plot C__3__interval_end__0-0__161,1
Plot C,all,Plot C,June,3,2026-06-06,interval_end,0-0__162,NA,NA,Orbicella franksi,480,cm2,3.8425,3.8425e-4,TRUE,Plot C__3__interval_end__0-0__162,1
Plot C,all,Plot C,June,3,2026-06-06,interval_end,0-0__164,NA,NA,Orbicella franksi,480,cm2,1.7525,1.7525e-4,TRUE,Plot C__3__interval_end__0-0__164,1
Plot C,all,Plot C,June,3,2026-06-06,interval_end,0-0__165,NA,NA,Orbicella annularis,480,cm2,13.69,0.001369,TRUE,Plot C__3__interval_end__0-0__165,1
Plot C,all,Plot C,June,3,2026-06-06,interval_end,0-0__166,NA,NA,Orbicella annularis,480,cm2,172.305,0.0172305,TRUE,Plot C__3__interval_end__0-0__166,1
Plot C,all,Plot C,June,3,2026-06-06,interval_end,0-0__167,NA,NA,Porites porites,480,cm2,1.565,1.5649999999999998e-4,TRUE,Plot C__3__interval_end__0-0__167,1
Plot C,all,Plot C,June,3,2026-06-06,interval_end,0-0__168,NA,NA,Porites porites,480,cm2,1,1e-4,TRUE,Plot C__3__interval_end__0-0__168,1
Plot C,all,Plot C,June,3,2026-06-06,interval_end,0-0__169,NA,NA,Porites porites,480,cm2,1.11,1.1100000000000001e-4,TRUE,Plot C__3__interval_end__0-0__169,1
Plot C,all,Plot C,June,3,2026-06-06,interval_end,0-0__17,NA,NA,Montastraea cavernosa,480,cm2,4.37,4.37e-4,TRUE,Plot C__3__interval_end__0-0__17,1
Plot C,all,Plot C,June,3,2026-06-06,interval_end,0-0__170,NA,NA,Porites porites,480,cm2,1.61,1.61e-4,TRUE,Plot C__3__interval_end__0-0__170,1
Plot C,all,Plot C,June,3,2026-06-06,interval_end,0-0__171,NA,NA,Porites porites,480,cm2,0.9975,9.975e-5,TRUE,Plot C__3__interval_end__0-0__171,1
Plot C,all,Plot C,June,3,2026-06-06,interval_end,0-0__172,NA,NA,Porites porites,480,cm2,0.5425,5.425e-5,TRUE,Plot C__3__interval_end__0-0__172,1
Plot C,all,Plot C,June,3,2026-06-06,interval_end,0-0__173,NA,NA,Porites porites,480,cm2,1.425,1.425e-4,TRUE,Plot C__3__interval_end__0-0__173,1
Plot C,all,Plot C,June,3,2026-06-06,interval_end,0-0__174,NA,NA,Porites porites,480,cm2,3.7925,3.7925e-4,TRUE,Plot C__3__interval_end__0-0__174,1
Plot C,all,Plot C,June,3,2026-06-06,interval_end,0-0__175,NA,NA,Porites porites,480,cm2,7.255,7.255e-4,TRUE,Plot C__3__interval_end__0-0__175,1
Plot C,all,Plot C,June,3,2026-06-06,interval_end,0-0__176,NA,NA,Porites porites,480,cm2,3.46,3.46e-4,TRUE,Plot C__3__interval_end__0-0__176,1
Plot C,all,Plot C,June,3,2026-06-06,interval_end,0-0__177,NA,NA,Porites porites,480,cm2,2.1575,2.1575e-4,TRUE,Plot C__3__interval_end__0-0__177,1
Plot C,all,Plot C,June,3,2026-06-06,interval_end,0-0__178,NA,NA,Porites porites,480,cm2,4.295,4.295e-4,TRUE,Plot C__3__interval_end__0-0__178,1
Plot C,all,Plot C,June,3,2026-06-06,interval_end,0-0__179,NA,NA,Porites porites,480,cm2,4.92,4.92e-4,TRUE,Plot C__3__interval_end__0-0__179,1
Plot C,all,Plot C,June,3,2026-06-06,interval_end,0-0__18,NA,NA,Montastraea cavernosa,480,cm2,5.1325,5.1325e-4,TRUE,Plot C__3__interval_end__0-0__18,1
Plot C,all,Plot C,June,3,2026-06-06,interval_end,0-0__180,NA,NA,Porites porites,480,cm2,10.1775,0.00101775,TRUE,Plot C__3__interval_end__0-0__180,1
Plot C,all,Plot C,June,3,2026-06-06,interval_end,0-0__181,NA,NA,Porites porites,480,cm2,3.2925,3.2925e-4,TRUE,Plot C__3__interval_end__0-0__181,1
Plot C,all,Plot C,June,3,2026-06-06,interval_end,0-0__182,NA,NA,Porites porites,480,cm2,7.2475,7.247499999999999e-4,TRUE,Plot C__3__interval_end__0-0__182,1
Plot C,all,Plot C,June,3,2026-06-06,interval_end,0-0__183,NA,NA,Porites porites,480,cm2,5.8425,5.8425e-4,TRUE,Plot C__3__interval_end__0-0__183,1
Plot C,all,Plot C,June,3,2026-06-06,interval_end,0-0__184,NA,NA,Porites porites,480,cm2,1.3625,1.3625e-4,TRUE,Plot C__3__interval_end__0-0__184,1
Plot C,all,Plot C,June,3,2026-06-06,interval_end,0-0__185,NA,NA,Porites porites,480,cm2,4.1425,4.1425e-4,TRUE,Plot C__3__interval_end__0-0__185,1
Plot C,all,Plot C,June,3,2026-06-06,interval_end,0-0__186,NA,NA,Porites porites,480,cm2,2.6475,2.6475e-4,TRUE,Plot C__3__interval_end__0-0__186,1
Plot C,all,Plot C,June,3,2026-06-06,interval_end,0-0__187,NA,NA,Porites porites,480,cm2,1.8275,1.8275e-4,TRUE,Plot C__3__interval_end__0-0__187,1
Plot C,all,Plot C,June,3,2026-06-06,interval_end,0-0__188,NA,NA,Porites porites,480,cm2,5.785,5.785e-4,TRUE,Plot C__3__interval_end__0-0__188,1
Plot C,all,Plot C,June,3,2026-06-06,interval_end,0-0__189,NA,NA,Porites porites,480,cm2,2.0075,2.0074999999999997e-4,TRUE,Plot C__3__interval_end__0-0__189,1
Plot C,all,Plot C,June,3,2026-06-06,interval_end,0-0__19,NA,NA,Montastraea cavernosa,480,cm2,4.8975,4.8975e-4,TRUE,Plot C__3__interval_end__0-0__19,1
Plot C,all,Plot C,June,3,2026-06-06,interval_end,0-0__190,NA,NA,Porites porites,480,cm2,1.64,1.64e-4,TRUE,Plot C__3__interval_end__0-0__190,1
Plot C,all,Plot C,June,3,2026-06-06,interval_end,0-0__191,NA,NA,Porites porites,480,cm2,2.8825,2.8825e-4,TRUE,Plot C__3__interval_end__0-0__191,1
Plot C,all,Plot C,June,3,2026-06-06,interval_end,0-0__192,NA,NA,Porites porites,480,cm2,2.085,2.085e-4,TRUE,Plot C__3__interval_end__0-0__192,1
Plot C,all,Plot C,June,3,2026-06-06,interval_end,0-0__193,NA,NA,Porites porites,480,cm2,2.445,2.445e-4,TRUE,Plot C__3__interval_end__0-0__193,1
Plot C,all,Plot C,June,3,2026-06-06,interval_end,0-0__194,NA,NA,Porites porites,480,cm2,3.095,3.0950000000000004e-4,TRUE,Plot C__3__interval_end__0-0__194,1
Plot C,all,Plot C,June,3,2026-06-06,interval_end,0-0__195,NA,NA,Porites porites,480,cm2,2.655,2.655e-4,TRUE,Plot C__3__interval_end__0-0__195,1
Plot C,all,Plot C,June,3,2026-06-06,interval_end,0-0__196,NA,NA,Porites porites,480,cm2,4.435,4.4349999999999994e-4,TRUE,Plot C__3__interval_end__0-0__196,1
Plot C,all,Plot C,June,3,2026-06-06,interval_end,0-0__197,NA,NA,Porites porites,480,cm2,2.06,2.06e-4,TRUE,Plot C__3__interval_end__0-0__197,1
Plot C,all,Plot C,June,3,2026-06-06,interval_end,0-0__198,NA,NA,Porites porites,480,cm2,2.7425,2.7425e-4,TRUE,Plot C__3__interval_end__0-0__198,1
Plot C,all,Plot C,June,3,2026-06-06,interval_end,0-0__199,NA,NA,Porites porites,480,cm2,4.84,4.84e-4,TRUE,Plot C__3__interval_end__0-0__199,1
Plot C,all,Plot C,June,3,2026-06-06,interval_end,0-0__2,NA,NA,Orbicella annularis,480,cm2,23.45,0.002345,TRUE,Plot C__3__interval_end__0-0__2,1
Plot C,all,Plot C,June,3,2026-06-06,interval_end,0-0__20,NA,NA,Montastraea cavernosa,480,cm2,1.335,1.335e-4,TRUE,Plot C__3__interval_end__0-0__20,1
Plot C,all,Plot C,June,3,2026-06-06,interval_end,0-0__200,NA,NA,Porites porites,480,cm2,4.6975,4.6974999999999995e-4,TRUE,Plot C__3__interval_end__0-0__200,1
Plot C,all,Plot C,June,3,2026-06-06,interval_end,0-0__201,NA,NA,Porites porites,480,cm2,1.705,1.705e-4,TRUE,Plot C__3__interval_end__0-0__201,1
Plot C,all,Plot C,June,3,2026-06-06,interval_end,0-0__202,NA,NA,Porites porites,480,cm2,1.9575,1.9575000000000001e-4,TRUE,Plot C__3__interval_end__0-0__202,1
Plot C,all,Plot C,June,3,2026-06-06,interval_end,0-0__203,NA,NA,Porites porites,480,cm2,0,0,FALSE,Plot C__3__interval_end__0-0__203,1
Plot C,all,Plot C,June,3,2026-06-06,interval_end,0-0__204,NA,NA,Porites porites,480,cm2,1.125,1.125e-4,TRUE,Plot C__3__interval_end__0-0__204,1
Plot C,all,Plot C,June,3,2026-06-06,interval_end,0-0__205,NA,NA,Porites porites,480,cm2,2.2775,2.2774999999999998e-4,TRUE,Plot C__3__interval_end__0-0__205,1
Plot C,all,Plot C,June,3,2026-06-06,interval_end,0-0__206,NA,NA,Porites porites,480,cm2,2.9375,2.9375e-4,TRUE,Plot C__3__interval_end__0-0__206,1
Plot C,all,Plot C,June,3,2026-06-06,interval_end,0-0__207,NA,NA,Unidentified coral,480,cm2,0,0,FALSE,Plot C__3__interval_end__0-0__207,1
Plot C,all,Plot C,June,3,2026-06-06,interval_end,0-0__208,NA,NA,Porites porites,480,cm2,4.09,4.0899999999999997e-4,TRUE,Plot C__3__interval_end__0-0__208,1
Plot C,all,Plot C,June,3,2026-06-06,interval_end,0-0__209,NA,NA,Porites porites,480,cm2,6.01,6.01e-4,TRUE,Plot C__3__interval_end__0-0__209,1
Plot C,all,Plot C,June,3,2026-06-06,interval_end,0-0__21,NA,NA,Montastraea cavernosa,480,cm2,1.5125,1.5125e-4,TRUE,Plot C__3__interval_end__0-0__21,1
Plot C,all,Plot C,June,3,2026-06-06,interval_end,0-0__210,NA,NA,Porites porites,480,cm2,1.3425,1.3425e-4,TRUE,Plot C__3__interval_end__0-0__210,1
Plot C,all,Plot C,June,3,2026-06-06,interval_end,0-0__211,NA,NA,Porites porites,480,cm2,5.0025,5.0025e-4,TRUE,Plot C__3__interval_end__0-0__211,1
Plot C,all,Plot C,June,3,2026-06-06,interval_end,0-0__212,NA,NA,Porites porites,480,cm2,3.015,3.015e-4,TRUE,Plot C__3__interval_end__0-0__212,1
Plot C,all,Plot C,June,3,2026-06-06,interval_end,0-0__213,NA,NA,Porites porites,480,cm2,9.875,9.875e-4,TRUE,Plot C__3__interval_end__0-0__213,1
Plot C,all,Plot C,June,3,2026-06-06,interval_end,0-0__214,NA,NA,Porites porites,480,cm2,1.53,1.53e-4,TRUE,Plot C__3__interval_end__0-0__214,1
Plot C,all,Plot C,June,3,2026-06-06,interval_end,0-0__215,NA,NA,Porites porites,480,cm2,6.275,6.275e-4,TRUE,Plot C__3__interval_end__0-0__215,1
Plot C,all,Plot C,June,3,2026-06-06,interval_end,0-0__216,NA,NA,Porites porites,480,cm2,5.035,5.035e-4,TRUE,Plot C__3__interval_end__0-0__216,1
Plot C,all,Plot C,June,3,2026-06-06,interval_end,0-0__217,NA,NA,Porites porites,480,cm2,5.135,5.135e-4,TRUE,Plot C__3__interval_end__0-0__217,1
Plot C,all,Plot C,June,3,2026-06-06,interval_end,0-0__219,NA,NA,Porites porites,480,cm2,2.17,2.17e-4,TRUE,Plot C__3__interval_end__0-0__219,1
Plot C,all,Plot C,June,3,2026-06-06,interval_end,0-0__22,NA,NA,Orbicella annularis,480,cm2,23.22,0.002322,TRUE,Plot C__3__interval_end__0-0__22,1
Plot C,all,Plot C,June,3,2026-06-06,interval_end,0-0__220,NA,NA,Porites porites,480,cm2,4.9825,4.9825e-4,TRUE,Plot C__3__interval_end__0-0__220,1
Plot C,all,Plot C,June,3,2026-06-06,interval_end,0-0__221,NA,NA,Porites porites,480,cm2,3.6525,3.6524999999999996e-4,TRUE,Plot C__3__interval_end__0-0__221,1
Plot C,all,Plot C,June,3,2026-06-06,interval_end,0-0__222,NA,NA,Porites porites,480,cm2,5.3625,5.362499999999999e-4,TRUE,Plot C__3__interval_end__0-0__222,1
Plot C,all,Plot C,June,3,2026-06-06,interval_end,0-0__223,NA,NA,Porites porites,480,cm2,4.075,4.0750000000000004e-4,TRUE,Plot C__3__interval_end__0-0__223,1
Plot C,all,Plot C,June,3,2026-06-06,interval_end,0-0__224,NA,NA,Porites porites,480,cm2,3.725,3.725e-4,TRUE,Plot C__3__interval_end__0-0__224,1
Plot C,all,Plot C,June,3,2026-06-06,interval_end,0-0__225,NA,NA,Porites porites,480,cm2,1.575,1.575e-4,TRUE,Plot C__3__interval_end__0-0__225,1
Plot C,all,Plot C,June,3,2026-06-06,interval_end,0-0__226,NA,NA,Porites porites,480,cm2,1.2375,1.2375e-4,TRUE,Plot C__3__interval_end__0-0__226,1
Plot C,all,Plot C,June,3,2026-06-06,interval_end,0-0__227,NA,NA,Porites porites,480,cm2,5.4325,5.4325e-4,TRUE,Plot C__3__interval_end__0-0__227,1
Plot C,all,Plot C,June,3,2026-06-06,interval_end,0-0__228,NA,NA,Porites porites,480,cm2,0.8375,8.375e-5,TRUE,Plot C__3__interval_end__0-0__228,1
Plot C,all,Plot C,June,3,2026-06-06,interval_end,0-0__229,NA,NA,Porites porites,480,cm2,1.4875,1.4875e-4,TRUE,Plot C__3__interval_end__0-0__229,1
Plot C,all,Plot C,June,3,2026-06-06,interval_end,0-0__23,NA,NA,Montastraea cavernosa,480,cm2,0.9975,9.975e-5,TRUE,Plot C__3__interval_end__0-0__23,1
Plot C,all,Plot C,June,3,2026-06-06,interval_end,0-0__230,NA,NA,Porites porites,480,cm2,4.585,4.585e-4,TRUE,Plot C__3__interval_end__0-0__230,1
Plot C,all,Plot C,June,3,2026-06-06,interval_end,0-0__231,NA,NA,Porites porites,480,cm2,3.5825,3.5825e-4,TRUE,Plot C__3__interval_end__0-0__231,1
Plot C,all,Plot C,June,3,2026-06-06,interval_end,0-0__232,NA,NA,Porites porites,480,cm2,6.1575,6.1575e-4,TRUE,Plot C__3__interval_end__0-0__232,1
Plot C,all,Plot C,June,3,2026-06-06,interval_end,0-0__233,NA,NA,Porites porites,480,cm2,4.645,4.6449999999999996e-4,TRUE,Plot C__3__interval_end__0-0__233,1
Plot C,all,Plot C,June,3,2026-06-06,interval_end,0-0__234,NA,NA,Porites porites,480,cm2,6.6175,6.6175e-4,TRUE,Plot C__3__interval_end__0-0__234,1
Plot C,all,Plot C,June,3,2026-06-06,interval_end,0-0__235,NA,NA,Porites porites,480,cm2,5.15,5.15e-4,TRUE,Plot C__3__interval_end__0-0__235,1
Plot C,all,Plot C,June,3,2026-06-06,interval_end,0-0__236,NA,NA,Porites porites,480,cm2,44.4275,0.0044427500000000005,TRUE,Plot C__3__interval_end__0-0__236,1
Plot C,all,Plot C,June,3,2026-06-06,interval_end,0-0__237,NA,NA,Orbicella faveolata,480,cm2,20.13,0.002013,TRUE,Plot C__3__interval_end__0-0__237,1
Plot C,all,Plot C,June,3,2026-06-06,interval_end,0-0__238,NA,NA,Orbicella faveolata,480,cm2,51.3675,0.00513675,TRUE,Plot C__3__interval_end__0-0__238,1
Plot C,all,Plot C,June,3,2026-06-06,interval_end,0-0__239,NA,NA,Orbicella faveolata,480,cm2,13.57,0.0013570000000000001,TRUE,Plot C__3__interval_end__0-0__239,1
Plot C,all,Plot C,June,3,2026-06-06,interval_end,0-0__24,NA,NA,Montastraea cavernosa,480,cm2,3.875,3.875e-4,TRUE,Plot C__3__interval_end__0-0__24,1
Plot C,all,Plot C,June,3,2026-06-06,interval_end,0-0__240,NA,NA,Orbicella faveolata,480,cm2,7.78,7.78e-4,TRUE,Plot C__3__interval_end__0-0__240,1
Plot C,all,Plot C,June,3,2026-06-06,interval_end,0-0__241,NA,NA,Orbicella faveolata,480,cm2,6.9925,6.9925e-4,TRUE,Plot C__3__interval_end__0-0__241,1
Plot C,all,Plot C,June,3,2026-06-06,interval_end,0-0__242,NA,NA,Orbicella faveolata,480,cm2,31.2275,0.00312275,TRUE,Plot C__3__interval_end__0-0__242,1
Plot C,all,Plot C,June,3,2026-06-06,interval_end,0-0__243,NA,NA,Orbicella faveolata,480,cm2,7.195,7.195e-4,TRUE,Plot C__3__interval_end__0-0__243,1
Plot C,all,Plot C,June,3,2026-06-06,interval_end,0-0__244,NA,NA,Orbicella faveolata,480,cm2,19.8475,0.00198475,TRUE,Plot C__3__interval_end__0-0__244,1
Plot C,all,Plot C,June,3,2026-06-06,interval_end,0-0__245,NA,NA,Porites porites,480,cm2,6.5175,6.5175e-4,TRUE,Plot C__3__interval_end__0-0__245,1
Plot C,all,Plot C,June,3,2026-06-06,interval_end,0-0__246,NA,NA,Orbicella faveolata,480,cm2,8.78,8.78e-4,TRUE,Plot C__3__interval_end__0-0__246,1
Plot C,all,Plot C,June,3,2026-06-06,interval_end,0-0__247,NA,NA,Orbicella faveolata,480,cm2,8.0425,8.042500000000001e-4,TRUE,Plot C__3__interval_end__0-0__247,1
Plot C,all,Plot C,June,3,2026-06-06,interval_end,0-0__248,NA,NA,Orbicella faveolata,480,cm2,21.6925,0.0021692499999999997,TRUE,Plot C__3__interval_end__0-0__248,1
Plot C,all,Plot C,June,3,2026-06-06,interval_end,0-0__249,NA,NA,Orbicella faveolata,480,cm2,21.1125,0.0021112500000000003,TRUE,Plot C__3__interval_end__0-0__249,1
Plot C,all,Plot C,June,3,2026-06-06,interval_end,0-0__25,NA,NA,Montastraea cavernosa,480,cm2,3.73,3.73e-4,TRUE,Plot C__3__interval_end__0-0__25,1
Plot C,all,Plot C,June,3,2026-06-06,interval_end,0-0__250,NA,NA,Porites porites,480,cm2,5.6075,5.607499999999999e-4,TRUE,Plot C__3__interval_end__0-0__250,1
Plot C,all,Plot C,June,3,2026-06-06,interval_end,0-0__251,NA,NA,Orbicella faveolata,480,cm2,8.6525,8.6525e-4,TRUE,Plot C__3__interval_end__0-0__251,1
Plot C,all,Plot C,June,3,2026-06-06,interval_end,0-0__252,NA,NA,Porites porites,480,cm2,4.08,4.08e-4,TRUE,Plot C__3__interval_end__0-0__252,1
Plot C,all,Plot C,June,3,2026-06-06,interval_end,0-0__253,NA,NA,Porites porites,480,cm2,2.135,2.1349999999999999e-4,TRUE,Plot C__3__interval_end__0-0__253,1
Plot C,all,Plot C,June,3,2026-06-06,interval_end,0-0__254,NA,NA,Porites porites,480,cm2,7.0225,7.0225e-4,TRUE,Plot C__3__interval_end__0-0__254,1
Plot C,all,Plot C,June,3,2026-06-06,interval_end,0-0__255,NA,NA,Porites porites,480,cm2,8.5675,8.567500000000001e-4,TRUE,Plot C__3__interval_end__0-0__255,1
Plot C,all,Plot C,June,3,2026-06-06,interval_end,0-0__256,NA,NA,Porites porites,480,cm2,3.985,3.985e-4,TRUE,Plot C__3__interval_end__0-0__256,1
Plot C,all,Plot C,June,3,2026-06-06,interval_end,0-0__257,NA,NA,Porites porites,480,cm2,4.0425,4.0425000000000004e-4,TRUE,Plot C__3__interval_end__0-0__257,1
Plot C,all,Plot C,June,3,2026-06-06,interval_end,0-0__258,NA,NA,Porites porites,480,cm2,0.785,7.85e-5,TRUE,Plot C__3__interval_end__0-0__258,1
Plot C,all,Plot C,June,3,2026-06-06,interval_end,0-0__259,NA,NA,Porites porites,480,cm2,1.29,1.29e-4,TRUE,Plot C__3__interval_end__0-0__259,1
Plot C,all,Plot C,June,3,2026-06-06,interval_end,0-0__26,NA,NA,Montastraea cavernosa,480,cm2,3.55,3.5499999999999996e-4,TRUE,Plot C__3__interval_end__0-0__26,1
Plot C,all,Plot C,June,3,2026-06-06,interval_end,0-0__260,NA,NA,Porites porites,480,cm2,1.245,1.2450000000000002e-4,TRUE,Plot C__3__interval_end__0-0__260,1
Plot C,all,Plot C,June,3,2026-06-06,interval_end,0-0__261,NA,NA,Porites porites,480,cm2,0.5675,5.675e-5,TRUE,Plot C__3__interval_end__0-0__261,1
Plot C,all,Plot C,June,3,2026-06-06,interval_end,0-0__262,NA,NA,Porites porites,480,cm2,7.2275,7.2275e-4,TRUE,Plot C__3__interval_end__0-0__262,1
Plot C,all,Plot C,June,3,2026-06-06,interval_end,0-0__263,NA,NA,Porites porites,480,cm2,6.625,6.625e-4,TRUE,Plot C__3__interval_end__0-0__263,1
Plot C,all,Plot C,June,3,2026-06-06,interval_end,0-0__264,NA,NA,Porites porites,480,cm2,2.515,2.515e-4,TRUE,Plot C__3__interval_end__0-0__264,1
Plot C,all,Plot C,June,3,2026-06-06,interval_end,0-0__265,NA,NA,Porites porites,480,cm2,6.8175,6.8175e-4,TRUE,Plot C__3__interval_end__0-0__265,1
Plot C,all,Plot C,June,3,2026-06-06,interval_end,0-0__266,NA,NA,Porites porites,480,cm2,5.1525,5.1525e-4,TRUE,Plot C__3__interval_end__0-0__266,1
Plot C,all,Plot C,June,3,2026-06-06,interval_end,0-0__267,NA,NA,Porites porites,480,cm2,1.3425,1.3425e-4,TRUE,Plot C__3__interval_end__0-0__267,1
Plot C,all,Plot C,June,3,2026-06-06,interval_end,0-0__268,NA,NA,Porites porites,480,cm2,2.64,2.64e-4,TRUE,Plot C__3__interval_end__0-0__268,1
Plot C,all,Plot C,June,3,2026-06-06,interval_end,0-0__269,NA,NA,Porites porites,480,cm2,2.165,2.165e-4,TRUE,Plot C__3__interval_end__0-0__269,1
Plot C,all,Plot C,June,3,2026-06-06,interval_end,0-0__27,NA,NA,Montastraea cavernosa,480,cm2,3.755,3.7549999999999997e-4,TRUE,Plot C__3__interval_end__0-0__27,1
Plot C,all,Plot C,June,3,2026-06-06,interval_end,0-0__270,NA,NA,Porites porites,480,cm2,1.845,1.8449999999999999e-4,TRUE,Plot C__3__interval_end__0-0__270,1
Plot C,all,Plot C,June,3,2026-06-06,interval_end,0-0__271,NA,NA,Porites porites,480,cm2,6.695,6.695000000000001e-4,TRUE,Plot C__3__interval_end__0-0__271,1
Plot C,all,Plot C,June,3,2026-06-06,interval_end,0-0__272,NA,NA,Porites porites,480,cm2,9.145,9.145e-4,TRUE,Plot C__3__interval_end__0-0__272,1
Plot C,all,Plot C,June,3,2026-06-06,interval_end,0-0__273,NA,NA,Porites porites,480,cm2,2.6175,2.6175e-4,TRUE,Plot C__3__interval_end__0-0__273,1
Plot C,all,Plot C,June,3,2026-06-06,interval_end,0-0__274,NA,NA,Porites porites,480,cm2,9.235,9.235e-4,TRUE,Plot C__3__interval_end__0-0__274,1
Plot C,all,Plot C,June,3,2026-06-06,interval_end,0-0__275,NA,NA,Porites porites,480,cm2,8.9925,8.9925e-4,TRUE,Plot C__3__interval_end__0-0__275,1
Plot C,all,Plot C,June,3,2026-06-06,interval_end,0-0__276,NA,NA,Porites porites,480,cm2,2.4625,2.4625e-4,TRUE,Plot C__3__interval_end__0-0__276,1
Plot C,all,Plot C,June,3,2026-06-06,interval_end,0-0__277,NA,NA,Porites porites,480,cm2,3.8175,3.8175e-4,TRUE,Plot C__3__interval_end__0-0__277,1
Plot C,all,Plot C,June,3,2026-06-06,interval_end,0-0__278,NA,NA,Orbicella franksi,480,cm2,13.0775,0.00130775,TRUE,Plot C__3__interval_end__0-0__278,1
Plot C,all,Plot C,June,3,2026-06-06,interval_end,0-0__279,NA,NA,Orbicella franksi,480,cm2,5.7575,5.7575e-4,TRUE,Plot C__3__interval_end__0-0__279,1
Plot C,all,Plot C,June,3,2026-06-06,interval_end,0-0__28,NA,NA,Montastraea cavernosa,480,cm2,4.0975,4.0975e-4,TRUE,Plot C__3__interval_end__0-0__28,1
Plot C,all,Plot C,June,3,2026-06-06,interval_end,0-0__280,NA,NA,Orbicella franksi,480,cm2,3.59,3.59e-4,TRUE,Plot C__3__interval_end__0-0__280,1
Plot C,all,Plot C,June,3,2026-06-06,interval_end,0-0__281,NA,NA,Orbicella franksi,480,cm2,5.9875,5.9875e-4,TRUE,Plot C__3__interval_end__0-0__281,1
Plot C,all,Plot C,June,3,2026-06-06,interval_end,0-0__282,NA,NA,Orbicella franksi,480,cm2,3.76,3.76e-4,TRUE,Plot C__3__interval_end__0-0__282,1
Plot C,all,Plot C,June,3,2026-06-06,interval_end,0-0__283,NA,NA,Orbicella franksi,480,cm2,4.865,4.865e-4,TRUE,Plot C__3__interval_end__0-0__283,1
Plot C,all,Plot C,June,3,2026-06-06,interval_end,0-0__284,NA,NA,Orbicella franksi,480,cm2,4.0125,4.0125e-4,TRUE,Plot C__3__interval_end__0-0__284,1
Plot C,all,Plot C,June,3,2026-06-06,interval_end,0-0__285,NA,NA,Orbicella franksi,480,cm2,3.565,3.565e-4,TRUE,Plot C__3__interval_end__0-0__285,1
Plot C,all,Plot C,June,3,2026-06-06,interval_end,0-0__286,NA,NA,Orbicella franksi,480,cm2,2.4525,2.4525e-4,TRUE,Plot C__3__interval_end__0-0__286,1
Plot C,all,Plot C,June,3,2026-06-06,interval_end,0-0__287,NA,NA,Orbicella franksi,480,cm2,4.745,4.745e-4,TRUE,Plot C__3__interval_end__0-0__287,1
Plot C,all,Plot C,June,3,2026-06-06,interval_end,0-0__288,NA,NA,Orbicella franksi,480,cm2,2.985,2.985e-4,TRUE,Plot C__3__interval_end__0-0__288,1
Plot C,all,Plot C,June,3,2026-06-06,interval_end,0-0__289,NA,NA,Orbicella franksi,480,cm2,5.5975,5.5975e-4,TRUE,Plot C__3__interval_end__0-0__289,1
Plot C,all,Plot C,June,3,2026-06-06,interval_end,0-0__29,NA,NA,Montastraea cavernosa,480,cm2,3.7525,3.7525e-4,TRUE,Plot C__3__interval_end__0-0__29,1
Plot C,all,Plot C,June,3,2026-06-06,interval_end,0-0__290,NA,NA,Orbicella franksi,480,cm2,5.055,5.055e-4,TRUE,Plot C__3__interval_end__0-0__290,1
Plot C,all,Plot C,June,3,2026-06-06,interval_end,0-0__291,NA,NA,Orbicella franksi,480,cm2,3.5575,3.5575e-4,TRUE,Plot C__3__interval_end__0-0__291,1
Plot C,all,Plot C,June,3,2026-06-06,interval_end,0-0__292,NA,NA,Orbicella faveolata,480,cm2,38.8675,0.00388675,TRUE,Plot C__3__interval_end__0-0__292,1
Plot C,all,Plot C,June,3,2026-06-06,interval_end,0-0__293,NA,NA,Orbicella faveolata,480,cm2,37.7,0.0037700000000000003,TRUE,Plot C__3__interval_end__0-0__293,1
Plot C,all,Plot C,June,3,2026-06-06,interval_end,0-0__294,NA,NA,Orbicella faveolata,480,cm2,30.1025,0.00301025,TRUE,Plot C__3__interval_end__0-0__294,1
Plot C,all,Plot C,June,3,2026-06-06,interval_end,0-0__295,NA,NA,Orbicella faveolata,480,cm2,10.655,0.0010655,TRUE,Plot C__3__interval_end__0-0__295,1
Plot C,all,Plot C,June,3,2026-06-06,interval_end,0-0__296,NA,NA,Orbicella faveolata,480,cm2,10.3975,0.00103975,TRUE,Plot C__3__interval_end__0-0__296,1
Plot C,all,Plot C,June,3,2026-06-06,interval_end,0-0__297,NA,NA,Orbicella faveolata,480,cm2,16.175,0.0016175,TRUE,Plot C__3__interval_end__0-0__297,1
Plot C,all,Plot C,June,3,2026-06-06,interval_end,0-0__298,NA,NA,Orbicella faveolata,480,cm2,64.98,0.006498,TRUE,Plot C__3__interval_end__0-0__298,1
Plot C,all,Plot C,June,3,2026-06-06,interval_end,0-0__299,NA,NA,Orbicella faveolata,480,cm2,9.2975,9.297499999999999e-4,TRUE,Plot C__3__interval_end__0-0__299,1
Plot C,all,Plot C,June,3,2026-06-06,interval_end,0-0__3,NA,NA,Montastraea cavernosa,480,cm2,3.505,3.505e-4,TRUE,Plot C__3__interval_end__0-0__3,1
Plot C,all,Plot C,June,3,2026-06-06,interval_end,0-0__30,NA,NA,Montastraea cavernosa,480,cm2,4.5925,4.5925e-4,TRUE,Plot C__3__interval_end__0-0__30,1
Plot C,all,Plot C,June,3,2026-06-06,interval_end,0-0__300,NA,NA,Orbicella faveolata,480,cm2,8.5825,8.5825e-4,TRUE,Plot C__3__interval_end__0-0__300,1
Plot C,all,Plot C,June,3,2026-06-06,interval_end,0-0__302,NA,NA,Orbicella faveolata,480,cm2,8.83,8.83e-4,TRUE,Plot C__3__interval_end__0-0__302,1
Plot C,all,Plot C,June,3,2026-06-06,interval_end,0-0__31,NA,NA,Montastraea cavernosa,480,cm2,4.505,4.505e-4,TRUE,Plot C__3__interval_end__0-0__31,1
Plot C,all,Plot C,June,3,2026-06-06,interval_end,0-0__32,NA,NA,Montastraea cavernosa,480,cm2,5.03,5.03e-4,TRUE,Plot C__3__interval_end__0-0__32,1
Plot C,all,Plot C,June,3,2026-06-06,interval_end,0-0__33,NA,NA,Montastraea cavernosa,480,cm2,4.9925,4.9925e-4,TRUE,Plot C__3__interval_end__0-0__33,1
Plot C,all,Plot C,June,3,2026-06-06,interval_end,0-0__34,NA,NA,Montastraea cavernosa,480,cm2,5.155,5.155e-4,TRUE,Plot C__3__interval_end__0-0__34,1
Plot C,all,Plot C,June,3,2026-06-06,interval_end,0-0__35,NA,NA,Montastraea cavernosa,480,cm2,3.8575,3.8574999999999997e-4,TRUE,Plot C__3__interval_end__0-0__35,1
Plot C,all,Plot C,June,3,2026-06-06,interval_end,0-0__36,NA,NA,Montastraea cavernosa,480,cm2,3.965,3.965e-4,TRUE,Plot C__3__interval_end__0-0__36,1
Plot C,all,Plot C,June,3,2026-06-06,interval_end,0-0__37,NA,NA,Montastraea cavernosa,480,cm2,5.2375,5.2375e-4,TRUE,Plot C__3__interval_end__0-0__37,1
Plot C,all,Plot C,June,3,2026-06-06,interval_end,0-0__38,NA,NA,Montastraea cavernosa,480,cm2,3.89,3.89e-4,TRUE,Plot C__3__interval_end__0-0__38,1
Plot C,all,Plot C,June,3,2026-06-06,interval_end,0-0__39,NA,NA,Montastraea cavernosa,480,cm2,7.2275,7.2275e-4,TRUE,Plot C__3__interval_end__0-0__39,1
Plot C,all,Plot C,June,3,2026-06-06,interval_end,0-0__4,NA,NA,Montastraea cavernosa,480,cm2,5.02,5.02e-4,TRUE,Plot C__3__interval_end__0-0__4,1
Plot C,all,Plot C,June,3,2026-06-06,interval_end,0-0__40,NA,NA,Montastraea cavernosa,480,cm2,4.4375,4.4375e-4,TRUE,Plot C__3__interval_end__0-0__40,1
Plot C,all,Plot C,June,3,2026-06-06,interval_end,0-0__41,NA,NA,Montastraea cavernosa,480,cm2,3.525,3.525e-4,TRUE,Plot C__3__interval_end__0-0__41,1
Plot C,all,Plot C,June,3,2026-06-06,interval_end,0-0__42,NA,NA,Montastraea cavernosa,480,cm2,4.675,4.675e-4,TRUE,Plot C__3__interval_end__0-0__42,1
Plot C,all,Plot C,June,3,2026-06-06,interval_end,0-0__43,NA,NA,Montastraea cavernosa,480,cm2,5.155,5.155e-4,TRUE,Plot C__3__interval_end__0-0__43,1
Plot C,all,Plot C,June,3,2026-06-06,interval_end,0-0__44,NA,NA,Orbicella annularis,480,cm2,16.1225,0.00161225,TRUE,Plot C__3__interval_end__0-0__44,1
Plot C,all,Plot C,June,3,2026-06-06,interval_end,0-0__45,NA,NA,Montastraea cavernosa,480,cm2,3.8125,3.8125e-4,TRUE,Plot C__3__interval_end__0-0__45,1
Plot C,all,Plot C,June,3,2026-06-06,interval_end,0-0__46,NA,NA,Montastraea cavernosa,480,cm2,2.2075,2.2075e-4,TRUE,Plot C__3__interval_end__0-0__46,1
Plot C,all,Plot C,June,3,2026-06-06,interval_end,0-0__47,NA,NA,Montastraea cavernosa,480,cm2,3.92,3.92e-4,TRUE,Plot C__3__interval_end__0-0__47,1
Plot C,all,Plot C,June,3,2026-06-06,interval_end,0-0__48,NA,NA,Montastraea cavernosa,480,cm2,3.1325,3.1325e-4,TRUE,Plot C__3__interval_end__0-0__48,1
Plot C,all,Plot C,June,3,2026-06-06,interval_end,0-0__49,NA,NA,Montastraea cavernosa,480,cm2,2.045,2.0449999999999998e-4,TRUE,Plot C__3__interval_end__0-0__49,1
Plot C,all,Plot C,June,3,2026-06-06,interval_end,0-0__5,NA,NA,Montastraea cavernosa,480,cm2,3.3425,3.3424999999999997e-4,TRUE,Plot C__3__interval_end__0-0__5,1
Plot C,all,Plot C,June,3,2026-06-06,interval_end,0-0__50,NA,NA,Montastraea cavernosa,480,cm2,3.9525,3.9525000000000004e-4,TRUE,Plot C__3__interval_end__0-0__50,1
Plot C,all,Plot C,June,3,2026-06-06,interval_end,0-0__51,NA,NA,Montastraea cavernosa,480,cm2,4.02,4.0199999999999996e-4,TRUE,Plot C__3__interval_end__0-0__51,1
Plot C,all,Plot C,June,3,2026-06-06,interval_end,0-0__52,NA,NA,Montastraea cavernosa,480,cm2,2.97,2.97e-4,TRUE,Plot C__3__interval_end__0-0__52,1
Plot C,all,Plot C,June,3,2026-06-06,interval_end,0-0__53,NA,NA,Montastraea cavernosa,480,cm2,3.4925,3.4925e-4,TRUE,Plot C__3__interval_end__0-0__53,1
Plot C,all,Plot C,June,3,2026-06-06,interval_end,0-0__54,NA,NA,Montastraea cavernosa,480,cm2,3.135,3.135e-4,TRUE,Plot C__3__interval_end__0-0__54,1
Plot C,all,Plot C,June,3,2026-06-06,interval_end,0-0__55,NA,NA,Montastraea cavernosa,480,cm2,5.385,5.385e-4,TRUE,Plot C__3__interval_end__0-0__55,1
Plot C,all,Plot C,June,3,2026-06-06,interval_end,0-0__56,NA,NA,Montastraea cavernosa,480,cm2,3.33,3.33e-4,TRUE,Plot C__3__interval_end__0-0__56,1
Plot C,all,Plot C,June,3,2026-06-06,interval_end,0-0__57,NA,NA,Montastraea cavernosa,480,cm2,1.9525,1.9525e-4,TRUE,Plot C__3__interval_end__0-0__57,1
Plot C,all,Plot C,June,3,2026-06-06,interval_end,0-0__58,NA,NA,Orbicella annularis,480,cm2,18.8625,0.0018862500000000001,TRUE,Plot C__3__interval_end__0-0__58,1
Plot C,all,Plot C,June,3,2026-06-06,interval_end,0-0__59,NA,NA,Montastraea cavernosa,480,cm2,4.09,4.0899999999999997e-4,TRUE,Plot C__3__interval_end__0-0__59,1
Plot C,all,Plot C,June,3,2026-06-06,interval_end,0-0__6,NA,NA,Montastraea cavernosa,480,cm2,4.415,4.415e-4,TRUE,Plot C__3__interval_end__0-0__6,1
Plot C,all,Plot C,June,3,2026-06-06,interval_end,0-0__60,NA,NA,Montastraea cavernosa,480,cm2,4.2375,4.2375e-4,TRUE,Plot C__3__interval_end__0-0__60,1
Plot C,all,Plot C,June,3,2026-06-06,interval_end,0-0__61,NA,NA,Montastraea cavernosa,480,cm2,2.2725,2.2725e-4,TRUE,Plot C__3__interval_end__0-0__61,1
Plot C,all,Plot C,June,3,2026-06-06,interval_end,0-0__62,NA,NA,Montastraea cavernosa,480,cm2,3.96,3.96e-4,TRUE,Plot C__3__interval_end__0-0__62,1
Plot C,all,Plot C,June,3,2026-06-06,interval_end,0-0__63,NA,NA,Montastraea cavernosa,480,cm2,5.135,5.135e-4,TRUE,Plot C__3__interval_end__0-0__63,1
Plot C,all,Plot C,June,3,2026-06-06,interval_end,0-0__64,NA,NA,Montastraea cavernosa,480,cm2,4.4525,4.4524999999999995e-4,TRUE,Plot C__3__interval_end__0-0__64,1
Plot C,all,Plot C,June,3,2026-06-06,interval_end,0-0__65,NA,NA,Montastraea cavernosa,480,cm2,1.8825,1.8825e-4,TRUE,Plot C__3__interval_end__0-0__65,1
Plot C,all,Plot C,June,3,2026-06-06,interval_end,0-0__66,NA,NA,Porites porites,480,cm2,13.445,0.0013445,TRUE,Plot C__3__interval_end__0-0__66,1
Plot C,all,Plot C,June,3,2026-06-06,interval_end,0-0__67,NA,NA,Porites porites,480,cm2,7.135,7.134999999999999e-4,TRUE,Plot C__3__interval_end__0-0__67,1
Plot C,all,Plot C,June,3,2026-06-06,interval_end,0-0__68,NA,NA,Montastraea cavernosa,480,cm2,4.1425,4.1425e-4,TRUE,Plot C__3__interval_end__0-0__68,1
Plot C,all,Plot C,June,3,2026-06-06,interval_end,0-0__69,NA,NA,Montastraea cavernosa,480,cm2,3.8375,3.8375e-4,TRUE,Plot C__3__interval_end__0-0__69,1
Plot C,all,Plot C,June,3,2026-06-06,interval_end,0-0__7,NA,NA,Montastraea cavernosa,480,cm2,4.13,4.13e-4,TRUE,Plot C__3__interval_end__0-0__7,1
Plot C,all,Plot C,June,3,2026-06-06,interval_end,0-0__70,NA,NA,Montastraea cavernosa,480,cm2,4.4675,4.4675000000000004e-4,TRUE,Plot C__3__interval_end__0-0__70,1
Plot C,all,Plot C,June,3,2026-06-06,interval_end,0-0__71,NA,NA,Montastraea cavernosa,480,cm2,5.14,5.139999999999999e-4,TRUE,Plot C__3__interval_end__0-0__71,1
Plot C,all,Plot C,June,3,2026-06-06,interval_end,0-0__72,NA,NA,Montastraea cavernosa,480,cm2,4.77,4.7699999999999994e-4,TRUE,Plot C__3__interval_end__0-0__72,1
Plot C,all,Plot C,June,3,2026-06-06,interval_end,0-0__73,NA,NA,Montastraea cavernosa,480,cm2,6.08,6.08e-4,TRUE,Plot C__3__interval_end__0-0__73,1
Plot C,all,Plot C,June,3,2026-06-06,interval_end,0-0__74,NA,NA,Montastraea cavernosa,480,cm2,3.8975,3.8975e-4,TRUE,Plot C__3__interval_end__0-0__74,1
Plot C,all,Plot C,June,3,2026-06-06,interval_end,0-0__75,NA,NA,Montastraea cavernosa,480,cm2,4.4875,4.4875e-4,TRUE,Plot C__3__interval_end__0-0__75,1
Plot C,all,Plot C,June,3,2026-06-06,interval_end,0-0__76,NA,NA,Montastraea cavernosa,480,cm2,5.4975,5.4975e-4,TRUE,Plot C__3__interval_end__0-0__76,1
Plot C,all,Plot C,June,3,2026-06-06,interval_end,0-0__77,NA,NA,Montastraea cavernosa,480,cm2,4.475,4.475e-4,TRUE,Plot C__3__interval_end__0-0__77,1
Plot C,all,Plot C,June,3,2026-06-06,interval_end,0-0__78,NA,NA,Montastraea cavernosa,480,cm2,5.9275,5.927500000000001e-4,TRUE,Plot C__3__interval_end__0-0__78,1
Plot C,all,Plot C,June,3,2026-06-06,interval_end,0-0__79,NA,NA,Montastraea cavernosa,480,cm2,7.355,7.355e-4,TRUE,Plot C__3__interval_end__0-0__79,1
Plot C,all,Plot C,June,3,2026-06-06,interval_end,0-0__8,NA,NA,Montastraea cavernosa,480,cm2,3.5775,3.5775e-4,TRUE,Plot C__3__interval_end__0-0__8,1
Plot C,all,Plot C,June,3,2026-06-06,interval_end,0-0__80,NA,NA,Montastraea cavernosa,480,cm2,2.6125,2.6125e-4,TRUE,Plot C__3__interval_end__0-0__80,1
Plot C,all,Plot C,June,3,2026-06-06,interval_end,0-0__81,NA,NA,Montastraea cavernosa,480,cm2,5.3425,5.3425e-4,TRUE,Plot C__3__interval_end__0-0__81,1
Plot C,all,Plot C,June,3,2026-06-06,interval_end,0-0__82,NA,NA,Montastraea cavernosa,480,cm2,3.1725,3.1725e-4,TRUE,Plot C__3__interval_end__0-0__82,1
Plot C,all,Plot C,June,3,2026-06-06,interval_end,0-0__83,NA,NA,Montastraea cavernosa,480,cm2,6.065,6.065e-4,TRUE,Plot C__3__interval_end__0-0__83,1
Plot C,all,Plot C,June,3,2026-06-06,interval_end,0-0__84,NA,NA,Montastraea cavernosa,480,cm2,4.1675,4.1675e-4,TRUE,Plot C__3__interval_end__0-0__84,1
Plot C,all,Plot C,June,3,2026-06-06,interval_end,0-0__85,NA,NA,Montastraea cavernosa,480,cm2,5.975,5.974999999999999e-4,TRUE,Plot C__3__interval_end__0-0__85,1
Plot C,all,Plot C,June,3,2026-06-06,interval_end,0-0__86,NA,NA,Montastraea cavernosa,480,cm2,6.1425,6.1425e-4,TRUE,Plot C__3__interval_end__0-0__86,1
Plot C,all,Plot C,June,3,2026-06-06,interval_end,0-0__87,NA,NA,Montastraea cavernosa,480,cm2,4.545,4.545e-4,TRUE,Plot C__3__interval_end__0-0__87,1
Plot C,all,Plot C,June,3,2026-06-06,interval_end,0-0__88,NA,NA,Porites porites,480,cm2,6.585,6.585e-4,TRUE,Plot C__3__interval_end__0-0__88,1
Plot C,all,Plot C,June,3,2026-06-06,interval_end,0-0__89,NA,NA,Orbicella annularis,480,cm2,15.1375,0.00151375,TRUE,Plot C__3__interval_end__0-0__89,1
Plot C,all,Plot C,June,3,2026-06-06,interval_end,0-0__9,NA,NA,Montastraea cavernosa,480,cm2,1.1975,1.1975e-4,TRUE,Plot C__3__interval_end__0-0__9,1
Plot C,all,Plot C,June,3,2026-06-06,interval_end,0-0__90,NA,NA,Porites porites,480,cm2,2.315,2.315e-4,TRUE,Plot C__3__interval_end__0-0__90,1
Plot C,all,Plot C,June,3,2026-06-06,interval_end,0-0__91,NA,NA,Porites porites,480,cm2,1.035,1.035e-4,TRUE,Plot C__3__interval_end__0-0__91,1
Plot C,all,Plot C,June,3,2026-06-06,interval_end,0-0__92,NA,NA,Porites porites,480,cm2,6.1125,6.1125e-4,TRUE,Plot C__3__interval_end__0-0__92,1
Plot C,all,Plot C,June,3,2026-06-06,interval_end,0-0__93,NA,NA,Porites porites,480,cm2,5.995,5.995e-4,TRUE,Plot C__3__interval_end__0-0__93,1
Plot C,all,Plot C,June,3,2026-06-06,interval_end,0-0__94,NA,NA,Porites porites,480,cm2,4.045,4.0449999999999997e-4,TRUE,Plot C__3__interval_end__0-0__94,1
Plot C,all,Plot C,June,3,2026-06-06,interval_end,0-0__95,NA,NA,Porites porites,480,cm2,5.0025,5.0025e-4,TRUE,Plot C__3__interval_end__0-0__95,1
Plot C,all,Plot C,June,3,2026-06-06,interval_end,0-0__96,NA,NA,Porites porites,480,cm2,1.4425,1.4424999999999998e-4,TRUE,Plot C__3__interval_end__0-0__96,1
Plot C,all,Plot C,June,3,2026-06-06,interval_end,0-0__97,NA,NA,Porites porites,480,cm2,9.7025,9.702500000000001e-4,TRUE,Plot C__3__interval_end__0-0__97,1
Plot C,all,Plot C,June,3,2026-06-06,interval_end,0-0__98,NA,NA,Porites porites,480,cm2,0.85,8.499999999999999e-5,TRUE,Plot C__3__interval_end__0-0__98,1
Plot C,all,Plot C,June,3,2026-06-06,interval_end,0-0__99,NA,NA,Porites porites,480,cm2,4.0725,4.0725e-4,TRUE,Plot C__3__interval_end__0-0__99,1
Plot C,all,Plot C,June,3,2026-06-06,interval_end,1-0__0,NA,NA,Orbicella annularis,480,cm2,25.345,0.0025345,TRUE,Plot C__3__interval_end__1-0__0,1
Plot C,all,Plot C,June,3,2026-06-06,interval_end,1-0__1,NA,NA,Orbicella annularis,480,cm2,0.6625,6.625e-5,TRUE,Plot C__3__interval_end__1-0__1,1
Plot C,all,Plot C,June,3,2026-06-06,interval_end,1-0__10,NA,NA,Orbicella annularis,480,cm2,0.935,9.350000000000001e-5,TRUE,Plot C__3__interval_end__1-0__10,1
Plot C,all,Plot C,June,3,2026-06-06,interval_end,1-0__100,NA,NA,Orbicella franksi,480,cm2,4.7225,4.7225e-4,TRUE,Plot C__3__interval_end__1-0__100,1
Plot C,all,Plot C,June,3,2026-06-06,interval_end,1-0__101,NA,NA,Orbicella franksi,480,cm2,8.215,8.215e-4,TRUE,Plot C__3__interval_end__1-0__101,1
Plot C,all,Plot C,June,3,2026-06-06,interval_end,1-0__103,NA,NA,Orbicella franksi,480,cm2,7.0925,7.0925e-4,TRUE,Plot C__3__interval_end__1-0__103,1
Plot C,all,Plot C,June,3,2026-06-06,interval_end,1-0__104,NA,NA,Montastraea cavernosa,480,cm2,5.2425,5.2425e-4,TRUE,Plot C__3__interval_end__1-0__104,1
Plot C,all,Plot C,June,3,2026-06-06,interval_end,1-0__105,NA,NA,Orbicella franksi,480,cm2,4.33,4.33e-4,TRUE,Plot C__3__interval_end__1-0__105,1
Plot C,all,Plot C,June,3,2026-06-06,interval_end,1-0__106,NA,NA,Orbicella franksi,480,cm2,3.33,3.33e-4,TRUE,Plot C__3__interval_end__1-0__106,1
Plot C,all,Plot C,June,3,2026-06-06,interval_end,1-0__107,NA,NA,Montastraea cavernosa,480,cm2,6.9825,6.9825e-4,TRUE,Plot C__3__interval_end__1-0__107,1
Plot C,all,Plot C,June,3,2026-06-06,interval_end,1-0__108,NA,NA,Montastraea cavernosa,480,cm2,1.66,1.66e-4,TRUE,Plot C__3__interval_end__1-0__108,1
Plot C,all,Plot C,June,3,2026-06-06,interval_end,1-0__109,NA,NA,Montastraea cavernosa,480,cm2,2.7675,2.7675000000000003e-4,TRUE,Plot C__3__interval_end__1-0__109,1
Plot C,all,Plot C,June,3,2026-06-06,interval_end,1-0__11,NA,NA,Orbicella annularis,480,cm2,0.865,8.65e-5,TRUE,Plot C__3__interval_end__1-0__11,1
Plot C,all,Plot C,June,3,2026-06-06,interval_end,1-0__110,NA,NA,Orbicella franksi,480,cm2,2.02,2.02e-4,TRUE,Plot C__3__interval_end__1-0__110,1
Plot C,all,Plot C,June,3,2026-06-06,interval_end,1-0__111,NA,NA,Montastraea cavernosa,480,cm2,2.87,2.8700000000000004e-4,TRUE,Plot C__3__interval_end__1-0__111,1
Plot C,all,Plot C,June,3,2026-06-06,interval_end,1-0__112,NA,NA,Montastraea cavernosa,480,cm2,3.135,3.135e-4,TRUE,Plot C__3__interval_end__1-0__112,1
Plot C,all,Plot C,June,3,2026-06-06,interval_end,1-0__113,NA,NA,Orbicella franksi,480,cm2,3.265,3.265e-4,TRUE,Plot C__3__interval_end__1-0__113,1
Plot C,all,Plot C,June,3,2026-06-06,interval_end,1-0__114,NA,NA,Montastraea cavernosa,480,cm2,4.17,4.17e-4,TRUE,Plot C__3__interval_end__1-0__114,1
Plot C,all,Plot C,June,3,2026-06-06,interval_end,1-0__115,NA,NA,Montastraea cavernosa,480,cm2,5.18,5.18e-4,TRUE,Plot C__3__interval_end__1-0__115,1
Plot C,all,Plot C,June,3,2026-06-06,interval_end,1-0__116,NA,NA,Montastraea cavernosa,480,cm2,2.9,2.9e-4,TRUE,Plot C__3__interval_end__1-0__116,1
Plot C,all,Plot C,June,3,2026-06-06,interval_end,1-0__117,NA,NA,Montastraea cavernosa,480,cm2,3.0425,3.0425e-4,TRUE,Plot C__3__interval_end__1-0__117,1
Plot C,all,Plot C,June,3,2026-06-06,interval_end,1-0__118,NA,NA,Montastraea cavernosa,480,cm2,6.91,6.91e-4,TRUE,Plot C__3__interval_end__1-0__118,1
Plot C,all,Plot C,June,3,2026-06-06,interval_end,1-0__119,NA,NA,Montastraea cavernosa,480,cm2,1.9325,1.9325e-4,TRUE,Plot C__3__interval_end__1-0__119,1
Plot C,all,Plot C,June,3,2026-06-06,interval_end,1-0__12,NA,NA,Orbicella annularis,480,cm2,0.9875,9.875e-5,TRUE,Plot C__3__interval_end__1-0__12,1
Plot C,all,Plot C,June,3,2026-06-06,interval_end,1-0__120,NA,NA,Orbicella franksi,480,cm2,2.305,2.3050000000000002e-4,TRUE,Plot C__3__interval_end__1-0__120,1
Plot C,all,Plot C,June,3,2026-06-06,interval_end,1-0__121,NA,NA,Orbicella franksi,480,cm2,3.57,3.57e-4,TRUE,Plot C__3__interval_end__1-0__121,1
Plot C,all,Plot C,June,3,2026-06-06,interval_end,1-0__122,NA,NA,Montastraea cavernosa,480,cm2,5.25,5.25e-4,TRUE,Plot C__3__interval_end__1-0__122,1
Plot C,all,Plot C,June,3,2026-06-06,interval_end,1-0__123,NA,NA,Montastraea cavernosa,480,cm2,4.5125,4.5125e-4,TRUE,Plot C__3__interval_end__1-0__123,1
Plot C,all,Plot C,June,3,2026-06-06,interval_end,1-0__124,NA,NA,Montastraea cavernosa,480,cm2,1.31,1.31e-4,TRUE,Plot C__3__interval_end__1-0__124,1
Plot C,all,Plot C,June,3,2026-06-06,interval_end,1-0__125,NA,NA,Montastraea cavernosa,480,cm2,5.15,5.15e-4,TRUE,Plot C__3__interval_end__1-0__125,1
Plot C,all,Plot C,June,3,2026-06-06,interval_end,1-0__126,NA,NA,Montastraea cavernosa,480,cm2,5.055,5.055e-4,TRUE,Plot C__3__interval_end__1-0__126,1
Plot C,all,Plot C,June,3,2026-06-06,interval_end,1-0__127,NA,NA,Orbicella franksi,480,cm2,3.34,3.34e-4,TRUE,Plot C__3__interval_end__1-0__127,1
Plot C,all,Plot C,June,3,2026-06-06,interval_end,1-0__128,NA,NA,Montastraea cavernosa,480,cm2,0.7325,7.325e-5,TRUE,Plot C__3__interval_end__1-0__128,1
Plot C,all,Plot C,June,3,2026-06-06,interval_end,1-0__129,NA,NA,Montastraea cavernosa,480,cm2,5.92,5.92e-4,TRUE,Plot C__3__interval_end__1-0__129,1
Plot C,all,Plot C,June,3,2026-06-06,interval_end,1-0__13,NA,NA,Orbicella annularis,480,cm2,1.6125,1.6125000000000002e-4,TRUE,Plot C__3__interval_end__1-0__13,1
Plot C,all,Plot C,June,3,2026-06-06,interval_end,1-0__130,NA,NA,Montastraea cavernosa,480,cm2,8.975,8.975e-4,TRUE,Plot C__3__interval_end__1-0__130,1
Plot C,all,Plot C,June,3,2026-06-06,interval_end,1-0__131,NA,NA,Montastraea cavernosa,480,cm2,3.5375,3.5375e-4,TRUE,Plot C__3__interval_end__1-0__131,1
Plot C,all,Plot C,June,3,2026-06-06,interval_end,1-0__132,NA,NA,Montastraea cavernosa,480,cm2,3.2475,3.2475e-4,TRUE,Plot C__3__interval_end__1-0__132,1
Plot C,all,Plot C,June,3,2026-06-06,interval_end,1-0__133,NA,NA,Montastraea cavernosa,480,cm2,10.3175,0.0010317500000000001,TRUE,Plot C__3__interval_end__1-0__133,1
Plot C,all,Plot C,June,3,2026-06-06,interval_end,1-0__134,NA,NA,Montastraea cavernosa,480,cm2,5.7375,5.737499999999999e-4,TRUE,Plot C__3__interval_end__1-0__134,1
Plot C,all,Plot C,June,3,2026-06-06,interval_end,1-0__135,NA,NA,Montastraea cavernosa,480,cm2,3.385,3.385e-4,TRUE,Plot C__3__interval_end__1-0__135,1
Plot C,all,Plot C,June,3,2026-06-06,interval_end,1-0__136,NA,NA,Orbicella franksi,480,cm2,2.44,2.44e-4,TRUE,Plot C__3__interval_end__1-0__136,1
Plot C,all,Plot C,June,3,2026-06-06,interval_end,1-0__137,NA,NA,Montastraea cavernosa,480,cm2,6.555,6.554999999999999e-4,TRUE,Plot C__3__interval_end__1-0__137,1
Plot C,all,Plot C,June,3,2026-06-06,interval_end,1-0__138,NA,NA,Montastraea cavernosa,480,cm2,1.325,1.325e-4,TRUE,Plot C__3__interval_end__1-0__138,1
Plot C,all,Plot C,June,3,2026-06-06,interval_end,1-0__139,NA,NA,Montastraea cavernosa,480,cm2,3,3e-4,TRUE,Plot C__3__interval_end__1-0__139,1
Plot C,all,Plot C,June,3,2026-06-06,interval_end,1-0__14,NA,NA,Orbicella annularis,480,cm2,1.39,1.39e-4,TRUE,Plot C__3__interval_end__1-0__14,1
Plot C,all,Plot C,June,3,2026-06-06,interval_end,1-0__140,NA,NA,Orbicella franksi,480,cm2,0,0,FALSE,Plot C__3__interval_end__1-0__140,1
Plot C,all,Plot C,June,3,2026-06-06,interval_end,1-0__141,NA,NA,Montastraea cavernosa,480,cm2,2.6825,2.6825e-4,TRUE,Plot C__3__interval_end__1-0__141,1
Plot C,all,Plot C,June,3,2026-06-06,interval_end,1-0__142,NA,NA,Montastraea cavernosa,480,cm2,5.8575,5.8575e-4,TRUE,Plot C__3__interval_end__1-0__142,1
Plot C,all,Plot C,June,3,2026-06-06,interval_end,1-0__143,NA,NA,Montastraea cavernosa,480,cm2,5.635,5.635e-4,TRUE,Plot C__3__interval_end__1-0__143,1
Plot C,all,Plot C,June,3,2026-06-06,interval_end,1-0__144,NA,NA,Orbicella franksi,480,cm2,4.14,4.14e-4,TRUE,Plot C__3__interval_end__1-0__144,1
Plot C,all,Plot C,June,3,2026-06-06,interval_end,1-0__145,NA,NA,Montastraea cavernosa,480,cm2,5.9925,5.9925e-4,TRUE,Plot C__3__interval_end__1-0__145,1
Plot C,all,Plot C,June,3,2026-06-06,interval_end,1-0__146,NA,NA,Montastraea cavernosa,480,cm2,5.2425,5.2425e-4,TRUE,Plot C__3__interval_end__1-0__146,1
Plot C,all,Plot C,June,3,2026-06-06,interval_end,1-0__147,NA,NA,Montastraea cavernosa,480,cm2,5.0375,5.0375e-4,TRUE,Plot C__3__interval_end__1-0__147,1
Plot C,all,Plot C,June,3,2026-06-06,interval_end,1-0__148,NA,NA,Montastraea cavernosa,480,cm2,2.5775,2.5775e-4,TRUE,Plot C__3__interval_end__1-0__148,1
Plot C,all,Plot C,June,3,2026-06-06,interval_end,1-0__149,NA,NA,Montastraea cavernosa,480,cm2,6.8475,6.8475e-4,TRUE,Plot C__3__interval_end__1-0__149,1
Plot C,all,Plot C,June,3,2026-06-06,interval_end,1-0__15,NA,NA,Orbicella annularis,480,cm2,0.7175,7.175000000000001e-5,TRUE,Plot C__3__interval_end__1-0__15,1
Plot C,all,Plot C,June,3,2026-06-06,interval_end,1-0__150,NA,NA,Orbicella annularis,480,cm2,25.0675,0.00250675,TRUE,Plot C__3__interval_end__1-0__150,1
Plot C,all,Plot C,June,3,2026-06-06,interval_end,1-0__151,NA,NA,Montastraea cavernosa,480,cm2,5.675,5.675e-4,TRUE,Plot C__3__interval_end__1-0__151,1
Plot C,all,Plot C,June,3,2026-06-06,interval_end,1-0__152,NA,NA,Montastraea cavernosa,480,cm2,1.4025,1.4025000000000002e-4,TRUE,Plot C__3__interval_end__1-0__152,1
Plot C,all,Plot C,June,3,2026-06-06,interval_end,1-0__153,NA,NA,Orbicella franksi,480,cm2,3.9825,3.9825e-4,TRUE,Plot C__3__interval_end__1-0__153,1
Plot C,all,Plot C,June,3,2026-06-06,interval_end,1-0__154,NA,NA,Montastraea cavernosa,480,cm2,2.525,2.525e-4,TRUE,Plot C__3__interval_end__1-0__154,1
Plot C,all,Plot C,June,3,2026-06-06,interval_end,1-0__155,NA,NA,Orbicella franksi,480,cm2,5.5575,5.5575e-4,TRUE,Plot C__3__interval_end__1-0__155,1
Plot C,all,Plot C,June,3,2026-06-06,interval_end,1-0__156,NA,NA,Montastraea cavernosa,480,cm2,1.3275,1.3275e-4,TRUE,Plot C__3__interval_end__1-0__156,1
Plot C,all,Plot C,June,3,2026-06-06,interval_end,1-0__157,NA,NA,Montastraea cavernosa,480,cm2,5.28,5.28e-4,TRUE,Plot C__3__interval_end__1-0__157,1
Plot C,all,Plot C,June,3,2026-06-06,interval_end,1-0__158,NA,NA,Montastraea cavernosa,480,cm2,6.805,6.805e-4,TRUE,Plot C__3__interval_end__1-0__158,1
Plot C,all,Plot C,June,3,2026-06-06,interval_end,1-0__159,NA,NA,Montastraea cavernosa,480,cm2,3.1425,3.1425e-4,TRUE,Plot C__3__interval_end__1-0__159,1
Plot C,all,Plot C,June,3,2026-06-06,interval_end,1-0__16,NA,NA,Orbicella annularis,480,cm2,1.4925,1.4925e-4,TRUE,Plot C__3__interval_end__1-0__16,1
Plot C,all,Plot C,June,3,2026-06-06,interval_end,1-0__160,NA,NA,Montastraea cavernosa,480,cm2,5.89,5.89e-4,TRUE,Plot C__3__interval_end__1-0__160,1
Plot C,all,Plot C,June,3,2026-06-06,interval_end,1-0__161,NA,NA,Montastraea cavernosa,480,cm2,3.8925,3.8925e-4,TRUE,Plot C__3__interval_end__1-0__161,1
Plot C,all,Plot C,June,3,2026-06-06,interval_end,1-0__162,NA,NA,Montastraea cavernosa,480,cm2,3.95,3.95e-4,TRUE,Plot C__3__interval_end__1-0__162,1
Plot C,all,Plot C,June,3,2026-06-06,interval_end,1-0__163,NA,NA,Montastraea cavernosa,480,cm2,6.045,6.045e-4,TRUE,Plot C__3__interval_end__1-0__163,1
Plot C,all,Plot C,June,3,2026-06-06,interval_end,1-0__164,NA,NA,Montastraea cavernosa,480,cm2,4.6975,4.6974999999999995e-4,TRUE,Plot C__3__interval_end__1-0__164,1
Plot C,all,Plot C,June,3,2026-06-06,interval_end,1-0__165,NA,NA,Montastraea cavernosa,480,cm2,4.745,4.745e-4,TRUE,Plot C__3__interval_end__1-0__165,1
Plot C,all,Plot C,June,3,2026-06-06,interval_end,1-0__167,NA,NA,Orbicella franksi,480,cm2,6.6225,6.6225e-4,TRUE,Plot C__3__interval_end__1-0__167,1
Plot C,all,Plot C,June,3,2026-06-06,interval_end,1-0__168,NA,NA,Orbicella franksi,480,cm2,1.845,1.8449999999999999e-4,TRUE,Plot C__3__interval_end__1-0__168,1
Plot C,all,Plot C,June,3,2026-06-06,interval_end,1-0__169,NA,NA,Orbicella franksi,480,cm2,4.85,4.8499999999999997e-4,TRUE,Plot C__3__interval_end__1-0__169,1
Plot C,all,Plot C,June,3,2026-06-06,interval_end,1-0__17,NA,NA,Orbicella annularis,480,cm2,0.53,5.3e-5,TRUE,Plot C__3__interval_end__1-0__17,1
Plot C,all,Plot C,June,3,2026-06-06,interval_end,1-0__170,NA,NA,Orbicella franksi,480,cm2,4.9825,4.9825e-4,TRUE,Plot C__3__interval_end__1-0__170,1
Plot C,all,Plot C,June,3,2026-06-06,interval_end,1-0__171,NA,NA,Orbicella franksi,480,cm2,3.1375,3.1375e-4,TRUE,Plot C__3__interval_end__1-0__171,1
Plot C,all,Plot C,June,3,2026-06-06,interval_end,1-0__172,NA,NA,Orbicella franksi,480,cm2,6.5075,6.507500000000001e-4,TRUE,Plot C__3__interval_end__1-0__172,1
Plot C,all,Plot C,June,3,2026-06-06,interval_end,1-0__173,NA,NA,Orbicella franksi,480,cm2,9.26,9.26e-4,TRUE,Plot C__3__interval_end__1-0__173,1
Plot C,all,Plot C,June,3,2026-06-06,interval_end,1-0__174,NA,NA,Orbicella franksi,480,cm2,3.125,3.125e-4,TRUE,Plot C__3__interval_end__1-0__174,1
Plot C,all,Plot C,June,3,2026-06-06,interval_end,1-0__175,NA,NA,Orbicella franksi,480,cm2,4.72,4.72e-4,TRUE,Plot C__3__interval_end__1-0__175,1
Plot C,all,Plot C,June,3,2026-06-06,interval_end,1-0__176,NA,NA,Orbicella franksi,480,cm2,8.8825,8.8825e-4,TRUE,Plot C__3__interval_end__1-0__176,1
Plot C,all,Plot C,June,3,2026-06-06,interval_end,1-0__177,NA,NA,Orbicella franksi,480,cm2,3.405,3.405e-4,TRUE,Plot C__3__interval_end__1-0__177,1
Plot C,all,Plot C,June,3,2026-06-06,interval_end,1-0__178,NA,NA,Orbicella franksi,480,cm2,6.6775,6.6775e-4,TRUE,Plot C__3__interval_end__1-0__178,1
Plot C,all,Plot C,June,3,2026-06-06,interval_end,1-0__179,NA,NA,Orbicella franksi,480,cm2,2.6375,2.6375000000000004e-4,TRUE,Plot C__3__interval_end__1-0__179,1
Plot C,all,Plot C,June,3,2026-06-06,interval_end,1-0__18,NA,NA,Orbicella annularis,480,cm2,0.9525,9.525e-5,TRUE,Plot C__3__interval_end__1-0__18,1
Plot C,all,Plot C,June,3,2026-06-06,interval_end,1-0__180,NA,NA,Orbicella franksi,480,cm2,2.575,2.575e-4,TRUE,Plot C__3__interval_end__1-0__180,1
Plot C,all,Plot C,June,3,2026-06-06,interval_end,1-0__181,NA,NA,Orbicella franksi,480,cm2,4.69,4.69e-4,TRUE,Plot C__3__interval_end__1-0__181,1
Plot C,all,Plot C,June,3,2026-06-06,interval_end,1-0__182,NA,NA,Orbicella annularis,480,cm2,31.09,0.003109,TRUE,Plot C__3__interval_end__1-0__182,1
Plot C,all,Plot C,June,3,2026-06-06,interval_end,1-0__183,NA,NA,Porites porites,480,cm2,3.8075,3.8075e-4,TRUE,Plot C__3__interval_end__1-0__183,1
Plot C,all,Plot C,June,3,2026-06-06,interval_end,1-0__184,NA,NA,Porites porites,480,cm2,6.7725,6.7725e-4,TRUE,Plot C__3__interval_end__1-0__184,1
Plot C,all,Plot C,June,3,2026-06-06,interval_end,1-0__185,NA,NA,Orbicella franksi,480,cm2,18.0425,0.00180425,TRUE,Plot C__3__interval_end__1-0__185,1
Plot C,all,Plot C,June,3,2026-06-06,interval_end,1-0__186,NA,NA,Orbicella annularis,480,cm2,19.065,0.0019065000000000002,TRUE,Plot C__3__interval_end__1-0__186,1
Plot C,all,Plot C,June,3,2026-06-06,interval_end,1-0__187,NA,NA,Orbicella franksi,480,cm2,4.4525,4.4524999999999995e-4,TRUE,Plot C__3__interval_end__1-0__187,1
Plot C,all,Plot C,June,3,2026-06-06,interval_end,1-0__188,NA,NA,Orbicella franksi,480,cm2,2.345,2.345e-4,TRUE,Plot C__3__interval_end__1-0__188,1
Plot C,all,Plot C,June,3,2026-06-06,interval_end,1-0__189,NA,NA,Orbicella franksi,480,cm2,7.03,7.030000000000001e-4,TRUE,Plot C__3__interval_end__1-0__189,1
Plot C,all,Plot C,June,3,2026-06-06,interval_end,1-0__19,NA,NA,Orbicella annularis,480,cm2,0.6075,6.0750000000000006e-5,TRUE,Plot C__3__interval_end__1-0__19,1
Plot C,all,Plot C,June,3,2026-06-06,interval_end,1-0__190,NA,NA,Orbicella franksi,480,cm2,6.1725,6.172500000000001e-4,TRUE,Plot C__3__interval_end__1-0__190,1
Plot C,all,Plot C,June,3,2026-06-06,interval_end,1-0__191,NA,NA,Orbicella franksi,480,cm2,1.6175,1.6175e-4,TRUE,Plot C__3__interval_end__1-0__191,1
Plot C,all,Plot C,June,3,2026-06-06,interval_end,1-0__192,NA,NA,Orbicella franksi,480,cm2,3.6125,3.6124999999999997e-4,TRUE,Plot C__3__interval_end__1-0__192,1
Plot C,all,Plot C,June,3,2026-06-06,interval_end,1-0__193,NA,NA,Orbicella franksi,480,cm2,5.5775,5.5775e-4,TRUE,Plot C__3__interval_end__1-0__193,1
Plot C,all,Plot C,June,3,2026-06-06,interval_end,1-0__194,NA,NA,Orbicella franksi,480,cm2,7.655,7.655e-4,TRUE,Plot C__3__interval_end__1-0__194,1
Plot C,all,Plot C,June,3,2026-06-06,interval_end,1-0__195,NA,NA,Porites porites,480,cm2,8.27,8.269999999999999e-4,TRUE,Plot C__3__interval_end__1-0__195,1
Plot C,all,Plot C,June,3,2026-06-06,interval_end,1-0__196,NA,NA,Orbicella franksi,480,cm2,2.8475,2.8475e-4,TRUE,Plot C__3__interval_end__1-0__196,1
Plot C,all,Plot C,June,3,2026-06-06,interval_end,1-0__197,NA,NA,Porites porites,480,cm2,6.19,6.190000000000001e-4,TRUE,Plot C__3__interval_end__1-0__197,1
Plot C,all,Plot C,June,3,2026-06-06,interval_end,1-0__198,NA,NA,Orbicella franksi,480,cm2,3.8175,3.8175e-4,TRUE,Plot C__3__interval_end__1-0__198,1
Plot C,all,Plot C,June,3,2026-06-06,interval_end,1-0__199,NA,NA,Orbicella franksi,480,cm2,5.64,5.639999999999999e-4,TRUE,Plot C__3__interval_end__1-0__199,1
Plot C,all,Plot C,June,3,2026-06-06,interval_end,1-0__2,NA,NA,Orbicella annularis,480,cm2,0.4775,4.7749999999999995e-5,TRUE,Plot C__3__interval_end__1-0__2,1
Plot C,all,Plot C,June,3,2026-06-06,interval_end,1-0__20,NA,NA,Orbicella annularis,480,cm2,1.165,1.165e-4,TRUE,Plot C__3__interval_end__1-0__20,1
Plot C,all,Plot C,June,3,2026-06-06,interval_end,1-0__200,NA,NA,Orbicella franksi,480,cm2,4.0225,4.0225e-4,TRUE,Plot C__3__interval_end__1-0__200,1
Plot C,all,Plot C,June,3,2026-06-06,interval_end,1-0__201,NA,NA,Orbicella franksi,480,cm2,6.4075,6.407499999999999e-4,TRUE,Plot C__3__interval_end__1-0__201,1
Plot C,all,Plot C,June,3,2026-06-06,interval_end,1-0__203,NA,NA,Porites porites,480,cm2,8.28,8.28e-4,TRUE,Plot C__3__interval_end__1-0__203,1
Plot C,all,Plot C,June,3,2026-06-06,interval_end,1-0__204,NA,NA,Porites porites,480,cm2,5.575,5.575e-4,TRUE,Plot C__3__interval_end__1-0__204,1
Plot C,all,Plot C,June,3,2026-06-06,interval_end,1-0__205,NA,NA,Porites porites,480,cm2,5.325,5.325e-4,TRUE,Plot C__3__interval_end__1-0__205,1
Plot C,all,Plot C,June,3,2026-06-06,interval_end,1-0__206,NA,NA,Orbicella franksi,480,cm2,7.4575,7.4575e-4,TRUE,Plot C__3__interval_end__1-0__206,1
Plot C,all,Plot C,June,3,2026-06-06,interval_end,1-0__207,NA,NA,Porites porites,480,cm2,7.0975,7.0975e-4,TRUE,Plot C__3__interval_end__1-0__207,1
Plot C,all,Plot C,June,3,2026-06-06,interval_end,1-0__208,NA,NA,Orbicella franksi,480,cm2,7.1925,0.00071924999999999995,TRUE,Plot C__3__interval_end__1-0__208,1
Plot C,all,Plot C,June,3,2026-06-06,interval_end,1-0__209,NA,NA,Orbicella franksi,480,cm2,5.68,5.679999999999999e-4,TRUE,Plot C__3__interval_end__1-0__209,1
Plot C,all,Plot C,June,3,2026-06-06,interval_end,1-0__21,NA,NA,Orbicella annularis,480,cm2,0.5975,5.975e-5,TRUE,Plot C__3__interval_end__1-0__21,1
Plot C,all,Plot C,June,3,2026-06-06,interval_end,1-0__210,NA,NA,Orbicella franksi,480,cm2,5.1825,5.1825e-4,TRUE,Plot C__3__interval_end__1-0__210,1
Plot C,all,Plot C,June,3,2026-06-06,interval_end,1-0__211,NA,NA,Porites porites,480,cm2,7.7725,7.7725e-4,TRUE,Plot C__3__interval_end__1-0__211,1
Plot C,all,Plot C,June,3,2026-06-06,interval_end,1-0__212,NA,NA,Orbicella franksi,480,cm2,6.225,6.225e-4,TRUE,Plot C__3__interval_end__1-0__212,1
Plot C,all,Plot C,June,3,2026-06-06,interval_end,1-0__213,NA,NA,Porites porites,480,cm2,7.565,7.565e-4,TRUE,Plot C__3__interval_end__1-0__213,1
Plot C,all,Plot C,June,3,2026-06-06,interval_end,1-0__214,NA,NA,Porites porites,480,cm2,5.1025,5.1025e-4,TRUE,Plot C__3__interval_end__1-0__214,1
Plot C,all,Plot C,June,3,2026-06-06,interval_end,1-0__215,NA,NA,Porites porites,480,cm2,6.655,6.655000000000001e-4,TRUE,Plot C__3__interval_end__1-0__215,1
Plot C,all,Plot C,June,3,2026-06-06,interval_end,1-0__216,NA,NA,Porites porites,480,cm2,6.2325,6.2325e-4,TRUE,Plot C__3__interval_end__1-0__216,1
Plot C,all,Plot C,June,3,2026-06-06,interval_end,1-0__217,NA,NA,Porites porites,480,cm2,8.43,8.43e-4,TRUE,Plot C__3__interval_end__1-0__217,1
Plot C,all,Plot C,June,3,2026-06-06,interval_end,1-0__218,NA,NA,Orbicella franksi,480,cm2,5.6375,5.6375e-4,TRUE,Plot C__3__interval_end__1-0__218,1
Plot C,all,Plot C,June,3,2026-06-06,interval_end,1-0__219,NA,NA,Orbicella franksi,480,cm2,7.2575,7.2575e-4,TRUE,Plot C__3__interval_end__1-0__219,1
Plot C,all,Plot C,June,3,2026-06-06,interval_end,1-0__22,NA,NA,Orbicella annularis,480,cm2,0.5475,5.4749999999999996e-5,TRUE,Plot C__3__interval_end__1-0__22,1
Plot C,all,Plot C,June,3,2026-06-06,interval_end,1-0__220,NA,NA,Porites porites,480,cm2,7.075,7.075e-4,TRUE,Plot C__3__interval_end__1-0__220,1
Plot C,all,Plot C,June,3,2026-06-06,interval_end,1-0__221,NA,NA,Porites porites,480,cm2,9.1625,9.1625e-4,TRUE,Plot C__3__interval_end__1-0__221,1
Plot C,all,Plot C,June,3,2026-06-06,interval_end,1-0__222,NA,NA,Porites porites,480,cm2,6.8925,6.8925e-4,TRUE,Plot C__3__interval_end__1-0__222,1
Plot C,all,Plot C,June,3,2026-06-06,interval_end,1-0__223,NA,NA,Orbicella franksi,480,cm2,7.455,7.455e-4,TRUE,Plot C__3__interval_end__1-0__223,1
Plot C,all,Plot C,June,3,2026-06-06,interval_end,1-0__224,NA,NA,Porites porites,480,cm2,1.97,1.97e-4,TRUE,Plot C__3__interval_end__1-0__224,1
Plot C,all,Plot C,June,3,2026-06-06,interval_end,1-0__225,NA,NA,Porites porites,480,cm2,5.54,5.54e-4,TRUE,Plot C__3__interval_end__1-0__225,1
Plot C,all,Plot C,June,3,2026-06-06,interval_end,1-0__226,NA,NA,Porites porites,480,cm2,7.5325,7.5325e-4,TRUE,Plot C__3__interval_end__1-0__226,1
Plot C,all,Plot C,June,3,2026-06-06,interval_end,1-0__227,NA,NA,Porites porites,480,cm2,6.4175,6.417500000000001e-4,TRUE,Plot C__3__interval_end__1-0__227,1
Plot C,all,Plot C,June,3,2026-06-06,interval_end,1-0__228,NA,NA,Porites porites,480,cm2,6.64,6.64e-4,TRUE,Plot C__3__interval_end__1-0__228,1
Plot C,all,Plot C,June,3,2026-06-06,interval_end,1-0__229,NA,NA,Porites porites,480,cm2,4.8575,4.8575e-4,TRUE,Plot C__3__interval_end__1-0__229,1
Plot C,all,Plot C,June,3,2026-06-06,interval_end,1-0__23,NA,NA,Orbicella annularis,480,cm2,0.7025,7.025e-5,TRUE,Plot C__3__interval_end__1-0__23,1
Plot C,all,Plot C,June,3,2026-06-06,interval_end,1-0__230,NA,NA,Porites porites,480,cm2,7.2725,7.2725e-4,TRUE,Plot C__3__interval_end__1-0__230,1
Plot C,all,Plot C,June,3,2026-06-06,interval_end,1-0__231,NA,NA,Porites porites,480,cm2,3.905,3.905e-4,TRUE,Plot C__3__interval_end__1-0__231,1
Plot C,all,Plot C,June,3,2026-06-06,interval_end,1-0__232,NA,NA,Porites porites,480,cm2,6.7625,6.7625e-4,TRUE,Plot C__3__interval_end__1-0__232,1
Plot C,all,Plot C,June,3,2026-06-06,interval_end,1-0__233,NA,NA,Porites porites,480,cm2,5.0475,5.0475e-4,TRUE,Plot C__3__interval_end__1-0__233,1
Plot C,all,Plot C,June,3,2026-06-06,interval_end,1-0__235,NA,NA,Orbicella franksi,480,cm2,32.905,0.0032905,TRUE,Plot C__3__interval_end__1-0__235,1
Plot C,all,Plot C,June,3,2026-06-06,interval_end,1-0__236,NA,NA,Porites porites,480,cm2,28.45,0.002845,TRUE,Plot C__3__interval_end__1-0__236,1
Plot C,all,Plot C,June,3,2026-06-06,interval_end,1-0__237,NA,NA,Porites porites,480,cm2,0,0,FALSE,Plot C__3__interval_end__1-0__237,1
Plot C,all,Plot C,June,3,2026-06-06,interval_end,1-0__238,NA,NA,Orbicella franksi,480,cm2,22.26,0.002226,TRUE,Plot C__3__interval_end__1-0__238,1
Plot C,all,Plot C,June,3,2026-06-06,interval_end,1-0__24,NA,NA,Orbicella annularis,480,cm2,0.975,9.75e-5,TRUE,Plot C__3__interval_end__1-0__24,1
Plot C,all,Plot C,June,3,2026-06-06,interval_end,1-0__241,NA,NA,Orbicella franksi,480,cm2,14.46,0.001446,TRUE,Plot C__3__interval_end__1-0__241,1
Plot C,all,Plot C,June,3,2026-06-06,interval_end,1-0__247,NA,NA,Orbicella franksi,480,cm2,24.205,0.0024205,TRUE,Plot C__3__interval_end__1-0__247,1
Plot C,all,Plot C,June,3,2026-06-06,interval_end,1-0__248,NA,NA,Orbicella franksi,480,cm2,21.02,0.002102,TRUE,Plot C__3__interval_end__1-0__248,1
Plot C,all,Plot C,June,3,2026-06-06,interval_end,1-0__25,NA,NA,Orbicella annularis,480,cm2,0.615,6.15e-5,TRUE,Plot C__3__interval_end__1-0__25,1
Plot C,all,Plot C,June,3,2026-06-06,interval_end,1-0__252,NA,NA,Orbicella franksi,480,cm2,23.4625,0.00234625,TRUE,Plot C__3__interval_end__1-0__252,1
Plot C,all,Plot C,June,3,2026-06-06,interval_end,1-0__254,NA,NA,Orbicella franksi,480,cm2,3.8025,3.8025e-4,TRUE,Plot C__3__interval_end__1-0__254,1
Plot C,all,Plot C,June,3,2026-06-06,interval_end,1-0__26,NA,NA,Orbicella annularis,480,cm2,0.67,6.7e-5,TRUE,Plot C__3__interval_end__1-0__26,1
Plot C,all,Plot C,June,3,2026-06-06,interval_end,1-0__28,NA,NA,Orbicella annularis,480,cm2,0,0,FALSE,Plot C__3__interval_end__1-0__28,1
Plot C,all,Plot C,June,3,2026-06-06,interval_end,1-0__29,NA,NA,Orbicella annularis,480,cm2,16.5625,0.00165625,TRUE,Plot C__3__interval_end__1-0__29,1
Plot C,all,Plot C,June,3,2026-06-06,interval_end,1-0__3,NA,NA,Orbicella annularis,480,cm2,0.7325,7.325e-5,TRUE,Plot C__3__interval_end__1-0__3,1
Plot C,all,Plot C,June,3,2026-06-06,interval_end,1-0__30,NA,NA,Porites porites,480,cm2,9.1025,9.102499999999999e-4,TRUE,Plot C__3__interval_end__1-0__30,1
Plot C,all,Plot C,June,3,2026-06-06,interval_end,1-0__31,NA,NA,Montastraea cavernosa,480,cm2,1.975,1.975e-4,TRUE,Plot C__3__interval_end__1-0__31,1
Plot C,all,Plot C,June,3,2026-06-06,interval_end,1-0__32,NA,NA,Porites porites,480,cm2,9.7025,9.702500000000001e-4,TRUE,Plot C__3__interval_end__1-0__32,1
Plot C,all,Plot C,June,3,2026-06-06,interval_end,1-0__33,NA,NA,Orbicella annularis,480,cm2,14.245,0.0014245,TRUE,Plot C__3__interval_end__1-0__33,1
Plot C,all,Plot C,June,3,2026-06-06,interval_end,1-0__34,NA,NA,Montastraea cavernosa,480,cm2,3.81,3.81e-4,TRUE,Plot C__3__interval_end__1-0__34,1
Plot C,all,Plot C,June,3,2026-06-06,interval_end,1-0__35,NA,NA,Montastraea cavernosa,480,cm2,3.21,3.21e-4,TRUE,Plot C__3__interval_end__1-0__35,1
Plot C,all,Plot C,June,3,2026-06-06,interval_end,1-0__36,NA,NA,Montastraea cavernosa,480,cm2,3.4875,3.4875e-4,TRUE,Plot C__3__interval_end__1-0__36,1
Plot C,all,Plot C,June,3,2026-06-06,interval_end,1-0__37,NA,NA,Montastraea cavernosa,480,cm2,3.59,3.59e-4,TRUE,Plot C__3__interval_end__1-0__37,1
Plot C,all,Plot C,June,3,2026-06-06,interval_end,1-0__38,NA,NA,Montastraea cavernosa,480,cm2,3.6475,3.6475e-4,TRUE,Plot C__3__interval_end__1-0__38,1
Plot C,all,Plot C,June,3,2026-06-06,interval_end,1-0__39,NA,NA,Montastraea cavernosa,480,cm2,3.2525,3.2525e-4,TRUE,Plot C__3__interval_end__1-0__39,1
Plot C,all,Plot C,June,3,2026-06-06,interval_end,1-0__4,NA,NA,Orbicella annularis,480,cm2,3.84,3.84e-4,TRUE,Plot C__3__interval_end__1-0__4,1
Plot C,all,Plot C,June,3,2026-06-06,interval_end,1-0__40,NA,NA,Montastraea cavernosa,480,cm2,0,0,FALSE,Plot C__3__interval_end__1-0__40,1
Plot C,all,Plot C,June,3,2026-06-06,interval_end,1-0__41,NA,NA,Montastraea cavernosa,480,cm2,3.6775,3.6775e-4,TRUE,Plot C__3__interval_end__1-0__41,1
Plot C,all,Plot C,June,3,2026-06-06,interval_end,1-0__42,NA,NA,Montastraea cavernosa,480,cm2,4.57,4.5700000000000005e-4,TRUE,Plot C__3__interval_end__1-0__42,1
Plot C,all,Plot C,June,3,2026-06-06,interval_end,1-0__43,NA,NA,Montastraea cavernosa,480,cm2,5.3275,5.3275e-4,TRUE,Plot C__3__interval_end__1-0__43,1
Plot C,all,Plot C,June,3,2026-06-06,interval_end,1-0__44,NA,NA,Montastraea cavernosa,480,cm2,2.14,2.1400000000000002e-4,TRUE,Plot C__3__interval_end__1-0__44,1
Plot C,all,Plot C,June,3,2026-06-06,interval_end,1-0__45,NA,NA,Montastraea cavernosa,480,cm2,4.6775,4.6775e-4,TRUE,Plot C__3__interval_end__1-0__45,1
Plot C,all,Plot C,June,3,2026-06-06,interval_end,1-0__46,NA,NA,Montastraea cavernosa,480,cm2,4.27,4.2699999999999997e-4,TRUE,Plot C__3__interval_end__1-0__46,1
Plot C,all,Plot C,June,3,2026-06-06,interval_end,1-0__47,NA,NA,Montastraea cavernosa,480,cm2,1.985,1.985e-4,TRUE,Plot C__3__interval_end__1-0__47,1
Plot C,all,Plot C,June,3,2026-06-06,interval_end,1-0__48,NA,NA,Montastraea cavernosa,480,cm2,3.2375,3.2375e-4,TRUE,Plot C__3__interval_end__1-0__48,1
Plot C,all,Plot C,June,3,2026-06-06,interval_end,1-0__49,NA,NA,Montastraea cavernosa,480,cm2,1.2175,1.2175e-4,TRUE,Plot C__3__interval_end__1-0__49,1
Plot C,all,Plot C,June,3,2026-06-06,interval_end,1-0__5,NA,NA,Orbicella annularis,480,cm2,0.4075,4.0749999999999994e-5,TRUE,Plot C__3__interval_end__1-0__5,1
Plot C,all,Plot C,June,3,2026-06-06,interval_end,1-0__50,NA,NA,Montastraea cavernosa,480,cm2,2.3725,2.3725e-4,TRUE,Plot C__3__interval_end__1-0__50,1
Plot C,all,Plot C,June,3,2026-06-06,interval_end,1-0__51,NA,NA,Montastraea cavernosa,480,cm2,2.92,2.92e-4,TRUE,Plot C__3__interval_end__1-0__51,1
Plot C,all,Plot C,June,3,2026-06-06,interval_end,1-0__52,NA,NA,Montastraea cavernosa,480,cm2,4.2075,4.2074999999999995e-4,TRUE,Plot C__3__interval_end__1-0__52,1
Plot C,all,Plot C,June,3,2026-06-06,interval_end,1-0__53,NA,NA,Orbicella annularis,480,cm2,31.69,0.003169,TRUE,Plot C__3__interval_end__1-0__53,1
Plot C,all,Plot C,June,3,2026-06-06,interval_end,1-0__54,NA,NA,Orbicella annularis,480,cm2,24.1475,0.0024147500000000002,TRUE,Plot C__3__interval_end__1-0__54,1
Plot C,all,Plot C,June,3,2026-06-06,interval_end,1-0__55,NA,NA,Orbicella franksi,480,cm2,6.8,6.799999999999999e-4,TRUE,Plot C__3__interval_end__1-0__55,1
Plot C,all,Plot C,June,3,2026-06-06,interval_end,1-0__56,NA,NA,Orbicella franksi,480,cm2,5.0525,5.052500000000001e-4,TRUE,Plot C__3__interval_end__1-0__56,1
Plot C,all,Plot C,June,3,2026-06-06,interval_end,1-0__57,NA,NA,Orbicella franksi,480,cm2,3.37,3.37e-4,TRUE,Plot C__3__interval_end__1-0__57,1
Plot C,all,Plot C,June,3,2026-06-06,interval_end,1-0__58,NA,NA,Orbicella franksi,480,cm2,0.315,3.15e-5,TRUE,Plot C__3__interval_end__1-0__58,1
Plot C,all,Plot C,June,3,2026-06-06,interval_end,1-0__59,NA,NA,Orbicella franksi,480,cm2,7.0575,7.0575e-4,TRUE,Plot C__3__interval_end__1-0__59,1
Plot C,all,Plot C,June,3,2026-06-06,interval_end,1-0__6,NA,NA,Orbicella annularis,480,cm2,2.025,2.025e-4,TRUE,Plot C__3__interval_end__1-0__6,1
Plot C,all,Plot C,June,3,2026-06-06,interval_end,1-0__60,NA,NA,Orbicella franksi,480,cm2,2.045,2.0449999999999998e-4,TRUE,Plot C__3__interval_end__1-0__60,1
Plot C,all,Plot C,June,3,2026-06-06,interval_end,1-0__61,NA,NA,Orbicella franksi,480,cm2,2.655,2.655e-4,TRUE,Plot C__3__interval_end__1-0__61,1
Plot C,all,Plot C,June,3,2026-06-06,interval_end,1-0__62,NA,NA,Orbicella franksi,480,cm2,5.7275,5.7275e-4,TRUE,Plot C__3__interval_end__1-0__62,1
Plot C,all,Plot C,June,3,2026-06-06,interval_end,1-0__63,NA,NA,Orbicella franksi,480,cm2,6.97,6.97e-4,TRUE,Plot C__3__interval_end__1-0__63,1
Plot C,all,Plot C,June,3,2026-06-06,interval_end,1-0__64,NA,NA,Orbicella franksi,480,cm2,2.9675,2.9675e-4,TRUE,Plot C__3__interval_end__1-0__64,1
Plot C,all,Plot C,June,3,2026-06-06,interval_end,1-0__65,NA,NA,Orbicella franksi,480,cm2,3.4875,3.4875e-4,TRUE,Plot C__3__interval_end__1-0__65,1
Plot C,all,Plot C,June,3,2026-06-06,interval_end,1-0__66,NA,NA,Orbicella franksi,480,cm2,5.795,5.795e-4,TRUE,Plot C__3__interval_end__1-0__66,1
Plot C,all,Plot C,June,3,2026-06-06,interval_end,1-0__67,NA,NA,Orbicella franksi,480,cm2,5.5175,5.5175e-4,TRUE,Plot C__3__interval_end__1-0__67,1
Plot C,all,Plot C,June,3,2026-06-06,interval_end,1-0__68,NA,NA,Orbicella franksi,480,cm2,0.9475,9.475e-5,TRUE,Plot C__3__interval_end__1-0__68,1
Plot C,all,Plot C,June,3,2026-06-06,interval_end,1-0__69,NA,NA,Orbicella franksi,480,cm2,4.9325,4.9325e-4,TRUE,Plot C__3__interval_end__1-0__69,1
Plot C,all,Plot C,June,3,2026-06-06,interval_end,1-0__7,NA,NA,Orbicella annularis,480,cm2,0.9025,9.025e-5,TRUE,Plot C__3__interval_end__1-0__7,1
Plot C,all,Plot C,June,3,2026-06-06,interval_end,1-0__70,NA,NA,Orbicella franksi,480,cm2,4.125,4.125e-4,TRUE,Plot C__3__interval_end__1-0__70,1
Plot C,all,Plot C,June,3,2026-06-06,interval_end,1-0__71,NA,NA,Orbicella franksi,480,cm2,1.8325,1.8325e-4,TRUE,Plot C__3__interval_end__1-0__71,1
Plot C,all,Plot C,June,3,2026-06-06,interval_end,1-0__72,NA,NA,Orbicella franksi,480,cm2,2.2925,2.2925e-4,TRUE,Plot C__3__interval_end__1-0__72,1
Plot C,all,Plot C,June,3,2026-06-06,interval_end,1-0__73,NA,NA,Orbicella franksi,480,cm2,6.56,6.56e-4,TRUE,Plot C__3__interval_end__1-0__73,1
Plot C,all,Plot C,June,3,2026-06-06,interval_end,1-0__74,NA,NA,Orbicella franksi,480,cm2,3.6075,3.6075e-4,TRUE,Plot C__3__interval_end__1-0__74,1
Plot C,all,Plot C,June,3,2026-06-06,interval_end,1-0__75,NA,NA,Orbicella franksi,480,cm2,1.5425,1.5425e-4,TRUE,Plot C__3__interval_end__1-0__75,1
Plot C,all,Plot C,June,3,2026-06-06,interval_end,1-0__76,NA,NA,Montastraea cavernosa,480,cm2,1.075,1.075e-4,TRUE,Plot C__3__interval_end__1-0__76,1
Plot C,all,Plot C,June,3,2026-06-06,interval_end,1-0__77,NA,NA,Montastraea cavernosa,480,cm2,2.89,2.8900000000000003e-4,TRUE,Plot C__3__interval_end__1-0__77,1
Plot C,all,Plot C,June,3,2026-06-06,interval_end,1-0__78,NA,NA,Montastraea cavernosa,480,cm2,0.5275,5.2749999999999995e-5,TRUE,Plot C__3__interval_end__1-0__78,1
Plot C,all,Plot C,June,3,2026-06-06,interval_end,1-0__79,NA,NA,Montastraea cavernosa,480,cm2,1.745,1.745e-4,TRUE,Plot C__3__interval_end__1-0__79,1
Plot C,all,Plot C,June,3,2026-06-06,interval_end,1-0__8,NA,NA,Orbicella annularis,480,cm2,2.485,2.4849999999999997e-4,TRUE,Plot C__3__interval_end__1-0__8,1
Plot C,all,Plot C,June,3,2026-06-06,interval_end,1-0__80,NA,NA,Montastraea cavernosa,480,cm2,2.53,2.5299999999999997e-4,TRUE,Plot C__3__interval_end__1-0__80,1
Plot C,all,Plot C,June,3,2026-06-06,interval_end,1-0__81,NA,NA,Montastraea cavernosa,480,cm2,2.28,2.2799999999999999e-4,TRUE,Plot C__3__interval_end__1-0__81,1
Plot C,all,Plot C,June,3,2026-06-06,interval_end,1-0__82,NA,NA,Montastraea cavernosa,480,cm2,3.205,3.205e-4,TRUE,Plot C__3__interval_end__1-0__82,1
Plot C,all,Plot C,June,3,2026-06-06,interval_end,1-0__83,NA,NA,Montastraea cavernosa,480,cm2,1.845,1.8449999999999999e-4,TRUE,Plot C__3__interval_end__1-0__83,1
Plot C,all,Plot C,June,3,2026-06-06,interval_end,1-0__84,NA,NA,Montastraea cavernosa,480,cm2,2.7075,2.7075e-4,TRUE,Plot C__3__interval_end__1-0__84,1
Plot C,all,Plot C,June,3,2026-06-06,interval_end,1-0__85,NA,NA,Montastraea cavernosa,480,cm2,1.645,1.6450000000000001e-4,TRUE,Plot C__3__interval_end__1-0__85,1
Plot C,all,Plot C,June,3,2026-06-06,interval_end,1-0__86,NA,NA,Montastraea cavernosa,480,cm2,1.6825,1.6825000000000002e-4,TRUE,Plot C__3__interval_end__1-0__86,1
Plot C,all,Plot C,June,3,2026-06-06,interval_end,1-0__87,NA,NA,Montastraea cavernosa,480,cm2,1.06,1.06e-4,TRUE,Plot C__3__interval_end__1-0__87,1
Plot C,all,Plot C,June,3,2026-06-06,interval_end,1-0__88,NA,NA,Montastraea cavernosa,480,cm2,3.82,3.8199999999999996e-4,TRUE,Plot C__3__interval_end__1-0__88,1
Plot C,all,Plot C,June,3,2026-06-06,interval_end,1-0__89,NA,NA,Montastraea cavernosa,480,cm2,1.18,1.18e-4,TRUE,Plot C__3__interval_end__1-0__89,1
Plot C,all,Plot C,June,3,2026-06-06,interval_end,1-0__9,NA,NA,Orbicella annularis,480,cm2,0.4825,4.825e-5,TRUE,Plot C__3__interval_end__1-0__9,1
Plot C,all,Plot C,June,3,2026-06-06,interval_end,1-0__90,NA,NA,Montastraea cavernosa,480,cm2,2.74,2.7400000000000005e-4,TRUE,Plot C__3__interval_end__1-0__90,1
Plot C,all,Plot C,June,3,2026-06-06,interval_end,1-0__91,NA,NA,Montastraea cavernosa,480,cm2,1.9825,1.9825e-4,TRUE,Plot C__3__interval_end__1-0__91,1
Plot C,all,Plot C,June,3,2026-06-06,interval_end,1-0__92,NA,NA,Montastraea cavernosa,480,cm2,1.9425,1.9424999999999998e-4,TRUE,Plot C__3__interval_end__1-0__92,1
Plot C,all,Plot C,June,3,2026-06-06,interval_end,1-0__93,NA,NA,Montastraea cavernosa,480,cm2,3.5075,3.5075e-4,TRUE,Plot C__3__interval_end__1-0__93,1
Plot C,all,Plot C,June,3,2026-06-06,interval_end,1-0__94,NA,NA,Montastraea cavernosa,480,cm2,2.4675,2.4675e-4,TRUE,Plot C__3__interval_end__1-0__94,1
Plot C,all,Plot C,June,3,2026-06-06,interval_end,1-0__95,NA,NA,Orbicella annularis,480,cm2,10.605,0.0010605,TRUE,Plot C__3__interval_end__1-0__95,1
Plot C,all,Plot C,June,3,2026-06-06,interval_end,1-0__97,NA,NA,Orbicella franksi,480,cm2,4.4575,4.4574999999999997e-4,TRUE,Plot C__3__interval_end__1-0__97,1
Plot C,all,Plot C,June,3,2026-06-06,interval_end,1-0__98,NA,NA,Orbicella franksi,480,cm2,4.3525,4.3525e-4,TRUE,Plot C__3__interval_end__1-0__98,1
Plot C,all,Plot C,June,3,2026-06-06,interval_end,1-0__99,NA,NA,Orbicella franksi,480,cm2,3.955,3.955e-4,TRUE,Plot C__3__interval_end__1-0__99,1
Plot E,all,Plot E,May,1,2025-05-07,baseline_start,1-0__10,NA,NA,Orbicella annularis,480,cm2,1.2175,1.2175e-4,TRUE,Plot E__1__baseline_start__1-0__10,1
Plot E,all,Plot E,May,1,2025-05-07,baseline_start,1-0__1022,NA,NA,Orbicella annularis,480,cm2,3.2675,3.2675e-4,TRUE,Plot E__1__baseline_start__1-0__1022,1
Plot E,all,Plot E,May,1,2025-05-07,baseline_start,1-0__1023,NA,NA,Orbicella annularis,480,cm2,5.06,5.059999999999999e-4,TRUE,Plot E__1__baseline_start__1-0__1023,1
Plot E,all,Plot E,May,1,2025-05-07,baseline_start,1-0__1037,NA,NA,Orbicella faveolata,480,cm2,7.7475,7.747499999999999e-4,TRUE,Plot E__1__baseline_start__1-0__1037,1
Plot E,all,Plot E,May,1,2025-05-07,baseline_start,1-0__1040,NA,NA,Orbicella faveolata,480,cm2,8.95,8.95e-4,TRUE,Plot E__1__baseline_start__1-0__1040,1
Plot E,all,Plot E,May,1,2025-05-07,baseline_start,1-0__1041,NA,NA,Orbicella faveolata,480,cm2,7.025,7.025e-4,TRUE,Plot E__1__baseline_start__1-0__1041,1
Plot E,all,Plot E,May,1,2025-05-07,baseline_start,1-0__1087,NA,NA,Orbicella faveolata,480,cm2,10.0075,0.0010007500000000001,TRUE,Plot E__1__baseline_start__1-0__1087,1
Plot E,all,Plot E,May,1,2025-05-07,baseline_start,1-0__1090,NA,NA,Orbicella faveolata,480,cm2,4.2925,4.2925000000000005e-4,TRUE,Plot E__1__baseline_start__1-0__1090,1
Plot E,all,Plot E,May,1,2025-05-07,baseline_start,1-0__1091,NA,NA,Orbicella faveolata,480,cm2,5.3825,5.3825e-4,TRUE,Plot E__1__baseline_start__1-0__1091,1
Plot E,all,Plot E,May,1,2025-05-07,baseline_start,1-0__1092,NA,NA,Orbicella faveolata,480,cm2,5.605,5.605e-4,TRUE,Plot E__1__baseline_start__1-0__1092,1
Plot E,all,Plot E,May,1,2025-05-07,baseline_start,1-0__1109,NA,NA,Acropora palmata,480,cm2,35.045,0.0035045000000000002,TRUE,Plot E__1__baseline_start__1-0__1109,1
Plot E,all,Plot E,May,1,2025-05-07,baseline_start,1-0__1111,NA,NA,Acropora palmata,480,cm2,11.025,0.0011025,TRUE,Plot E__1__baseline_start__1-0__1111,1
Plot E,all,Plot E,May,1,2025-05-07,baseline_start,1-0__1114,NA,NA,Acropora palmata,480,cm2,14.9075,0.00149075,TRUE,Plot E__1__baseline_start__1-0__1114,1
Plot E,all,Plot E,May,1,2025-05-07,baseline_start,1-0__1115,NA,NA,Acropora palmata,480,cm2,17.9125,0.00179125,TRUE,Plot E__1__baseline_start__1-0__1115,1
Plot E,all,Plot E,May,1,2025-05-07,baseline_start,1-0__1117,NA,NA,Acropora palmata,480,cm2,11.3425,0.0011342499999999998,TRUE,Plot E__1__baseline_start__1-0__1117,1
Plot E,all,Plot E,May,1,2025-05-07,baseline_start,1-0__1118,NA,NA,Orbicella faveolata,480,cm2,3.5925,3.5925e-4,TRUE,Plot E__1__baseline_start__1-0__1118,1
Plot E,all,Plot E,May,1,2025-05-07,baseline_start,1-0__1120,NA,NA,Acropora palmata,480,cm2,9.2525,9.2525e-4,TRUE,Plot E__1__baseline_start__1-0__1120,1
Plot E,all,Plot E,May,1,2025-05-07,baseline_start,1-0__1122,NA,NA,Orbicella faveolata,480,cm2,5.7625,5.7625e-4,TRUE,Plot E__1__baseline_start__1-0__1122,1
Plot E,all,Plot E,May,1,2025-05-07,baseline_start,1-0__1125,NA,NA,Acropora palmata,480,cm2,32.93,0.003293,TRUE,Plot E__1__baseline_start__1-0__1125,1
Plot E,all,Plot E,May,1,2025-05-07,baseline_start,1-0__1126,NA,NA,Orbicella faveolata,480,cm2,3.42,3.42e-4,TRUE,Plot E__1__baseline_start__1-0__1126,1
Plot E,all,Plot E,May,1,2025-05-07,baseline_start,1-0__1127,NA,NA,Acropora palmata,480,cm2,16.4875,0.00164875,TRUE,Plot E__1__baseline_start__1-0__1127,1
Plot E,all,Plot E,May,1,2025-05-07,baseline_start,1-0__1132,NA,NA,Acropora palmata,480,cm2,12.7375,0.0012737500000000001,TRUE,Plot E__1__baseline_start__1-0__1132,1
Plot E,all,Plot E,May,1,2025-05-07,baseline_start,1-0__1152,NA,NA,Orbicella faveolata,480,cm2,7.0625,7.0625e-4,TRUE,Plot E__1__baseline_start__1-0__1152,1
Plot E,all,Plot E,May,1,2025-05-07,baseline_start,1-0__1153,NA,NA,Orbicella faveolata,480,cm2,4.14,4.14e-4,TRUE,Plot E__1__baseline_start__1-0__1153,1
Plot E,all,Plot E,May,1,2025-05-07,baseline_start,1-0__1154,NA,NA,Orbicella faveolata,480,cm2,4.215,4.215e-4,TRUE,Plot E__1__baseline_start__1-0__1154,1
Plot E,all,Plot E,May,1,2025-05-07,baseline_start,1-0__1158,NA,NA,Orbicella faveolata,480,cm2,4.4,4.4e-4,TRUE,Plot E__1__baseline_start__1-0__1158,1
Plot E,all,Plot E,May,1,2025-05-07,baseline_start,1-0__1159,NA,NA,Orbicella faveolata,480,cm2,5.935,5.935e-4,TRUE,Plot E__1__baseline_start__1-0__1159,1
Plot E,all,Plot E,May,1,2025-05-07,baseline_start,1-0__1161,NA,NA,Orbicella faveolata,480,cm2,2.875,2.875e-4,TRUE,Plot E__1__baseline_start__1-0__1161,1
Plot E,all,Plot E,May,1,2025-05-07,baseline_start,1-0__1173,NA,NA,Orbicella annularis,480,cm2,4.3075,4.3075000000000003e-4,TRUE,Plot E__1__baseline_start__1-0__1173,1
Plot E,all,Plot E,May,1,2025-05-07,baseline_start,1-0__1174,NA,NA,Orbicella annularis,480,cm2,1.265,1.2649999999999998e-4,TRUE,Plot E__1__baseline_start__1-0__1174,1
Plot E,all,Plot E,May,1,2025-05-07,baseline_start,1-0__1176,NA,NA,Orbicella annularis,480,cm2,3.51,3.5099999999999997e-4,TRUE,Plot E__1__baseline_start__1-0__1176,1
Plot E,all,Plot E,May,1,2025-05-07,baseline_start,1-0__1177,NA,NA,Orbicella annularis,480,cm2,17.380000000000003,0.001738,TRUE,Plot E__1__baseline_start__1-0__1177,1
Plot E,all,Plot E,May,1,2025-05-07,baseline_start,1-0__1178,NA,NA,Orbicella annularis,480,cm2,2.36,2.36e-4,TRUE,Plot E__1__baseline_start__1-0__1178,1
Plot E,all,Plot E,May,1,2025-05-07,baseline_start,1-0__1179,NA,NA,Orbicella annularis,480,cm2,0.6225,6.225000000000001e-5,TRUE,Plot E__1__baseline_start__1-0__1179,1
Plot E,all,Plot E,May,1,2025-05-07,baseline_start,1-0__1180,NA,NA,Orbicella annularis,480,cm2,1.1925,1.1925e-4,TRUE,Plot E__1__baseline_start__1-0__1180,1
Plot E,all,Plot E,May,1,2025-05-07,baseline_start,1-0__1209,NA,NA,Acropora cervicornis,480,cm2,6.4,6.4e-4,TRUE,Plot E__1__baseline_start__1-0__1209,1
Plot E,all,Plot E,May,1,2025-05-07,baseline_start,1-0__1210,NA,NA,Acropora cervicornis,480,cm2,6.535,6.535e-4,TRUE,Plot E__1__baseline_start__1-0__1210,1
Plot E,all,Plot E,May,1,2025-05-07,baseline_start,1-0__1211,NA,NA,Acropora cervicornis,480,cm2,6.4075,6.407499999999999e-4,TRUE,Plot E__1__baseline_start__1-0__1211,1
Plot E,all,Plot E,May,1,2025-05-07,baseline_start,1-0__1212,NA,NA,Acropora cervicornis,480,cm2,13.002500000000001,0.00130025,TRUE,Plot E__1__baseline_start__1-0__1212,1
Plot E,all,Plot E,May,1,2025-05-07,baseline_start,1-0__1213,NA,NA,Acropora cervicornis,480,cm2,8.06,8.060000000000001e-4,TRUE,Plot E__1__baseline_start__1-0__1213,1
Plot E,all,Plot E,May,1,2025-05-07,baseline_start,1-0__1214,NA,NA,Acropora cervicornis,480,cm2,5.2725,5.2725e-4,TRUE,Plot E__1__baseline_start__1-0__1214,1
Plot E,all,Plot E,May,1,2025-05-07,baseline_start,1-0__1217,NA,NA,Orbicella faveolata,480,cm2,6.0175,6.0175e-4,TRUE,Plot E__1__baseline_start__1-0__1217,1
Plot E,all,Plot E,May,1,2025-05-07,baseline_start,1-0__1223,NA,NA,Orbicella faveolata,480,cm2,5.9575,5.957499999999999e-4,TRUE,Plot E__1__baseline_start__1-0__1223,1
Plot E,all,Plot E,May,1,2025-05-07,baseline_start,1-0__1224,NA,NA,Orbicella faveolata,480,cm2,7.5325,7.5325e-4,TRUE,Plot E__1__baseline_start__1-0__1224,1
Plot E,all,Plot E,May,1,2025-05-07,baseline_start,1-0__2115,NA,NA,Orbicella annularis,480,cm2,0,0,FALSE,Plot E__1__baseline_start__1-0__2115,1
Plot E,all,Plot E,May,1,2025-05-07,baseline_start,1-0__2117,NA,NA,Orbicella annularis,480,cm2,0,0,FALSE,Plot E__1__baseline_start__1-0__2117,1
Plot E,all,Plot E,May,1,2025-05-07,baseline_start,1-0__2118,NA,NA,Orbicella annularis,480,cm2,0,0,FALSE,Plot E__1__baseline_start__1-0__2118,1
Plot E,all,Plot E,May,1,2025-05-07,baseline_start,1-0__221,NA,NA,Orbicella annularis,480,cm2,26.775,0.0026774999999999998,TRUE,Plot E__1__baseline_start__1-0__221,1
Plot E,all,Plot E,May,1,2025-05-07,baseline_start,1-0__224,NA,NA,Orbicella annularis,480,cm2,68.70750000000001,0.00687075,TRUE,Plot E__1__baseline_start__1-0__224,1
Plot E,all,Plot E,May,1,2025-05-07,baseline_start,1-0__261,NA,NA,Orbicella annularis,480,cm2,76.59,0.007659,TRUE,Plot E__1__baseline_start__1-0__261,1
Plot E,all,Plot E,May,1,2025-05-07,baseline_start,1-0__262,NA,NA,Orbicella annularis,480,cm2,2.8425,2.8425e-4,TRUE,Plot E__1__baseline_start__1-0__262,1
Plot E,all,Plot E,May,1,2025-05-07,baseline_start,1-0__344,NA,NA,Orbicella annularis,480,cm2,75.3825,0.007538249999999999,TRUE,Plot E__1__baseline_start__1-0__344,1
Plot E,all,Plot E,May,1,2025-05-07,baseline_start,1-0__349,NA,NA,Orbicella annularis,480,cm2,55.125,0.0055125,TRUE,Plot E__1__baseline_start__1-0__349,1
Plot E,all,Plot E,May,1,2025-05-07,baseline_start,1-0__351,NA,NA,Orbicella annularis,480,cm2,1.1575,1.1575e-4,TRUE,Plot E__1__baseline_start__1-0__351,1
Plot E,all,Plot E,May,1,2025-05-07,baseline_start,1-0__354,NA,NA,Orbicella annularis,480,cm2,1.545,1.545e-4,TRUE,Plot E__1__baseline_start__1-0__354,1
Plot E,all,Plot E,May,1,2025-05-07,baseline_start,1-0__365,NA,NA,Orbicella annularis,480,cm2,0.93,9.300000000000001e-5,TRUE,Plot E__1__baseline_start__1-0__365,1
Plot E,all,Plot E,May,1,2025-05-07,baseline_start,1-0__367,NA,NA,Orbicella annularis,480,cm2,22.8025,0.0022802499999999997,TRUE,Plot E__1__baseline_start__1-0__367,1
Plot E,all,Plot E,May,1,2025-05-07,baseline_start,1-0__368,NA,NA,Orbicella annularis,480,cm2,8.92,8.92e-4,TRUE,Plot E__1__baseline_start__1-0__368,1
Plot E,all,Plot E,May,1,2025-05-07,baseline_start,1-0__373,NA,NA,Orbicella annularis,480,cm2,1.8525,1.8525e-4,TRUE,Plot E__1__baseline_start__1-0__373,1
Plot E,all,Plot E,May,1,2025-05-07,baseline_start,1-0__375,NA,NA,Orbicella annularis,480,cm2,4.585,4.585e-4,TRUE,Plot E__1__baseline_start__1-0__375,1
Plot E,all,Plot E,May,1,2025-05-07,baseline_start,1-0__382,NA,NA,Orbicella annularis,480,cm2,2.23,2.23e-4,TRUE,Plot E__1__baseline_start__1-0__382,1
Plot E,all,Plot E,May,1,2025-05-07,baseline_start,1-0__4,NA,NA,Orbicella annularis,480,cm2,3.345,3.345e-4,TRUE,Plot E__1__baseline_start__1-0__4,1
Plot E,all,Plot E,May,1,2025-05-07,baseline_start,1-0__405,NA,NA,Orbicella franksi,480,cm2,32.0875,0.0032087500000000002,TRUE,Plot E__1__baseline_start__1-0__405,1
Plot E,all,Plot E,May,1,2025-05-07,baseline_start,1-0__409,NA,NA,Orbicella franksi,480,cm2,15.912500000000001,0.0015912500000000002,TRUE,Plot E__1__baseline_start__1-0__409,1
Plot E,all,Plot E,May,1,2025-05-07,baseline_start,1-0__412,NA,NA,Orbicella franksi,480,cm2,12.98,0.0012980000000000001,TRUE,Plot E__1__baseline_start__1-0__412,1
Plot E,all,Plot E,May,1,2025-05-07,baseline_start,1-0__413,NA,NA,Orbicella franksi,480,cm2,6,6e-4,TRUE,Plot E__1__baseline_start__1-0__413,1
Plot E,all,Plot E,May,1,2025-05-07,baseline_start,1-0__449,NA,NA,Orbicella annularis,480,cm2,29.75,0.0029749999999999998,TRUE,Plot E__1__baseline_start__1-0__449,1
Plot E,all,Plot E,May,1,2025-05-07,baseline_start,1-0__458,NA,NA,Orbicella annularis,480,cm2,0.32,3.2e-5,TRUE,Plot E__1__baseline_start__1-0__458,1
Plot E,all,Plot E,May,1,2025-05-07,baseline_start,1-0__47,NA,NA,Orbicella annularis,480,cm2,1.4275,1.4275e-4,TRUE,Plot E__1__baseline_start__1-0__47,1
Plot E,all,Plot E,May,1,2025-05-07,baseline_start,1-0__470,NA,NA,Orbicella franksi,480,cm2,4.7725,4.7724999999999997e-4,TRUE,Plot E__1__baseline_start__1-0__470,1
Plot E,all,Plot E,May,1,2025-05-07,baseline_start,1-0__475,NA,NA,Orbicella franksi,480,cm2,3.81,3.81e-4,TRUE,Plot E__1__baseline_start__1-0__475,1
Plot E,all,Plot E,May,1,2025-05-07,baseline_start,1-0__476,NA,NA,Orbicella franksi,480,cm2,5.6125,5.6125e-4,TRUE,Plot E__1__baseline_start__1-0__476,1
Plot E,all,Plot E,May,1,2025-05-07,baseline_start,1-0__478,NA,NA,Orbicella franksi,480,cm2,8.0325,8.0325e-4,TRUE,Plot E__1__baseline_start__1-0__478,1
Plot E,all,Plot E,May,1,2025-05-07,baseline_start,1-0__481,NA,NA,Orbicella franksi,480,cm2,4.7,4.7000000000000004e-4,TRUE,Plot E__1__baseline_start__1-0__481,1
Plot E,all,Plot E,May,1,2025-05-07,baseline_start,1-0__483,NA,NA,Orbicella franksi,480,cm2,4.6325,4.6325e-4,TRUE,Plot E__1__baseline_start__1-0__483,1
Plot E,all,Plot E,May,1,2025-05-07,baseline_start,1-0__485,NA,NA,Orbicella franksi,480,cm2,6.325,6.325e-4,TRUE,Plot E__1__baseline_start__1-0__485,1
Plot E,all,Plot E,May,1,2025-05-07,baseline_start,1-0__488,NA,NA,Orbicella franksi,480,cm2,5.365,5.365e-4,TRUE,Plot E__1__baseline_start__1-0__488,1
Plot E,all,Plot E,May,1,2025-05-07,baseline_start,1-0__489,NA,NA,Orbicella franksi,480,cm2,5.4825,5.4825e-4,TRUE,Plot E__1__baseline_start__1-0__489,1
Plot E,all,Plot E,May,1,2025-05-07,baseline_start,1-0__5,NA,NA,Orbicella annularis,480,cm2,1.9875,1.9875e-4,TRUE,Plot E__1__baseline_start__1-0__5,1
Plot E,all,Plot E,May,1,2025-05-07,baseline_start,1-0__50,NA,NA,Orbicella annularis,480,cm2,10.6075,0.00106075,TRUE,Plot E__1__baseline_start__1-0__50,1
Plot E,all,Plot E,May,1,2025-05-07,baseline_start,1-0__51,NA,NA,Orbicella annularis,480,cm2,2.3975,2.3975e-4,TRUE,Plot E__1__baseline_start__1-0__51,1
Plot E,all,Plot E,May,1,2025-05-07,baseline_start,1-0__515,NA,NA,Orbicella annularis,480,cm2,18.9025,0.00189025,TRUE,Plot E__1__baseline_start__1-0__515,1
Plot E,all,Plot E,May,1,2025-05-07,baseline_start,1-0__517,NA,NA,Orbicella annularis,480,cm2,19.19,0.0019190000000000001,TRUE,Plot E__1__baseline_start__1-0__517,1
Plot E,all,Plot E,May,1,2025-05-07,baseline_start,1-0__519,NA,NA,Orbicella annularis,480,cm2,0.34,3.4e-5,TRUE,Plot E__1__baseline_start__1-0__519,1
Plot E,all,Plot E,May,1,2025-05-07,baseline_start,1-0__52,NA,NA,Orbicella annularis,480,cm2,4.88,4.88e-4,TRUE,Plot E__1__baseline_start__1-0__52,1
Plot E,all,Plot E,May,1,2025-05-07,baseline_start,1-0__520,NA,NA,Orbicella annularis,480,cm2,4.2325,4.2325e-4,TRUE,Plot E__1__baseline_start__1-0__520,1
Plot E,all,Plot E,May,1,2025-05-07,baseline_start,1-0__523,NA,NA,Orbicella annularis,480,cm2,2.3425,2.3424999999999997e-4,TRUE,Plot E__1__baseline_start__1-0__523,1
Plot E,all,Plot E,May,1,2025-05-07,baseline_start,1-0__524,NA,NA,Orbicella annularis,480,cm2,7.38,7.379999999999999e-4,TRUE,Plot E__1__baseline_start__1-0__524,1
Plot E,all,Plot E,May,1,2025-05-07,baseline_start,1-0__53,NA,NA,Orbicella annularis,480,cm2,3.2125,3.2125e-4,TRUE,Plot E__1__baseline_start__1-0__53,1
Plot E,all,Plot E,May,1,2025-05-07,baseline_start,1-0__531,NA,NA,Orbicella annularis,480,cm2,1.19,1.1899999999999999e-4,TRUE,Plot E__1__baseline_start__1-0__531,1
Plot E,all,Plot E,May,1,2025-05-07,baseline_start,1-0__532,NA,NA,Orbicella annularis,480,cm2,35.06999999999999,0.0035069999999999997,TRUE,Plot E__1__baseline_start__1-0__532,1
Plot E,all,Plot E,May,1,2025-05-07,baseline_start,1-0__533,NA,NA,Orbicella annularis,480,cm2,2.5775,2.5775e-4,TRUE,Plot E__1__baseline_start__1-0__533,1
Plot E,all,Plot E,May,1,2025-05-07,baseline_start,1-0__535,NA,NA,Orbicella annularis,480,cm2,4.875,4.875e-4,TRUE,Plot E__1__baseline_start__1-0__535,1
Plot E,all,Plot E,May,1,2025-05-07,baseline_start,1-0__54,NA,NA,Orbicella annularis,480,cm2,3.98,3.98e-4,TRUE,Plot E__1__baseline_start__1-0__54,1
Plot E,all,Plot E,May,1,2025-05-07,baseline_start,1-0__540,NA,NA,Orbicella annularis,480,cm2,3.9575,3.9575e-4,TRUE,Plot E__1__baseline_start__1-0__540,1
Plot E,all,Plot E,May,1,2025-05-07,baseline_start,1-0__55,NA,NA,Orbicella annularis,480,cm2,2.29,2.29e-4,TRUE,Plot E__1__baseline_start__1-0__55,1
Plot E,all,Plot E,May,1,2025-05-07,baseline_start,1-0__56,NA,NA,Orbicella annularis,480,cm2,0.29,2.8999999999999997e-5,TRUE,Plot E__1__baseline_start__1-0__56,1
Plot E,all,Plot E,May,1,2025-05-07,baseline_start,1-0__561,NA,NA,Orbicella annularis,480,cm2,0.33,3.3e-5,TRUE,Plot E__1__baseline_start__1-0__561,1
Plot E,all,Plot E,May,1,2025-05-07,baseline_start,1-0__562,NA,NA,Orbicella annularis,480,cm2,0.955,9.549999999999999e-5,TRUE,Plot E__1__baseline_start__1-0__562,1
Plot E,all,Plot E,May,1,2025-05-07,baseline_start,1-0__563,NA,NA,Orbicella annularis,480,cm2,0.4025,4.025e-5,TRUE,Plot E__1__baseline_start__1-0__563,1
Plot E,all,Plot E,May,1,2025-05-07,baseline_start,1-0__564,NA,NA,Orbicella annularis,480,cm2,0.4175,4.175e-5,TRUE,Plot E__1__baseline_start__1-0__564,1
Plot E,all,Plot E,May,1,2025-05-07,baseline_start,1-0__565,NA,NA,Orbicella annularis,480,cm2,0.685,6.850000000000001e-5,TRUE,Plot E__1__baseline_start__1-0__565,1
Plot E,all,Plot E,May,1,2025-05-07,baseline_start,1-0__566,NA,NA,Orbicella annularis,480,cm2,1.755,1.7549999999999998e-4,TRUE,Plot E__1__baseline_start__1-0__566,1
Plot E,all,Plot E,May,1,2025-05-07,baseline_start,1-0__567,NA,NA,Orbicella annularis,480,cm2,0.555,5.550000000000001e-5,TRUE,Plot E__1__baseline_start__1-0__567,1
Plot E,all,Plot E,May,1,2025-05-07,baseline_start,1-0__568,NA,NA,Orbicella annularis,480,cm2,0.575,5.7499999999999995e-5,TRUE,Plot E__1__baseline_start__1-0__568,1
Plot E,all,Plot E,May,1,2025-05-07,baseline_start,1-0__57,NA,NA,Orbicella annularis,480,cm2,0.78,7.8e-5,TRUE,Plot E__1__baseline_start__1-0__57,1
Plot E,all,Plot E,May,1,2025-05-07,baseline_start,1-0__570,NA,NA,Orbicella annularis,480,cm2,0.4475,4.4750000000000004e-5,TRUE,Plot E__1__baseline_start__1-0__570,1
Plot E,all,Plot E,May,1,2025-05-07,baseline_start,1-0__571,NA,NA,Orbicella annularis,480,cm2,1.16,1.1599999999999999e-4,TRUE,Plot E__1__baseline_start__1-0__571,1
Plot E,all,Plot E,May,1,2025-05-07,baseline_start,1-0__573,NA,NA,Orbicella annularis,480,cm2,0.5075,5.0749999999999994e-5,TRUE,Plot E__1__baseline_start__1-0__573,1
Plot E,all,Plot E,May,1,2025-05-07,baseline_start,1-0__575,NA,NA,Orbicella annularis,480,cm2,0.8675,8.675000000000001e-5,TRUE,Plot E__1__baseline_start__1-0__575,1
Plot E,all,Plot E,May,1,2025-05-07,baseline_start,1-0__577,NA,NA,Orbicella annularis,480,cm2,1.0625,1.0625e-4,TRUE,Plot E__1__baseline_start__1-0__577,1
Plot E,all,Plot E,May,1,2025-05-07,baseline_start,1-0__579,NA,NA,Orbicella annularis,480,cm2,0.6775,6.775e-5,TRUE,Plot E__1__baseline_start__1-0__579,1
Plot E,all,Plot E,May,1,2025-05-07,baseline_start,1-0__580,NA,NA,Orbicella annularis,480,cm2,1.22,1.2200000000000001e-4,TRUE,Plot E__1__baseline_start__1-0__580,1
Plot E,all,Plot E,May,1,2025-05-07,baseline_start,1-0__582,NA,NA,Orbicella annularis,480,cm2,4.9525,4.9525e-4,TRUE,Plot E__1__baseline_start__1-0__582,1
Plot E,all,Plot E,May,1,2025-05-07,baseline_start,1-0__583,NA,NA,Orbicella annularis,480,cm2,0.675,6.75e-5,TRUE,Plot E__1__baseline_start__1-0__583,1
Plot E,all,Plot E,May,1,2025-05-07,baseline_start,1-0__584,NA,NA,Orbicella annularis,480,cm2,1.0175,1.0175e-4,TRUE,Plot E__1__baseline_start__1-0__584,1
Plot E,all,Plot E,May,1,2025-05-07,baseline_start,1-0__585,NA,NA,Orbicella annularis,480,cm2,4.445,4.445e-4,TRUE,Plot E__1__baseline_start__1-0__585,1
Plot E,all,Plot E,May,1,2025-05-07,baseline_start,1-0__586,NA,NA,Orbicella annularis,480,cm2,1.15,1.1499999999999999e-4,TRUE,Plot E__1__baseline_start__1-0__586,1
Plot E,all,Plot E,May,1,2025-05-07,baseline_start,1-0__589,NA,NA,Orbicella franksi,480,cm2,36.08,0.0036079999999999997,TRUE,Plot E__1__baseline_start__1-0__589,1
Plot E,all,Plot E,May,1,2025-05-07,baseline_start,1-0__590,NA,NA,Orbicella annularis,480,cm2,0.675,6.75e-5,TRUE,Plot E__1__baseline_start__1-0__590,1
Plot E,all,Plot E,May,1,2025-05-07,baseline_start,1-0__591,NA,NA,Orbicella franksi,480,cm2,7.42,7.42e-4,TRUE,Plot E__1__baseline_start__1-0__591,1
Plot E,all,Plot E,May,1,2025-05-07,baseline_start,1-0__593,NA,NA,Orbicella franksi,480,cm2,4.5575,4.5575e-4,TRUE,Plot E__1__baseline_start__1-0__593,1
Plot E,all,Plot E,May,1,2025-05-07,baseline_start,1-0__595,NA,NA,Orbicella franksi,480,cm2,5.855,5.855000000000001e-4,TRUE,Plot E__1__baseline_start__1-0__595,1
Plot E,all,Plot E,May,1,2025-05-07,baseline_start,1-0__596,NA,NA,Orbicella franksi,480,cm2,6.39,6.389999999999999e-4,TRUE,Plot E__1__baseline_start__1-0__596,1
Plot E,all,Plot E,May,1,2025-05-07,baseline_start,1-0__598,NA,NA,Orbicella franksi,480,cm2,6.68,6.68e-4,TRUE,Plot E__1__baseline_start__1-0__598,1
Plot E,all,Plot E,May,1,2025-05-07,baseline_start,1-0__6,NA,NA,Orbicella annularis,480,cm2,2.195,2.195e-4,TRUE,Plot E__1__baseline_start__1-0__6,1
Plot E,all,Plot E,May,1,2025-05-07,baseline_start,1-0__614,NA,NA,Orbicella annularis,480,cm2,64.1575,0.00641575,TRUE,Plot E__1__baseline_start__1-0__614,1
Plot E,all,Plot E,May,1,2025-05-07,baseline_start,1-0__617,NA,NA,Orbicella annularis,480,cm2,0.26,2.6000000000000002e-5,TRUE,Plot E__1__baseline_start__1-0__617,1
Plot E,all,Plot E,May,1,2025-05-07,baseline_start,1-0__674,NA,NA,Acropora palmata,480,cm2,14.3075,0.00143075,TRUE,Plot E__1__baseline_start__1-0__674,1
Plot E,all,Plot E,May,1,2025-05-07,baseline_start,1-0__676,NA,NA,Acropora palmata,480,cm2,10.355,0.0010355,TRUE,Plot E__1__baseline_start__1-0__676,1
Plot E,all,Plot E,May,1,2025-05-07,baseline_start,1-0__677,NA,NA,Acropora palmata,480,cm2,21.435,0.0021435,TRUE,Plot E__1__baseline_start__1-0__677,1
Plot E,all,Plot E,May,1,2025-05-07,baseline_start,1-0__680,NA,NA,Acropora palmata,480,cm2,12.7,0.0012699999999999999,TRUE,Plot E__1__baseline_start__1-0__680,1
Plot E,all,Plot E,May,1,2025-05-07,baseline_start,1-0__683,NA,NA,Acropora palmata,480,cm2,13.795,0.0013795,TRUE,Plot E__1__baseline_start__1-0__683,1
Plot E,all,Plot E,May,1,2025-05-07,baseline_start,1-0__685,NA,NA,Orbicella franksi,480,cm2,5.12,5.12e-4,TRUE,Plot E__1__baseline_start__1-0__685,1
Plot E,all,Plot E,May,1,2025-05-07,baseline_start,1-0__686,NA,NA,Orbicella franksi,480,cm2,4.575,4.575e-4,TRUE,Plot E__1__baseline_start__1-0__686,1
Plot E,all,Plot E,May,1,2025-05-07,baseline_start,1-0__687,NA,NA,Orbicella franksi,480,cm2,6.9375,6.9375e-4,TRUE,Plot E__1__baseline_start__1-0__687,1
Plot E,all,Plot E,May,1,2025-05-07,baseline_start,1-0__688,NA,NA,Orbicella franksi,480,cm2,21.775,0.0021775,TRUE,Plot E__1__baseline_start__1-0__688,1
Plot E,all,Plot E,May,1,2025-05-07,baseline_start,1-0__689,NA,NA,Orbicella franksi,480,cm2,13.1375,0.00131375,TRUE,Plot E__1__baseline_start__1-0__689,1
Plot E,all,Plot E,May,1,2025-05-07,baseline_start,1-0__691,NA,NA,Orbicella franksi,480,cm2,17.7825,0.0017782499999999999,TRUE,Plot E__1__baseline_start__1-0__691,1
Plot E,all,Plot E,May,1,2025-05-07,baseline_start,1-0__692,NA,NA,Orbicella franksi,480,cm2,3.685,3.685e-4,TRUE,Plot E__1__baseline_start__1-0__692,1
Plot E,all,Plot E,May,1,2025-05-07,baseline_start,1-0__693,NA,NA,Orbicella franksi,480,cm2,12.18,0.001218,TRUE,Plot E__1__baseline_start__1-0__693,1
Plot E,all,Plot E,May,1,2025-05-07,baseline_start,1-0__694,NA,NA,Orbicella franksi,480,cm2,3.3475,3.3475000000000003e-4,TRUE,Plot E__1__baseline_start__1-0__694,1
Plot E,all,Plot E,May,1,2025-05-07,baseline_start,1-0__697,NA,NA,Orbicella franksi,480,cm2,5.98,5.98e-4,TRUE,Plot E__1__baseline_start__1-0__697,1
Plot E,all,Plot E,May,1,2025-05-07,baseline_start,1-0__698,NA,NA,Orbicella franksi,480,cm2,3.695,3.695e-4,TRUE,Plot E__1__baseline_start__1-0__698,1
Plot E,all,Plot E,May,1,2025-05-07,baseline_start,1-0__699,NA,NA,Orbicella franksi,480,cm2,5.7675,5.7675e-4,TRUE,Plot E__1__baseline_start__1-0__699,1
Plot E,all,Plot E,May,1,2025-05-07,baseline_start,1-0__7,NA,NA,Orbicella annularis,480,cm2,2.2525,2.2525e-4,TRUE,Plot E__1__baseline_start__1-0__7,1
Plot E,all,Plot E,May,1,2025-05-07,baseline_start,1-0__700,NA,NA,Orbicella franksi,480,cm2,7.765,7.765e-4,TRUE,Plot E__1__baseline_start__1-0__700,1
Plot E,all,Plot E,May,1,2025-05-07,baseline_start,1-0__727,NA,NA,Acropora palmata,480,cm2,12.3675,0.00123675,TRUE,Plot E__1__baseline_start__1-0__727,1
Plot E,all,Plot E,May,1,2025-05-07,baseline_start,1-0__730,NA,NA,Acropora palmata,480,cm2,13.2525,0.00132525,TRUE,Plot E__1__baseline_start__1-0__730,1
Plot E,all,Plot E,May,1,2025-05-07,baseline_start,1-0__732,NA,NA,Acropora palmata,480,cm2,11.3875,0.00113875,TRUE,Plot E__1__baseline_start__1-0__732,1
Plot E,all,Plot E,May,1,2025-05-07,baseline_start,1-0__733,NA,NA,Acropora palmata,480,cm2,12.9875,0.00129875,TRUE,Plot E__1__baseline_start__1-0__733,1
Plot E,all,Plot E,May,1,2025-05-07,baseline_start,1-0__737,NA,NA,Acropora palmata,480,cm2,17.8025,0.00178025,TRUE,Plot E__1__baseline_start__1-0__737,1
Plot E,all,Plot E,May,1,2025-05-07,baseline_start,1-0__738,NA,NA,Acropora palmata,480,cm2,10.59,0.001059,TRUE,Plot E__1__baseline_start__1-0__738,1
Plot E,all,Plot E,May,1,2025-05-07,baseline_start,1-0__740,NA,NA,Acropora palmata,480,cm2,18.47,0.001847,TRUE,Plot E__1__baseline_start__1-0__740,1
Plot E,all,Plot E,May,1,2025-05-07,baseline_start,1-0__742,NA,NA,Acropora palmata,480,cm2,10.745,0.0010745,TRUE,Plot E__1__baseline_start__1-0__742,1
Plot E,all,Plot E,May,1,2025-05-07,baseline_start,1-0__745,NA,NA,Orbicella faveolata,480,cm2,4.4175,4.4175000000000003e-4,TRUE,Plot E__1__baseline_start__1-0__745,1
Plot E,all,Plot E,May,1,2025-05-07,baseline_start,1-0__746,NA,NA,Orbicella faveolata,480,cm2,5.3775,5.3775e-4,TRUE,Plot E__1__baseline_start__1-0__746,1
Plot E,all,Plot E,May,1,2025-05-07,baseline_start,1-0__748,NA,NA,Orbicella faveolata,480,cm2,5.7525,5.7525e-4,TRUE,Plot E__1__baseline_start__1-0__748,1
Plot E,all,Plot E,May,1,2025-05-07,baseline_start,1-0__749,NA,NA,Acropora palmata,480,cm2,8.6125,8.6125e-4,TRUE,Plot E__1__baseline_start__1-0__749,1
Plot E,all,Plot E,May,1,2025-05-07,baseline_start,1-0__753,NA,NA,Acropora palmata,480,cm2,19.755,0.0019755,TRUE,Plot E__1__baseline_start__1-0__753,1
Plot E,all,Plot E,May,1,2025-05-07,baseline_start,1-0__754,NA,NA,Acropora palmata,480,cm2,16.5075,0.00165075,TRUE,Plot E__1__baseline_start__1-0__754,1
Plot E,all,Plot E,May,1,2025-05-07,baseline_start,1-0__755,NA,NA,Orbicella faveolata,480,cm2,14.995000000000001,0.0014995,TRUE,Plot E__1__baseline_start__1-0__755,1
Plot E,all,Plot E,May,1,2025-05-07,baseline_start,1-0__757,NA,NA,Orbicella faveolata,480,cm2,7.6575,7.657499999999999e-4,TRUE,Plot E__1__baseline_start__1-0__757,1
Plot E,all,Plot E,May,1,2025-05-07,baseline_start,1-0__759,NA,NA,Acropora palmata,480,cm2,9.605,9.605000000000001e-4,TRUE,Plot E__1__baseline_start__1-0__759,1
Plot E,all,Plot E,May,1,2025-05-07,baseline_start,1-0__760,NA,NA,Acropora palmata,480,cm2,14.3475,0.00143475,TRUE,Plot E__1__baseline_start__1-0__760,1
Plot E,all,Plot E,May,1,2025-05-07,baseline_start,1-0__762,NA,NA,Orbicella faveolata,480,cm2,22.317500000000003,0.0022317500000000002,TRUE,Plot E__1__baseline_start__1-0__762,1
Plot E,all,Plot E,May,1,2025-05-07,baseline_start,1-0__764,NA,NA,Acropora palmata,480,cm2,14.895,0.0014895,TRUE,Plot E__1__baseline_start__1-0__764,1
Plot E,all,Plot E,May,1,2025-05-07,baseline_start,1-0__765,NA,NA,Orbicella faveolata,480,cm2,5.735,5.735e-4,TRUE,Plot E__1__baseline_start__1-0__765,1
Plot E,all,Plot E,May,1,2025-05-07,baseline_start,1-0__767,NA,NA,Acropora palmata,480,cm2,14.5,0.00145,TRUE,Plot E__1__baseline_start__1-0__767,1
Plot E,all,Plot E,May,1,2025-05-07,baseline_start,1-0__784,NA,NA,Acropora palmata,480,cm2,12.83,0.001283,TRUE,Plot E__1__baseline_start__1-0__784,1
Plot E,all,Plot E,May,1,2025-05-07,baseline_start,1-0__792,NA,NA,Acropora palmata,480,cm2,23,0.0023,TRUE,Plot E__1__baseline_start__1-0__792,1
Plot E,all,Plot E,May,1,2025-05-07,baseline_start,1-0__793,NA,NA,Acropora palmata,480,cm2,10.1225,0.0010122500000000001,TRUE,Plot E__1__baseline_start__1-0__793,1
Plot E,all,Plot E,May,1,2025-05-07,baseline_start,1-0__796,NA,NA,Acropora palmata,480,cm2,11.4875,0.00114875,TRUE,Plot E__1__baseline_start__1-0__796,1
Plot E,all,Plot E,May,1,2025-05-07,baseline_start,1-0__798,NA,NA,Acropora palmata,480,cm2,15.15,0.001515,TRUE,Plot E__1__baseline_start__1-0__798,1
Plot E,all,Plot E,May,1,2025-05-07,baseline_start,1-0__8,NA,NA,Orbicella annularis,480,cm2,18.1775,0.00181775,TRUE,Plot E__1__baseline_start__1-0__8,1
Plot E,all,Plot E,May,1,2025-05-07,baseline_start,1-0__801,NA,NA,Acropora palmata,480,cm2,21.665,0.0021665,TRUE,Plot E__1__baseline_start__1-0__801,1
Plot E,all,Plot E,May,1,2025-05-07,baseline_start,1-0__802,NA,NA,Acropora palmata,480,cm2,10.805,0.0010804999999999999,TRUE,Plot E__1__baseline_start__1-0__802,1
Plot E,all,Plot E,May,1,2025-05-07,baseline_start,1-0__804,NA,NA,Acropora palmata,480,cm2,10.84,0.001084,TRUE,Plot E__1__baseline_start__1-0__804,1
Plot E,all,Plot E,May,1,2025-05-07,baseline_start,1-0__805,NA,NA,Acropora palmata,480,cm2,30.32,0.003032,TRUE,Plot E__1__baseline_start__1-0__805,1
Plot E,all,Plot E,May,1,2025-05-07,baseline_start,1-0__806,NA,NA,Acropora palmata,480,cm2,12.4925,0.00124925,TRUE,Plot E__1__baseline_start__1-0__806,1
Plot E,all,Plot E,May,1,2025-05-07,baseline_start,1-0__808,NA,NA,Acropora palmata,480,cm2,11.7375,0.00117375,TRUE,Plot E__1__baseline_start__1-0__808,1
Plot E,all,Plot E,May,1,2025-05-07,baseline_start,1-0__810,NA,NA,Acropora palmata,480,cm2,9.1425,9.1425e-4,TRUE,Plot E__1__baseline_start__1-0__810,1
Plot E,all,Plot E,May,1,2025-05-07,baseline_start,1-0__811,NA,NA,Acropora palmata,480,cm2,12.5,0.00125,TRUE,Plot E__1__baseline_start__1-0__811,1
Plot E,all,Plot E,May,1,2025-05-07,baseline_start,1-0__814,NA,NA,Acropora palmata,480,cm2,13.225,0.0013224999999999999,TRUE,Plot E__1__baseline_start__1-0__814,1
Plot E,all,Plot E,May,1,2025-05-07,baseline_start,1-0__828,NA,NA,Orbicella franksi,480,cm2,25.9525,0.00259525,TRUE,Plot E__1__baseline_start__1-0__828,1
Plot E,all,Plot E,May,1,2025-05-07,baseline_start,1-0__829,NA,NA,Orbicella franksi,480,cm2,4.13,4.13e-4,TRUE,Plot E__1__baseline_start__1-0__829,1
Plot E,all,Plot E,May,1,2025-05-07,baseline_start,1-0__831,NA,NA,Orbicella franksi,480,cm2,5.0875,5.087500000000001e-4,TRUE,Plot E__1__baseline_start__1-0__831,1
Plot E,all,Plot E,May,1,2025-05-07,baseline_start,1-0__833,NA,NA,Orbicella franksi,480,cm2,10.6575,0.00106575,TRUE,Plot E__1__baseline_start__1-0__833,1
Plot E,all,Plot E,May,1,2025-05-07,baseline_start,1-0__835,NA,NA,Orbicella franksi,480,cm2,6.7875,6.7875e-4,TRUE,Plot E__1__baseline_start__1-0__835,1
Plot E,all,Plot E,May,1,2025-05-07,baseline_start,1-0__836,NA,NA,Orbicella franksi,480,cm2,4.1875,4.1875e-4,TRUE,Plot E__1__baseline_start__1-0__836,1
Plot E,all,Plot E,May,1,2025-05-07,baseline_start,1-0__841,NA,NA,Orbicella annularis,480,cm2,43.15,0.004315,TRUE,Plot E__1__baseline_start__1-0__841,1
Plot E,all,Plot E,May,1,2025-05-07,baseline_start,1-0__846,NA,NA,Orbicella annularis,480,cm2,2.4625,2.4625e-4,TRUE,Plot E__1__baseline_start__1-0__846,1
Plot E,all,Plot E,May,1,2025-05-07,baseline_start,1-0__85,NA,NA,Orbicella annularis,480,cm2,51.025,0.0051025,TRUE,Plot E__1__baseline_start__1-0__85,1
Plot E,all,Plot E,May,1,2025-05-07,baseline_start,1-0__850,NA,NA,Orbicella annularis,480,cm2,2.665,2.665e-4,TRUE,Plot E__1__baseline_start__1-0__850,1
Plot E,all,Plot E,May,1,2025-05-07,baseline_start,1-0__851,NA,NA,Orbicella annularis,480,cm2,1.12,1.1200000000000001e-4,TRUE,Plot E__1__baseline_start__1-0__851,1
Plot E,all,Plot E,May,1,2025-05-07,baseline_start,1-0__852,NA,NA,Orbicella annularis,480,cm2,0.25,2.5e-5,TRUE,Plot E__1__baseline_start__1-0__852,1
Plot E,all,Plot E,May,1,2025-05-07,baseline_start,1-0__868,NA,NA,Orbicella annularis,480,cm2,71.03500000000001,0.0071035000000000004,TRUE,Plot E__1__baseline_start__1-0__868,1
Plot E,all,Plot E,May,1,2025-05-07,baseline_start,1-0__9,NA,NA,Orbicella annularis,480,cm2,0.87,8.7e-5,TRUE,Plot E__1__baseline_start__1-0__9,1
Plot E,all,Plot E,May,1,2025-05-07,baseline_start,1-0__90,NA,NA,Orbicella annularis,480,cm2,2.855,2.855e-4,TRUE,Plot E__1__baseline_start__1-0__90,1
Plot E,all,Plot E,May,1,2025-05-07,baseline_start,1-0__928,NA,NA,Orbicella franksi,480,cm2,6.6875,6.6875e-4,TRUE,Plot E__1__baseline_start__1-0__928,1
Plot E,all,Plot E,May,1,2025-05-07,baseline_start,1-0__930,NA,NA,Orbicella franksi,480,cm2,6.205,6.205e-4,TRUE,Plot E__1__baseline_start__1-0__930,1
Plot E,all,Plot E,May,1,2025-05-07,baseline_start,1-0__932,NA,NA,Orbicella franksi,480,cm2,16.604999999999997,0.0016604999999999999,TRUE,Plot E__1__baseline_start__1-0__932,1
Plot E,all,Plot E,May,1,2025-05-07,baseline_start,1-0__933,NA,NA,Orbicella franksi,480,cm2,22.7075,0.00227075,TRUE,Plot E__1__baseline_start__1-0__933,1
Plot E,all,Plot E,May,1,2025-05-07,baseline_start,1-0__939,NA,NA,Orbicella franksi,480,cm2,4.86,4.8600000000000005e-4,TRUE,Plot E__1__baseline_start__1-0__939,1
Plot E,all,Plot E,May,1,2025-05-07,baseline_start,1-0__942,NA,NA,Orbicella franksi,480,cm2,7.3475,7.3475e-4,TRUE,Plot E__1__baseline_start__1-0__942,1
Plot E,all,Plot E,May,1,2025-05-07,baseline_start,1-0__969,NA,NA,Acropora cervicornis,480,cm2,9.2625,9.262499999999999e-4,TRUE,Plot E__1__baseline_start__1-0__969,1
Plot E,all,Plot E,May,1,2025-05-07,baseline_start,1-0__971,NA,NA,Acropora cervicornis,480,cm2,2.3675,2.3675e-4,TRUE,Plot E__1__baseline_start__1-0__971,1
Plot E,all,Plot E,May,1,2025-05-07,baseline_start,1-0__977,NA,NA,Acropora cervicornis,480,cm2,3.25,3.25e-4,TRUE,Plot E__1__baseline_start__1-0__977,1
Plot E,all,Plot E,May,1,2025-05-07,baseline_start,1-0__979,NA,NA,Acropora cervicornis,480,cm2,2.3575,2.3574999999999998e-4,TRUE,Plot E__1__baseline_start__1-0__979,1
Plot E,all,Plot E,May,1,2025-05-07,baseline_start,1-0__980,NA,NA,Acropora cervicornis,480,cm2,7.4675,7.4675e-4,TRUE,Plot E__1__baseline_start__1-0__980,1
Plot E,all,Plot E,May,1,2025-05-07,baseline_start,1-0__982,NA,NA,Acropora cervicornis,480,cm2,2.4275,2.4275000000000002e-4,TRUE,Plot E__1__baseline_start__1-0__982,1
Plot E,all,Plot E,May,1,2025-05-07,baseline_start,1-0__985,NA,NA,Acropora cervicornis,480,cm2,6.8975,6.8975e-4,TRUE,Plot E__1__baseline_start__1-0__985,1
Plot E,all,Plot E,May,1,2025-05-07,baseline_start,1-0__986,NA,NA,Acropora cervicornis,480,cm2,8.1125,8.112500000000001e-4,TRUE,Plot E__1__baseline_start__1-0__986,1
Plot E,all,Plot E,May,1,2025-05-07,baseline_start,1-1__0,NA,NA,Orbicella annularis,480,cm2,0.225,2.25e-5,TRUE,Plot E__1__baseline_start__1-1__0,1
Plot E,all,Plot E,May,1,2025-05-07,baseline_start,1-1__10,NA,NA,Acropora palmata,480,cm2,19.885,0.0019885000000000002,TRUE,Plot E__1__baseline_start__1-1__10,1
Plot E,all,Plot E,May,1,2025-05-07,baseline_start,1-1__11,NA,NA,Orbicella franksi,480,cm2,3.2775,3.2774999999999997e-4,TRUE,Plot E__1__baseline_start__1-1__11,1
Plot E,all,Plot E,May,1,2025-05-07,baseline_start,1-1__12,NA,NA,Acropora palmata,480,cm2,17.0325,0.00170325,TRUE,Plot E__1__baseline_start__1-1__12,1
Plot E,all,Plot E,May,1,2025-05-07,baseline_start,1-1__13,NA,NA,Orbicella franksi,480,cm2,2.75,2.75e-4,TRUE,Plot E__1__baseline_start__1-1__13,1
Plot E,all,Plot E,May,1,2025-05-07,baseline_start,1-1__14,NA,NA,Orbicella franksi,480,cm2,3.7425,3.7425e-4,TRUE,Plot E__1__baseline_start__1-1__14,1
Plot E,all,Plot E,May,1,2025-05-07,baseline_start,1-1__15,NA,NA,Acropora palmata,480,cm2,16.985,0.0016985,TRUE,Plot E__1__baseline_start__1-1__15,1
Plot E,all,Plot E,May,1,2025-05-07,baseline_start,1-1__16,NA,NA,Orbicella annularis,480,cm2,8.0875,8.0875e-4,TRUE,Plot E__1__baseline_start__1-1__16,1
Plot E,all,Plot E,May,1,2025-05-07,baseline_start,1-1__17,NA,NA,Acropora palmata,480,cm2,17.455,0.0017454999999999999,TRUE,Plot E__1__baseline_start__1-1__17,1
Plot E,all,Plot E,May,1,2025-05-07,baseline_start,1-1__18,NA,NA,Orbicella annularis,480,cm2,2.4425,2.4425e-4,TRUE,Plot E__1__baseline_start__1-1__18,1
Plot E,all,Plot E,May,1,2025-05-07,baseline_start,1-1__19,NA,NA,Orbicella annularis,480,cm2,7.914999999999999,7.914999999999999e-4,TRUE,Plot E__1__baseline_start__1-1__19,1
Plot E,all,Plot E,May,1,2025-05-07,baseline_start,1-1__2,NA,NA,Orbicella franksi,480,cm2,4.2,4.2e-4,TRUE,Plot E__1__baseline_start__1-1__2,1
Plot E,all,Plot E,May,1,2025-05-07,baseline_start,1-1__20,NA,NA,Orbicella annularis,480,cm2,4.635,4.635e-4,TRUE,Plot E__1__baseline_start__1-1__20,1
Plot E,all,Plot E,May,1,2025-05-07,baseline_start,1-1__21,NA,NA,Orbicella annularis,480,cm2,25.799999999999997,0.0025800000000000003,TRUE,Plot E__1__baseline_start__1-1__21,1
Plot E,all,Plot E,May,1,2025-05-07,baseline_start,1-1__22,NA,NA,Orbicella annularis,480,cm2,3.135,3.135e-4,TRUE,Plot E__1__baseline_start__1-1__22,1
Plot E,all,Plot E,May,1,2025-05-07,baseline_start,1-1__23,NA,NA,Acropora palmata,480,cm2,37.365,0.0037365000000000002,TRUE,Plot E__1__baseline_start__1-1__23,1
Plot E,all,Plot E,May,1,2025-05-07,baseline_start,1-1__24,NA,NA,Orbicella annularis,480,cm2,0.56,5.6000000000000006e-5,TRUE,Plot E__1__baseline_start__1-1__24,1
Plot E,all,Plot E,May,1,2025-05-07,baseline_start,1-1__25,NA,NA,Orbicella annularis,480,cm2,7.5875,7.587500000000001e-4,TRUE,Plot E__1__baseline_start__1-1__25,1
Plot E,all,Plot E,May,1,2025-05-07,baseline_start,1-1__26,NA,NA,Orbicella annularis,480,cm2,2.03,2.0299999999999997e-4,TRUE,Plot E__1__baseline_start__1-1__26,1
Plot E,all,Plot E,May,1,2025-05-07,baseline_start,1-1__27,NA,NA,Orbicella annularis,480,cm2,3.0175,3.0175e-4,TRUE,Plot E__1__baseline_start__1-1__27,1
Plot E,all,Plot E,May,1,2025-05-07,baseline_start,1-1__28,NA,NA,Orbicella annularis,480,cm2,7.6075,7.6075e-4,TRUE,Plot E__1__baseline_start__1-1__28,1
Plot E,all,Plot E,May,1,2025-05-07,baseline_start,1-1__29,NA,NA,Orbicella annularis,480,cm2,0.76,7.6e-5,TRUE,Plot E__1__baseline_start__1-1__29,1
Plot E,all,Plot E,May,1,2025-05-07,baseline_start,1-1__3,NA,NA,Orbicella franksi,480,cm2,3.285,3.285e-4,TRUE,Plot E__1__baseline_start__1-1__3,1
Plot E,all,Plot E,May,1,2025-05-07,baseline_start,1-1__30,NA,NA,Orbicella annularis,480,cm2,0.4575,4.575e-5,TRUE,Plot E__1__baseline_start__1-1__30,1
Plot E,all,Plot E,May,1,2025-05-07,baseline_start,1-1__31,NA,NA,Orbicella annularis,480,cm2,8.9275,8.9275e-4,TRUE,Plot E__1__baseline_start__1-1__31,1
Plot E,all,Plot E,May,1,2025-05-07,baseline_start,1-1__32,NA,NA,Acropora palmata,480,cm2,172.20250000000001,0.01722025,TRUE,Plot E__1__baseline_start__1-1__32,1
Plot E,all,Plot E,May,1,2025-05-07,baseline_start,1-1__33,NA,NA,Orbicella annularis,480,cm2,2.1625,2.1625e-4,TRUE,Plot E__1__baseline_start__1-1__33,1
Plot E,all,Plot E,May,1,2025-05-07,baseline_start,1-1__34,NA,NA,Orbicella annularis,480,cm2,3.06,3.06e-4,TRUE,Plot E__1__baseline_start__1-1__34,1
Plot E,all,Plot E,May,1,2025-05-07,baseline_start,1-1__35,NA,NA,Orbicella annularis,480,cm2,0.4125,4.125e-5,TRUE,Plot E__1__baseline_start__1-1__35,1
Plot E,all,Plot E,May,1,2025-05-07,baseline_start,1-1__36,NA,NA,Orbicella annularis,480,cm2,1.2225,1.2225e-4,TRUE,Plot E__1__baseline_start__1-1__36,1
Plot E,all,Plot E,May,1,2025-05-07,baseline_start,1-1__38,NA,NA,Orbicella franksi,480,cm2,5.48,5.480000000000001e-4,TRUE,Plot E__1__baseline_start__1-1__38,1
Plot E,all,Plot E,May,1,2025-05-07,baseline_start,1-1__39,NA,NA,Orbicella franksi,480,cm2,4.6675,4.6675000000000004e-4,TRUE,Plot E__1__baseline_start__1-1__39,1
Plot E,all,Plot E,May,1,2025-05-07,baseline_start,1-1__4,NA,NA,Orbicella franksi,480,cm2,3.8675,3.8675e-4,TRUE,Plot E__1__baseline_start__1-1__4,1
Plot E,all,Plot E,May,1,2025-05-07,baseline_start,1-1__40,NA,NA,Orbicella franksi,480,cm2,4.6725,4.6725000000000005e-4,TRUE,Plot E__1__baseline_start__1-1__40,1
Plot E,all,Plot E,May,1,2025-05-07,baseline_start,1-1__41,NA,NA,Orbicella franksi,480,cm2,4.735,4.735e-4,TRUE,Plot E__1__baseline_start__1-1__41,1
Plot E,all,Plot E,May,1,2025-05-07,baseline_start,1-1__42,NA,NA,Orbicella franksi,480,cm2,5.0075,5.0075e-4,TRUE,Plot E__1__baseline_start__1-1__42,1
Plot E,all,Plot E,May,1,2025-05-07,baseline_start,1-1__43,NA,NA,Orbicella franksi,480,cm2,5.5875,5.5875e-4,TRUE,Plot E__1__baseline_start__1-1__43,1
Plot E,all,Plot E,May,1,2025-05-07,baseline_start,1-1__44,NA,NA,Orbicella franksi,480,cm2,3.7475,3.7475000000000003e-4,TRUE,Plot E__1__baseline_start__1-1__44,1
Plot E,all,Plot E,May,1,2025-05-07,baseline_start,1-1__45,NA,NA,Orbicella franksi,480,cm2,4.7825,4.7825e-4,TRUE,Plot E__1__baseline_start__1-1__45,1
Plot E,all,Plot E,May,1,2025-05-07,baseline_start,1-1__46,NA,NA,Orbicella franksi,480,cm2,4.155,4.155e-4,TRUE,Plot E__1__baseline_start__1-1__46,1
Plot E,all,Plot E,May,1,2025-05-07,baseline_start,1-1__47,NA,NA,Orbicella annularis,480,cm2,5.5025,5.502500000000001e-4,TRUE,Plot E__1__baseline_start__1-1__47,1
Plot E,all,Plot E,May,1,2025-05-07,baseline_start,1-1__48,NA,NA,Orbicella annularis,480,cm2,2.5825,2.5825e-4,TRUE,Plot E__1__baseline_start__1-1__48,1
Plot E,all,Plot E,May,1,2025-05-07,baseline_start,1-1__49,NA,NA,Orbicella annularis,480,cm2,5.4525,5.452499999999999e-4,TRUE,Plot E__1__baseline_start__1-1__49,1
Plot E,all,Plot E,May,1,2025-05-07,baseline_start,1-1__5,NA,NA,Orbicella franksi,480,cm2,4,4e-4,TRUE,Plot E__1__baseline_start__1-1__5,1
Plot E,all,Plot E,May,1,2025-05-07,baseline_start,1-1__50,NA,NA,Orbicella annularis,480,cm2,4.55,4.55e-4,TRUE,Plot E__1__baseline_start__1-1__50,1
Plot E,all,Plot E,May,1,2025-05-07,baseline_start,1-1__51,NA,NA,Orbicella annularis,480,cm2,5.845,5.845e-4,TRUE,Plot E__1__baseline_start__1-1__51,1
Plot E,all,Plot E,May,1,2025-05-07,baseline_start,1-1__52,NA,NA,Orbicella annularis,480,cm2,16.25,0.001625,TRUE,Plot E__1__baseline_start__1-1__52,1
Plot E,all,Plot E,May,1,2025-05-07,baseline_start,1-1__53,NA,NA,Orbicella annularis,480,cm2,5.4325,5.4325e-4,TRUE,Plot E__1__baseline_start__1-1__53,1
Plot E,all,Plot E,May,1,2025-05-07,baseline_start,1-1__54,NA,NA,Orbicella annularis,480,cm2,5.1175,5.117499999999999e-4,TRUE,Plot E__1__baseline_start__1-1__54,1
Plot E,all,Plot E,May,1,2025-05-07,baseline_start,1-1__55,NA,NA,Orbicella faveolata,480,cm2,8.4725,8.4725e-4,TRUE,Plot E__1__baseline_start__1-1__55,1
Plot E,all,Plot E,May,1,2025-05-07,baseline_start,1-1__56,NA,NA,Orbicella faveolata,480,cm2,4.6325,4.6325e-4,TRUE,Plot E__1__baseline_start__1-1__56,1
Plot E,all,Plot E,May,1,2025-05-07,baseline_start,1-1__57,NA,NA,Orbicella faveolata,480,cm2,5.7825,5.7825e-4,TRUE,Plot E__1__baseline_start__1-1__57,1
Plot E,all,Plot E,May,1,2025-05-07,baseline_start,1-1__58,NA,NA,Acropora palmata,480,cm2,17.94,0.001794,TRUE,Plot E__1__baseline_start__1-1__58,1
Plot E,all,Plot E,May,1,2025-05-07,baseline_start,1-1__59,NA,NA,Acropora palmata,480,cm2,17.8575,0.0017857500000000002,TRUE,Plot E__1__baseline_start__1-1__59,1
Plot E,all,Plot E,May,1,2025-05-07,baseline_start,1-1__6,NA,NA,Orbicella franksi,480,cm2,2.4575,2.4575e-4,TRUE,Plot E__1__baseline_start__1-1__6,1
Plot E,all,Plot E,May,1,2025-05-07,baseline_start,1-1__60,NA,NA,Acropora palmata,480,cm2,18.8325,0.00188325,TRUE,Plot E__1__baseline_start__1-1__60,1
Plot E,all,Plot E,May,1,2025-05-07,baseline_start,1-1__61,NA,NA,Acropora palmata,480,cm2,10.8775,0.00108775,TRUE,Plot E__1__baseline_start__1-1__61,1
Plot E,all,Plot E,May,1,2025-05-07,baseline_start,1-1__62,NA,NA,Acropora palmata,480,cm2,15.3625,0.00153625,TRUE,Plot E__1__baseline_start__1-1__62,1
Plot E,all,Plot E,May,1,2025-05-07,baseline_start,1-1__7,NA,NA,Acropora palmata,480,cm2,21.1325,0.00211325,TRUE,Plot E__1__baseline_start__1-1__7,1
Plot E,all,Plot E,May,1,2025-05-07,baseline_start,1-1__8,NA,NA,Orbicella franksi,480,cm2,4.0875,4.0875000000000004e-4,TRUE,Plot E__1__baseline_start__1-1__8,1
Plot E,all,Plot E,May,1,2025-05-07,baseline_start,1-1__9,NA,NA,Orbicella franksi,480,cm2,3.7275,3.7275e-4,TRUE,Plot E__1__baseline_start__1-1__9,1
Plot E,all,Plot E,June,2,2025-06-09,interval_end,1-0__10,NA,NA,Orbicella annularis,480,cm2,1.6375,1.6375e-4,TRUE,Plot E__2__interval_end__1-0__10,1
Plot E,all,Plot E,June,2,2025-06-09,interval_end,1-0__1022,NA,NA,Orbicella annularis,480,cm2,3.5475,3.5475e-4,TRUE,Plot E__2__interval_end__1-0__1022,1
Plot E,all,Plot E,June,2,2025-06-09,interval_end,1-0__1023,NA,NA,Orbicella annularis,480,cm2,5.4825,5.4825e-4,TRUE,Plot E__2__interval_end__1-0__1023,1
Plot E,all,Plot E,June,2,2025-06-09,interval_end,1-0__1037,NA,NA,Orbicella faveolata,480,cm2,7.5525,7.552500000000001e-4,TRUE,Plot E__2__interval_end__1-0__1037,1
Plot E,all,Plot E,June,2,2025-06-09,interval_end,1-0__1040,NA,NA,Orbicella faveolata,480,cm2,9.985,9.985e-4,TRUE,Plot E__2__interval_end__1-0__1040,1
Plot E,all,Plot E,June,2,2025-06-09,interval_end,1-0__1041,NA,NA,Orbicella faveolata,480,cm2,6.8725,6.872499999999999e-4,TRUE,Plot E__2__interval_end__1-0__1041,1
Plot E,all,Plot E,June,2,2025-06-09,interval_end,1-0__1087,NA,NA,Orbicella faveolata,480,cm2,11.455,0.0011455,TRUE,Plot E__2__interval_end__1-0__1087,1
Plot E,all,Plot E,June,2,2025-06-09,interval_end,1-0__1090,NA,NA,Orbicella faveolata,480,cm2,5.055,5.055e-4,TRUE,Plot E__2__interval_end__1-0__1090,1
Plot E,all,Plot E,June,2,2025-06-09,interval_end,1-0__1091,NA,NA,Orbicella faveolata,480,cm2,5.95,5.95e-4,TRUE,Plot E__2__interval_end__1-0__1091,1
Plot E,all,Plot E,June,2,2025-06-09,interval_end,1-0__1092,NA,NA,Orbicella faveolata,480,cm2,6.755,6.755e-4,TRUE,Plot E__2__interval_end__1-0__1092,1
Plot E,all,Plot E,June,2,2025-06-09,interval_end,1-0__1109,NA,NA,Acropora palmata,480,cm2,0,0,FALSE,Plot E__2__interval_end__1-0__1109,1
Plot E,all,Plot E,June,2,2025-06-09,interval_end,1-0__1111,NA,NA,Acropora palmata,480,cm2,0,0,FALSE,Plot E__2__interval_end__1-0__1111,1
Plot E,all,Plot E,June,2,2025-06-09,interval_end,1-0__1114,NA,NA,Acropora palmata,480,cm2,14.36,0.001436,TRUE,Plot E__2__interval_end__1-0__1114,1
Plot E,all,Plot E,June,2,2025-06-09,interval_end,1-0__1115,NA,NA,Acropora palmata,480,cm2,13.9125,0.00139125,TRUE,Plot E__2__interval_end__1-0__1115,1
Plot E,all,Plot E,June,2,2025-06-09,interval_end,1-0__1117,NA,NA,Acropora palmata,480,cm2,0,0,FALSE,Plot E__2__interval_end__1-0__1117,1
Plot E,all,Plot E,June,2,2025-06-09,interval_end,1-0__1118,NA,NA,Orbicella faveolata,480,cm2,3.8275,3.8275e-4,TRUE,Plot E__2__interval_end__1-0__1118,1
Plot E,all,Plot E,June,2,2025-06-09,interval_end,1-0__1120,NA,NA,Acropora palmata,480,cm2,0,0,FALSE,Plot E__2__interval_end__1-0__1120,1
Plot E,all,Plot E,June,2,2025-06-09,interval_end,1-0__1122,NA,NA,Orbicella faveolata,480,cm2,6.3675,6.3675e-4,TRUE,Plot E__2__interval_end__1-0__1122,1
Plot E,all,Plot E,June,2,2025-06-09,interval_end,1-0__1125,NA,NA,Acropora palmata,480,cm2,31.1325,0.0031132499999999997,TRUE,Plot E__2__interval_end__1-0__1125,1
Plot E,all,Plot E,June,2,2025-06-09,interval_end,1-0__1126,NA,NA,Orbicella faveolata,480,cm2,3.1825,3.1825e-4,TRUE,Plot E__2__interval_end__1-0__1126,1
Plot E,all,Plot E,June,2,2025-06-09,interval_end,1-0__1127,NA,NA,Acropora palmata,480,cm2,0,0,FALSE,Plot E__2__interval_end__1-0__1127,1
Plot E,all,Plot E,June,2,2025-06-09,interval_end,1-0__1132,NA,NA,Acropora palmata,480,cm2,0,0,FALSE,Plot E__2__interval_end__1-0__1132,1
Plot E,all,Plot E,June,2,2025-06-09,interval_end,1-0__1152,NA,NA,Orbicella faveolata,480,cm2,6.6975,6.6975e-4,TRUE,Plot E__2__interval_end__1-0__1152,1
Plot E,all,Plot E,June,2,2025-06-09,interval_end,1-0__1153,NA,NA,Orbicella faveolata,480,cm2,4.5775,4.5775e-4,TRUE,Plot E__2__interval_end__1-0__1153,1
Plot E,all,Plot E,June,2,2025-06-09,interval_end,1-0__1154,NA,NA,Orbicella faveolata,480,cm2,4.055,4.055e-4,TRUE,Plot E__2__interval_end__1-0__1154,1
Plot E,all,Plot E,June,2,2025-06-09,interval_end,1-0__1158,NA,NA,Orbicella faveolata,480,cm2,4.0675,4.0675e-4,TRUE,Plot E__2__interval_end__1-0__1158,1
Plot E,all,Plot E,June,2,2025-06-09,interval_end,1-0__1159,NA,NA,Orbicella faveolata,480,cm2,5.39,5.39e-4,TRUE,Plot E__2__interval_end__1-0__1159,1
Plot E,all,Plot E,June,2,2025-06-09,interval_end,1-0__1161,NA,NA,Orbicella faveolata,480,cm2,3.3275,3.3275000000000004e-4,TRUE,Plot E__2__interval_end__1-0__1161,1
Plot E,all,Plot E,June,2,2025-06-09,interval_end,1-0__1173,NA,NA,Orbicella annularis,480,cm2,4.9375,4.9375e-4,TRUE,Plot E__2__interval_end__1-0__1173,1
Plot E,all,Plot E,June,2,2025-06-09,interval_end,1-0__1174,NA,NA,Orbicella annularis,480,cm2,1.6575,1.6575e-4,TRUE,Plot E__2__interval_end__1-0__1174,1
Plot E,all,Plot E,June,2,2025-06-09,interval_end,1-0__1176,NA,NA,Orbicella annularis,480,cm2,3.015,3.015e-4,TRUE,Plot E__2__interval_end__1-0__1176,1
Plot E,all,Plot E,June,2,2025-06-09,interval_end,1-0__1177,NA,NA,Orbicella annularis,480,cm2,19.7175,0.00197175,TRUE,Plot E__2__interval_end__1-0__1177,1
Plot E,all,Plot E,June,2,2025-06-09,interval_end,1-0__1178,NA,NA,Orbicella annularis,480,cm2,2.28,2.2799999999999999e-4,TRUE,Plot E__2__interval_end__1-0__1178,1
Plot E,all,Plot E,June,2,2025-06-09,interval_end,1-0__1179,NA,NA,Orbicella annularis,480,cm2,0.64,6.4e-5,TRUE,Plot E__2__interval_end__1-0__1179,1
Plot E,all,Plot E,June,2,2025-06-09,interval_end,1-0__1180,NA,NA,Orbicella annularis,480,cm2,1.1375,1.1375e-4,TRUE,Plot E__2__interval_end__1-0__1180,1
Plot E,all,Plot E,June,2,2025-06-09,interval_end,1-0__1209,NA,NA,Acropora cervicornis,480,cm2,8.1975,8.1975e-4,TRUE,Plot E__2__interval_end__1-0__1209,1
Plot E,all,Plot E,June,2,2025-06-09,interval_end,1-0__1210,NA,NA,Acropora cervicornis,480,cm2,7.4525,7.452499999999999e-4,TRUE,Plot E__2__interval_end__1-0__1210,1
Plot E,all,Plot E,June,2,2025-06-09,interval_end,1-0__1211,NA,NA,Acropora cervicornis,480,cm2,7.185,7.185e-4,TRUE,Plot E__2__interval_end__1-0__1211,1
Plot E,all,Plot E,June,2,2025-06-09,interval_end,1-0__1212,NA,NA,Acropora cervicornis,480,cm2,15.7075,0.00157075,TRUE,Plot E__2__interval_end__1-0__1212,1
Plot E,all,Plot E,June,2,2025-06-09,interval_end,1-0__1213,NA,NA,Acropora cervicornis,480,cm2,10.0775,0.00100775,TRUE,Plot E__2__interval_end__1-0__1213,1
Plot E,all,Plot E,June,2,2025-06-09,interval_end,1-0__1214,NA,NA,Acropora cervicornis,480,cm2,5.2925,5.2925e-4,TRUE,Plot E__2__interval_end__1-0__1214,1
Plot E,all,Plot E,June,2,2025-06-09,interval_end,1-0__1217,NA,NA,Orbicella faveolata,480,cm2,6.815,6.815e-4,TRUE,Plot E__2__interval_end__1-0__1217,1
Plot E,all,Plot E,June,2,2025-06-09,interval_end,1-0__1223,NA,NA,Orbicella faveolata,480,cm2,7.1075,7.1075e-4,TRUE,Plot E__2__interval_end__1-0__1223,1
Plot E,all,Plot E,June,2,2025-06-09,interval_end,1-0__1224,NA,NA,Orbicella faveolata,480,cm2,6.485,6.485e-4,TRUE,Plot E__2__interval_end__1-0__1224,1
Plot E,all,Plot E,June,2,2025-06-09,interval_end,1-0__2115,NA,NA,Orbicella annularis,480,cm2,7.1825,7.1825e-4,TRUE,Plot E__2__interval_end__1-0__2115,1
Plot E,all,Plot E,June,2,2025-06-09,interval_end,1-0__2117,NA,NA,Orbicella annularis,480,cm2,2.4225,2.4224999999999998e-4,TRUE,Plot E__2__interval_end__1-0__2117,1
Plot E,all,Plot E,June,2,2025-06-09,interval_end,1-0__2118,NA,NA,Orbicella annularis,480,cm2,2.3975,2.3975e-4,TRUE,Plot E__2__interval_end__1-0__2118,1
Plot E,all,Plot E,June,2,2025-06-09,interval_end,1-0__221,NA,NA,Orbicella annularis,480,cm2,27.825,0.0027825,TRUE,Plot E__2__interval_end__1-0__221,1
Plot E,all,Plot E,June,2,2025-06-09,interval_end,1-0__224,NA,NA,Orbicella annularis,480,cm2,74.555,0.0074555,TRUE,Plot E__2__interval_end__1-0__224,1
Plot E,all,Plot E,June,2,2025-06-09,interval_end,1-0__261,NA,NA,Orbicella annularis,480,cm2,59.105,0.0059105,TRUE,Plot E__2__interval_end__1-0__261,1
Plot E,all,Plot E,June,2,2025-06-09,interval_end,1-0__262,NA,NA,Orbicella annularis,480,cm2,1.93,1.93e-4,TRUE,Plot E__2__interval_end__1-0__262,1
Plot E,all,Plot E,June,2,2025-06-09,interval_end,1-0__344,NA,NA,Orbicella annularis,480,cm2,79.2,0.00792,TRUE,Plot E__2__interval_end__1-0__344,1
Plot E,all,Plot E,June,2,2025-06-09,interval_end,1-0__349,NA,NA,Orbicella annularis,480,cm2,57.32,0.005732,TRUE,Plot E__2__interval_end__1-0__349,1
Plot E,all,Plot E,June,2,2025-06-09,interval_end,1-0__351,NA,NA,Orbicella annularis,480,cm2,1.4025,1.4025000000000002e-4,TRUE,Plot E__2__interval_end__1-0__351,1
Plot E,all,Plot E,June,2,2025-06-09,interval_end,1-0__354,NA,NA,Orbicella annularis,480,cm2,1.4975,1.4975e-4,TRUE,Plot E__2__interval_end__1-0__354,1
Plot E,all,Plot E,June,2,2025-06-09,interval_end,1-0__365,NA,NA,Orbicella annularis,480,cm2,1.1625,1.1625e-4,TRUE,Plot E__2__interval_end__1-0__365,1
Plot E,all,Plot E,June,2,2025-06-09,interval_end,1-0__367,NA,NA,Orbicella annularis,480,cm2,24.8675,0.00248675,TRUE,Plot E__2__interval_end__1-0__367,1
Plot E,all,Plot E,June,2,2025-06-09,interval_end,1-0__368,NA,NA,Orbicella annularis,480,cm2,9.79,9.789999999999998e-4,TRUE,Plot E__2__interval_end__1-0__368,1
Plot E,all,Plot E,June,2,2025-06-09,interval_end,1-0__373,NA,NA,Orbicella annularis,480,cm2,2.09,2.0899999999999998e-4,TRUE,Plot E__2__interval_end__1-0__373,1
Plot E,all,Plot E,June,2,2025-06-09,interval_end,1-0__375,NA,NA,Orbicella annularis,480,cm2,5.1725,5.1725e-4,TRUE,Plot E__2__interval_end__1-0__375,1
Plot E,all,Plot E,June,2,2025-06-09,interval_end,1-0__382,NA,NA,Orbicella annularis,480,cm2,2.505,2.5049999999999996e-4,TRUE,Plot E__2__interval_end__1-0__382,1
Plot E,all,Plot E,June,2,2025-06-09,interval_end,1-0__4,NA,NA,Orbicella annularis,480,cm2,3.84,3.84e-4,TRUE,Plot E__2__interval_end__1-0__4,1
Plot E,all,Plot E,June,2,2025-06-09,interval_end,1-0__405,NA,NA,Orbicella franksi,480,cm2,35.51,0.003551,TRUE,Plot E__2__interval_end__1-0__405,1
Plot E,all,Plot E,June,2,2025-06-09,interval_end,1-0__409,NA,NA,Orbicella franksi,480,cm2,18.35,0.001835,TRUE,Plot E__2__interval_end__1-0__409,1
Plot E,all,Plot E,June,2,2025-06-09,interval_end,1-0__412,NA,NA,Orbicella franksi,480,cm2,13.912500000000001,0.0013912500000000001,TRUE,Plot E__2__interval_end__1-0__412,1
Plot E,all,Plot E,June,2,2025-06-09,interval_end,1-0__413,NA,NA,Orbicella franksi,480,cm2,6.5275,6.5275e-4,TRUE,Plot E__2__interval_end__1-0__413,1
Plot E,all,Plot E,June,2,2025-06-09,interval_end,1-0__449,NA,NA,Orbicella annularis,480,cm2,31.3525,0.00313525,TRUE,Plot E__2__interval_end__1-0__449,1
Plot E,all,Plot E,June,2,2025-06-09,interval_end,1-0__458,NA,NA,Orbicella annularis,480,cm2,0,0,FALSE,Plot E__2__interval_end__1-0__458,1
Plot E,all,Plot E,June,2,2025-06-09,interval_end,1-0__47,NA,NA,Orbicella annularis,480,cm2,1.7075,1.7075e-4,TRUE,Plot E__2__interval_end__1-0__47,1
Plot E,all,Plot E,June,2,2025-06-09,interval_end,1-0__470,NA,NA,Orbicella franksi,480,cm2,4.7875,4.7874999999999995e-4,TRUE,Plot E__2__interval_end__1-0__470,1
Plot E,all,Plot E,June,2,2025-06-09,interval_end,1-0__475,NA,NA,Orbicella franksi,480,cm2,4.915,4.915e-4,TRUE,Plot E__2__interval_end__1-0__475,1
Plot E,all,Plot E,June,2,2025-06-09,interval_end,1-0__476,NA,NA,Orbicella franksi,480,cm2,6.1,6.1e-4,TRUE,Plot E__2__interval_end__1-0__476,1
Plot E,all,Plot E,June,2,2025-06-09,interval_end,1-0__478,NA,NA,Orbicella franksi,480,cm2,9.4775,9.477499999999999e-4,TRUE,Plot E__2__interval_end__1-0__478,1
Plot E,all,Plot E,June,2,2025-06-09,interval_end,1-0__481,NA,NA,Orbicella franksi,480,cm2,5.4325,5.4325e-4,TRUE,Plot E__2__interval_end__1-0__481,1
Plot E,all,Plot E,June,2,2025-06-09,interval_end,1-0__483,NA,NA,Orbicella franksi,480,cm2,4.755,4.755e-4,TRUE,Plot E__2__interval_end__1-0__483,1
Plot E,all,Plot E,June,2,2025-06-09,interval_end,1-0__485,NA,NA,Orbicella franksi,480,cm2,6.745,6.745e-4,TRUE,Plot E__2__interval_end__1-0__485,1
Plot E,all,Plot E,June,2,2025-06-09,interval_end,1-0__488,NA,NA,Orbicella franksi,480,cm2,6.185,6.184999999999999e-4,TRUE,Plot E__2__interval_end__1-0__488,1
Plot E,all,Plot E,June,2,2025-06-09,interval_end,1-0__489,NA,NA,Orbicella franksi,480,cm2,5.6,5.6e-4,TRUE,Plot E__2__interval_end__1-0__489,1
Plot E,all,Plot E,June,2,2025-06-09,interval_end,1-0__5,NA,NA,Orbicella annularis,480,cm2,2.295,2.295e-4,TRUE,Plot E__2__interval_end__1-0__5,1
Plot E,all,Plot E,June,2,2025-06-09,interval_end,1-0__50,NA,NA,Orbicella annularis,480,cm2,12.0175,0.0012017500000000001,TRUE,Plot E__2__interval_end__1-0__50,1
Plot E,all,Plot E,June,2,2025-06-09,interval_end,1-0__51,NA,NA,Orbicella annularis,480,cm2,2.605,2.605e-4,TRUE,Plot E__2__interval_end__1-0__51,1
Plot E,all,Plot E,June,2,2025-06-09,interval_end,1-0__515,NA,NA,Orbicella annularis,480,cm2,18.9025,0.00189025,TRUE,Plot E__2__interval_end__1-0__515,1
Plot E,all,Plot E,June,2,2025-06-09,interval_end,1-0__517,NA,NA,Orbicella annularis,480,cm2,19.19,0.0019190000000000001,TRUE,Plot E__2__interval_end__1-0__517,1
Plot E,all,Plot E,June,2,2025-06-09,interval_end,1-0__519,NA,NA,Orbicella annularis,480,cm2,0.34,3.4e-5,TRUE,Plot E__2__interval_end__1-0__519,1
Plot E,all,Plot E,June,2,2025-06-09,interval_end,1-0__52,NA,NA,Orbicella annularis,480,cm2,5.17,5.17e-4,TRUE,Plot E__2__interval_end__1-0__52,1
Plot E,all,Plot E,June,2,2025-06-09,interval_end,1-0__520,NA,NA,Orbicella annularis,480,cm2,4.2325,4.2325e-4,TRUE,Plot E__2__interval_end__1-0__520,1
Plot E,all,Plot E,June,2,2025-06-09,interval_end,1-0__523,NA,NA,Orbicella annularis,480,cm2,0,0,FALSE,Plot E__2__interval_end__1-0__523,1
Plot E,all,Plot E,June,2,2025-06-09,interval_end,1-0__524,NA,NA,Orbicella annularis,480,cm2,7.38,7.379999999999999e-4,TRUE,Plot E__2__interval_end__1-0__524,1
Plot E,all,Plot E,June,2,2025-06-09,interval_end,1-0__53,NA,NA,Orbicella annularis,480,cm2,3.4025,3.4025e-4,TRUE,Plot E__2__interval_end__1-0__53,1
Plot E,all,Plot E,June,2,2025-06-09,interval_end,1-0__531,NA,NA,Orbicella annularis,480,cm2,1.2075,1.2075000000000001e-4,TRUE,Plot E__2__interval_end__1-0__531,1
Plot E,all,Plot E,June,2,2025-06-09,interval_end,1-0__532,NA,NA,Orbicella annularis,480,cm2,34.92999999999999,0.003493,TRUE,Plot E__2__interval_end__1-0__532,1
Plot E,all,Plot E,June,2,2025-06-09,interval_end,1-0__533,NA,NA,Orbicella annularis,480,cm2,2.885,2.8849999999999997e-4,TRUE,Plot E__2__interval_end__1-0__533,1
Plot E,all,Plot E,June,2,2025-06-09,interval_end,1-0__535,NA,NA,Orbicella annularis,480,cm2,5.53,5.53e-4,TRUE,Plot E__2__interval_end__1-0__535,1
Plot E,all,Plot E,June,2,2025-06-09,interval_end,1-0__54,NA,NA,Orbicella annularis,480,cm2,4,4e-4,TRUE,Plot E__2__interval_end__1-0__54,1
Plot E,all,Plot E,June,2,2025-06-09,interval_end,1-0__540,NA,NA,Orbicella annularis,480,cm2,3.5775,3.5775e-4,TRUE,Plot E__2__interval_end__1-0__540,1
Plot E,all,Plot E,June,2,2025-06-09,interval_end,1-0__55,NA,NA,Orbicella annularis,480,cm2,2.555,2.5550000000000003e-4,TRUE,Plot E__2__interval_end__1-0__55,1
Plot E,all,Plot E,June,2,2025-06-09,interval_end,1-0__56,NA,NA,Orbicella annularis,480,cm2,0.3325,3.325e-5,TRUE,Plot E__2__interval_end__1-0__56,1
Plot E,all,Plot E,June,2,2025-06-09,interval_end,1-0__561,NA,NA,Orbicella annularis,480,cm2,0.3525,3.5249999999999996e-5,TRUE,Plot E__2__interval_end__1-0__561,1
Plot E,all,Plot E,June,2,2025-06-09,interval_end,1-0__562,NA,NA,Orbicella annularis,480,cm2,1.1675,1.1674999999999999e-4,TRUE,Plot E__2__interval_end__1-0__562,1
Plot E,all,Plot E,June,2,2025-06-09,interval_end,1-0__563,NA,NA,Orbicella annularis,480,cm2,0,0,FALSE,Plot E__2__interval_end__1-0__563,1
Plot E,all,Plot E,June,2,2025-06-09,interval_end,1-0__564,NA,NA,Orbicella annularis,480,cm2,0.57,5.7e-5,TRUE,Plot E__2__interval_end__1-0__564,1
Plot E,all,Plot E,June,2,2025-06-09,interval_end,1-0__565,NA,NA,Orbicella annularis,480,cm2,1.02,1.02e-4,TRUE,Plot E__2__interval_end__1-0__565,1
Plot E,all,Plot E,June,2,2025-06-09,interval_end,1-0__566,NA,NA,Orbicella annularis,480,cm2,1.975,1.975e-4,TRUE,Plot E__2__interval_end__1-0__566,1
Plot E,all,Plot E,June,2,2025-06-09,interval_end,1-0__567,NA,NA,Orbicella annularis,480,cm2,0.705,7.049999999999999e-5,TRUE,Plot E__2__interval_end__1-0__567,1
Plot E,all,Plot E,June,2,2025-06-09,interval_end,1-0__568,NA,NA,Orbicella annularis,480,cm2,0.6125,6.125e-5,TRUE,Plot E__2__interval_end__1-0__568,1
Plot E,all,Plot E,June,2,2025-06-09,interval_end,1-0__57,NA,NA,Orbicella annularis,480,cm2,0.8325,8.325e-5,TRUE,Plot E__2__interval_end__1-0__57,1
Plot E,all,Plot E,June,2,2025-06-09,interval_end,1-0__570,NA,NA,Orbicella annularis,480,cm2,0.515,5.15e-5,TRUE,Plot E__2__interval_end__1-0__570,1
Plot E,all,Plot E,June,2,2025-06-09,interval_end,1-0__571,NA,NA,Orbicella annularis,480,cm2,1.55,1.55e-4,TRUE,Plot E__2__interval_end__1-0__571,1
Plot E,all,Plot E,June,2,2025-06-09,interval_end,1-0__573,NA,NA,Orbicella annularis,480,cm2,0.59,5.9e-5,TRUE,Plot E__2__interval_end__1-0__573,1
Plot E,all,Plot E,June,2,2025-06-09,interval_end,1-0__575,NA,NA,Orbicella annularis,480,cm2,0.8875,8.874999999999999e-5,TRUE,Plot E__2__interval_end__1-0__575,1
Plot E,all,Plot E,June,2,2025-06-09,interval_end,1-0__577,NA,NA,Orbicella annularis,480,cm2,1.5975,1.5974999999999998e-4,TRUE,Plot E__2__interval_end__1-0__577,1
Plot E,all,Plot E,June,2,2025-06-09,interval_end,1-0__579,NA,NA,Orbicella annularis,480,cm2,1.57,1.57e-4,TRUE,Plot E__2__interval_end__1-0__579,1
Plot E,all,Plot E,June,2,2025-06-09,interval_end,1-0__580,NA,NA,Orbicella annularis,480,cm2,1.29,1.29e-4,TRUE,Plot E__2__interval_end__1-0__580,1
Plot E,all,Plot E,June,2,2025-06-09,interval_end,1-0__582,NA,NA,Orbicella annularis,480,cm2,6.4575,6.457500000000001e-4,TRUE,Plot E__2__interval_end__1-0__582,1
Plot E,all,Plot E,June,2,2025-06-09,interval_end,1-0__583,NA,NA,Orbicella annularis,480,cm2,0.895,8.950000000000001e-5,TRUE,Plot E__2__interval_end__1-0__583,1
Plot E,all,Plot E,June,2,2025-06-09,interval_end,1-0__584,NA,NA,Orbicella annularis,480,cm2,1.125,1.125e-4,TRUE,Plot E__2__interval_end__1-0__584,1
Plot E,all,Plot E,June,2,2025-06-09,interval_end,1-0__585,NA,NA,Orbicella annularis,480,cm2,5.640000000000001,5.64e-4,TRUE,Plot E__2__interval_end__1-0__585,1
Plot E,all,Plot E,June,2,2025-06-09,interval_end,1-0__586,NA,NA,Orbicella annularis,480,cm2,1.445,1.4450000000000002e-4,TRUE,Plot E__2__interval_end__1-0__586,1
Plot E,all,Plot E,June,2,2025-06-09,interval_end,1-0__589,NA,NA,Orbicella franksi,480,cm2,31.47,0.003147,TRUE,Plot E__2__interval_end__1-0__589,1
Plot E,all,Plot E,June,2,2025-06-09,interval_end,1-0__590,NA,NA,Orbicella annularis,480,cm2,0.95,9.499999999999999e-5,TRUE,Plot E__2__interval_end__1-0__590,1
Plot E,all,Plot E,June,2,2025-06-09,interval_end,1-0__591,NA,NA,Orbicella franksi,480,cm2,7.7125,7.7125e-4,TRUE,Plot E__2__interval_end__1-0__591,1
Plot E,all,Plot E,June,2,2025-06-09,interval_end,1-0__593,NA,NA,Orbicella franksi,480,cm2,5.915,5.915e-4,TRUE,Plot E__2__interval_end__1-0__593,1
Plot E,all,Plot E,June,2,2025-06-09,interval_end,1-0__595,NA,NA,Orbicella franksi,480,cm2,12.5125,0.00125125,TRUE,Plot E__2__interval_end__1-0__595,1
Plot E,all,Plot E,June,2,2025-06-09,interval_end,1-0__596,NA,NA,Orbicella franksi,480,cm2,7.4175,7.4175e-4,TRUE,Plot E__2__interval_end__1-0__596,1
Plot E,all,Plot E,June,2,2025-06-09,interval_end,1-0__598,NA,NA,Orbicella franksi,480,cm2,7.17,7.17e-4,TRUE,Plot E__2__interval_end__1-0__598,1
Plot E,all,Plot E,June,2,2025-06-09,interval_end,1-0__6,NA,NA,Orbicella annularis,480,cm2,2.26,2.26e-4,TRUE,Plot E__2__interval_end__1-0__6,1
Plot E,all,Plot E,June,2,2025-06-09,interval_end,1-0__614,NA,NA,Orbicella annularis,480,cm2,70.095,0.0070095,TRUE,Plot E__2__interval_end__1-0__614,1
Plot E,all,Plot E,June,2,2025-06-09,interval_end,1-0__617,NA,NA,Orbicella annularis,480,cm2,0.2125,2.1249999999999998e-5,TRUE,Plot E__2__interval_end__1-0__617,1
Plot E,all,Plot E,June,2,2025-06-09,interval_end,1-0__674,NA,NA,Acropora palmata,480,cm2,14.3075,0.00143075,TRUE,Plot E__2__interval_end__1-0__674,1
Plot E,all,Plot E,June,2,2025-06-09,interval_end,1-0__676,NA,NA,Acropora palmata,480,cm2,10.355,0.0010355,TRUE,Plot E__2__interval_end__1-0__676,1
Plot E,all,Plot E,June,2,2025-06-09,interval_end,1-0__677,NA,NA,Acropora palmata,480,cm2,21.435,0.0021435,TRUE,Plot E__2__interval_end__1-0__677,1
Plot E,all,Plot E,June,2,2025-06-09,interval_end,1-0__680,NA,NA,Acropora palmata,480,cm2,12.7,0.0012699999999999999,TRUE,Plot E__2__interval_end__1-0__680,1
Plot E,all,Plot E,June,2,2025-06-09,interval_end,1-0__683,NA,NA,Acropora palmata,480,cm2,13.795,0.0013795,TRUE,Plot E__2__interval_end__1-0__683,1
Plot E,all,Plot E,June,2,2025-06-09,interval_end,1-0__685,NA,NA,Orbicella franksi,480,cm2,5.13,5.13e-4,TRUE,Plot E__2__interval_end__1-0__685,1
Plot E,all,Plot E,June,2,2025-06-09,interval_end,1-0__686,NA,NA,Orbicella franksi,480,cm2,4.1925,4.1924999999999997e-4,TRUE,Plot E__2__interval_end__1-0__686,1
Plot E,all,Plot E,June,2,2025-06-09,interval_end,1-0__687,NA,NA,Orbicella franksi,480,cm2,6.955,6.955e-4,TRUE,Plot E__2__interval_end__1-0__687,1
Plot E,all,Plot E,June,2,2025-06-09,interval_end,1-0__688,NA,NA,Orbicella franksi,480,cm2,23.9375,0.00239375,TRUE,Plot E__2__interval_end__1-0__688,1
Plot E,all,Plot E,June,2,2025-06-09,interval_end,1-0__689,NA,NA,Orbicella franksi,480,cm2,14.870000000000001,0.001487,TRUE,Plot E__2__interval_end__1-0__689,1
Plot E,all,Plot E,June,2,2025-06-09,interval_end,1-0__691,NA,NA,Orbicella franksi,480,cm2,18.875,0.0018875,TRUE,Plot E__2__interval_end__1-0__691,1
Plot E,all,Plot E,June,2,2025-06-09,interval_end,1-0__692,NA,NA,Orbicella franksi,480,cm2,3.945,3.945e-4,TRUE,Plot E__2__interval_end__1-0__692,1
Plot E,all,Plot E,June,2,2025-06-09,interval_end,1-0__693,NA,NA,Orbicella franksi,480,cm2,11.635,0.0011635,TRUE,Plot E__2__interval_end__1-0__693,1
Plot E,all,Plot E,June,2,2025-06-09,interval_end,1-0__694,NA,NA,Orbicella franksi,480,cm2,3.0575,3.0575000000000003e-4,TRUE,Plot E__2__interval_end__1-0__694,1
Plot E,all,Plot E,June,2,2025-06-09,interval_end,1-0__697,NA,NA,Orbicella franksi,480,cm2,6.475,6.475e-4,TRUE,Plot E__2__interval_end__1-0__697,1
Plot E,all,Plot E,June,2,2025-06-09,interval_end,1-0__698,NA,NA,Orbicella franksi,480,cm2,3.9275,3.9275000000000003e-4,TRUE,Plot E__2__interval_end__1-0__698,1
Plot E,all,Plot E,June,2,2025-06-09,interval_end,1-0__699,NA,NA,Orbicella franksi,480,cm2,5.91,5.91e-4,TRUE,Plot E__2__interval_end__1-0__699,1
Plot E,all,Plot E,June,2,2025-06-09,interval_end,1-0__7,NA,NA,Orbicella annularis,480,cm2,2.265,2.265e-4,TRUE,Plot E__2__interval_end__1-0__7,1
Plot E,all,Plot E,June,2,2025-06-09,interval_end,1-0__700,NA,NA,Orbicella franksi,480,cm2,8.505,8.505000000000001e-4,TRUE,Plot E__2__interval_end__1-0__700,1
Plot E,all,Plot E,June,2,2025-06-09,interval_end,1-0__727,NA,NA,Acropora palmata,480,cm2,0,0,FALSE,Plot E__2__interval_end__1-0__727,1
Plot E,all,Plot E,June,2,2025-06-09,interval_end,1-0__730,NA,NA,Acropora palmata,480,cm2,16.9775,0.0016977499999999998,TRUE,Plot E__2__interval_end__1-0__730,1
Plot E,all,Plot E,June,2,2025-06-09,interval_end,1-0__732,NA,NA,Acropora palmata,480,cm2,0,0,FALSE,Plot E__2__interval_end__1-0__732,1
Plot E,all,Plot E,June,2,2025-06-09,interval_end,1-0__733,NA,NA,Acropora palmata,480,cm2,0,0,FALSE,Plot E__2__interval_end__1-0__733,1
Plot E,all,Plot E,June,2,2025-06-09,interval_end,1-0__737,NA,NA,Acropora palmata,480,cm2,0,0,FALSE,Plot E__2__interval_end__1-0__737,1
Plot E,all,Plot E,June,2,2025-06-09,interval_end,1-0__738,NA,NA,Acropora palmata,480,cm2,9.4475,9.4475e-4,TRUE,Plot E__2__interval_end__1-0__738,1
Plot E,all,Plot E,June,2,2025-06-09,interval_end,1-0__740,NA,NA,Acropora palmata,480,cm2,0,0,FALSE,Plot E__2__interval_end__1-0__740,1
Plot E,all,Plot E,June,2,2025-06-09,interval_end,1-0__742,NA,NA,Acropora palmata,480,cm2,0,0,FALSE,Plot E__2__interval_end__1-0__742,1
Plot E,all,Plot E,June,2,2025-06-09,interval_end,1-0__745,NA,NA,Orbicella faveolata,480,cm2,4.3475,4.3475e-4,TRUE,Plot E__2__interval_end__1-0__745,1
Plot E,all,Plot E,June,2,2025-06-09,interval_end,1-0__746,NA,NA,Orbicella faveolata,480,cm2,5.235,5.235e-4,TRUE,Plot E__2__interval_end__1-0__746,1
Plot E,all,Plot E,June,2,2025-06-09,interval_end,1-0__748,NA,NA,Orbicella faveolata,480,cm2,6.6475,6.6475e-4,TRUE,Plot E__2__interval_end__1-0__748,1
Plot E,all,Plot E,June,2,2025-06-09,interval_end,1-0__749,NA,NA,Acropora palmata,480,cm2,0,0,FALSE,Plot E__2__interval_end__1-0__749,1
Plot E,all,Plot E,June,2,2025-06-09,interval_end,1-0__753,NA,NA,Acropora palmata,480,cm2,14.3375,0.0014337500000000001,TRUE,Plot E__2__interval_end__1-0__753,1
Plot E,all,Plot E,June,2,2025-06-09,interval_end,1-0__754,NA,NA,Acropora palmata,480,cm2,0,0,FALSE,Plot E__2__interval_end__1-0__754,1
Plot E,all,Plot E,June,2,2025-06-09,interval_end,1-0__755,NA,NA,Orbicella faveolata,480,cm2,15.835,0.0015835,TRUE,Plot E__2__interval_end__1-0__755,1
Plot E,all,Plot E,June,2,2025-06-09,interval_end,1-0__757,NA,NA,Orbicella faveolata,480,cm2,8.305,8.305e-4,TRUE,Plot E__2__interval_end__1-0__757,1
Plot E,all,Plot E,June,2,2025-06-09,interval_end,1-0__759,NA,NA,Acropora palmata,480,cm2,0,0,FALSE,Plot E__2__interval_end__1-0__759,1
Plot E,all,Plot E,June,2,2025-06-09,interval_end,1-0__760,NA,NA,Acropora palmata,480,cm2,0,0,FALSE,Plot E__2__interval_end__1-0__760,1
Plot E,all,Plot E,June,2,2025-06-09,interval_end,1-0__762,NA,NA,Orbicella faveolata,480,cm2,23.395,0.0023395,TRUE,Plot E__2__interval_end__1-0__762,1
Plot E,all,Plot E,June,2,2025-06-09,interval_end,1-0__764,NA,NA,Acropora palmata,480,cm2,0,0,FALSE,Plot E__2__interval_end__1-0__764,1
Plot E,all,Plot E,June,2,2025-06-09,interval_end,1-0__765,NA,NA,Orbicella faveolata,480,cm2,6.025,6.025000000000001e-4,TRUE,Plot E__2__interval_end__1-0__765,1
Plot E,all,Plot E,June,2,2025-06-09,interval_end,1-0__767,NA,NA,Acropora palmata,480,cm2,0,0,FALSE,Plot E__2__interval_end__1-0__767,1
Plot E,all,Plot E,June,2,2025-06-09,interval_end,1-0__784,NA,NA,Acropora palmata,480,cm2,0,0,FALSE,Plot E__2__interval_end__1-0__784,1
Plot E,all,Plot E,June,2,2025-06-09,interval_end,1-0__792,NA,NA,Acropora palmata,480,cm2,0,0,FALSE,Plot E__2__interval_end__1-0__792,1
Plot E,all,Plot E,June,2,2025-06-09,interval_end,1-0__793,NA,NA,Acropora palmata,480,cm2,0,0,FALSE,Plot E__2__interval_end__1-0__793,1
Plot E,all,Plot E,June,2,2025-06-09,interval_end,1-0__796,NA,NA,Acropora palmata,480,cm2,11.4875,0.00114875,TRUE,Plot E__2__interval_end__1-0__796,1
Plot E,all,Plot E,June,2,2025-06-09,interval_end,1-0__798,NA,NA,Acropora palmata,480,cm2,12.9875,0.00129875,TRUE,Plot E__2__interval_end__1-0__798,1
Plot E,all,Plot E,June,2,2025-06-09,interval_end,1-0__8,NA,NA,Orbicella annularis,480,cm2,22.695,0.0022695,TRUE,Plot E__2__interval_end__1-0__8,1
Plot E,all,Plot E,June,2,2025-06-09,interval_end,1-0__801,NA,NA,Acropora palmata,480,cm2,0,0,FALSE,Plot E__2__interval_end__1-0__801,1
Plot E,all,Plot E,June,2,2025-06-09,interval_end,1-0__802,NA,NA,Acropora palmata,480,cm2,10.805,0.0010804999999999999,TRUE,Plot E__2__interval_end__1-0__802,1
Plot E,all,Plot E,June,2,2025-06-09,interval_end,1-0__804,NA,NA,Acropora palmata,480,cm2,5.015,5.015e-4,TRUE,Plot E__2__interval_end__1-0__804,1
Plot E,all,Plot E,June,2,2025-06-09,interval_end,1-0__805,NA,NA,Acropora palmata,480,cm2,32.2175,0.00322175,TRUE,Plot E__2__interval_end__1-0__805,1
Plot E,all,Plot E,June,2,2025-06-09,interval_end,1-0__806,NA,NA,Acropora palmata,480,cm2,0,0,FALSE,Plot E__2__interval_end__1-0__806,1
Plot E,all,Plot E,June,2,2025-06-09,interval_end,1-0__808,NA,NA,Acropora palmata,480,cm2,14,0.0014,TRUE,Plot E__2__interval_end__1-0__808,1
Plot E,all,Plot E,June,2,2025-06-09,interval_end,1-0__810,NA,NA,Acropora palmata,480,cm2,0,0,FALSE,Plot E__2__interval_end__1-0__810,1
Plot E,all,Plot E,June,2,2025-06-09,interval_end,1-0__811,NA,NA,Acropora palmata,480,cm2,12.5,0.00125,TRUE,Plot E__2__interval_end__1-0__811,1
Plot E,all,Plot E,June,2,2025-06-09,interval_end,1-0__814,NA,NA,Acropora palmata,480,cm2,11.775,0.0011775,TRUE,Plot E__2__interval_end__1-0__814,1
Plot E,all,Plot E,June,2,2025-06-09,interval_end,1-0__828,NA,NA,Orbicella franksi,480,cm2,28.1225,0.0028122499999999996,TRUE,Plot E__2__interval_end__1-0__828,1
Plot E,all,Plot E,June,2,2025-06-09,interval_end,1-0__829,NA,NA,Orbicella franksi,480,cm2,5.12,5.12e-4,TRUE,Plot E__2__interval_end__1-0__829,1
Plot E,all,Plot E,June,2,2025-06-09,interval_end,1-0__831,NA,NA,Orbicella franksi,480,cm2,5.95,5.95e-4,TRUE,Plot E__2__interval_end__1-0__831,1
Plot E,all,Plot E,June,2,2025-06-09,interval_end,1-0__833,NA,NA,Orbicella franksi,480,cm2,13.035,0.0013035,TRUE,Plot E__2__interval_end__1-0__833,1
Plot E,all,Plot E,June,2,2025-06-09,interval_end,1-0__835,NA,NA,Orbicella franksi,480,cm2,7.4325,7.4325e-4,TRUE,Plot E__2__interval_end__1-0__835,1
Plot E,all,Plot E,June,2,2025-06-09,interval_end,1-0__836,NA,NA,Orbicella franksi,480,cm2,5.0625,5.0625e-4,TRUE,Plot E__2__interval_end__1-0__836,1
Plot E,all,Plot E,June,2,2025-06-09,interval_end,1-0__841,NA,NA,Orbicella annularis,480,cm2,46.4325,0.00464325,TRUE,Plot E__2__interval_end__1-0__841,1
Plot E,all,Plot E,June,2,2025-06-09,interval_end,1-0__846,NA,NA,Orbicella annularis,480,cm2,2.59,2.59e-4,TRUE,Plot E__2__interval_end__1-0__846,1
Plot E,all,Plot E,June,2,2025-06-09,interval_end,1-0__85,NA,NA,Orbicella annularis,480,cm2,52.4375,0.00524375,TRUE,Plot E__2__interval_end__1-0__85,1
Plot E,all,Plot E,June,2,2025-06-09,interval_end,1-0__850,NA,NA,Orbicella annularis,480,cm2,2.75,2.75e-4,TRUE,Plot E__2__interval_end__1-0__850,1
Plot E,all,Plot E,June,2,2025-06-09,interval_end,1-0__851,NA,NA,Orbicella annularis,480,cm2,1.21,1.21e-4,TRUE,Plot E__2__interval_end__1-0__851,1
Plot E,all,Plot E,June,2,2025-06-09,interval_end,1-0__852,NA,NA,Orbicella annularis,480,cm2,0.26,2.6000000000000002e-5,TRUE,Plot E__2__interval_end__1-0__852,1
Plot E,all,Plot E,June,2,2025-06-09,interval_end,1-0__868,NA,NA,Orbicella annularis,480,cm2,73.22,0.0073219999999999995,TRUE,Plot E__2__interval_end__1-0__868,1
Plot E,all,Plot E,June,2,2025-06-09,interval_end,1-0__9,NA,NA,Orbicella annularis,480,cm2,0.7625,7.625e-5,TRUE,Plot E__2__interval_end__1-0__9,1
Plot E,all,Plot E,June,2,2025-06-09,interval_end,1-0__90,NA,NA,Orbicella annularis,480,cm2,3.0275,3.0274999999999996e-4,TRUE,Plot E__2__interval_end__1-0__90,1
Plot E,all,Plot E,June,2,2025-06-09,interval_end,1-0__928,NA,NA,Orbicella franksi,480,cm2,7.2375,7.2375e-4,TRUE,Plot E__2__interval_end__1-0__928,1
Plot E,all,Plot E,June,2,2025-06-09,interval_end,1-0__930,NA,NA,Orbicella franksi,480,cm2,7.2025,7.2025e-4,TRUE,Plot E__2__interval_end__1-0__930,1
Plot E,all,Plot E,June,2,2025-06-09,interval_end,1-0__932,NA,NA,Orbicella franksi,480,cm2,17.7475,0.0017747499999999999,TRUE,Plot E__2__interval_end__1-0__932,1
Plot E,all,Plot E,June,2,2025-06-09,interval_end,1-0__933,NA,NA,Orbicella franksi,480,cm2,25.675000000000004,0.0025675,TRUE,Plot E__2__interval_end__1-0__933,1
Plot E,all,Plot E,June,2,2025-06-09,interval_end,1-0__939,NA,NA,Orbicella franksi,480,cm2,5.66,5.66e-4,TRUE,Plot E__2__interval_end__1-0__939,1
Plot E,all,Plot E,June,2,2025-06-09,interval_end,1-0__942,NA,NA,Orbicella franksi,480,cm2,8.035,8.035e-4,TRUE,Plot E__2__interval_end__1-0__942,1
Plot E,all,Plot E,June,2,2025-06-09,interval_end,1-0__969,NA,NA,Acropora cervicornis,480,cm2,12.01,0.001201,TRUE,Plot E__2__interval_end__1-0__969,1
Plot E,all,Plot E,June,2,2025-06-09,interval_end,1-0__971,NA,NA,Acropora cervicornis,480,cm2,4.0075,4.0075e-4,TRUE,Plot E__2__interval_end__1-0__971,1
Plot E,all,Plot E,June,2,2025-06-09,interval_end,1-0__977,NA,NA,Acropora cervicornis,480,cm2,3.25,3.25e-4,TRUE,Plot E__2__interval_end__1-0__977,1
Plot E,all,Plot E,June,2,2025-06-09,interval_end,1-0__979,NA,NA,Acropora cervicornis,480,cm2,3.06,3.06e-4,TRUE,Plot E__2__interval_end__1-0__979,1
Plot E,all,Plot E,June,2,2025-06-09,interval_end,1-0__980,NA,NA,Acropora cervicornis,480,cm2,7.63,7.63e-4,TRUE,Plot E__2__interval_end__1-0__980,1
Plot E,all,Plot E,June,2,2025-06-09,interval_end,1-0__982,NA,NA,Acropora cervicornis,480,cm2,0,0,FALSE,Plot E__2__interval_end__1-0__982,1
Plot E,all,Plot E,June,2,2025-06-09,interval_end,1-0__985,NA,NA,Acropora cervicornis,480,cm2,0,0,FALSE,Plot E__2__interval_end__1-0__985,1
Plot E,all,Plot E,June,2,2025-06-09,interval_end,1-0__986,NA,NA,Acropora cervicornis,480,cm2,8.1125,8.112500000000001e-4,TRUE,Plot E__2__interval_end__1-0__986,1
Plot E,all,Plot E,June,2,2025-06-09,interval_end,1-1__0,NA,NA,Orbicella annularis,480,cm2,0.2375,2.3749999999999998e-5,TRUE,Plot E__2__interval_end__1-1__0,1
Plot E,all,Plot E,June,2,2025-06-09,interval_end,1-1__10,NA,NA,Acropora palmata,480,cm2,0,0,FALSE,Plot E__2__interval_end__1-1__10,1
Plot E,all,Plot E,June,2,2025-06-09,interval_end,1-1__11,NA,NA,Orbicella franksi,480,cm2,4.0925,4.0925e-4,TRUE,Plot E__2__interval_end__1-1__11,1
Plot E,all,Plot E,June,2,2025-06-09,interval_end,1-1__12,NA,NA,Acropora palmata,480,cm2,0,0,FALSE,Plot E__2__interval_end__1-1__12,1
Plot E,all,Plot E,June,2,2025-06-09,interval_end,1-1__13,NA,NA,Orbicella franksi,480,cm2,2.3,2.2999999999999998e-4,TRUE,Plot E__2__interval_end__1-1__13,1
Plot E,all,Plot E,June,2,2025-06-09,interval_end,1-1__14,NA,NA,Orbicella franksi,480,cm2,4.695,4.6950000000000003e-4,TRUE,Plot E__2__interval_end__1-1__14,1
Plot E,all,Plot E,June,2,2025-06-09,interval_end,1-1__15,NA,NA,Acropora palmata,480,cm2,0,0,FALSE,Plot E__2__interval_end__1-1__15,1
Plot E,all,Plot E,June,2,2025-06-09,interval_end,1-1__16,NA,NA,Orbicella annularis,480,cm2,8.3075,8.307499999999999e-4,TRUE,Plot E__2__interval_end__1-1__16,1
Plot E,all,Plot E,June,2,2025-06-09,interval_end,1-1__17,NA,NA,Acropora palmata,480,cm2,0,0,FALSE,Plot E__2__interval_end__1-1__17,1
Plot E,all,Plot E,June,2,2025-06-09,interval_end,1-1__18,NA,NA,Orbicella annularis,480,cm2,2.83,2.83e-4,TRUE,Plot E__2__interval_end__1-1__18,1
Plot E,all,Plot E,June,2,2025-06-09,interval_end,1-1__19,NA,NA,Orbicella annularis,480,cm2,7.6525,7.652500000000001e-4,TRUE,Plot E__2__interval_end__1-1__19,1
Plot E,all,Plot E,June,2,2025-06-09,interval_end,1-1__2,NA,NA,Orbicella franksi,480,cm2,4.9825,4.9825e-4,TRUE,Plot E__2__interval_end__1-1__2,1
Plot E,all,Plot E,June,2,2025-06-09,interval_end,1-1__20,NA,NA,Orbicella annularis,480,cm2,5.025,5.025e-4,TRUE,Plot E__2__interval_end__1-1__20,1
Plot E,all,Plot E,June,2,2025-06-09,interval_end,1-1__21,NA,NA,Orbicella annularis,480,cm2,28.825000000000003,0.0028825,TRUE,Plot E__2__interval_end__1-1__21,1
Plot E,all,Plot E,June,2,2025-06-09,interval_end,1-1__22,NA,NA,Orbicella annularis,480,cm2,3.3275,3.3275000000000004e-4,TRUE,Plot E__2__interval_end__1-1__22,1
Plot E,all,Plot E,June,2,2025-06-09,interval_end,1-1__23,NA,NA,Acropora palmata,480,cm2,0,0,FALSE,Plot E__2__interval_end__1-1__23,1
Plot E,all,Plot E,June,2,2025-06-09,interval_end,1-1__24,NA,NA,Orbicella annularis,480,cm2,0.485,4.85e-5,TRUE,Plot E__2__interval_end__1-1__24,1
Plot E,all,Plot E,June,2,2025-06-09,interval_end,1-1__25,NA,NA,Orbicella annularis,480,cm2,8.975,8.975000000000001e-4,TRUE,Plot E__2__interval_end__1-1__25,1
Plot E,all,Plot E,June,2,2025-06-09,interval_end,1-1__26,NA,NA,Orbicella annularis,480,cm2,2.425,2.4249999999999999e-4,TRUE,Plot E__2__interval_end__1-1__26,1
Plot E,all,Plot E,June,2,2025-06-09,interval_end,1-1__27,NA,NA,Orbicella annularis,480,cm2,4.1675,4.1675e-4,TRUE,Plot E__2__interval_end__1-1__27,1
Plot E,all,Plot E,June,2,2025-06-09,interval_end,1-1__28,NA,NA,Orbicella annularis,480,cm2,7.89,7.89e-4,TRUE,Plot E__2__interval_end__1-1__28,1
Plot E,all,Plot E,June,2,2025-06-09,interval_end,1-1__29,NA,NA,Orbicella annularis,480,cm2,1.2075,1.2075000000000001e-4,TRUE,Plot E__2__interval_end__1-1__29,1
Plot E,all,Plot E,June,2,2025-06-09,interval_end,1-1__3,NA,NA,Orbicella franksi,480,cm2,4.4275,4.4275e-4,TRUE,Plot E__2__interval_end__1-1__3,1
Plot E,all,Plot E,June,2,2025-06-09,interval_end,1-1__30,NA,NA,Orbicella annularis,480,cm2,0.6725,6.725e-5,TRUE,Plot E__2__interval_end__1-1__30,1
Plot E,all,Plot E,June,2,2025-06-09,interval_end,1-1__31,NA,NA,Orbicella annularis,480,cm2,10.4,0.0010400000000000001,TRUE,Plot E__2__interval_end__1-1__31,1
Plot E,all,Plot E,June,2,2025-06-09,interval_end,1-1__32,NA,NA,Acropora palmata,480,cm2,207.315,0.0207315,TRUE,Plot E__2__interval_end__1-1__32,1
Plot E,all,Plot E,June,2,2025-06-09,interval_end,1-1__33,NA,NA,Orbicella annularis,480,cm2,3.01,3.01e-4,TRUE,Plot E__2__interval_end__1-1__33,1
Plot E,all,Plot E,June,2,2025-06-09,interval_end,1-1__34,NA,NA,Orbicella annularis,480,cm2,3.525,3.525e-4,TRUE,Plot E__2__interval_end__1-1__34,1
Plot E,all,Plot E,June,2,2025-06-09,interval_end,1-1__35,NA,NA,Orbicella annularis,480,cm2,0.6225,6.225000000000001e-5,TRUE,Plot E__2__interval_end__1-1__35,1
Plot E,all,Plot E,June,2,2025-06-09,interval_end,1-1__36,NA,NA,Orbicella annularis,480,cm2,1.625,1.625e-4,TRUE,Plot E__2__interval_end__1-1__36,1
Plot E,all,Plot E,June,2,2025-06-09,interval_end,1-1__38,NA,NA,Orbicella franksi,480,cm2,6.04,6.04e-4,TRUE,Plot E__2__interval_end__1-1__38,1
Plot E,all,Plot E,June,2,2025-06-09,interval_end,1-1__39,NA,NA,Orbicella franksi,480,cm2,5.4775,5.4775e-4,TRUE,Plot E__2__interval_end__1-1__39,1
Plot E,all,Plot E,June,2,2025-06-09,interval_end,1-1__4,NA,NA,Orbicella franksi,480,cm2,5.025,5.025e-4,TRUE,Plot E__2__interval_end__1-1__4,1
Plot E,all,Plot E,June,2,2025-06-09,interval_end,1-1__40,NA,NA,Orbicella franksi,480,cm2,5.73,5.73e-4,TRUE,Plot E__2__interval_end__1-1__40,1
Plot E,all,Plot E,June,2,2025-06-09,interval_end,1-1__41,NA,NA,Orbicella franksi,480,cm2,5.45,5.45e-4,TRUE,Plot E__2__interval_end__1-1__41,1
Plot E,all,Plot E,June,2,2025-06-09,interval_end,1-1__42,NA,NA,Orbicella franksi,480,cm2,6.2425,6.2425e-4,TRUE,Plot E__2__interval_end__1-1__42,1
Plot E,all,Plot E,June,2,2025-06-09,interval_end,1-1__43,NA,NA,Orbicella franksi,480,cm2,6.1525,6.1525e-4,TRUE,Plot E__2__interval_end__1-1__43,1
Plot E,all,Plot E,June,2,2025-06-09,interval_end,1-1__44,NA,NA,Orbicella franksi,480,cm2,4.745,4.745e-4,TRUE,Plot E__2__interval_end__1-1__44,1
Plot E,all,Plot E,June,2,2025-06-09,interval_end,1-1__45,NA,NA,Orbicella franksi,480,cm2,5.985,5.985000000000001e-4,TRUE,Plot E__2__interval_end__1-1__45,1
Plot E,all,Plot E,June,2,2025-06-09,interval_end,1-1__46,NA,NA,Orbicella franksi,480,cm2,5.115,5.115e-4,TRUE,Plot E__2__interval_end__1-1__46,1
Plot E,all,Plot E,June,2,2025-06-09,interval_end,1-1__47,NA,NA,Orbicella annularis,480,cm2,4.69,4.69e-4,TRUE,Plot E__2__interval_end__1-1__47,1
Plot E,all,Plot E,June,2,2025-06-09,interval_end,1-1__48,NA,NA,Orbicella annularis,480,cm2,2.3325,2.3325e-4,TRUE,Plot E__2__interval_end__1-1__48,1
Plot E,all,Plot E,June,2,2025-06-09,interval_end,1-1__49,NA,NA,Orbicella annularis,480,cm2,5.37,5.37e-4,TRUE,Plot E__2__interval_end__1-1__49,1
Plot E,all,Plot E,June,2,2025-06-09,interval_end,1-1__5,NA,NA,Orbicella franksi,480,cm2,4.9525,4.952499999999999e-4,TRUE,Plot E__2__interval_end__1-1__5,1
Plot E,all,Plot E,June,2,2025-06-09,interval_end,1-1__50,NA,NA,Orbicella annularis,480,cm2,4.6675,4.6675000000000004e-4,TRUE,Plot E__2__interval_end__1-1__50,1
Plot E,all,Plot E,June,2,2025-06-09,interval_end,1-1__51,NA,NA,Orbicella annularis,480,cm2,6.32,6.320000000000001e-4,TRUE,Plot E__2__interval_end__1-1__51,1
Plot E,all,Plot E,June,2,2025-06-09,interval_end,1-1__52,NA,NA,Orbicella annularis,480,cm2,16.25,0.001625,TRUE,Plot E__2__interval_end__1-1__52,1
Plot E,all,Plot E,June,2,2025-06-09,interval_end,1-1__53,NA,NA,Orbicella annularis,480,cm2,5.4325,5.4325e-4,TRUE,Plot E__2__interval_end__1-1__53,1
Plot E,all,Plot E,June,2,2025-06-09,interval_end,1-1__54,NA,NA,Orbicella annularis,480,cm2,5.1175,5.117499999999999e-4,TRUE,Plot E__2__interval_end__1-1__54,1
Plot E,all,Plot E,June,2,2025-06-09,interval_end,1-1__55,NA,NA,Orbicella faveolata,480,cm2,9.13,9.130000000000001e-4,TRUE,Plot E__2__interval_end__1-1__55,1
Plot E,all,Plot E,June,2,2025-06-09,interval_end,1-1__56,NA,NA,Orbicella faveolata,480,cm2,5.18,5.18e-4,TRUE,Plot E__2__interval_end__1-1__56,1
Plot E,all,Plot E,June,2,2025-06-09,interval_end,1-1__57,NA,NA,Orbicella faveolata,480,cm2,6.04,6.04e-4,TRUE,Plot E__2__interval_end__1-1__57,1
Plot E,all,Plot E,June,2,2025-06-09,interval_end,1-1__58,NA,NA,Acropora palmata,480,cm2,16.9925,0.00169925,TRUE,Plot E__2__interval_end__1-1__58,1
Plot E,all,Plot E,June,2,2025-06-09,interval_end,1-1__59,NA,NA,Acropora palmata,480,cm2,16.4075,0.0016407499999999998,TRUE,Plot E__2__interval_end__1-1__59,1
Plot E,all,Plot E,June,2,2025-06-09,interval_end,1-1__6,NA,NA,Orbicella franksi,480,cm2,3.975,3.975e-4,TRUE,Plot E__2__interval_end__1-1__6,1
Plot E,all,Plot E,June,2,2025-06-09,interval_end,1-1__60,NA,NA,Acropora palmata,480,cm2,19.62,0.001962,TRUE,Plot E__2__interval_end__1-1__60,1
Plot E,all,Plot E,June,2,2025-06-09,interval_end,1-1__61,NA,NA,Acropora palmata,480,cm2,9.985,9.985e-4,TRUE,Plot E__2__interval_end__1-1__61,1
Plot E,all,Plot E,June,2,2025-06-09,interval_end,1-1__62,NA,NA,Acropora palmata,480,cm2,14.03,0.001403,TRUE,Plot E__2__interval_end__1-1__62,1
Plot E,all,Plot E,June,2,2025-06-09,interval_end,1-1__7,NA,NA,Acropora palmata,480,cm2,0,0,FALSE,Plot E__2__interval_end__1-1__7,1
Plot E,all,Plot E,June,2,2025-06-09,interval_end,1-1__8,NA,NA,Orbicella franksi,480,cm2,5.1375,5.1375e-4,TRUE,Plot E__2__interval_end__1-1__8,1
Plot E,all,Plot E,June,2,2025-06-09,interval_end,1-1__9,NA,NA,Orbicella franksi,480,cm2,5.15,5.15e-4,TRUE,Plot E__2__interval_end__1-1__9,1
Plot E,all,Plot E,July,3,2025-07-11,interval_end,1-0__10,NA,NA,Orbicella annularis,480,cm2,1.6375,1.6375e-4,TRUE,Plot E__3__interval_end__1-0__10,1
Plot E,all,Plot E,July,3,2025-07-11,interval_end,1-0__1037,NA,NA,Orbicella faveolata,480,cm2,6.2,6.2e-4,TRUE,Plot E__3__interval_end__1-0__1037,1
Plot E,all,Plot E,July,3,2025-07-11,interval_end,1-0__1040,NA,NA,Orbicella faveolata,480,cm2,9.0725,9.0725e-4,TRUE,Plot E__3__interval_end__1-0__1040,1
Plot E,all,Plot E,July,3,2025-07-11,interval_end,1-0__1041,NA,NA,Orbicella faveolata,480,cm2,6.2825,6.2825e-4,TRUE,Plot E__3__interval_end__1-0__1041,1
Plot E,all,Plot E,July,3,2025-07-11,interval_end,1-0__1087,NA,NA,Orbicella faveolata,480,cm2,13.72,0.001372,TRUE,Plot E__3__interval_end__1-0__1087,1
Plot E,all,Plot E,July,3,2025-07-11,interval_end,1-0__1090,NA,NA,Orbicella faveolata,480,cm2,4.915,4.915e-4,TRUE,Plot E__3__interval_end__1-0__1090,1
Plot E,all,Plot E,July,3,2025-07-11,interval_end,1-0__1091,NA,NA,Orbicella faveolata,480,cm2,6.0025,6.002500000000001e-4,TRUE,Plot E__3__interval_end__1-0__1091,1
Plot E,all,Plot E,July,3,2025-07-11,interval_end,1-0__1092,NA,NA,Orbicella faveolata,480,cm2,6.625,6.625e-4,TRUE,Plot E__3__interval_end__1-0__1092,1
Plot E,all,Plot E,July,3,2025-07-11,interval_end,1-0__1114,NA,NA,Acropora palmata,480,cm2,0,0,FALSE,Plot E__3__interval_end__1-0__1114,1
Plot E,all,Plot E,July,3,2025-07-11,interval_end,1-0__1115,NA,NA,Acropora palmata,480,cm2,0,0,FALSE,Plot E__3__interval_end__1-0__1115,1
Plot E,all,Plot E,July,3,2025-07-11,interval_end,1-0__1118,NA,NA,Orbicella faveolata,480,cm2,3.9,3.9e-4,TRUE,Plot E__3__interval_end__1-0__1118,1
Plot E,all,Plot E,July,3,2025-07-11,interval_end,1-0__1122,NA,NA,Orbicella faveolata,480,cm2,5.2825,5.2825e-4,TRUE,Plot E__3__interval_end__1-0__1122,1
Plot E,all,Plot E,July,3,2025-07-11,interval_end,1-0__1125,NA,NA,Acropora palmata,480,cm2,0,0,FALSE,Plot E__3__interval_end__1-0__1125,1
Plot E,all,Plot E,July,3,2025-07-11,interval_end,1-0__1126,NA,NA,Orbicella faveolata,480,cm2,3.225,3.2250000000000003e-4,TRUE,Plot E__3__interval_end__1-0__1126,1
Plot E,all,Plot E,July,3,2025-07-11,interval_end,1-0__1152,NA,NA,Orbicella faveolata,480,cm2,6.6675,6.6675e-4,TRUE,Plot E__3__interval_end__1-0__1152,1
Plot E,all,Plot E,July,3,2025-07-11,interval_end,1-0__1153,NA,NA,Orbicella faveolata,480,cm2,5.2175,5.217500000000001e-4,TRUE,Plot E__3__interval_end__1-0__1153,1
Plot E,all,Plot E,July,3,2025-07-11,interval_end,1-0__1154,NA,NA,Orbicella faveolata,480,cm2,3.8825,3.8825e-4,TRUE,Plot E__3__interval_end__1-0__1154,1
Plot E,all,Plot E,July,3,2025-07-11,interval_end,1-0__1158,NA,NA,Orbicella faveolata,480,cm2,4.6175,4.6175e-4,TRUE,Plot E__3__interval_end__1-0__1158,1
Plot E,all,Plot E,July,3,2025-07-11,interval_end,1-0__1159,NA,NA,Orbicella faveolata,480,cm2,5.61,5.610000000000001e-4,TRUE,Plot E__3__interval_end__1-0__1159,1
Plot E,all,Plot E,July,3,2025-07-11,interval_end,1-0__1161,NA,NA,Orbicella faveolata,480,cm2,3.405,3.405e-4,TRUE,Plot E__3__interval_end__1-0__1161,1
Plot E,all,Plot E,July,3,2025-07-11,interval_end,1-0__1173,NA,NA,Orbicella annularis,480,cm2,5.05,5.05e-4,TRUE,Plot E__3__interval_end__1-0__1173,1
Plot E,all,Plot E,July,3,2025-07-11,interval_end,1-0__1174,NA,NA,Orbicella annularis,480,cm2,2.1575,2.1575e-4,TRUE,Plot E__3__interval_end__1-0__1174,1
Plot E,all,Plot E,July,3,2025-07-11,interval_end,1-0__1176,NA,NA,Orbicella annularis,480,cm2,4.4725,4.4725e-4,TRUE,Plot E__3__interval_end__1-0__1176,1
Plot E,all,Plot E,July,3,2025-07-11,interval_end,1-0__1177,NA,NA,Orbicella annularis,480,cm2,18.6575,0.0018657499999999998,TRUE,Plot E__3__interval_end__1-0__1177,1
Plot E,all,Plot E,July,3,2025-07-11,interval_end,1-0__1178,NA,NA,Orbicella annularis,480,cm2,2.5275,2.5275e-4,TRUE,Plot E__3__interval_end__1-0__1178,1
Plot E,all,Plot E,July,3,2025-07-11,interval_end,1-0__1179,NA,NA,Orbicella annularis,480,cm2,0.6275,6.275e-5,TRUE,Plot E__3__interval_end__1-0__1179,1
Plot E,all,Plot E,July,3,2025-07-11,interval_end,1-0__1180,NA,NA,Orbicella annularis,480,cm2,1.635,1.635e-4,TRUE,Plot E__3__interval_end__1-0__1180,1
Plot E,all,Plot E,July,3,2025-07-11,interval_end,1-0__1209,NA,NA,Acropora cervicornis,480,cm2,8.635,8.635e-4,TRUE,Plot E__3__interval_end__1-0__1209,1
Plot E,all,Plot E,July,3,2025-07-11,interval_end,1-0__1210,NA,NA,Acropora cervicornis,480,cm2,14.6725,0.00146725,TRUE,Plot E__3__interval_end__1-0__1210,1
Plot E,all,Plot E,July,3,2025-07-11,interval_end,1-0__1211,NA,NA,Acropora cervicornis,480,cm2,6.8575,6.857499999999999e-4,TRUE,Plot E__3__interval_end__1-0__1211,1
Plot E,all,Plot E,July,3,2025-07-11,interval_end,1-0__1212,NA,NA,Acropora cervicornis,480,cm2,13.0625,0.00130625,TRUE,Plot E__3__interval_end__1-0__1212,1
Plot E,all,Plot E,July,3,2025-07-11,interval_end,1-0__1213,NA,NA,Acropora cervicornis,480,cm2,11.6275,0.00116275,TRUE,Plot E__3__interval_end__1-0__1213,1
Plot E,all,Plot E,July,3,2025-07-11,interval_end,1-0__1214,NA,NA,Acropora cervicornis,480,cm2,3.0725,3.0724999999999996e-4,TRUE,Plot E__3__interval_end__1-0__1214,1
Plot E,all,Plot E,July,3,2025-07-11,interval_end,1-0__1217,NA,NA,Orbicella faveolata,480,cm2,7.615,7.615e-4,TRUE,Plot E__3__interval_end__1-0__1217,1
Plot E,all,Plot E,July,3,2025-07-11,interval_end,1-0__1223,NA,NA,Orbicella faveolata,480,cm2,7.095,7.095e-4,TRUE,Plot E__3__interval_end__1-0__1223,1
Plot E,all,Plot E,July,3,2025-07-11,interval_end,1-0__1224,NA,NA,Orbicella faveolata,480,cm2,9.6125,9.612500000000001e-4,TRUE,Plot E__3__interval_end__1-0__1224,1
Plot E,all,Plot E,July,3,2025-07-11,interval_end,1-0__221,NA,NA,Orbicella annularis,480,cm2,28.5075,0.00285075,TRUE,Plot E__3__interval_end__1-0__221,1
Plot E,all,Plot E,July,3,2025-07-11,interval_end,1-0__224,NA,NA,Orbicella annularis,480,cm2,74.1475,0.0074147499999999995,TRUE,Plot E__3__interval_end__1-0__224,1
Plot E,all,Plot E,July,3,2025-07-11,interval_end,1-0__261,NA,NA,Orbicella annularis,480,cm2,26.785,0.0026785,TRUE,Plot E__3__interval_end__1-0__261,1
Plot E,all,Plot E,July,3,2025-07-11,interval_end,1-0__262,NA,NA,Orbicella annularis,480,cm2,0,0,FALSE,Plot E__3__interval_end__1-0__262,1
Plot E,all,Plot E,July,3,2025-07-11,interval_end,1-0__3366,NA,NA,Orbicella annularis,480,cm2,5.3875,5.387500000000001e-4,TRUE,Plot E__3__interval_end__1-0__3366,1
Plot E,all,Plot E,July,3,2025-07-11,interval_end,1-0__344,NA,NA,Orbicella annularis,480,cm2,46.3675,0.00463675,TRUE,Plot E__3__interval_end__1-0__344,1
Plot E,all,Plot E,July,3,2025-07-11,interval_end,1-0__349,NA,NA,Orbicella annularis,480,cm2,0,0,FALSE,Plot E__3__interval_end__1-0__349,1
Plot E,all,Plot E,July,3,2025-07-11,interval_end,1-0__351,NA,NA,Orbicella annularis,480,cm2,0,0,FALSE,Plot E__3__interval_end__1-0__351,1
Plot E,all,Plot E,July,3,2025-07-11,interval_end,1-0__354,NA,NA,Orbicella annularis,480,cm2,0,0,FALSE,Plot E__3__interval_end__1-0__354,1
Plot E,all,Plot E,July,3,2025-07-11,interval_end,1-0__365,NA,NA,Orbicella annularis,480,cm2,1.2075,1.2075000000000001e-4,TRUE,Plot E__3__interval_end__1-0__365,1
Plot E,all,Plot E,July,3,2025-07-11,interval_end,1-0__367,NA,NA,Orbicella annularis,480,cm2,22.6575,0.00226575,TRUE,Plot E__3__interval_end__1-0__367,1
Plot E,all,Plot E,July,3,2025-07-11,interval_end,1-0__368,NA,NA,Orbicella annularis,480,cm2,10.26,0.001026,TRUE,Plot E__3__interval_end__1-0__368,1
Plot E,all,Plot E,July,3,2025-07-11,interval_end,1-0__373,NA,NA,Orbicella annularis,480,cm2,1.2575,1.2575e-4,TRUE,Plot E__3__interval_end__1-0__373,1
Plot E,all,Plot E,July,3,2025-07-11,interval_end,1-0__375,NA,NA,Orbicella annularis,480,cm2,3.8475,3.8475e-4,TRUE,Plot E__3__interval_end__1-0__375,1
Plot E,all,Plot E,July,3,2025-07-11,interval_end,1-0__382,NA,NA,Orbicella annularis,480,cm2,2.3175,2.3175e-4,TRUE,Plot E__3__interval_end__1-0__382,1
Plot E,all,Plot E,July,3,2025-07-11,interval_end,1-0__4,NA,NA,Orbicella annularis,480,cm2,3.84,3.84e-4,TRUE,Plot E__3__interval_end__1-0__4,1
Plot E,all,Plot E,July,3,2025-07-11,interval_end,1-0__405,NA,NA,Orbicella franksi,480,cm2,41.0575,0.00410575,TRUE,Plot E__3__interval_end__1-0__405,1
Plot E,all,Plot E,July,3,2025-07-11,interval_end,1-0__409,NA,NA,Orbicella franksi,480,cm2,20.4075,0.00204075,TRUE,Plot E__3__interval_end__1-0__409,1
Plot E,all,Plot E,July,3,2025-07-11,interval_end,1-0__412,NA,NA,Orbicella franksi,480,cm2,13.6725,0.00136725,TRUE,Plot E__3__interval_end__1-0__412,1
Plot E,all,Plot E,July,3,2025-07-11,interval_end,1-0__413,NA,NA,Orbicella franksi,480,cm2,7.04,7.04e-4,TRUE,Plot E__3__interval_end__1-0__413,1
Plot E,all,Plot E,July,3,2025-07-11,interval_end,1-0__449,NA,NA,Orbicella annularis,480,cm2,33.05,0.0033049999999999998,TRUE,Plot E__3__interval_end__1-0__449,1
Plot E,all,Plot E,July,3,2025-07-11,interval_end,1-0__47,NA,NA,Orbicella annularis,480,cm2,1.8475,1.8475e-4,TRUE,Plot E__3__interval_end__1-0__47,1
Plot E,all,Plot E,July,3,2025-07-11,interval_end,1-0__470,NA,NA,Orbicella franksi,480,cm2,5.105,5.105e-4,TRUE,Plot E__3__interval_end__1-0__470,1
Plot E,all,Plot E,July,3,2025-07-11,interval_end,1-0__475,NA,NA,Orbicella franksi,480,cm2,4.705,4.705e-4,TRUE,Plot E__3__interval_end__1-0__475,1
Plot E,all,Plot E,July,3,2025-07-11,interval_end,1-0__476,NA,NA,Orbicella franksi,480,cm2,6.195,6.195e-4,TRUE,Plot E__3__interval_end__1-0__476,1
Plot E,all,Plot E,July,3,2025-07-11,interval_end,1-0__478,NA,NA,Orbicella franksi,480,cm2,10.5675,0.0010567500000000002,TRUE,Plot E__3__interval_end__1-0__478,1
Plot E,all,Plot E,July,3,2025-07-11,interval_end,1-0__481,NA,NA,Orbicella franksi,480,cm2,5.6575,5.6575e-4,TRUE,Plot E__3__interval_end__1-0__481,1
Plot E,all,Plot E,July,3,2025-07-11,interval_end,1-0__483,NA,NA,Orbicella franksi,480,cm2,5.1575,5.157499999999999e-4,TRUE,Plot E__3__interval_end__1-0__483,1
Plot E,all,Plot E,July,3,2025-07-11,interval_end,1-0__485,NA,NA,Orbicella franksi,480,cm2,6.9225,6.9225e-4,TRUE,Plot E__3__interval_end__1-0__485,1
Plot E,all,Plot E,July,3,2025-07-11,interval_end,1-0__488,NA,NA,Orbicella franksi,480,cm2,6.655,6.655000000000001e-4,TRUE,Plot E__3__interval_end__1-0__488,1
Plot E,all,Plot E,July,3,2025-07-11,interval_end,1-0__489,NA,NA,Orbicella franksi,480,cm2,6.2575,6.2575e-4,TRUE,Plot E__3__interval_end__1-0__489,1
Plot E,all,Plot E,July,3,2025-07-11,interval_end,1-0__5,NA,NA,Orbicella annularis,480,cm2,2.295,2.295e-4,TRUE,Plot E__3__interval_end__1-0__5,1
Plot E,all,Plot E,July,3,2025-07-11,interval_end,1-0__50,NA,NA,Orbicella annularis,480,cm2,12.6225,0.0012622500000000001,TRUE,Plot E__3__interval_end__1-0__50,1
Plot E,all,Plot E,July,3,2025-07-11,interval_end,1-0__51,NA,NA,Orbicella annularis,480,cm2,2.9075,2.9075e-4,TRUE,Plot E__3__interval_end__1-0__51,1
Plot E,all,Plot E,July,3,2025-07-11,interval_end,1-0__52,NA,NA,Orbicella annularis,480,cm2,5.625,5.625e-4,TRUE,Plot E__3__interval_end__1-0__52,1
Plot E,all,Plot E,July,3,2025-07-11,interval_end,1-0__53,NA,NA,Orbicella annularis,480,cm2,3.965,3.965e-4,TRUE,Plot E__3__interval_end__1-0__53,1
Plot E,all,Plot E,July,3,2025-07-11,interval_end,1-0__531,NA,NA,Orbicella annularis,480,cm2,1.325,1.325e-4,TRUE,Plot E__3__interval_end__1-0__531,1
Plot E,all,Plot E,July,3,2025-07-11,interval_end,1-0__532,NA,NA,Orbicella annularis,480,cm2,37.94,0.0037939999999999996,TRUE,Plot E__3__interval_end__1-0__532,1
Plot E,all,Plot E,July,3,2025-07-11,interval_end,1-0__533,NA,NA,Orbicella annularis,480,cm2,2.9925,2.9925000000000004e-4,TRUE,Plot E__3__interval_end__1-0__533,1
Plot E,all,Plot E,July,3,2025-07-11,interval_end,1-0__535,NA,NA,Orbicella annularis,480,cm2,5.935,5.935e-4,TRUE,Plot E__3__interval_end__1-0__535,1
Plot E,all,Plot E,July,3,2025-07-11,interval_end,1-0__54,NA,NA,Orbicella annularis,480,cm2,4.5,4.5e-4,TRUE,Plot E__3__interval_end__1-0__54,1
Plot E,all,Plot E,July,3,2025-07-11,interval_end,1-0__540,NA,NA,Orbicella annularis,480,cm2,4.4375,4.4375e-4,TRUE,Plot E__3__interval_end__1-0__540,1
Plot E,all,Plot E,July,3,2025-07-11,interval_end,1-0__55,NA,NA,Orbicella annularis,480,cm2,2.78,2.78e-4,TRUE,Plot E__3__interval_end__1-0__55,1
Plot E,all,Plot E,July,3,2025-07-11,interval_end,1-0__56,NA,NA,Orbicella annularis,480,cm2,0.3225,3.225e-5,TRUE,Plot E__3__interval_end__1-0__56,1
Plot E,all,Plot E,July,3,2025-07-11,interval_end,1-0__561,NA,NA,Orbicella annularis,480,cm2,0.365,3.65e-5,TRUE,Plot E__3__interval_end__1-0__561,1
Plot E,all,Plot E,July,3,2025-07-11,interval_end,1-0__562,NA,NA,Orbicella annularis,480,cm2,1.0575,1.0575000000000001e-4,TRUE,Plot E__3__interval_end__1-0__562,1
Plot E,all,Plot E,July,3,2025-07-11,interval_end,1-0__564,NA,NA,Orbicella annularis,480,cm2,0.6675,6.675e-5,TRUE,Plot E__3__interval_end__1-0__564,1
Plot E,all,Plot E,July,3,2025-07-11,interval_end,1-0__565,NA,NA,Orbicella annularis,480,cm2,1.0925,1.0925e-4,TRUE,Plot E__3__interval_end__1-0__565,1
Plot E,all,Plot E,July,3,2025-07-11,interval_end,1-0__566,NA,NA,Orbicella annularis,480,cm2,2.55,2.5499999999999996e-4,TRUE,Plot E__3__interval_end__1-0__566,1
Plot E,all,Plot E,July,3,2025-07-11,interval_end,1-0__567,NA,NA,Orbicella annularis,480,cm2,0.745,7.45e-5,TRUE,Plot E__3__interval_end__1-0__567,1
Plot E,all,Plot E,July,3,2025-07-11,interval_end,1-0__568,NA,NA,Orbicella annularis,480,cm2,0.5575,5.575e-5,TRUE,Plot E__3__interval_end__1-0__568,1
Plot E,all,Plot E,July,3,2025-07-11,interval_end,1-0__57,NA,NA,Orbicella annularis,480,cm2,0.88,8.8e-5,TRUE,Plot E__3__interval_end__1-0__57,1
Plot E,all,Plot E,July,3,2025-07-11,interval_end,1-0__570,NA,NA,Orbicella annularis,480,cm2,0.525,5.25e-5,TRUE,Plot E__3__interval_end__1-0__570,1
Plot E,all,Plot E,July,3,2025-07-11,interval_end,1-0__571,NA,NA,Orbicella annularis,480,cm2,1.505,1.505e-4,TRUE,Plot E__3__interval_end__1-0__571,1
Plot E,all,Plot E,July,3,2025-07-11,interval_end,1-0__573,NA,NA,Orbicella annularis,480,cm2,0.675,6.75e-5,TRUE,Plot E__3__interval_end__1-0__573,1
Plot E,all,Plot E,July,3,2025-07-11,interval_end,1-0__575,NA,NA,Orbicella annularis,480,cm2,0.985,9.85e-5,TRUE,Plot E__3__interval_end__1-0__575,1
Plot E,all,Plot E,July,3,2025-07-11,interval_end,1-0__577,NA,NA,Orbicella annularis,480,cm2,1.6,1.6e-4,TRUE,Plot E__3__interval_end__1-0__577,1
Plot E,all,Plot E,July,3,2025-07-11,interval_end,1-0__579,NA,NA,Orbicella annularis,480,cm2,1.4325,1.4325e-4,TRUE,Plot E__3__interval_end__1-0__579,1
Plot E,all,Plot E,July,3,2025-07-11,interval_end,1-0__580,NA,NA,Orbicella annularis,480,cm2,1.2325,1.2325e-4,TRUE,Plot E__3__interval_end__1-0__580,1
Plot E,all,Plot E,July,3,2025-07-11,interval_end,1-0__582,NA,NA,Orbicella annularis,480,cm2,6.3225,6.3225e-4,TRUE,Plot E__3__interval_end__1-0__582,1
Plot E,all,Plot E,July,3,2025-07-11,interval_end,1-0__583,NA,NA,Orbicella annularis,480,cm2,0.7875,7.875e-5,TRUE,Plot E__3__interval_end__1-0__583,1
Plot E,all,Plot E,July,3,2025-07-11,interval_end,1-0__584,NA,NA,Orbicella annularis,480,cm2,1.1775,1.1775e-4,TRUE,Plot E__3__interval_end__1-0__584,1
Plot E,all,Plot E,July,3,2025-07-11,interval_end,1-0__585,NA,NA,Orbicella annularis,480,cm2,5.6675,5.667500000000001e-4,TRUE,Plot E__3__interval_end__1-0__585,1
Plot E,all,Plot E,July,3,2025-07-11,interval_end,1-0__586,NA,NA,Orbicella annularis,480,cm2,1.185,1.1850000000000001e-4,TRUE,Plot E__3__interval_end__1-0__586,1
Plot E,all,Plot E,July,3,2025-07-11,interval_end,1-0__589,NA,NA,Orbicella franksi,480,cm2,35.432500000000005,0.0035432500000000004,TRUE,Plot E__3__interval_end__1-0__589,1
Plot E,all,Plot E,July,3,2025-07-11,interval_end,1-0__590,NA,NA,Orbicella annularis,480,cm2,1,1e-4,TRUE,Plot E__3__interval_end__1-0__590,1
Plot E,all,Plot E,July,3,2025-07-11,interval_end,1-0__591,NA,NA,Orbicella franksi,480,cm2,9.4225,9.422499999999999e-4,TRUE,Plot E__3__interval_end__1-0__591,1
Plot E,all,Plot E,July,3,2025-07-11,interval_end,1-0__593,NA,NA,Orbicella franksi,480,cm2,5.985,5.985000000000001e-4,TRUE,Plot E__3__interval_end__1-0__593,1
Plot E,all,Plot E,July,3,2025-07-11,interval_end,1-0__595,NA,NA,Orbicella franksi,480,cm2,15.695,0.0015695,TRUE,Plot E__3__interval_end__1-0__595,1
Plot E,all,Plot E,July,3,2025-07-11,interval_end,1-0__596,NA,NA,Orbicella franksi,480,cm2,6.63,6.63e-4,TRUE,Plot E__3__interval_end__1-0__596,1
Plot E,all,Plot E,July,3,2025-07-11,interval_end,1-0__598,NA,NA,Orbicella franksi,480,cm2,7.32,7.32e-4,TRUE,Plot E__3__interval_end__1-0__598,1
Plot E,all,Plot E,July,3,2025-07-11,interval_end,1-0__6,NA,NA,Orbicella annularis,480,cm2,2.26,2.26e-4,TRUE,Plot E__3__interval_end__1-0__6,1
Plot E,all,Plot E,July,3,2025-07-11,interval_end,1-0__614,NA,NA,Orbicella annularis,480,cm2,72.935,0.0072935000000000005,TRUE,Plot E__3__interval_end__1-0__614,1
Plot E,all,Plot E,July,3,2025-07-11,interval_end,1-0__617,NA,NA,Orbicella annularis,480,cm2,0.4,4e-5,TRUE,Plot E__3__interval_end__1-0__617,1
Plot E,all,Plot E,July,3,2025-07-11,interval_end,1-0__674,NA,NA,Acropora palmata,480,cm2,14.3075,0.00143075,TRUE,Plot E__3__interval_end__1-0__674,1
Plot E,all,Plot E,July,3,2025-07-11,interval_end,1-0__676,NA,NA,Acropora palmata,480,cm2,10.355,0.0010355,TRUE,Plot E__3__interval_end__1-0__676,1
Plot E,all,Plot E,July,3,2025-07-11,interval_end,1-0__677,NA,NA,Acropora palmata,480,cm2,21.435,0.0021435,TRUE,Plot E__3__interval_end__1-0__677,1
Plot E,all,Plot E,July,3,2025-07-11,interval_end,1-0__680,NA,NA,Acropora palmata,480,cm2,12.7,0.0012699999999999999,TRUE,Plot E__3__interval_end__1-0__680,1
Plot E,all,Plot E,July,3,2025-07-11,interval_end,1-0__683,NA,NA,Acropora palmata,480,cm2,13.795,0.0013795,TRUE,Plot E__3__interval_end__1-0__683,1
Plot E,all,Plot E,July,3,2025-07-11,interval_end,1-0__685,NA,NA,Orbicella franksi,480,cm2,5.56,5.56e-4,TRUE,Plot E__3__interval_end__1-0__685,1
Plot E,all,Plot E,July,3,2025-07-11,interval_end,1-0__686,NA,NA,Orbicella franksi,480,cm2,3.93,3.93e-4,TRUE,Plot E__3__interval_end__1-0__686,1
Plot E,all,Plot E,July,3,2025-07-11,interval_end,1-0__687,NA,NA,Orbicella franksi,480,cm2,7.5975,7.5975e-4,TRUE,Plot E__3__interval_end__1-0__687,1
Plot E,all,Plot E,July,3,2025-07-11,interval_end,1-0__688,NA,NA,Orbicella franksi,480,cm2,25.7,0.00257,TRUE,Plot E__3__interval_end__1-0__688,1
Plot E,all,Plot E,July,3,2025-07-11,interval_end,1-0__689,NA,NA,Orbicella franksi,480,cm2,15.3525,0.00153525,TRUE,Plot E__3__interval_end__1-0__689,1
Plot E,all,Plot E,July,3,2025-07-11,interval_end,1-0__691,NA,NA,Orbicella franksi,480,cm2,18.7425,0.00187425,TRUE,Plot E__3__interval_end__1-0__691,1
Plot E,all,Plot E,July,3,2025-07-11,interval_end,1-0__692,NA,NA,Orbicella franksi,480,cm2,4.665,4.665e-4,TRUE,Plot E__3__interval_end__1-0__692,1
Plot E,all,Plot E,July,3,2025-07-11,interval_end,1-0__693,NA,NA,Orbicella franksi,480,cm2,12.28,0.001228,TRUE,Plot E__3__interval_end__1-0__693,1
Plot E,all,Plot E,July,3,2025-07-11,interval_end,1-0__694,NA,NA,Orbicella franksi,480,cm2,3.2,3.2e-4,TRUE,Plot E__3__interval_end__1-0__694,1
Plot E,all,Plot E,July,3,2025-07-11,interval_end,1-0__697,NA,NA,Orbicella franksi,480,cm2,5.9,5.9e-4,TRUE,Plot E__3__interval_end__1-0__697,1
Plot E,all,Plot E,July,3,2025-07-11,interval_end,1-0__698,NA,NA,Orbicella franksi,480,cm2,3.8875,3.8875000000000004e-4,TRUE,Plot E__3__interval_end__1-0__698,1
Plot E,all,Plot E,July,3,2025-07-11,interval_end,1-0__699,NA,NA,Orbicella franksi,480,cm2,6.2625,6.262500000000001e-4,TRUE,Plot E__3__interval_end__1-0__699,1
Plot E,all,Plot E,July,3,2025-07-11,interval_end,1-0__7,NA,NA,Orbicella annularis,480,cm2,2.265,2.265e-4,TRUE,Plot E__3__interval_end__1-0__7,1
Plot E,all,Plot E,July,3,2025-07-11,interval_end,1-0__700,NA,NA,Orbicella franksi,480,cm2,9.1325,9.1325e-4,TRUE,Plot E__3__interval_end__1-0__700,1
Plot E,all,Plot E,July,3,2025-07-11,interval_end,1-0__730,NA,NA,Acropora palmata,480,cm2,21.6275,0.00216275,TRUE,Plot E__3__interval_end__1-0__730,1
Plot E,all,Plot E,July,3,2025-07-11,interval_end,1-0__738,NA,NA,Acropora palmata,480,cm2,12.28,0.001228,TRUE,Plot E__3__interval_end__1-0__738,1
Plot E,all,Plot E,July,3,2025-07-11,interval_end,1-0__745,NA,NA,Orbicella faveolata,480,cm2,4.135,4.1349999999999997e-4,TRUE,Plot E__3__interval_end__1-0__745,1
Plot E,all,Plot E,July,3,2025-07-11,interval_end,1-0__746,NA,NA,Orbicella faveolata,480,cm2,6.8,6.799999999999999e-4,TRUE,Plot E__3__interval_end__1-0__746,1
Plot E,all,Plot E,July,3,2025-07-11,interval_end,1-0__748,NA,NA,Orbicella faveolata,480,cm2,7.7075,7.7075e-4,TRUE,Plot E__3__interval_end__1-0__748,1
Plot E,all,Plot E,July,3,2025-07-11,interval_end,1-0__753,NA,NA,Acropora palmata,480,cm2,15.2475,0.00152475,TRUE,Plot E__3__interval_end__1-0__753,1
Plot E,all,Plot E,July,3,2025-07-11,interval_end,1-0__755,NA,NA,Orbicella faveolata,480,cm2,18.5675,0.00185675,TRUE,Plot E__3__interval_end__1-0__755,1
Plot E,all,Plot E,July,3,2025-07-11,interval_end,1-0__757,NA,NA,Orbicella faveolata,480,cm2,8.705,8.705e-4,TRUE,Plot E__3__interval_end__1-0__757,1
Plot E,all,Plot E,July,3,2025-07-11,interval_end,1-0__762,NA,NA,Orbicella faveolata,480,cm2,26.5025,0.0026502500000000003,TRUE,Plot E__3__interval_end__1-0__762,1
Plot E,all,Plot E,July,3,2025-07-11,interval_end,1-0__765,NA,NA,Orbicella faveolata,480,cm2,7.3475,7.3475e-4,TRUE,Plot E__3__interval_end__1-0__765,1
Plot E,all,Plot E,July,3,2025-07-11,interval_end,1-0__796,NA,NA,Acropora palmata,480,cm2,11.4875,0.00114875,TRUE,Plot E__3__interval_end__1-0__796,1
Plot E,all,Plot E,July,3,2025-07-11,interval_end,1-0__798,NA,NA,Acropora palmata,480,cm2,0,0,FALSE,Plot E__3__interval_end__1-0__798,1
Plot E,all,Plot E,July,3,2025-07-11,interval_end,1-0__8,NA,NA,Orbicella annularis,480,cm2,22.695,0.0022695,TRUE,Plot E__3__interval_end__1-0__8,1
Plot E,all,Plot E,July,3,2025-07-11,interval_end,1-0__802,NA,NA,Acropora palmata,480,cm2,10.805,0.0010804999999999999,TRUE,Plot E__3__interval_end__1-0__802,1
Plot E,all,Plot E,July,3,2025-07-11,interval_end,1-0__804,NA,NA,Acropora palmata,480,cm2,0,0,FALSE,Plot E__3__interval_end__1-0__804,1
Plot E,all,Plot E,July,3,2025-07-11,interval_end,1-0__805,NA,NA,Acropora palmata,480,cm2,37.3675,0.00373675,TRUE,Plot E__3__interval_end__1-0__805,1
Plot E,all,Plot E,July,3,2025-07-11,interval_end,1-0__808,NA,NA,Acropora palmata,480,cm2,0,0,FALSE,Plot E__3__interval_end__1-0__808,1
Plot E,all,Plot E,July,3,2025-07-11,interval_end,1-0__811,NA,NA,Acropora palmata,480,cm2,12.5,0.00125,TRUE,Plot E__3__interval_end__1-0__811,1
Plot E,all,Plot E,July,3,2025-07-11,interval_end,1-0__814,NA,NA,Acropora palmata,480,cm2,11.775,0.0011775,TRUE,Plot E__3__interval_end__1-0__814,1
Plot E,all,Plot E,July,3,2025-07-11,interval_end,1-0__828,NA,NA,Orbicella franksi,480,cm2,30.005,0.0030004999999999997,TRUE,Plot E__3__interval_end__1-0__828,1
Plot E,all,Plot E,July,3,2025-07-11,interval_end,1-0__829,NA,NA,Orbicella franksi,480,cm2,4.515,4.5149999999999997e-4,TRUE,Plot E__3__interval_end__1-0__829,1
Plot E,all,Plot E,July,3,2025-07-11,interval_end,1-0__831,NA,NA,Orbicella franksi,480,cm2,6.25,6.25e-4,TRUE,Plot E__3__interval_end__1-0__831,1
Plot E,all,Plot E,July,3,2025-07-11,interval_end,1-0__833,NA,NA,Orbicella franksi,480,cm2,14.77,0.001477,TRUE,Plot E__3__interval_end__1-0__833,1
Plot E,all,Plot E,July,3,2025-07-11,interval_end,1-0__835,NA,NA,Orbicella franksi,480,cm2,9.385,9.385e-4,TRUE,Plot E__3__interval_end__1-0__835,1
Plot E,all,Plot E,July,3,2025-07-11,interval_end,1-0__836,NA,NA,Orbicella franksi,480,cm2,3.995,3.995e-4,TRUE,Plot E__3__interval_end__1-0__836,1
Plot E,all,Plot E,July,3,2025-07-11,interval_end,1-0__841,NA,NA,Orbicella annularis,480,cm2,43.4775,0.00434775,TRUE,Plot E__3__interval_end__1-0__841,1
Plot E,all,Plot E,July,3,2025-07-11,interval_end,1-0__846,NA,NA,Orbicella annularis,480,cm2,2.1,2.1e-4,TRUE,Plot E__3__interval_end__1-0__846,1
Plot E,all,Plot E,July,3,2025-07-11,interval_end,1-0__85,NA,NA,Orbicella annularis,480,cm2,56.0425,0.00560425,TRUE,Plot E__3__interval_end__1-0__85,1
Plot E,all,Plot E,July,3,2025-07-11,interval_end,1-0__850,NA,NA,Orbicella annularis,480,cm2,0,0,FALSE,Plot E__3__interval_end__1-0__850,1
Plot E,all,Plot E,July,3,2025-07-11,interval_end,1-0__851,NA,NA,Orbicella annularis,480,cm2,1.3025,1.3025e-4,TRUE,Plot E__3__interval_end__1-0__851,1
Plot E,all,Plot E,July,3,2025-07-11,interval_end,1-0__852,NA,NA,Orbicella annularis,480,cm2,0.2875,2.8749999999999997e-5,TRUE,Plot E__3__interval_end__1-0__852,1
Plot E,all,Plot E,July,3,2025-07-11,interval_end,1-0__868,NA,NA,Orbicella annularis,480,cm2,69.3975,0.00693975,TRUE,Plot E__3__interval_end__1-0__868,1
Plot E,all,Plot E,July,3,2025-07-11,interval_end,1-0__9,NA,NA,Orbicella annularis,480,cm2,0.7625,7.625e-5,TRUE,Plot E__3__interval_end__1-0__9,1
Plot E,all,Plot E,July,3,2025-07-11,interval_end,1-0__90,NA,NA,Orbicella annularis,480,cm2,2.8875,2.8875e-4,TRUE,Plot E__3__interval_end__1-0__90,1
Plot E,all,Plot E,July,3,2025-07-11,interval_end,1-0__928,NA,NA,Orbicella franksi,480,cm2,7.7425,7.7425e-4,TRUE,Plot E__3__interval_end__1-0__928,1
Plot E,all,Plot E,July,3,2025-07-11,interval_end,1-0__930,NA,NA,Orbicella franksi,480,cm2,7.56,7.559999999999999e-4,TRUE,Plot E__3__interval_end__1-0__930,1
Plot E,all,Plot E,July,3,2025-07-11,interval_end,1-0__932,NA,NA,Orbicella franksi,480,cm2,20.425,0.0020425,TRUE,Plot E__3__interval_end__1-0__932,1
Plot E,all,Plot E,July,3,2025-07-11,interval_end,1-0__933,NA,NA,Orbicella franksi,480,cm2,27.1075,0.00271075,TRUE,Plot E__3__interval_end__1-0__933,1
Plot E,all,Plot E,July,3,2025-07-11,interval_end,1-0__939,NA,NA,Orbicella franksi,480,cm2,6.2125,6.212500000000001e-4,TRUE,Plot E__3__interval_end__1-0__939,1
Plot E,all,Plot E,July,3,2025-07-11,interval_end,1-0__942,NA,NA,Orbicella franksi,480,cm2,8.2575,8.2575e-4,TRUE,Plot E__3__interval_end__1-0__942,1
Plot E,all,Plot E,July,3,2025-07-11,interval_end,1-0__969,NA,NA,Acropora cervicornis,480,cm2,12.01,0.001201,TRUE,Plot E__3__interval_end__1-0__969,1
Plot E,all,Plot E,July,3,2025-07-11,interval_end,1-0__971,NA,NA,Acropora cervicornis,480,cm2,4.0075,4.0075e-4,TRUE,Plot E__3__interval_end__1-0__971,1
Plot E,all,Plot E,July,3,2025-07-11,interval_end,1-0__977,NA,NA,Acropora cervicornis,480,cm2,3.25,3.25e-4,TRUE,Plot E__3__interval_end__1-0__977,1
Plot E,all,Plot E,July,3,2025-07-11,interval_end,1-0__979,NA,NA,Acropora cervicornis,480,cm2,3.06,3.06e-4,TRUE,Plot E__3__interval_end__1-0__979,1
Plot E,all,Plot E,July,3,2025-07-11,interval_end,1-0__980,NA,NA,Acropora cervicornis,480,cm2,7.63,7.63e-4,TRUE,Plot E__3__interval_end__1-0__980,1
Plot E,all,Plot E,July,3,2025-07-11,interval_end,1-0__986,NA,NA,Acropora cervicornis,480,cm2,8.1125,8.112500000000001e-4,TRUE,Plot E__3__interval_end__1-0__986,1
Plot E,all,Plot E,July,3,2025-07-11,interval_end,1-1__0,NA,NA,Orbicella annularis,480,cm2,0.4325,4.325e-5,TRUE,Plot E__3__interval_end__1-1__0,1
Plot E,all,Plot E,July,3,2025-07-11,interval_end,1-1__11,NA,NA,Orbicella franksi,480,cm2,4.0925,4.0925e-4,TRUE,Plot E__3__interval_end__1-1__11,1
Plot E,all,Plot E,July,3,2025-07-11,interval_end,1-1__13,NA,NA,Orbicella franksi,480,cm2,2.3,2.2999999999999998e-4,TRUE,Plot E__3__interval_end__1-1__13,1
Plot E,all,Plot E,July,3,2025-07-11,interval_end,1-1__14,NA,NA,Orbicella franksi,480,cm2,4.695,4.6950000000000003e-4,TRUE,Plot E__3__interval_end__1-1__14,1
Plot E,all,Plot E,July,3,2025-07-11,interval_end,1-1__16,NA,NA,Orbicella annularis,480,cm2,8.3075,8.307499999999999e-4,TRUE,Plot E__3__interval_end__1-1__16,1
Plot E,all,Plot E,July,3,2025-07-11,interval_end,1-1__18,NA,NA,Orbicella annularis,480,cm2,2.83,2.83e-4,TRUE,Plot E__3__interval_end__1-1__18,1
Plot E,all,Plot E,July,3,2025-07-11,interval_end,1-1__19,NA,NA,Orbicella annularis,480,cm2,7.6525,7.652500000000001e-4,TRUE,Plot E__3__interval_end__1-1__19,1
Plot E,all,Plot E,July,3,2025-07-11,interval_end,1-1__2,NA,NA,Orbicella franksi,480,cm2,4.9825,4.9825e-4,TRUE,Plot E__3__interval_end__1-1__2,1
Plot E,all,Plot E,July,3,2025-07-11,interval_end,1-1__20,NA,NA,Orbicella annularis,480,cm2,5.025,5.025e-4,TRUE,Plot E__3__interval_end__1-1__20,1
Plot E,all,Plot E,July,3,2025-07-11,interval_end,1-1__21,NA,NA,Orbicella annularis,480,cm2,28.8,0.00288,TRUE,Plot E__3__interval_end__1-1__21,1
Plot E,all,Plot E,July,3,2025-07-11,interval_end,1-1__22,NA,NA,Orbicella annularis,480,cm2,3.3275,3.3275000000000004e-4,TRUE,Plot E__3__interval_end__1-1__22,1
Plot E,all,Plot E,July,3,2025-07-11,interval_end,1-1__24,NA,NA,Orbicella annularis,480,cm2,0.4925,4.925e-5,TRUE,Plot E__3__interval_end__1-1__24,1
Plot E,all,Plot E,July,3,2025-07-11,interval_end,1-1__25,NA,NA,Orbicella annularis,480,cm2,8.8375,8.8375e-4,TRUE,Plot E__3__interval_end__1-1__25,1
Plot E,all,Plot E,July,3,2025-07-11,interval_end,1-1__26,NA,NA,Orbicella annularis,480,cm2,2.76,2.76e-4,TRUE,Plot E__3__interval_end__1-1__26,1
Plot E,all,Plot E,July,3,2025-07-11,interval_end,1-1__27,NA,NA,Orbicella annularis,480,cm2,3.1025,3.1025e-4,TRUE,Plot E__3__interval_end__1-1__27,1
Plot E,all,Plot E,July,3,2025-07-11,interval_end,1-1__28,NA,NA,Orbicella annularis,480,cm2,8.0475,8.047499999999999e-4,TRUE,Plot E__3__interval_end__1-1__28,1
Plot E,all,Plot E,July,3,2025-07-11,interval_end,1-1__29,NA,NA,Orbicella annularis,480,cm2,0.9975,9.975e-5,TRUE,Plot E__3__interval_end__1-1__29,1
Plot E,all,Plot E,July,3,2025-07-11,interval_end,1-1__3,NA,NA,Orbicella franksi,480,cm2,4.4275,4.4275e-4,TRUE,Plot E__3__interval_end__1-1__3,1
Plot E,all,Plot E,July,3,2025-07-11,interval_end,1-1__30,NA,NA,Orbicella annularis,480,cm2,0,0,FALSE,Plot E__3__interval_end__1-1__30,1
Plot E,all,Plot E,July,3,2025-07-11,interval_end,1-1__31,NA,NA,Orbicella annularis,480,cm2,9.1025,9.102499999999999e-4,TRUE,Plot E__3__interval_end__1-1__31,1
Plot E,all,Plot E,July,3,2025-07-11,interval_end,1-1__32,NA,NA,Acropora palmata,480,cm2,227.19,0.022719,TRUE,Plot E__3__interval_end__1-1__32,1
Plot E,all,Plot E,July,3,2025-07-11,interval_end,1-1__33,NA,NA,Orbicella annularis,480,cm2,2.8225,2.8225e-4,TRUE,Plot E__3__interval_end__1-1__33,1
Plot E,all,Plot E,July,3,2025-07-11,interval_end,1-1__34,NA,NA,Orbicella annularis,480,cm2,3.0675,3.0675e-4,TRUE,Plot E__3__interval_end__1-1__34,1
Plot E,all,Plot E,July,3,2025-07-11,interval_end,1-1__35,NA,NA,Orbicella annularis,480,cm2,0.54,5.4000000000000005e-5,TRUE,Plot E__3__interval_end__1-1__35,1
Plot E,all,Plot E,July,3,2025-07-11,interval_end,1-1__36,NA,NA,Orbicella annularis,480,cm2,1.735,1.7350000000000002e-4,TRUE,Plot E__3__interval_end__1-1__36,1
Plot E,all,Plot E,July,3,2025-07-11,interval_end,1-1__38,NA,NA,Orbicella franksi,480,cm2,5.985,5.985000000000001e-4,TRUE,Plot E__3__interval_end__1-1__38,1
Plot E,all,Plot E,July,3,2025-07-11,interval_end,1-1__39,NA,NA,Orbicella franksi,480,cm2,5.75,5.75e-4,TRUE,Plot E__3__interval_end__1-1__39,1
Plot E,all,Plot E,July,3,2025-07-11,interval_end,1-1__4,NA,NA,Orbicella franksi,480,cm2,5.025,5.025e-4,TRUE,Plot E__3__interval_end__1-1__4,1
Plot E,all,Plot E,July,3,2025-07-11,interval_end,1-1__40,NA,NA,Orbicella franksi,480,cm2,5.7025,5.7025e-4,TRUE,Plot E__3__interval_end__1-1__40,1
Plot E,all,Plot E,July,3,2025-07-11,interval_end,1-1__41,NA,NA,Orbicella franksi,480,cm2,5.0125,5.012500000000001e-4,TRUE,Plot E__3__interval_end__1-1__41,1
Plot E,all,Plot E,July,3,2025-07-11,interval_end,1-1__42,NA,NA,Orbicella franksi,480,cm2,6.3425,6.3425e-4,TRUE,Plot E__3__interval_end__1-1__42,1
Plot E,all,Plot E,July,3,2025-07-11,interval_end,1-1__43,NA,NA,Orbicella franksi,480,cm2,6.0425,6.042500000000001e-4,TRUE,Plot E__3__interval_end__1-1__43,1
Plot E,all,Plot E,July,3,2025-07-11,interval_end,1-1__44,NA,NA,Orbicella franksi,480,cm2,4.73,4.7300000000000006e-4,TRUE,Plot E__3__interval_end__1-1__44,1
Plot E,all,Plot E,July,3,2025-07-11,interval_end,1-1__45,NA,NA,Orbicella franksi,480,cm2,6.145,6.144999999999999e-4,TRUE,Plot E__3__interval_end__1-1__45,1
Plot E,all,Plot E,July,3,2025-07-11,interval_end,1-1__46,NA,NA,Orbicella franksi,480,cm2,5.09,5.09e-4,TRUE,Plot E__3__interval_end__1-1__46,1
Plot E,all,Plot E,July,3,2025-07-11,interval_end,1-1__47,NA,NA,Orbicella annularis,480,cm2,5.77,5.769999999999999e-4,TRUE,Plot E__3__interval_end__1-1__47,1
Plot E,all,Plot E,July,3,2025-07-11,interval_end,1-1__48,NA,NA,Orbicella annularis,480,cm2,2.3525,2.3525e-4,TRUE,Plot E__3__interval_end__1-1__48,1
Plot E,all,Plot E,July,3,2025-07-11,interval_end,1-1__49,NA,NA,Orbicella annularis,480,cm2,5.4275,5.4275e-4,TRUE,Plot E__3__interval_end__1-1__49,1
Plot E,all,Plot E,July,3,2025-07-11,interval_end,1-1__5,NA,NA,Orbicella franksi,480,cm2,4.9525,4.952499999999999e-4,TRUE,Plot E__3__interval_end__1-1__5,1
Plot E,all,Plot E,July,3,2025-07-11,interval_end,1-1__50,NA,NA,Orbicella annularis,480,cm2,4.755,4.755e-4,TRUE,Plot E__3__interval_end__1-1__50,1
Plot E,all,Plot E,July,3,2025-07-11,interval_end,1-1__51,NA,NA,Orbicella annularis,480,cm2,6.975,6.975e-4,TRUE,Plot E__3__interval_end__1-1__51,1
Plot E,all,Plot E,July,3,2025-07-11,interval_end,1-1__52,NA,NA,Orbicella annularis,480,cm2,16.8775,0.00168775,TRUE,Plot E__3__interval_end__1-1__52,1
Plot E,all,Plot E,July,3,2025-07-11,interval_end,1-1__53,NA,NA,Orbicella annularis,480,cm2,6.7625,6.7625e-4,TRUE,Plot E__3__interval_end__1-1__53,1
Plot E,all,Plot E,July,3,2025-07-11,interval_end,1-1__54,NA,NA,Orbicella annularis,480,cm2,5.33,5.33e-4,TRUE,Plot E__3__interval_end__1-1__54,1
Plot E,all,Plot E,July,3,2025-07-11,interval_end,1-1__55,NA,NA,Orbicella faveolata,480,cm2,8.975,8.975e-4,TRUE,Plot E__3__interval_end__1-1__55,1
Plot E,all,Plot E,July,3,2025-07-11,interval_end,1-1__56,NA,NA,Orbicella faveolata,480,cm2,4.1025,4.1025e-4,TRUE,Plot E__3__interval_end__1-1__56,1
Plot E,all,Plot E,July,3,2025-07-11,interval_end,1-1__57,NA,NA,Orbicella faveolata,480,cm2,4.27,4.2699999999999997e-4,TRUE,Plot E__3__interval_end__1-1__57,1
Plot E,all,Plot E,July,3,2025-07-11,interval_end,1-1__58,NA,NA,Acropora palmata,480,cm2,9,9e-4,TRUE,Plot E__3__interval_end__1-1__58,1
Plot E,all,Plot E,July,3,2025-07-11,interval_end,1-1__59,NA,NA,Acropora palmata,480,cm2,10.5825,0.00105825,TRUE,Plot E__3__interval_end__1-1__59,1
Plot E,all,Plot E,July,3,2025-07-11,interval_end,1-1__6,NA,NA,Orbicella franksi,480,cm2,3.975,3.975e-4,TRUE,Plot E__3__interval_end__1-1__6,1
Plot E,all,Plot E,July,3,2025-07-11,interval_end,1-1__60,NA,NA,Acropora palmata,480,cm2,18.5625,0.00185625,TRUE,Plot E__3__interval_end__1-1__60,1
Plot E,all,Plot E,July,3,2025-07-11,interval_end,1-1__61,NA,NA,Acropora palmata,480,cm2,9.3575,9.3575e-4,TRUE,Plot E__3__interval_end__1-1__61,1
Plot E,all,Plot E,July,3,2025-07-11,interval_end,1-1__62,NA,NA,Acropora palmata,480,cm2,12.1525,0.00121525,TRUE,Plot E__3__interval_end__1-1__62,1
Plot E,all,Plot E,July,3,2025-07-11,interval_end,1-1__8,NA,NA,Orbicella franksi,480,cm2,5.1375,5.1375e-4,TRUE,Plot E__3__interval_end__1-1__8,1
Plot E,all,Plot E,July,3,2025-07-11,interval_end,1-1__9,NA,NA,Orbicella franksi,480,cm2,5.15,5.15e-4,TRUE,Plot E__3__interval_end__1-1__9,1
Plot E,all,Plot E,August,4,2025-08-04,interval_end,1-0__10,NA,NA,Orbicella annularis,480,cm2,1.715,1.715e-4,TRUE,Plot E__4__interval_end__1-0__10,1
Plot E,all,Plot E,August,4,2025-08-04,interval_end,1-0__1037,NA,NA,Orbicella faveolata,480,cm2,7.595,7.595e-4,TRUE,Plot E__4__interval_end__1-0__1037,1
Plot E,all,Plot E,August,4,2025-08-04,interval_end,1-0__1040,NA,NA,Orbicella faveolata,480,cm2,10.1075,0.00101075,TRUE,Plot E__4__interval_end__1-0__1040,1
Plot E,all,Plot E,August,4,2025-08-04,interval_end,1-0__1041,NA,NA,Orbicella faveolata,480,cm2,6.555,6.554999999999999e-4,TRUE,Plot E__4__interval_end__1-0__1041,1
Plot E,all,Plot E,August,4,2025-08-04,interval_end,1-0__1087,NA,NA,Orbicella faveolata,480,cm2,13.7375,0.00137375,TRUE,Plot E__4__interval_end__1-0__1087,1
Plot E,all,Plot E,August,4,2025-08-04,interval_end,1-0__1090,NA,NA,Orbicella faveolata,480,cm2,5.175,5.175e-4,TRUE,Plot E__4__interval_end__1-0__1090,1
Plot E,all,Plot E,August,4,2025-08-04,interval_end,1-0__1091,NA,NA,Orbicella faveolata,480,cm2,6.175,6.175e-4,TRUE,Plot E__4__interval_end__1-0__1091,1
Plot E,all,Plot E,August,4,2025-08-04,interval_end,1-0__1092,NA,NA,Orbicella faveolata,480,cm2,6.26,6.259999999999999e-4,TRUE,Plot E__4__interval_end__1-0__1092,1
Plot E,all,Plot E,August,4,2025-08-04,interval_end,1-0__1118,NA,NA,Orbicella faveolata,480,cm2,4.0175,4.0175e-4,TRUE,Plot E__4__interval_end__1-0__1118,1
Plot E,all,Plot E,August,4,2025-08-04,interval_end,1-0__1122,NA,NA,Orbicella faveolata,480,cm2,6.5125,6.5125e-4,TRUE,Plot E__4__interval_end__1-0__1122,1
Plot E,all,Plot E,August,4,2025-08-04,interval_end,1-0__1126,NA,NA,Orbicella faveolata,480,cm2,3.375,3.375e-4,TRUE,Plot E__4__interval_end__1-0__1126,1
Plot E,all,Plot E,August,4,2025-08-04,interval_end,1-0__1152,NA,NA,Orbicella faveolata,480,cm2,7.88,7.88e-4,TRUE,Plot E__4__interval_end__1-0__1152,1
Plot E,all,Plot E,August,4,2025-08-04,interval_end,1-0__1153,NA,NA,Orbicella faveolata,480,cm2,5.0325,5.0325e-4,TRUE,Plot E__4__interval_end__1-0__1153,1
Plot E,all,Plot E,August,4,2025-08-04,interval_end,1-0__1154,NA,NA,Orbicella faveolata,480,cm2,4.565,4.5650000000000004e-4,TRUE,Plot E__4__interval_end__1-0__1154,1
Plot E,all,Plot E,August,4,2025-08-04,interval_end,1-0__1158,NA,NA,Orbicella faveolata,480,cm2,4.4825,4.4824999999999997e-4,TRUE,Plot E__4__interval_end__1-0__1158,1
Plot E,all,Plot E,August,4,2025-08-04,interval_end,1-0__1159,NA,NA,Orbicella faveolata,480,cm2,5.8625,5.8625e-4,TRUE,Plot E__4__interval_end__1-0__1159,1
Plot E,all,Plot E,August,4,2025-08-04,interval_end,1-0__1161,NA,NA,Orbicella faveolata,480,cm2,2.5625,2.5625e-4,TRUE,Plot E__4__interval_end__1-0__1161,1
Plot E,all,Plot E,August,4,2025-08-04,interval_end,1-0__1173,NA,NA,Orbicella annularis,480,cm2,5.365,5.365e-4,TRUE,Plot E__4__interval_end__1-0__1173,1
Plot E,all,Plot E,August,4,2025-08-04,interval_end,1-0__1174,NA,NA,Orbicella annularis,480,cm2,2.075,2.0750000000000003e-4,TRUE,Plot E__4__interval_end__1-0__1174,1
Plot E,all,Plot E,August,4,2025-08-04,interval_end,1-0__1176,NA,NA,Orbicella annularis,480,cm2,4.3975,4.3975e-4,TRUE,Plot E__4__interval_end__1-0__1176,1
Plot E,all,Plot E,August,4,2025-08-04,interval_end,1-0__1177,NA,NA,Orbicella annularis,480,cm2,20.67,0.0020670000000000003,TRUE,Plot E__4__interval_end__1-0__1177,1
Plot E,all,Plot E,August,4,2025-08-04,interval_end,1-0__1178,NA,NA,Orbicella annularis,480,cm2,2.495,2.495e-4,TRUE,Plot E__4__interval_end__1-0__1178,1
Plot E,all,Plot E,August,4,2025-08-04,interval_end,1-0__1179,NA,NA,Orbicella annularis,480,cm2,1.05,1.05e-4,TRUE,Plot E__4__interval_end__1-0__1179,1
Plot E,all,Plot E,August,4,2025-08-04,interval_end,1-0__1180,NA,NA,Orbicella annularis,480,cm2,2.0825,2.0825e-4,TRUE,Plot E__4__interval_end__1-0__1180,1
Plot E,all,Plot E,August,4,2025-08-04,interval_end,1-0__1209,NA,NA,Acropora cervicornis,480,cm2,6.015,6.014999999999999e-4,TRUE,Plot E__4__interval_end__1-0__1209,1
Plot E,all,Plot E,August,4,2025-08-04,interval_end,1-0__1210,NA,NA,Acropora cervicornis,480,cm2,6.965,6.965e-4,TRUE,Plot E__4__interval_end__1-0__1210,1
Plot E,all,Plot E,August,4,2025-08-04,interval_end,1-0__1211,NA,NA,Acropora cervicornis,480,cm2,3.87,3.8700000000000003e-4,TRUE,Plot E__4__interval_end__1-0__1211,1
Plot E,all,Plot E,August,4,2025-08-04,interval_end,1-0__1212,NA,NA,Acropora cervicornis,480,cm2,6.0925,6.0925e-4,TRUE,Plot E__4__interval_end__1-0__1212,1
Plot E,all,Plot E,August,4,2025-08-04,interval_end,1-0__1213,NA,NA,Acropora cervicornis,480,cm2,8.39,8.39e-4,TRUE,Plot E__4__interval_end__1-0__1213,1
Plot E,all,Plot E,August,4,2025-08-04,interval_end,1-0__1214,NA,NA,Acropora cervicornis,480,cm2,5.0525,5.052500000000001e-4,TRUE,Plot E__4__interval_end__1-0__1214,1
Plot E,all,Plot E,August,4,2025-08-04,interval_end,1-0__1217,NA,NA,Orbicella faveolata,480,cm2,7.315,7.315e-4,TRUE,Plot E__4__interval_end__1-0__1217,1
Plot E,all,Plot E,August,4,2025-08-04,interval_end,1-0__1223,NA,NA,Orbicella faveolata,480,cm2,4.6675,4.6675000000000004e-4,TRUE,Plot E__4__interval_end__1-0__1223,1
Plot E,all,Plot E,August,4,2025-08-04,interval_end,1-0__1224,NA,NA,Orbicella faveolata,480,cm2,4.3925,4.3925e-4,TRUE,Plot E__4__interval_end__1-0__1224,1
Plot E,all,Plot E,August,4,2025-08-04,interval_end,1-0__221,NA,NA,Orbicella annularis,480,cm2,27.4525,0.00274525,TRUE,Plot E__4__interval_end__1-0__221,1
Plot E,all,Plot E,August,4,2025-08-04,interval_end,1-0__224,NA,NA,Orbicella annularis,480,cm2,76.355,0.007635500000000001,TRUE,Plot E__4__interval_end__1-0__224,1
Plot E,all,Plot E,August,4,2025-08-04,interval_end,1-0__261,NA,NA,Orbicella annularis,480,cm2,28.6525,0.00286525,TRUE,Plot E__4__interval_end__1-0__261,1
Plot E,all,Plot E,August,4,2025-08-04,interval_end,1-0__2796,NA,NA,Orbicella annularis,480,cm2,0.51,5.1e-5,TRUE,Plot E__4__interval_end__1-0__2796,1
Plot E,all,Plot E,August,4,2025-08-04,interval_end,1-0__3168,NA,NA,Orbicella annularis,480,cm2,8.8075,8.807499999999999e-4,TRUE,Plot E__4__interval_end__1-0__3168,1
Plot E,all,Plot E,August,4,2025-08-04,interval_end,1-0__3169,NA,NA,Orbicella annularis,480,cm2,3.735,3.7349999999999997e-4,TRUE,Plot E__4__interval_end__1-0__3169,1
Plot E,all,Plot E,August,4,2025-08-04,interval_end,1-0__3170,NA,NA,Orbicella annularis,480,cm2,2.18,2.18e-4,TRUE,Plot E__4__interval_end__1-0__3170,1
Plot E,all,Plot E,August,4,2025-08-04,interval_end,1-0__3171,NA,NA,Orbicella annularis,480,cm2,1.375,1.375e-4,TRUE,Plot E__4__interval_end__1-0__3171,1
Plot E,all,Plot E,August,4,2025-08-04,interval_end,1-0__3173,NA,NA,Orbicella annularis,480,cm2,2.0425,2.0425e-4,TRUE,Plot E__4__interval_end__1-0__3173,1
Plot E,all,Plot E,August,4,2025-08-04,interval_end,1-0__3366,NA,NA,Orbicella annularis,480,cm2,4.9225,4.922500000000001e-4,TRUE,Plot E__4__interval_end__1-0__3366,1
Plot E,all,Plot E,August,4,2025-08-04,interval_end,1-0__344,NA,NA,Orbicella annularis,480,cm2,47.685,0.0047685,TRUE,Plot E__4__interval_end__1-0__344,1
Plot E,all,Plot E,August,4,2025-08-04,interval_end,1-0__365,NA,NA,Orbicella annularis,480,cm2,0.785,7.85e-5,TRUE,Plot E__4__interval_end__1-0__365,1
Plot E,all,Plot E,August,4,2025-08-04,interval_end,1-0__367,NA,NA,Orbicella annularis,480,cm2,24.4825,0.0024482500000000003,TRUE,Plot E__4__interval_end__1-0__367,1
Plot E,all,Plot E,August,4,2025-08-04,interval_end,1-0__368,NA,NA,Orbicella annularis,480,cm2,10.0975,0.00100975,TRUE,Plot E__4__interval_end__1-0__368,1
Plot E,all,Plot E,August,4,2025-08-04,interval_end,1-0__373,NA,NA,Orbicella annularis,480,cm2,0.42,4.2e-5,TRUE,Plot E__4__interval_end__1-0__373,1
Plot E,all,Plot E,August,4,2025-08-04,interval_end,1-0__375,NA,NA,Orbicella annularis,480,cm2,3.185,3.185e-4,TRUE,Plot E__4__interval_end__1-0__375,1
Plot E,all,Plot E,August,4,2025-08-04,interval_end,1-0__382,NA,NA,Orbicella annularis,480,cm2,2.5025,2.5025e-4,TRUE,Plot E__4__interval_end__1-0__382,1
Plot E,all,Plot E,August,4,2025-08-04,interval_end,1-0__4,NA,NA,Orbicella annularis,480,cm2,4.555,4.5549999999999996e-4,TRUE,Plot E__4__interval_end__1-0__4,1
Plot E,all,Plot E,August,4,2025-08-04,interval_end,1-0__405,NA,NA,Orbicella franksi,480,cm2,38.4425,0.0038442500000000004,TRUE,Plot E__4__interval_end__1-0__405,1
Plot E,all,Plot E,August,4,2025-08-04,interval_end,1-0__409,NA,NA,Orbicella franksi,480,cm2,19.88,0.0019879999999999997,TRUE,Plot E__4__interval_end__1-0__409,1
Plot E,all,Plot E,August,4,2025-08-04,interval_end,1-0__412,NA,NA,Orbicella franksi,480,cm2,13.845,0.0013845,TRUE,Plot E__4__interval_end__1-0__412,1
Plot E,all,Plot E,August,4,2025-08-04,interval_end,1-0__413,NA,NA,Orbicella franksi,480,cm2,6.895,6.895e-4,TRUE,Plot E__4__interval_end__1-0__413,1
Plot E,all,Plot E,August,4,2025-08-04,interval_end,1-0__449,NA,NA,Orbicella annularis,480,cm2,32.14,0.003214,TRUE,Plot E__4__interval_end__1-0__449,1
Plot E,all,Plot E,August,4,2025-08-04,interval_end,1-0__47,NA,NA,Orbicella annularis,480,cm2,1.81,1.81e-4,TRUE,Plot E__4__interval_end__1-0__47,1
Plot E,all,Plot E,August,4,2025-08-04,interval_end,1-0__470,NA,NA,Orbicella franksi,480,cm2,5.165,5.165e-4,TRUE,Plot E__4__interval_end__1-0__470,1
Plot E,all,Plot E,August,4,2025-08-04,interval_end,1-0__475,NA,NA,Orbicella franksi,480,cm2,4.8125,4.8125e-4,TRUE,Plot E__4__interval_end__1-0__475,1
Plot E,all,Plot E,August,4,2025-08-04,interval_end,1-0__476,NA,NA,Orbicella franksi,480,cm2,6.2475,6.2475e-4,TRUE,Plot E__4__interval_end__1-0__476,1
Plot E,all,Plot E,August,4,2025-08-04,interval_end,1-0__478,NA,NA,Orbicella franksi,480,cm2,10.475,0.0010475,TRUE,Plot E__4__interval_end__1-0__478,1
Plot E,all,Plot E,August,4,2025-08-04,interval_end,1-0__481,NA,NA,Orbicella franksi,480,cm2,5.9475,5.9475e-4,TRUE,Plot E__4__interval_end__1-0__481,1
Plot E,all,Plot E,August,4,2025-08-04,interval_end,1-0__483,NA,NA,Orbicella franksi,480,cm2,5.5125,5.5125e-4,TRUE,Plot E__4__interval_end__1-0__483,1
Plot E,all,Plot E,August,4,2025-08-04,interval_end,1-0__485,NA,NA,Orbicella franksi,480,cm2,6.71,6.71e-4,TRUE,Plot E__4__interval_end__1-0__485,1
Plot E,all,Plot E,August,4,2025-08-04,interval_end,1-0__488,NA,NA,Orbicella franksi,480,cm2,6.5375,6.537499999999999e-4,TRUE,Plot E__4__interval_end__1-0__488,1
Plot E,all,Plot E,August,4,2025-08-04,interval_end,1-0__489,NA,NA,Orbicella franksi,480,cm2,6.39,6.389999999999999e-4,TRUE,Plot E__4__interval_end__1-0__489,1
Plot E,all,Plot E,August,4,2025-08-04,interval_end,1-0__5,NA,NA,Orbicella annularis,480,cm2,3.115,3.1150000000000004e-4,TRUE,Plot E__4__interval_end__1-0__5,1
Plot E,all,Plot E,August,4,2025-08-04,interval_end,1-0__50,NA,NA,Orbicella annularis,480,cm2,12.955,0.0012955,TRUE,Plot E__4__interval_end__1-0__50,1
Plot E,all,Plot E,August,4,2025-08-04,interval_end,1-0__51,NA,NA,Orbicella annularis,480,cm2,2.745,2.745e-4,TRUE,Plot E__4__interval_end__1-0__51,1
Plot E,all,Plot E,August,4,2025-08-04,interval_end,1-0__52,NA,NA,Orbicella annularis,480,cm2,5.95,5.95e-4,TRUE,Plot E__4__interval_end__1-0__52,1
Plot E,all,Plot E,August,4,2025-08-04,interval_end,1-0__53,NA,NA,Orbicella annularis,480,cm2,3.5525,3.5525000000000004e-4,TRUE,Plot E__4__interval_end__1-0__53,1
Plot E,all,Plot E,August,4,2025-08-04,interval_end,1-0__531,NA,NA,Orbicella annularis,480,cm2,1.315,1.315e-4,TRUE,Plot E__4__interval_end__1-0__531,1
Plot E,all,Plot E,August,4,2025-08-04,interval_end,1-0__532,NA,NA,Orbicella annularis,480,cm2,36.7575,0.00367575,TRUE,Plot E__4__interval_end__1-0__532,1
Plot E,all,Plot E,August,4,2025-08-04,interval_end,1-0__533,NA,NA,Orbicella annularis,480,cm2,2.6325,2.6325e-4,TRUE,Plot E__4__interval_end__1-0__533,1
Plot E,all,Plot E,August,4,2025-08-04,interval_end,1-0__535,NA,NA,Orbicella annularis,480,cm2,6.36,6.360000000000001e-4,TRUE,Plot E__4__interval_end__1-0__535,1
Plot E,all,Plot E,August,4,2025-08-04,interval_end,1-0__54,NA,NA,Orbicella annularis,480,cm2,4.5175,4.5175e-4,TRUE,Plot E__4__interval_end__1-0__54,1
Plot E,all,Plot E,August,4,2025-08-04,interval_end,1-0__540,NA,NA,Orbicella annularis,480,cm2,4.5775,4.5775e-4,TRUE,Plot E__4__interval_end__1-0__540,1
Plot E,all,Plot E,August,4,2025-08-04,interval_end,1-0__55,NA,NA,Orbicella annularis,480,cm2,2.6075,2.6074999999999997e-4,TRUE,Plot E__4__interval_end__1-0__55,1
Plot E,all,Plot E,August,4,2025-08-04,interval_end,1-0__56,NA,NA,Orbicella annularis,480,cm2,0.415,4.15e-5,TRUE,Plot E__4__interval_end__1-0__56,1
Plot E,all,Plot E,August,4,2025-08-04,interval_end,1-0__561,NA,NA,Orbicella annularis,480,cm2,0.5,5e-5,TRUE,Plot E__4__interval_end__1-0__561,1
Plot E,all,Plot E,August,4,2025-08-04,interval_end,1-0__562,NA,NA,Orbicella annularis,480,cm2,0.9625,9.625000000000001e-5,TRUE,Plot E__4__interval_end__1-0__562,1
Plot E,all,Plot E,August,4,2025-08-04,interval_end,1-0__564,NA,NA,Orbicella annularis,480,cm2,0.5775,5.775e-5,TRUE,Plot E__4__interval_end__1-0__564,1
Plot E,all,Plot E,August,4,2025-08-04,interval_end,1-0__565,NA,NA,Orbicella annularis,480,cm2,0.965,9.65e-5,TRUE,Plot E__4__interval_end__1-0__565,1
Plot E,all,Plot E,August,4,2025-08-04,interval_end,1-0__566,NA,NA,Orbicella annularis,480,cm2,2.5725,2.5725e-4,TRUE,Plot E__4__interval_end__1-0__566,1
Plot E,all,Plot E,August,4,2025-08-04,interval_end,1-0__567,NA,NA,Orbicella annularis,480,cm2,0.78,7.8e-5,TRUE,Plot E__4__interval_end__1-0__567,1
Plot E,all,Plot E,August,4,2025-08-04,interval_end,1-0__568,NA,NA,Orbicella annularis,480,cm2,0.57,5.6999999999999996e-5,TRUE,Plot E__4__interval_end__1-0__568,1
Plot E,all,Plot E,August,4,2025-08-04,interval_end,1-0__57,NA,NA,Orbicella annularis,480,cm2,0.8325,8.325e-5,TRUE,Plot E__4__interval_end__1-0__57,1
Plot E,all,Plot E,August,4,2025-08-04,interval_end,1-0__570,NA,NA,Orbicella annularis,480,cm2,0.51,5.1e-5,TRUE,Plot E__4__interval_end__1-0__570,1
Plot E,all,Plot E,August,4,2025-08-04,interval_end,1-0__571,NA,NA,Orbicella annularis,480,cm2,1.675,1.675e-4,TRUE,Plot E__4__interval_end__1-0__571,1
Plot E,all,Plot E,August,4,2025-08-04,interval_end,1-0__573,NA,NA,Orbicella annularis,480,cm2,0.715,7.15e-5,TRUE,Plot E__4__interval_end__1-0__573,1
Plot E,all,Plot E,August,4,2025-08-04,interval_end,1-0__575,NA,NA,Orbicella annularis,480,cm2,0.735,7.35e-5,TRUE,Plot E__4__interval_end__1-0__575,1
Plot E,all,Plot E,August,4,2025-08-04,interval_end,1-0__577,NA,NA,Orbicella annularis,480,cm2,1.3675,1.3675e-4,TRUE,Plot E__4__interval_end__1-0__577,1
Plot E,all,Plot E,August,4,2025-08-04,interval_end,1-0__579,NA,NA,Orbicella annularis,480,cm2,1.3325,1.3325e-4,TRUE,Plot E__4__interval_end__1-0__579,1
Plot E,all,Plot E,August,4,2025-08-04,interval_end,1-0__580,NA,NA,Orbicella annularis,480,cm2,0.8825,8.824999999999999e-5,TRUE,Plot E__4__interval_end__1-0__580,1
Plot E,all,Plot E,August,4,2025-08-04,interval_end,1-0__582,NA,NA,Orbicella annularis,480,cm2,5.8125,5.8125e-4,TRUE,Plot E__4__interval_end__1-0__582,1
Plot E,all,Plot E,August,4,2025-08-04,interval_end,1-0__583,NA,NA,Orbicella annularis,480,cm2,0.6375,6.374999999999999e-5,TRUE,Plot E__4__interval_end__1-0__583,1
Plot E,all,Plot E,August,4,2025-08-04,interval_end,1-0__584,NA,NA,Orbicella annularis,480,cm2,0.9975,9.975e-5,TRUE,Plot E__4__interval_end__1-0__584,1
Plot E,all,Plot E,August,4,2025-08-04,interval_end,1-0__585,NA,NA,Orbicella annularis,480,cm2,4.7,4.7000000000000004e-4,TRUE,Plot E__4__interval_end__1-0__585,1
Plot E,all,Plot E,August,4,2025-08-04,interval_end,1-0__586,NA,NA,Orbicella annularis,480,cm2,1,1e-4,TRUE,Plot E__4__interval_end__1-0__586,1
Plot E,all,Plot E,August,4,2025-08-04,interval_end,1-0__589,NA,NA,Orbicella franksi,480,cm2,35.23,0.0035229999999999997,TRUE,Plot E__4__interval_end__1-0__589,1
Plot E,all,Plot E,August,4,2025-08-04,interval_end,1-0__590,NA,NA,Orbicella annularis,480,cm2,0.74,7.4e-5,TRUE,Plot E__4__interval_end__1-0__590,1
Plot E,all,Plot E,August,4,2025-08-04,interval_end,1-0__591,NA,NA,Orbicella franksi,480,cm2,9.11,9.109999999999999e-4,TRUE,Plot E__4__interval_end__1-0__591,1
Plot E,all,Plot E,August,4,2025-08-04,interval_end,1-0__593,NA,NA,Orbicella franksi,480,cm2,5.835,5.835e-4,TRUE,Plot E__4__interval_end__1-0__593,1
Plot E,all,Plot E,August,4,2025-08-04,interval_end,1-0__595,NA,NA,Orbicella franksi,480,cm2,14.9125,0.00149125,TRUE,Plot E__4__interval_end__1-0__595,1
Plot E,all,Plot E,August,4,2025-08-04,interval_end,1-0__596,NA,NA,Orbicella franksi,480,cm2,4.6,4.5999999999999996e-4,TRUE,Plot E__4__interval_end__1-0__596,1
Plot E,all,Plot E,August,4,2025-08-04,interval_end,1-0__598,NA,NA,Orbicella franksi,480,cm2,6.42,6.42e-4,TRUE,Plot E__4__interval_end__1-0__598,1
Plot E,all,Plot E,August,4,2025-08-04,interval_end,1-0__6,NA,NA,Orbicella annularis,480,cm2,2.4875,2.4875e-4,TRUE,Plot E__4__interval_end__1-0__6,1
Plot E,all,Plot E,August,4,2025-08-04,interval_end,1-0__614,NA,NA,Orbicella annularis,480,cm2,75.3275,0.00753275,TRUE,Plot E__4__interval_end__1-0__614,1
Plot E,all,Plot E,August,4,2025-08-04,interval_end,1-0__617,NA,NA,Orbicella annularis,480,cm2,0.4075,4.0749999999999994e-5,TRUE,Plot E__4__interval_end__1-0__617,1
Plot E,all,Plot E,August,4,2025-08-04,interval_end,1-0__674,NA,NA,Acropora palmata,480,cm2,14.3075,0.00143075,TRUE,Plot E__4__interval_end__1-0__674,1
Plot E,all,Plot E,August,4,2025-08-04,interval_end,1-0__676,NA,NA,Acropora palmata,480,cm2,10.355,0.0010355,TRUE,Plot E__4__interval_end__1-0__676,1
Plot E,all,Plot E,August,4,2025-08-04,interval_end,1-0__677,NA,NA,Acropora palmata,480,cm2,21.435,0.0021435,TRUE,Plot E__4__interval_end__1-0__677,1
Plot E,all,Plot E,August,4,2025-08-04,interval_end,1-0__680,NA,NA,Acropora palmata,480,cm2,12.7,0.0012699999999999999,TRUE,Plot E__4__interval_end__1-0__680,1
Plot E,all,Plot E,August,4,2025-08-04,interval_end,1-0__683,NA,NA,Acropora palmata,480,cm2,13.795,0.0013795,TRUE,Plot E__4__interval_end__1-0__683,1
Plot E,all,Plot E,August,4,2025-08-04,interval_end,1-0__685,NA,NA,Orbicella franksi,480,cm2,5.585,5.585e-4,TRUE,Plot E__4__interval_end__1-0__685,1
Plot E,all,Plot E,August,4,2025-08-04,interval_end,1-0__686,NA,NA,Orbicella franksi,480,cm2,3.8625,3.8625e-4,TRUE,Plot E__4__interval_end__1-0__686,1
Plot E,all,Plot E,August,4,2025-08-04,interval_end,1-0__687,NA,NA,Orbicella franksi,480,cm2,6.84,6.84e-4,TRUE,Plot E__4__interval_end__1-0__687,1
Plot E,all,Plot E,August,4,2025-08-04,interval_end,1-0__688,NA,NA,Orbicella franksi,480,cm2,24.0925,0.00240925,TRUE,Plot E__4__interval_end__1-0__688,1
Plot E,all,Plot E,August,4,2025-08-04,interval_end,1-0__689,NA,NA,Orbicella franksi,480,cm2,16.9,0.0016899999999999999,TRUE,Plot E__4__interval_end__1-0__689,1
Plot E,all,Plot E,August,4,2025-08-04,interval_end,1-0__691,NA,NA,Orbicella franksi,480,cm2,21.0075,0.00210075,TRUE,Plot E__4__interval_end__1-0__691,1
Plot E,all,Plot E,August,4,2025-08-04,interval_end,1-0__692,NA,NA,Orbicella franksi,480,cm2,4.485,4.485e-4,TRUE,Plot E__4__interval_end__1-0__692,1
Plot E,all,Plot E,August,4,2025-08-04,interval_end,1-0__693,NA,NA,Orbicella franksi,480,cm2,12.42,0.001242,TRUE,Plot E__4__interval_end__1-0__693,1
Plot E,all,Plot E,August,4,2025-08-04,interval_end,1-0__694,NA,NA,Orbicella franksi,480,cm2,3.0875,3.0875e-4,TRUE,Plot E__4__interval_end__1-0__694,1
Plot E,all,Plot E,August,4,2025-08-04,interval_end,1-0__697,NA,NA,Orbicella franksi,480,cm2,5.7975,5.797500000000001e-4,TRUE,Plot E__4__interval_end__1-0__697,1
Plot E,all,Plot E,August,4,2025-08-04,interval_end,1-0__698,NA,NA,Orbicella franksi,480,cm2,4.1075,4.1075e-4,TRUE,Plot E__4__interval_end__1-0__698,1
Plot E,all,Plot E,August,4,2025-08-04,interval_end,1-0__699,NA,NA,Orbicella franksi,480,cm2,6.14,6.14e-4,TRUE,Plot E__4__interval_end__1-0__699,1
Plot E,all,Plot E,August,4,2025-08-04,interval_end,1-0__7,NA,NA,Orbicella annularis,480,cm2,2.2175,2.2174999999999997e-4,TRUE,Plot E__4__interval_end__1-0__7,1
Plot E,all,Plot E,August,4,2025-08-04,interval_end,1-0__700,NA,NA,Orbicella franksi,480,cm2,9.6025,9.6025e-4,TRUE,Plot E__4__interval_end__1-0__700,1
Plot E,all,Plot E,August,4,2025-08-04,interval_end,1-0__730,NA,NA,Acropora palmata,480,cm2,25.3375,0.00253375,TRUE,Plot E__4__interval_end__1-0__730,1
Plot E,all,Plot E,August,4,2025-08-04,interval_end,1-0__738,NA,NA,Acropora palmata,480,cm2,13.915,0.0013915,TRUE,Plot E__4__interval_end__1-0__738,1
Plot E,all,Plot E,August,4,2025-08-04,interval_end,1-0__745,NA,NA,Orbicella faveolata,480,cm2,4.4475,4.4475e-4,TRUE,Plot E__4__interval_end__1-0__745,1
Plot E,all,Plot E,August,4,2025-08-04,interval_end,1-0__746,NA,NA,Orbicella faveolata,480,cm2,6.6725,6.6725e-4,TRUE,Plot E__4__interval_end__1-0__746,1
Plot E,all,Plot E,August,4,2025-08-04,interval_end,1-0__748,NA,NA,Orbicella faveolata,480,cm2,7.835,7.835e-4,TRUE,Plot E__4__interval_end__1-0__748,1
Plot E,all,Plot E,August,4,2025-08-04,interval_end,1-0__753,NA,NA,Acropora palmata,480,cm2,19.595,0.0019595,TRUE,Plot E__4__interval_end__1-0__753,1
Plot E,all,Plot E,August,4,2025-08-04,interval_end,1-0__755,NA,NA,Orbicella faveolata,480,cm2,18.5125,0.00185125,TRUE,Plot E__4__interval_end__1-0__755,1
Plot E,all,Plot E,August,4,2025-08-04,interval_end,1-0__757,NA,NA,Orbicella faveolata,480,cm2,8.7725,8.772500000000001e-4,TRUE,Plot E__4__interval_end__1-0__757,1
Plot E,all,Plot E,August,4,2025-08-04,interval_end,1-0__762,NA,NA,Orbicella faveolata,480,cm2,25.6875,0.00256875,TRUE,Plot E__4__interval_end__1-0__762,1
Plot E,all,Plot E,August,4,2025-08-04,interval_end,1-0__765,NA,NA,Orbicella faveolata,480,cm2,7.1975,7.1975e-4,TRUE,Plot E__4__interval_end__1-0__765,1
Plot E,all,Plot E,August,4,2025-08-04,interval_end,1-0__796,NA,NA,Acropora palmata,480,cm2,0,0,FALSE,Plot E__4__interval_end__1-0__796,1
Plot E,all,Plot E,August,4,2025-08-04,interval_end,1-0__8,NA,NA,Orbicella annularis,480,cm2,25.245,0.0025245000000000003,TRUE,Plot E__4__interval_end__1-0__8,1
Plot E,all,Plot E,August,4,2025-08-04,interval_end,1-0__802,NA,NA,Acropora palmata,480,cm2,0,0,FALSE,Plot E__4__interval_end__1-0__802,1
Plot E,all,Plot E,August,4,2025-08-04,interval_end,1-0__805,NA,NA,Acropora palmata,480,cm2,48.415,0.0048415,TRUE,Plot E__4__interval_end__1-0__805,1
Plot E,all,Plot E,August,4,2025-08-04,interval_end,1-0__811,NA,NA,Acropora palmata,480,cm2,24.4325,0.00244325,TRUE,Plot E__4__interval_end__1-0__811,1
Plot E,all,Plot E,August,4,2025-08-04,interval_end,1-0__814,NA,NA,Acropora palmata,480,cm2,0,0,FALSE,Plot E__4__interval_end__1-0__814,1
Plot E,all,Plot E,August,4,2025-08-04,interval_end,1-0__828,NA,NA,Orbicella franksi,480,cm2,28.1475,0.00281475,TRUE,Plot E__4__interval_end__1-0__828,1
Plot E,all,Plot E,August,4,2025-08-04,interval_end,1-0__829,NA,NA,Orbicella franksi,480,cm2,4.475,4.475e-4,TRUE,Plot E__4__interval_end__1-0__829,1
Plot E,all,Plot E,August,4,2025-08-04,interval_end,1-0__831,NA,NA,Orbicella franksi,480,cm2,6.465,6.464999999999999e-4,TRUE,Plot E__4__interval_end__1-0__831,1
Plot E,all,Plot E,August,4,2025-08-04,interval_end,1-0__833,NA,NA,Orbicella franksi,480,cm2,12.805,0.0012805,TRUE,Plot E__4__interval_end__1-0__833,1
Plot E,all,Plot E,August,4,2025-08-04,interval_end,1-0__835,NA,NA,Orbicella franksi,480,cm2,7.75,7.75e-4,TRUE,Plot E__4__interval_end__1-0__835,1
Plot E,all,Plot E,August,4,2025-08-04,interval_end,1-0__836,NA,NA,Orbicella franksi,480,cm2,3.8875,3.8875000000000004e-4,TRUE,Plot E__4__interval_end__1-0__836,1
Plot E,all,Plot E,August,4,2025-08-04,interval_end,1-0__841,NA,NA,Orbicella annularis,480,cm2,48.085,0.0048085,TRUE,Plot E__4__interval_end__1-0__841,1
Plot E,all,Plot E,August,4,2025-08-04,interval_end,1-0__846,NA,NA,Orbicella annularis,480,cm2,2.3875,2.3875000000000003e-4,TRUE,Plot E__4__interval_end__1-0__846,1
Plot E,all,Plot E,August,4,2025-08-04,interval_end,1-0__85,NA,NA,Orbicella annularis,480,cm2,54.7125,0.0054712499999999996,TRUE,Plot E__4__interval_end__1-0__85,1
Plot E,all,Plot E,August,4,2025-08-04,interval_end,1-0__851,NA,NA,Orbicella annularis,480,cm2,1.4525,1.4524999999999998e-4,TRUE,Plot E__4__interval_end__1-0__851,1
Plot E,all,Plot E,August,4,2025-08-04,interval_end,1-0__852,NA,NA,Orbicella annularis,480,cm2,0.335,3.35e-5,TRUE,Plot E__4__interval_end__1-0__852,1
Plot E,all,Plot E,August,4,2025-08-04,interval_end,1-0__868,NA,NA,Orbicella annularis,480,cm2,69.4875,0.00694875,TRUE,Plot E__4__interval_end__1-0__868,1
Plot E,all,Plot E,August,4,2025-08-04,interval_end,1-0__9,NA,NA,Orbicella annularis,480,cm2,0.8925,8.925e-5,TRUE,Plot E__4__interval_end__1-0__9,1
Plot E,all,Plot E,August,4,2025-08-04,interval_end,1-0__90,NA,NA,Orbicella annularis,480,cm2,2.6825,2.6825e-4,TRUE,Plot E__4__interval_end__1-0__90,1
Plot E,all,Plot E,August,4,2025-08-04,interval_end,1-0__928,NA,NA,Orbicella franksi,480,cm2,7.9575,7.957499999999999e-4,TRUE,Plot E__4__interval_end__1-0__928,1
Plot E,all,Plot E,August,4,2025-08-04,interval_end,1-0__930,NA,NA,Orbicella franksi,480,cm2,8.1825,8.1825e-4,TRUE,Plot E__4__interval_end__1-0__930,1
Plot E,all,Plot E,August,4,2025-08-04,interval_end,1-0__932,NA,NA,Orbicella franksi,480,cm2,21.935,0.0021934999999999997,TRUE,Plot E__4__interval_end__1-0__932,1
Plot E,all,Plot E,August,4,2025-08-04,interval_end,1-0__933,NA,NA,Orbicella franksi,480,cm2,29.5225,0.00295225,TRUE,Plot E__4__interval_end__1-0__933,1
Plot E,all,Plot E,August,4,2025-08-04,interval_end,1-0__939,NA,NA,Orbicella franksi,480,cm2,6.9075,6.9075e-4,TRUE,Plot E__4__interval_end__1-0__939,1
Plot E,all,Plot E,August,4,2025-08-04,interval_end,1-0__942,NA,NA,Orbicella franksi,480,cm2,8.7775,8.7775e-4,TRUE,Plot E__4__interval_end__1-0__942,1
Plot E,all,Plot E,August,4,2025-08-04,interval_end,1-0__969,NA,NA,Acropora cervicornis,480,cm2,16.4875,0.00164875,TRUE,Plot E__4__interval_end__1-0__969,1
Plot E,all,Plot E,August,4,2025-08-04,interval_end,1-0__971,NA,NA,Acropora cervicornis,480,cm2,4.0275,4.0275e-4,TRUE,Plot E__4__interval_end__1-0__971,1
Plot E,all,Plot E,August,4,2025-08-04,interval_end,1-0__977,NA,NA,Acropora cervicornis,480,cm2,2.0525,2.0525000000000003e-4,TRUE,Plot E__4__interval_end__1-0__977,1
Plot E,all,Plot E,August,4,2025-08-04,interval_end,1-0__979,NA,NA,Acropora cervicornis,480,cm2,4,4e-4,TRUE,Plot E__4__interval_end__1-0__979,1
Plot E,all,Plot E,August,4,2025-08-04,interval_end,1-0__980,NA,NA,Acropora cervicornis,480,cm2,7.925,7.925e-4,TRUE,Plot E__4__interval_end__1-0__980,1
Plot E,all,Plot E,August,4,2025-08-04,interval_end,1-0__986,NA,NA,Acropora cervicornis,480,cm2,8.1125,8.112500000000001e-4,TRUE,Plot E__4__interval_end__1-0__986,1
Plot E,all,Plot E,August,4,2025-08-04,interval_end,1-1__0,NA,NA,Orbicella annularis,480,cm2,0,0,FALSE,Plot E__4__interval_end__1-1__0,1
Plot E,all,Plot E,August,4,2025-08-04,interval_end,1-1__11,NA,NA,Orbicella franksi,480,cm2,4.435,4.4349999999999994e-4,TRUE,Plot E__4__interval_end__1-1__11,1
Plot E,all,Plot E,August,4,2025-08-04,interval_end,1-1__13,NA,NA,Orbicella franksi,480,cm2,3.545,3.545e-4,TRUE,Plot E__4__interval_end__1-1__13,1
Plot E,all,Plot E,August,4,2025-08-04,interval_end,1-1__14,NA,NA,Orbicella franksi,480,cm2,2.9125,2.9125e-4,TRUE,Plot E__4__interval_end__1-1__14,1
Plot E,all,Plot E,August,4,2025-08-04,interval_end,1-1__16,NA,NA,Orbicella annularis,480,cm2,9.0725,9.0725e-4,TRUE,Plot E__4__interval_end__1-1__16,1
Plot E,all,Plot E,August,4,2025-08-04,interval_end,1-1__18,NA,NA,Orbicella annularis,480,cm2,3.3275,3.3275000000000004e-4,TRUE,Plot E__4__interval_end__1-1__18,1
Plot E,all,Plot E,August,4,2025-08-04,interval_end,1-1__19,NA,NA,Orbicella annularis,480,cm2,9.6375,9.6375e-4,TRUE,Plot E__4__interval_end__1-1__19,1
Plot E,all,Plot E,August,4,2025-08-04,interval_end,1-1__2,NA,NA,Orbicella franksi,480,cm2,5.5075,5.5075e-4,TRUE,Plot E__4__interval_end__1-1__2,1
Plot E,all,Plot E,August,4,2025-08-04,interval_end,1-1__20,NA,NA,Orbicella annularis,480,cm2,5.445,5.445000000000001e-4,TRUE,Plot E__4__interval_end__1-1__20,1
Plot E,all,Plot E,August,4,2025-08-04,interval_end,1-1__21,NA,NA,Orbicella annularis,480,cm2,29.9525,0.0029952499999999996,TRUE,Plot E__4__interval_end__1-1__21,1
Plot E,all,Plot E,August,4,2025-08-04,interval_end,1-1__22,NA,NA,Orbicella annularis,480,cm2,3.35,3.35e-4,TRUE,Plot E__4__interval_end__1-1__22,1
Plot E,all,Plot E,August,4,2025-08-04,interval_end,1-1__24,NA,NA,Orbicella annularis,480,cm2,0.7675,7.675e-5,TRUE,Plot E__4__interval_end__1-1__24,1
Plot E,all,Plot E,August,4,2025-08-04,interval_end,1-1__25,NA,NA,Orbicella annularis,480,cm2,10.13,0.001013,TRUE,Plot E__4__interval_end__1-1__25,1
Plot E,all,Plot E,August,4,2025-08-04,interval_end,1-1__26,NA,NA,Orbicella annularis,480,cm2,2.565,2.565e-4,TRUE,Plot E__4__interval_end__1-1__26,1
Plot E,all,Plot E,August,4,2025-08-04,interval_end,1-1__27,NA,NA,Orbicella annularis,480,cm2,4.0175,4.0175e-4,TRUE,Plot E__4__interval_end__1-1__27,1
Plot E,all,Plot E,August,4,2025-08-04,interval_end,1-1__28,NA,NA,Orbicella annularis,480,cm2,8.615,8.615000000000001e-4,TRUE,Plot E__4__interval_end__1-1__28,1
Plot E,all,Plot E,August,4,2025-08-04,interval_end,1-1__29,NA,NA,Orbicella annularis,480,cm2,1.185,1.1850000000000001e-4,TRUE,Plot E__4__interval_end__1-1__29,1
Plot E,all,Plot E,August,4,2025-08-04,interval_end,1-1__3,NA,NA,Orbicella franksi,480,cm2,4.3675,4.3674999999999996e-4,TRUE,Plot E__4__interval_end__1-1__3,1
Plot E,all,Plot E,August,4,2025-08-04,interval_end,1-1__31,NA,NA,Orbicella annularis,480,cm2,10.51,0.001051,TRUE,Plot E__4__interval_end__1-1__31,1
Plot E,all,Plot E,August,4,2025-08-04,interval_end,1-1__32,NA,NA,Acropora palmata,480,cm2,272.8425,0.027284249999999996,TRUE,Plot E__4__interval_end__1-1__32,1
Plot E,all,Plot E,August,4,2025-08-04,interval_end,1-1__33,NA,NA,Orbicella annularis,480,cm2,3.255,3.255e-4,TRUE,Plot E__4__interval_end__1-1__33,1
Plot E,all,Plot E,August,4,2025-08-04,interval_end,1-1__34,NA,NA,Orbicella annularis,480,cm2,4.065,4.065e-4,TRUE,Plot E__4__interval_end__1-1__34,1
Plot E,all,Plot E,August,4,2025-08-04,interval_end,1-1__35,NA,NA,Orbicella annularis,480,cm2,0.6225,6.225000000000001e-5,TRUE,Plot E__4__interval_end__1-1__35,1
Plot E,all,Plot E,August,4,2025-08-04,interval_end,1-1__36,NA,NA,Orbicella annularis,480,cm2,1.7125,1.7125e-4,TRUE,Plot E__4__interval_end__1-1__36,1
Plot E,all,Plot E,August,4,2025-08-04,interval_end,1-1__38,NA,NA,Orbicella franksi,480,cm2,5.8125,5.8125e-4,TRUE,Plot E__4__interval_end__1-1__38,1
Plot E,all,Plot E,August,4,2025-08-04,interval_end,1-1__39,NA,NA,Orbicella franksi,480,cm2,5.825,5.825e-4,TRUE,Plot E__4__interval_end__1-1__39,1
Plot E,all,Plot E,August,4,2025-08-04,interval_end,1-1__4,NA,NA,Orbicella franksi,480,cm2,5.385,5.385e-4,TRUE,Plot E__4__interval_end__1-1__4,1
Plot E,all,Plot E,August,4,2025-08-04,interval_end,1-1__40,NA,NA,Orbicella franksi,480,cm2,5.2375,5.2375e-4,TRUE,Plot E__4__interval_end__1-1__40,1
Plot E,all,Plot E,August,4,2025-08-04,interval_end,1-1__41,NA,NA,Orbicella franksi,480,cm2,5.435,5.434999999999999e-4,TRUE,Plot E__4__interval_end__1-1__41,1
Plot E,all,Plot E,August,4,2025-08-04,interval_end,1-1__42,NA,NA,Orbicella franksi,480,cm2,6.49,0.00064900000000000005,TRUE,Plot E__4__interval_end__1-1__42,1
Plot E,all,Plot E,August,4,2025-08-04,interval_end,1-1__43,NA,NA,Orbicella franksi,480,cm2,6.1875,6.1875e-4,TRUE,Plot E__4__interval_end__1-1__43,1
Plot E,all,Plot E,August,4,2025-08-04,interval_end,1-1__44,NA,NA,Orbicella franksi,480,cm2,4.4675,4.4675000000000004e-4,TRUE,Plot E__4__interval_end__1-1__44,1
Plot E,all,Plot E,August,4,2025-08-04,interval_end,1-1__45,NA,NA,Orbicella franksi,480,cm2,5.915,5.915e-4,TRUE,Plot E__4__interval_end__1-1__45,1
Plot E,all,Plot E,August,4,2025-08-04,interval_end,1-1__46,NA,NA,Orbicella franksi,480,cm2,4.5025,4.5025e-4,TRUE,Plot E__4__interval_end__1-1__46,1
Plot E,all,Plot E,August,4,2025-08-04,interval_end,1-1__47,NA,NA,Orbicella annularis,480,cm2,5.5475,5.5475e-4,TRUE,Plot E__4__interval_end__1-1__47,1
Plot E,all,Plot E,August,4,2025-08-04,interval_end,1-1__48,NA,NA,Orbicella annularis,480,cm2,2.22,2.2200000000000003e-4,TRUE,Plot E__4__interval_end__1-1__48,1
Plot E,all,Plot E,August,4,2025-08-04,interval_end,1-1__49,NA,NA,Orbicella annularis,480,cm2,6.345,6.345e-4,TRUE,Plot E__4__interval_end__1-1__49,1
Plot E,all,Plot E,August,4,2025-08-04,interval_end,1-1__5,NA,NA,Orbicella franksi,480,cm2,4.795,4.795e-4,TRUE,Plot E__4__interval_end__1-1__5,1
Plot E,all,Plot E,August,4,2025-08-04,interval_end,1-1__50,NA,NA,Orbicella annularis,480,cm2,5.3025,5.3025e-4,TRUE,Plot E__4__interval_end__1-1__50,1
Plot E,all,Plot E,August,4,2025-08-04,interval_end,1-1__51,NA,NA,Orbicella annularis,480,cm2,6.9875,6.987499999999999e-4,TRUE,Plot E__4__interval_end__1-1__51,1
Plot E,all,Plot E,August,4,2025-08-04,interval_end,1-1__52,NA,NA,Orbicella annularis,480,cm2,17.565,0.0017565000000000002,TRUE,Plot E__4__interval_end__1-1__52,1
Plot E,all,Plot E,August,4,2025-08-04,interval_end,1-1__53,NA,NA,Orbicella annularis,480,cm2,6.5525,6.5525e-4,TRUE,Plot E__4__interval_end__1-1__53,1
Plot E,all,Plot E,August,4,2025-08-04,interval_end,1-1__54,NA,NA,Orbicella annularis,480,cm2,5.9875,5.9875e-4,TRUE,Plot E__4__interval_end__1-1__54,1
Plot E,all,Plot E,August,4,2025-08-04,interval_end,1-1__55,NA,NA,Orbicella faveolata,480,cm2,9.1725,9.1725e-4,TRUE,Plot E__4__interval_end__1-1__55,1
Plot E,all,Plot E,August,4,2025-08-04,interval_end,1-1__56,NA,NA,Orbicella faveolata,480,cm2,5.2875,5.287499999999999e-4,TRUE,Plot E__4__interval_end__1-1__56,1
Plot E,all,Plot E,August,4,2025-08-04,interval_end,1-1__57,NA,NA,Orbicella faveolata,480,cm2,6.4775,6.4775e-4,TRUE,Plot E__4__interval_end__1-1__57,1
Plot E,all,Plot E,August,4,2025-08-04,interval_end,1-1__58,NA,NA,Acropora palmata,480,cm2,20.9375,0.00209375,TRUE,Plot E__4__interval_end__1-1__58,1
Plot E,all,Plot E,August,4,2025-08-04,interval_end,1-1__59,NA,NA,Acropora palmata,480,cm2,22.0525,0.0022052499999999997,TRUE,Plot E__4__interval_end__1-1__59,1
Plot E,all,Plot E,August,4,2025-08-04,interval_end,1-1__6,NA,NA,Orbicella franksi,480,cm2,3.69,3.6899999999999997e-4,TRUE,Plot E__4__interval_end__1-1__6,1
Plot E,all,Plot E,August,4,2025-08-04,interval_end,1-1__60,NA,NA,Acropora palmata,480,cm2,26.4,0.00264,TRUE,Plot E__4__interval_end__1-1__60,1
Plot E,all,Plot E,August,4,2025-08-04,interval_end,1-1__61,NA,NA,Acropora palmata,480,cm2,13.925,0.0013925,TRUE,Plot E__4__interval_end__1-1__61,1
Plot E,all,Plot E,August,4,2025-08-04,interval_end,1-1__62,NA,NA,Acropora palmata,480,cm2,15.55,0.0015550000000000002,TRUE,Plot E__4__interval_end__1-1__62,1
Plot E,all,Plot E,August,4,2025-08-04,interval_end,1-1__63,NA,NA,Orbicella sp.,480,cm2,4.255,4.255e-4,TRUE,Plot E__4__interval_end__1-1__63,1
Plot E,all,Plot E,August,4,2025-08-04,interval_end,1-1__64,NA,NA,Orbicella sp.,480,cm2,2.92,2.92e-4,TRUE,Plot E__4__interval_end__1-1__64,1
Plot E,all,Plot E,August,4,2025-08-04,interval_end,1-1__8,NA,NA,Orbicella franksi,480,cm2,5.435,5.434999999999999e-4,TRUE,Plot E__4__interval_end__1-1__8,1
Plot E,all,Plot E,August,4,2025-08-04,interval_end,1-1__9,NA,NA,Orbicella franksi,480,cm2,5.7575,5.7575e-4,TRUE,Plot E__4__interval_end__1-1__9,1
Plot E,all,Plot E,September,5,2025-09-08,interval_end,1-1__11,NA,NA,Orbicella franksi,480,cm2,4.375,4.375e-4,TRUE,Plot E__5__interval_end__1-1__11,1
Plot E,all,Plot E,September,5,2025-09-08,interval_end,1-1__13,NA,NA,Orbicella franksi,480,cm2,3.44,3.44e-4,TRUE,Plot E__5__interval_end__1-1__13,1
Plot E,all,Plot E,September,5,2025-09-08,interval_end,1-1__14,NA,NA,Orbicella franksi,480,cm2,4.4375,4.4375e-4,TRUE,Plot E__5__interval_end__1-1__14,1
Plot E,all,Plot E,September,5,2025-09-08,interval_end,1-1__16,NA,NA,Orbicella annularis,480,cm2,8.9725,8.9725e-4,TRUE,Plot E__5__interval_end__1-1__16,1
Plot E,all,Plot E,September,5,2025-09-08,interval_end,1-1__18,NA,NA,Orbicella annularis,480,cm2,3.5775,3.5775e-4,TRUE,Plot E__5__interval_end__1-1__18,1
Plot E,all,Plot E,September,5,2025-09-08,interval_end,1-1__19,NA,NA,Orbicella annularis,480,cm2,9.555,9.555000000000001e-4,TRUE,Plot E__5__interval_end__1-1__19,1
Plot E,all,Plot E,September,5,2025-09-08,interval_end,1-1__2,NA,NA,Orbicella franksi,480,cm2,5.26,5.26e-4,TRUE,Plot E__5__interval_end__1-1__2,1
Plot E,all,Plot E,September,5,2025-09-08,interval_end,1-1__20,NA,NA,Orbicella annularis,480,cm2,5.6525,5.6525e-4,TRUE,Plot E__5__interval_end__1-1__20,1
Plot E,all,Plot E,September,5,2025-09-08,interval_end,1-1__21,NA,NA,Orbicella annularis,480,cm2,33.28,0.003328,TRUE,Plot E__5__interval_end__1-1__21,1
Plot E,all,Plot E,September,5,2025-09-08,interval_end,1-1__22,NA,NA,Orbicella annularis,480,cm2,3.9625,3.9625e-4,TRUE,Plot E__5__interval_end__1-1__22,1
Plot E,all,Plot E,September,5,2025-09-08,interval_end,1-1__24,NA,NA,Orbicella annularis,480,cm2,0.6125,6.125e-5,TRUE,Plot E__5__interval_end__1-1__24,1
Plot E,all,Plot E,September,5,2025-09-08,interval_end,1-1__25,NA,NA,Orbicella annularis,480,cm2,10.495,0.0010494999999999999,TRUE,Plot E__5__interval_end__1-1__25,1
Plot E,all,Plot E,September,5,2025-09-08,interval_end,1-1__26,NA,NA,Orbicella annularis,480,cm2,2.7175,2.7174999999999996e-4,TRUE,Plot E__5__interval_end__1-1__26,1
Plot E,all,Plot E,September,5,2025-09-08,interval_end,1-1__27,NA,NA,Orbicella annularis,480,cm2,4.5225,4.5225e-4,TRUE,Plot E__5__interval_end__1-1__27,1
Plot E,all,Plot E,September,5,2025-09-08,interval_end,1-1__28,NA,NA,Orbicella annularis,480,cm2,9.315,9.314999999999999e-4,TRUE,Plot E__5__interval_end__1-1__28,1
Plot E,all,Plot E,September,5,2025-09-08,interval_end,1-1__29,NA,NA,Orbicella annularis,480,cm2,1.2625,1.2625e-4,TRUE,Plot E__5__interval_end__1-1__29,1
Plot E,all,Plot E,September,5,2025-09-08,interval_end,1-1__3,NA,NA,Orbicella franksi,480,cm2,4.6625,4.6625e-4,TRUE,Plot E__5__interval_end__1-1__3,1
Plot E,all,Plot E,September,5,2025-09-08,interval_end,1-1__31,NA,NA,Orbicella annularis,480,cm2,11.1625,0.00111625,TRUE,Plot E__5__interval_end__1-1__31,1
Plot E,all,Plot E,September,5,2025-09-08,interval_end,1-1__32,NA,NA,Acropora palmata,480,cm2,304.465,0.030446499999999998,TRUE,Plot E__5__interval_end__1-1__32,1
Plot E,all,Plot E,September,5,2025-09-08,interval_end,1-1__33,NA,NA,Orbicella annularis,480,cm2,3.6275,3.6275e-4,TRUE,Plot E__5__interval_end__1-1__33,1
Plot E,all,Plot E,September,5,2025-09-08,interval_end,1-1__34,NA,NA,Orbicella annularis,480,cm2,4.4875,4.4875e-4,TRUE,Plot E__5__interval_end__1-1__34,1
Plot E,all,Plot E,September,5,2025-09-08,interval_end,1-1__35,NA,NA,Orbicella annularis,480,cm2,0.645,6.45e-5,TRUE,Plot E__5__interval_end__1-1__35,1
Plot E,all,Plot E,September,5,2025-09-08,interval_end,1-1__36,NA,NA,Orbicella annularis,480,cm2,1.9775,1.9775e-4,TRUE,Plot E__5__interval_end__1-1__36,1
Plot E,all,Plot E,September,5,2025-09-08,interval_end,1-1__38,NA,NA,Orbicella franksi,480,cm2,4.39,4.39e-4,TRUE,Plot E__5__interval_end__1-1__38,1
Plot E,all,Plot E,September,5,2025-09-08,interval_end,1-1__39,NA,NA,Orbicella franksi,480,cm2,6.0425,6.042500000000001e-4,TRUE,Plot E__5__interval_end__1-1__39,1
Plot E,all,Plot E,September,5,2025-09-08,interval_end,1-1__4,NA,NA,Orbicella franksi,480,cm2,5.3725,5.3725e-4,TRUE,Plot E__5__interval_end__1-1__4,1
Plot E,all,Plot E,September,5,2025-09-08,interval_end,1-1__40,NA,NA,Orbicella franksi,480,cm2,5.7525,5.7525e-4,TRUE,Plot E__5__interval_end__1-1__40,1
Plot E,all,Plot E,September,5,2025-09-08,interval_end,1-1__41,NA,NA,Orbicella franksi,480,cm2,6.105,6.105e-4,TRUE,Plot E__5__interval_end__1-1__41,1
Plot E,all,Plot E,September,5,2025-09-08,interval_end,1-1__42,NA,NA,Orbicella franksi,480,cm2,6.6775,6.6775e-4,TRUE,Plot E__5__interval_end__1-1__42,1
Plot E,all,Plot E,September,5,2025-09-08,interval_end,1-1__43,NA,NA,Orbicella franksi,480,cm2,5.65,5.650000000000001e-4,TRUE,Plot E__5__interval_end__1-1__43,1
Plot E,all,Plot E,September,5,2025-09-08,interval_end,1-1__44,NA,NA,Orbicella franksi,480,cm2,5.0525,5.052500000000001e-4,TRUE,Plot E__5__interval_end__1-1__44,1
Plot E,all,Plot E,September,5,2025-09-08,interval_end,1-1__45,NA,NA,Orbicella franksi,480,cm2,6.565,6.565000000000001e-4,TRUE,Plot E__5__interval_end__1-1__45,1
Plot E,all,Plot E,September,5,2025-09-08,interval_end,1-1__46,NA,NA,Orbicella franksi,480,cm2,5.2675,5.2675e-4,TRUE,Plot E__5__interval_end__1-1__46,1
Plot E,all,Plot E,September,5,2025-09-08,interval_end,1-1__47,NA,NA,Orbicella annularis,480,cm2,6.1125,6.1125e-4,TRUE,Plot E__5__interval_end__1-1__47,1
Plot E,all,Plot E,September,5,2025-09-08,interval_end,1-1__48,NA,NA,Orbicella annularis,480,cm2,2.1775,2.1775000000000003e-4,TRUE,Plot E__5__interval_end__1-1__48,1
Plot E,all,Plot E,September,5,2025-09-08,interval_end,1-1__49,NA,NA,Orbicella annularis,480,cm2,6.13,6.129999999999999e-4,TRUE,Plot E__5__interval_end__1-1__49,1
Plot E,all,Plot E,September,5,2025-09-08,interval_end,1-1__5,NA,NA,Orbicella franksi,480,cm2,4.575,4.575e-4,TRUE,Plot E__5__interval_end__1-1__5,1
Plot E,all,Plot E,September,5,2025-09-08,interval_end,1-1__50,NA,NA,Orbicella annularis,480,cm2,4.335,4.335e-4,TRUE,Plot E__5__interval_end__1-1__50,1
Plot E,all,Plot E,September,5,2025-09-08,interval_end,1-1__51,NA,NA,Orbicella annularis,480,cm2,7.0425,7.0425e-4,TRUE,Plot E__5__interval_end__1-1__51,1
Plot E,all,Plot E,September,5,2025-09-08,interval_end,1-1__52,NA,NA,Orbicella annularis,480,cm2,19.705000000000002,0.0019705,TRUE,Plot E__5__interval_end__1-1__52,1
Plot E,all,Plot E,September,5,2025-09-08,interval_end,1-1__53,NA,NA,Orbicella annularis,480,cm2,7.725,7.725e-4,TRUE,Plot E__5__interval_end__1-1__53,1
Plot E,all,Plot E,September,5,2025-09-08,interval_end,1-1__54,NA,NA,Orbicella annularis,480,cm2,7.3075,7.307500000000001e-4,TRUE,Plot E__5__interval_end__1-1__54,1
Plot E,all,Plot E,September,5,2025-09-08,interval_end,1-1__55,NA,NA,Orbicella faveolata,480,cm2,9.9625,9.9625e-4,TRUE,Plot E__5__interval_end__1-1__55,1
Plot E,all,Plot E,September,5,2025-09-08,interval_end,1-1__56,NA,NA,Orbicella faveolata,480,cm2,5.9225,5.9225e-4,TRUE,Plot E__5__interval_end__1-1__56,1
Plot E,all,Plot E,September,5,2025-09-08,interval_end,1-1__57,NA,NA,Orbicella faveolata,480,cm2,7.2125,7.2125e-4,TRUE,Plot E__5__interval_end__1-1__57,1
Plot E,all,Plot E,September,5,2025-09-08,interval_end,1-1__58,NA,NA,Acropora palmata,480,cm2,18.3825,0.00183825,TRUE,Plot E__5__interval_end__1-1__58,1
Plot E,all,Plot E,September,5,2025-09-08,interval_end,1-1__59,NA,NA,Acropora palmata,480,cm2,23.5825,0.00235825,TRUE,Plot E__5__interval_end__1-1__59,1
Plot E,all,Plot E,September,5,2025-09-08,interval_end,1-1__6,NA,NA,Orbicella franksi,480,cm2,4.105,4.1050000000000006e-4,TRUE,Plot E__5__interval_end__1-1__6,1
Plot E,all,Plot E,September,5,2025-09-08,interval_end,1-1__60,NA,NA,Acropora palmata,480,cm2,27.7475,0.00277475,TRUE,Plot E__5__interval_end__1-1__60,1
Plot E,all,Plot E,September,5,2025-09-08,interval_end,1-1__61,NA,NA,Acropora palmata,480,cm2,16.77,0.0016769999999999999,TRUE,Plot E__5__interval_end__1-1__61,1
Plot E,all,Plot E,September,5,2025-09-08,interval_end,1-1__62,NA,NA,Acropora palmata,480,cm2,17.1675,0.00171675,TRUE,Plot E__5__interval_end__1-1__62,1
Plot E,all,Plot E,September,5,2025-09-08,interval_end,1-1__63,NA,NA,Orbicella sp.,480,cm2,4.7325,4.7325e-4,TRUE,Plot E__5__interval_end__1-1__63,1
Plot E,all,Plot E,September,5,2025-09-08,interval_end,1-1__64,NA,NA,Orbicella sp.,480,cm2,3.1825,3.1825e-4,TRUE,Plot E__5__interval_end__1-1__64,1
Plot E,all,Plot E,September,5,2025-09-08,interval_end,1-1__8,NA,NA,Orbicella franksi,480,cm2,5.6775,5.6775e-4,TRUE,Plot E__5__interval_end__1-1__8,1
Plot E,all,Plot E,September,5,2025-09-08,interval_end,1-1__9,NA,NA,Orbicella franksi,480,cm2,6.5925,6.5925e-4,TRUE,Plot E__5__interval_end__1-1__9,1
Plot E,all,Plot E,October,6,2025-10-14,interval_end,1-1__11,NA,NA,Orbicella franksi,480,cm2,4.0575,4.0575e-4,TRUE,Plot E__6__interval_end__1-1__11,1
Plot E,all,Plot E,October,6,2025-10-14,interval_end,1-1__13,NA,NA,Orbicella franksi,480,cm2,2.92,2.92e-4,TRUE,Plot E__6__interval_end__1-1__13,1
Plot E,all,Plot E,October,6,2025-10-14,interval_end,1-1__14,NA,NA,Orbicella franksi,480,cm2,3.39,3.39e-4,TRUE,Plot E__6__interval_end__1-1__14,1
Plot E,all,Plot E,October,6,2025-10-14,interval_end,1-1__16,NA,NA,Orbicella annularis,480,cm2,8.965,8.964999999999999e-4,TRUE,Plot E__6__interval_end__1-1__16,1
Plot E,all,Plot E,October,6,2025-10-14,interval_end,1-1__18,NA,NA,Orbicella annularis,480,cm2,4.0925,4.0925e-4,TRUE,Plot E__6__interval_end__1-1__18,1
Plot E,all,Plot E,October,6,2025-10-14,interval_end,1-1__19,NA,NA,Orbicella annularis,480,cm2,11.2625,0.0011262499999999999,TRUE,Plot E__6__interval_end__1-1__19,1
Plot E,all,Plot E,October,6,2025-10-14,interval_end,1-1__2,NA,NA,Orbicella franksi,480,cm2,5.09,5.09e-4,TRUE,Plot E__6__interval_end__1-1__2,1
Plot E,all,Plot E,October,6,2025-10-14,interval_end,1-1__20,NA,NA,Orbicella annularis,480,cm2,5.8925,5.8925e-4,TRUE,Plot E__6__interval_end__1-1__20,1
Plot E,all,Plot E,October,6,2025-10-14,interval_end,1-1__21,NA,NA,Orbicella annularis,480,cm2,34.745,0.0034744999999999997,TRUE,Plot E__6__interval_end__1-1__21,1
Plot E,all,Plot E,October,6,2025-10-14,interval_end,1-1__22,NA,NA,Orbicella annularis,480,cm2,4.5275,4.5275e-4,TRUE,Plot E__6__interval_end__1-1__22,1
Plot E,all,Plot E,October,6,2025-10-14,interval_end,1-1__24,NA,NA,Orbicella annularis,480,cm2,0.675,6.75e-5,TRUE,Plot E__6__interval_end__1-1__24,1
Plot E,all,Plot E,October,6,2025-10-14,interval_end,1-1__25,NA,NA,Orbicella annularis,480,cm2,10.955,0.0010955,TRUE,Plot E__6__interval_end__1-1__25,1
Plot E,all,Plot E,October,6,2025-10-14,interval_end,1-1__26,NA,NA,Orbicella annularis,480,cm2,2.82,2.8199999999999997e-4,TRUE,Plot E__6__interval_end__1-1__26,1
Plot E,all,Plot E,October,6,2025-10-14,interval_end,1-1__27,NA,NA,Orbicella annularis,480,cm2,4.945,4.945e-4,TRUE,Plot E__6__interval_end__1-1__27,1
Plot E,all,Plot E,October,6,2025-10-14,interval_end,1-1__28,NA,NA,Orbicella annularis,480,cm2,9.805,9.805e-4,TRUE,Plot E__6__interval_end__1-1__28,1
Plot E,all,Plot E,October,6,2025-10-14,interval_end,1-1__29,NA,NA,Orbicella annularis,480,cm2,1.2925,1.2925e-4,TRUE,Plot E__6__interval_end__1-1__29,1
Plot E,all,Plot E,October,6,2025-10-14,interval_end,1-1__3,NA,NA,Orbicella franksi,480,cm2,4.27,4.2699999999999997e-4,TRUE,Plot E__6__interval_end__1-1__3,1
Plot E,all,Plot E,October,6,2025-10-14,interval_end,1-1__31,NA,NA,Orbicella annularis,480,cm2,12.1575,0.00121575,TRUE,Plot E__6__interval_end__1-1__31,1
Plot E,all,Plot E,October,6,2025-10-14,interval_end,1-1__32,NA,NA,Acropora palmata,480,cm2,303.265,0.0303265,TRUE,Plot E__6__interval_end__1-1__32,1
Plot E,all,Plot E,October,6,2025-10-14,interval_end,1-1__33,NA,NA,Orbicella annularis,480,cm2,3.9225,3.9224999999999997e-4,TRUE,Plot E__6__interval_end__1-1__33,1
Plot E,all,Plot E,October,6,2025-10-14,interval_end,1-1__34,NA,NA,Orbicella annularis,480,cm2,5.4925,5.492499999999999e-4,TRUE,Plot E__6__interval_end__1-1__34,1
Plot E,all,Plot E,October,6,2025-10-14,interval_end,1-1__35,NA,NA,Orbicella annularis,480,cm2,0.695,6.95e-5,TRUE,Plot E__6__interval_end__1-1__35,1
Plot E,all,Plot E,October,6,2025-10-14,interval_end,1-1__36,NA,NA,Orbicella annularis,480,cm2,2.05,2.05e-4,TRUE,Plot E__6__interval_end__1-1__36,1
Plot E,all,Plot E,October,6,2025-10-14,interval_end,1-1__38,NA,NA,Orbicella franksi,480,cm2,6.51,6.51e-4,TRUE,Plot E__6__interval_end__1-1__38,1
Plot E,all,Plot E,October,6,2025-10-14,interval_end,1-1__39,NA,NA,Orbicella franksi,480,cm2,6.02,6.02e-4,TRUE,Plot E__6__interval_end__1-1__39,1
Plot E,all,Plot E,October,6,2025-10-14,interval_end,1-1__4,NA,NA,Orbicella franksi,480,cm2,5.4025,5.402499999999999e-4,TRUE,Plot E__6__interval_end__1-1__4,1
Plot E,all,Plot E,October,6,2025-10-14,interval_end,1-1__40,NA,NA,Orbicella franksi,480,cm2,5.4225,5.4225e-4,TRUE,Plot E__6__interval_end__1-1__40,1
Plot E,all,Plot E,October,6,2025-10-14,interval_end,1-1__41,NA,NA,Orbicella franksi,480,cm2,5.9425,5.942499999999999e-4,TRUE,Plot E__6__interval_end__1-1__41,1
Plot E,all,Plot E,October,6,2025-10-14,interval_end,1-1__42,NA,NA,Orbicella franksi,480,cm2,6.745,6.745e-4,TRUE,Plot E__6__interval_end__1-1__42,1
Plot E,all,Plot E,October,6,2025-10-14,interval_end,1-1__43,NA,NA,Orbicella franksi,480,cm2,6.39,6.389999999999999e-4,TRUE,Plot E__6__interval_end__1-1__43,1
Plot E,all,Plot E,October,6,2025-10-14,interval_end,1-1__44,NA,NA,Orbicella franksi,480,cm2,4.77,4.7699999999999994e-4,TRUE,Plot E__6__interval_end__1-1__44,1
Plot E,all,Plot E,October,6,2025-10-14,interval_end,1-1__45,NA,NA,Orbicella franksi,480,cm2,6.4625,6.4625e-4,TRUE,Plot E__6__interval_end__1-1__45,1
Plot E,all,Plot E,October,6,2025-10-14,interval_end,1-1__46,NA,NA,Orbicella franksi,480,cm2,5.215,5.214999999999999e-4,TRUE,Plot E__6__interval_end__1-1__46,1
Plot E,all,Plot E,October,6,2025-10-14,interval_end,1-1__47,NA,NA,Orbicella annularis,480,cm2,6.3,6.3e-4,TRUE,Plot E__6__interval_end__1-1__47,1
Plot E,all,Plot E,October,6,2025-10-14,interval_end,1-1__48,NA,NA,Orbicella annularis,480,cm2,2.555,2.5550000000000003e-4,TRUE,Plot E__6__interval_end__1-1__48,1
Plot E,all,Plot E,October,6,2025-10-14,interval_end,1-1__49,NA,NA,Orbicella annularis,480,cm2,6.3575,6.3575e-4,TRUE,Plot E__6__interval_end__1-1__49,1
Plot E,all,Plot E,October,6,2025-10-14,interval_end,1-1__5,NA,NA,Orbicella franksi,480,cm2,5.15,5.15e-4,TRUE,Plot E__6__interval_end__1-1__5,1
Plot E,all,Plot E,October,6,2025-10-14,interval_end,1-1__50,NA,NA,Orbicella annularis,480,cm2,5.4575,5.4575e-4,TRUE,Plot E__6__interval_end__1-1__50,1
Plot E,all,Plot E,October,6,2025-10-14,interval_end,1-1__51,NA,NA,Orbicella annularis,480,cm2,7.78,7.78e-4,TRUE,Plot E__6__interval_end__1-1__51,1
Plot E,all,Plot E,October,6,2025-10-14,interval_end,1-1__52,NA,NA,Orbicella annularis,480,cm2,21.375,0.0021375,TRUE,Plot E__6__interval_end__1-1__52,1
Plot E,all,Plot E,October,6,2025-10-14,interval_end,1-1__53,NA,NA,Orbicella annularis,480,cm2,8.0175,8.0175e-4,TRUE,Plot E__6__interval_end__1-1__53,1
Plot E,all,Plot E,October,6,2025-10-14,interval_end,1-1__54,NA,NA,Orbicella annularis,480,cm2,8.2725,8.272500000000001e-4,TRUE,Plot E__6__interval_end__1-1__54,1
Plot E,all,Plot E,October,6,2025-10-14,interval_end,1-1__55,NA,NA,Orbicella faveolata,480,cm2,10.6525,0.00106525,TRUE,Plot E__6__interval_end__1-1__55,1
Plot E,all,Plot E,October,6,2025-10-14,interval_end,1-1__56,NA,NA,Orbicella faveolata,480,cm2,7.57,7.570000000000001e-4,TRUE,Plot E__6__interval_end__1-1__56,1
Plot E,all,Plot E,October,6,2025-10-14,interval_end,1-1__57,NA,NA,Orbicella faveolata,480,cm2,7.315,7.315e-4,TRUE,Plot E__6__interval_end__1-1__57,1
Plot E,all,Plot E,October,6,2025-10-14,interval_end,1-1__58,NA,NA,Acropora palmata,480,cm2,15.405,0.0015405,TRUE,Plot E__6__interval_end__1-1__58,1
Plot E,all,Plot E,October,6,2025-10-14,interval_end,1-1__59,NA,NA,Acropora palmata,480,cm2,21.28,0.002128,TRUE,Plot E__6__interval_end__1-1__59,1
Plot E,all,Plot E,October,6,2025-10-14,interval_end,1-1__6,NA,NA,Orbicella franksi,480,cm2,4.035,4.035e-4,TRUE,Plot E__6__interval_end__1-1__6,1
Plot E,all,Plot E,October,6,2025-10-14,interval_end,1-1__60,NA,NA,Acropora palmata,480,cm2,28.375,0.0028375,TRUE,Plot E__6__interval_end__1-1__60,1
Plot E,all,Plot E,October,6,2025-10-14,interval_end,1-1__61,NA,NA,Acropora palmata,480,cm2,11.9325,0.0011932499999999999,TRUE,Plot E__6__interval_end__1-1__61,1
Plot E,all,Plot E,October,6,2025-10-14,interval_end,1-1__62,NA,NA,Acropora palmata,480,cm2,17.06,0.0017059999999999998,TRUE,Plot E__6__interval_end__1-1__62,1
Plot E,all,Plot E,October,6,2025-10-14,interval_end,1-1__63,NA,NA,Orbicella sp.,480,cm2,0,0,FALSE,Plot E__6__interval_end__1-1__63,1
Plot E,all,Plot E,October,6,2025-10-14,interval_end,1-1__64,NA,NA,Orbicella sp.,480,cm2,3.1825,3.1825e-4,TRUE,Plot E__6__interval_end__1-1__64,1
Plot E,all,Plot E,October,6,2025-10-14,interval_end,1-1__8,NA,NA,Orbicella franksi,480,cm2,5.515,5.515e-4,TRUE,Plot E__6__interval_end__1-1__8,1
Plot E,all,Plot E,October,6,2025-10-14,interval_end,1-1__9,NA,NA,Orbicella franksi,480,cm2,6.815,6.815e-4,TRUE,Plot E__6__interval_end__1-1__9,1
Plot E,all,Plot E,November,7,2025-11-06,interval_end,1-1__11,NA,NA,Orbicella franksi,480,cm2,4.755,4.755e-4,TRUE,Plot E__7__interval_end__1-1__11,1
Plot E,all,Plot E,November,7,2025-11-06,interval_end,1-1__13,NA,NA,Orbicella franksi,480,cm2,3.83,3.83e-4,TRUE,Plot E__7__interval_end__1-1__13,1
Plot E,all,Plot E,November,7,2025-11-06,interval_end,1-1__14,NA,NA,Orbicella franksi,480,cm2,3.39,3.39e-4,TRUE,Plot E__7__interval_end__1-1__14,1
Plot E,all,Plot E,November,7,2025-11-06,interval_end,1-1__16,NA,NA,Orbicella annularis,480,cm2,9.71,9.710000000000001e-4,TRUE,Plot E__7__interval_end__1-1__16,1
Plot E,all,Plot E,November,7,2025-11-06,interval_end,1-1__18,NA,NA,Orbicella annularis,480,cm2,3.4425,3.4425e-4,TRUE,Plot E__7__interval_end__1-1__18,1
Plot E,all,Plot E,November,7,2025-11-06,interval_end,1-1__19,NA,NA,Orbicella annularis,480,cm2,11.9625,0.00119625,TRUE,Plot E__7__interval_end__1-1__19,1
Plot E,all,Plot E,November,7,2025-11-06,interval_end,1-1__2,NA,NA,Orbicella franksi,480,cm2,5.05,5.05e-4,TRUE,Plot E__7__interval_end__1-1__2,1
Plot E,all,Plot E,November,7,2025-11-06,interval_end,1-1__20,NA,NA,Orbicella annularis,480,cm2,5.66,5.66e-4,TRUE,Plot E__7__interval_end__1-1__20,1
Plot E,all,Plot E,November,7,2025-11-06,interval_end,1-1__21,NA,NA,Orbicella annularis,480,cm2,35.2,0.00352,TRUE,Plot E__7__interval_end__1-1__21,1
Plot E,all,Plot E,November,7,2025-11-06,interval_end,1-1__22,NA,NA,Orbicella annularis,480,cm2,3.8425,3.8425e-4,TRUE,Plot E__7__interval_end__1-1__22,1
Plot E,all,Plot E,November,7,2025-11-06,interval_end,1-1__24,NA,NA,Orbicella annularis,480,cm2,0.725,7.25e-5,TRUE,Plot E__7__interval_end__1-1__24,1
Plot E,all,Plot E,November,7,2025-11-06,interval_end,1-1__25,NA,NA,Orbicella annularis,480,cm2,11.145,0.0011145,TRUE,Plot E__7__interval_end__1-1__25,1
Plot E,all,Plot E,November,7,2025-11-06,interval_end,1-1__26,NA,NA,Orbicella annularis,480,cm2,2.525,2.525e-4,TRUE,Plot E__7__interval_end__1-1__26,1
Plot E,all,Plot E,November,7,2025-11-06,interval_end,1-1__27,NA,NA,Orbicella annularis,480,cm2,4.045,4.0449999999999997e-4,TRUE,Plot E__7__interval_end__1-1__27,1
Plot E,all,Plot E,November,7,2025-11-06,interval_end,1-1__28,NA,NA,Orbicella annularis,480,cm2,8.73,8.730000000000001e-4,TRUE,Plot E__7__interval_end__1-1__28,1
Plot E,all,Plot E,November,7,2025-11-06,interval_end,1-1__29,NA,NA,Orbicella annularis,480,cm2,1.225,1.225e-4,TRUE,Plot E__7__interval_end__1-1__29,1
Plot E,all,Plot E,November,7,2025-11-06,interval_end,1-1__3,NA,NA,Orbicella franksi,480,cm2,4.9425,4.9425e-4,TRUE,Plot E__7__interval_end__1-1__3,1
Plot E,all,Plot E,November,7,2025-11-06,interval_end,1-1__31,NA,NA,Orbicella annularis,480,cm2,12.58,0.001258,TRUE,Plot E__7__interval_end__1-1__31,1
Plot E,all,Plot E,November,7,2025-11-06,interval_end,1-1__32,NA,NA,Acropora palmata,480,cm2,328.705,0.0328705,TRUE,Plot E__7__interval_end__1-1__32,1
Plot E,all,Plot E,November,7,2025-11-06,interval_end,1-1__33,NA,NA,Orbicella annularis,480,cm2,4.185,4.185e-4,TRUE,Plot E__7__interval_end__1-1__33,1
Plot E,all,Plot E,November,7,2025-11-06,interval_end,1-1__34,NA,NA,Orbicella annularis,480,cm2,5.24,5.24e-4,TRUE,Plot E__7__interval_end__1-1__34,1
Plot E,all,Plot E,November,7,2025-11-06,interval_end,1-1__35,NA,NA,Orbicella annularis,480,cm2,0.6,5.9999999999999995e-5,TRUE,Plot E__7__interval_end__1-1__35,1
Plot E,all,Plot E,November,7,2025-11-06,interval_end,1-1__36,NA,NA,Orbicella annularis,480,cm2,1.98,1.98e-4,TRUE,Plot E__7__interval_end__1-1__36,1
Plot E,all,Plot E,November,7,2025-11-06,interval_end,1-1__38,NA,NA,Orbicella franksi,480,cm2,6.185,6.184999999999999e-4,TRUE,Plot E__7__interval_end__1-1__38,1
Plot E,all,Plot E,November,7,2025-11-06,interval_end,1-1__39,NA,NA,Orbicella franksi,480,cm2,6.215,6.215e-4,TRUE,Plot E__7__interval_end__1-1__39,1
Plot E,all,Plot E,November,7,2025-11-06,interval_end,1-1__4,NA,NA,Orbicella franksi,480,cm2,9.005,9.005e-4,TRUE,Plot E__7__interval_end__1-1__4,1
Plot E,all,Plot E,November,7,2025-11-06,interval_end,1-1__40,NA,NA,Orbicella franksi,480,cm2,5.6025,5.6025e-4,TRUE,Plot E__7__interval_end__1-1__40,1
Plot E,all,Plot E,November,7,2025-11-06,interval_end,1-1__41,NA,NA,Orbicella franksi,480,cm2,5.5725,5.5725e-4,TRUE,Plot E__7__interval_end__1-1__41,1
Plot E,all,Plot E,November,7,2025-11-06,interval_end,1-1__42,NA,NA,Orbicella franksi,480,cm2,6.51,6.51e-4,TRUE,Plot E__7__interval_end__1-1__42,1
Plot E,all,Plot E,November,7,2025-11-06,interval_end,1-1__43,NA,NA,Orbicella franksi,480,cm2,6.4325,6.4325e-4,TRUE,Plot E__7__interval_end__1-1__43,1
Plot E,all,Plot E,November,7,2025-11-06,interval_end,1-1__44,NA,NA,Orbicella franksi,480,cm2,4.8075,4.8075e-4,TRUE,Plot E__7__interval_end__1-1__44,1
Plot E,all,Plot E,November,7,2025-11-06,interval_end,1-1__45,NA,NA,Orbicella franksi,480,cm2,6.3525,6.3525e-4,TRUE,Plot E__7__interval_end__1-1__45,1
Plot E,all,Plot E,November,7,2025-11-06,interval_end,1-1__46,NA,NA,Orbicella franksi,480,cm2,4.9975,4.9975e-4,TRUE,Plot E__7__interval_end__1-1__46,1
Plot E,all,Plot E,November,7,2025-11-06,interval_end,1-1__47,NA,NA,Orbicella annularis,480,cm2,6.075,6.075e-4,TRUE,Plot E__7__interval_end__1-1__47,1
Plot E,all,Plot E,November,7,2025-11-06,interval_end,1-1__48,NA,NA,Orbicella annularis,480,cm2,2.5725,2.5725e-4,TRUE,Plot E__7__interval_end__1-1__48,1
Plot E,all,Plot E,November,7,2025-11-06,interval_end,1-1__49,NA,NA,Orbicella annularis,480,cm2,5.3125,5.3125e-4,TRUE,Plot E__7__interval_end__1-1__49,1
Plot E,all,Plot E,November,7,2025-11-06,interval_end,1-1__5,NA,NA,Orbicella franksi,480,cm2,7.2675,7.2675e-4,TRUE,Plot E__7__interval_end__1-1__5,1
Plot E,all,Plot E,November,7,2025-11-06,interval_end,1-1__50,NA,NA,Orbicella annularis,480,cm2,5.5325,5.532499999999999e-4,TRUE,Plot E__7__interval_end__1-1__50,1
Plot E,all,Plot E,November,7,2025-11-06,interval_end,1-1__51,NA,NA,Orbicella annularis,480,cm2,6.2625,6.262500000000001e-4,TRUE,Plot E__7__interval_end__1-1__51,1
Plot E,all,Plot E,November,7,2025-11-06,interval_end,1-1__52,NA,NA,Orbicella annularis,480,cm2,20.1625,0.0020162500000000002,TRUE,Plot E__7__interval_end__1-1__52,1
Plot E,all,Plot E,November,7,2025-11-06,interval_end,1-1__53,NA,NA,Orbicella annularis,480,cm2,8.0675,8.067500000000001e-4,TRUE,Plot E__7__interval_end__1-1__53,1
Plot E,all,Plot E,November,7,2025-11-06,interval_end,1-1__54,NA,NA,Orbicella annularis,480,cm2,7.1,7.099999999999999e-4,TRUE,Plot E__7__interval_end__1-1__54,1
Plot E,all,Plot E,November,7,2025-11-06,interval_end,1-1__55,NA,NA,Orbicella faveolata,480,cm2,10.1575,0.0010157500000000002,TRUE,Plot E__7__interval_end__1-1__55,1
Plot E,all,Plot E,November,7,2025-11-06,interval_end,1-1__56,NA,NA,Orbicella faveolata,480,cm2,6.48,6.48e-4,TRUE,Plot E__7__interval_end__1-1__56,1
Plot E,all,Plot E,November,7,2025-11-06,interval_end,1-1__57,NA,NA,Orbicella faveolata,480,cm2,7.2775,7.2775e-4,TRUE,Plot E__7__interval_end__1-1__57,1
Plot E,all,Plot E,November,7,2025-11-06,interval_end,1-1__58,NA,NA,Acropora palmata,480,cm2,15.395,0.0015394999999999999,TRUE,Plot E__7__interval_end__1-1__58,1
Plot E,all,Plot E,November,7,2025-11-06,interval_end,1-1__59,NA,NA,Acropora palmata,480,cm2,21.14,0.002114,TRUE,Plot E__7__interval_end__1-1__59,1
Plot E,all,Plot E,November,7,2025-11-06,interval_end,1-1__6,NA,NA,Orbicella franksi,480,cm2,5.48,5.480000000000001e-4,TRUE,Plot E__7__interval_end__1-1__6,1
Plot E,all,Plot E,November,7,2025-11-06,interval_end,1-1__60,NA,NA,Acropora palmata,480,cm2,26.4475,0.00264475,TRUE,Plot E__7__interval_end__1-1__60,1
Plot E,all,Plot E,November,7,2025-11-06,interval_end,1-1__61,NA,NA,Acropora palmata,480,cm2,18.6825,0.0018682500000000001,TRUE,Plot E__7__interval_end__1-1__61,1
Plot E,all,Plot E,November,7,2025-11-06,interval_end,1-1__62,NA,NA,Acropora palmata,480,cm2,16.8625,0.00168625,TRUE,Plot E__7__interval_end__1-1__62,1
Plot E,all,Plot E,November,7,2025-11-06,interval_end,1-1__64,NA,NA,Orbicella sp.,480,cm2,3.27,3.27e-4,TRUE,Plot E__7__interval_end__1-1__64,1
Plot E,all,Plot E,November,7,2025-11-06,interval_end,1-1__69,NA,NA,Orbicella sp.,480,cm2,3.9825,3.9825e-4,TRUE,Plot E__7__interval_end__1-1__69,1
Plot E,all,Plot E,November,7,2025-11-06,interval_end,1-1__70,NA,NA,Orbicella sp.,480,cm2,2.3075,2.3075e-4,TRUE,Plot E__7__interval_end__1-1__70,1
Plot E,all,Plot E,November,7,2025-11-06,interval_end,1-1__8,NA,NA,Orbicella franksi,480,cm2,4.0575,4.0575e-4,TRUE,Plot E__7__interval_end__1-1__8,1
Plot E,all,Plot E,November,7,2025-11-06,interval_end,1-1__9,NA,NA,Orbicella franksi,480,cm2,2.92,2.92e-4,TRUE,Plot E__7__interval_end__1-1__9,1
Plot G,all,Plot G,November,1,2025-11-07,baseline_start,0-0__0,NA,NA,Orbicella annularis,480,cm2,0,0,FALSE,Plot G__1__baseline_start__0-0__0,1
Plot G,all,Plot G,November,1,2025-11-07,baseline_start,0-0__1,NA,NA,Orbicella annularis,480,cm2,0,0,FALSE,Plot G__1__baseline_start__0-0__1,1
Plot G,all,Plot G,November,1,2025-11-07,baseline_start,0-0__10,NA,NA,Porites porites,480,cm2,0,0,FALSE,Plot G__1__baseline_start__0-0__10,1
Plot G,all,Plot G,November,1,2025-11-07,baseline_start,0-0__11,NA,NA,Porites porites,480,cm2,0,0,FALSE,Plot G__1__baseline_start__0-0__11,1
Plot G,all,Plot G,November,1,2025-11-07,baseline_start,0-0__12,NA,NA,Porites porites,480,cm2,0,0,FALSE,Plot G__1__baseline_start__0-0__12,1
Plot G,all,Plot G,November,1,2025-11-07,baseline_start,0-0__13,NA,NA,Orbicella annularis,480,cm2,0,0,FALSE,Plot G__1__baseline_start__0-0__13,1
Plot G,all,Plot G,November,1,2025-11-07,baseline_start,0-0__14,NA,NA,Porites porites,480,cm2,0,0,FALSE,Plot G__1__baseline_start__0-0__14,1
Plot G,all,Plot G,November,1,2025-11-07,baseline_start,0-0__15,NA,NA,Porites porites,480,cm2,0,0,FALSE,Plot G__1__baseline_start__0-0__15,1
Plot G,all,Plot G,November,1,2025-11-07,baseline_start,0-0__16,NA,NA,Orbicella annularis,480,cm2,0,0,FALSE,Plot G__1__baseline_start__0-0__16,1
Plot G,all,Plot G,November,1,2025-11-07,baseline_start,0-0__17,NA,NA,Porites porites,480,cm2,0,0,FALSE,Plot G__1__baseline_start__0-0__17,1
Plot G,all,Plot G,November,1,2025-11-07,baseline_start,0-0__18,NA,NA,Porites porites,480,cm2,0,0,FALSE,Plot G__1__baseline_start__0-0__18,1
Plot G,all,Plot G,November,1,2025-11-07,baseline_start,0-0__19,NA,NA,Orbicella annularis,480,cm2,0,0,FALSE,Plot G__1__baseline_start__0-0__19,1
Plot G,all,Plot G,November,1,2025-11-07,baseline_start,0-0__2,NA,NA,Porites porites,480,cm2,0,0,FALSE,Plot G__1__baseline_start__0-0__2,1
Plot G,all,Plot G,November,1,2025-11-07,baseline_start,0-0__20,NA,NA,Orbicella annularis,480,cm2,0,0,FALSE,Plot G__1__baseline_start__0-0__20,1
Plot G,all,Plot G,November,1,2025-11-07,baseline_start,0-0__3,NA,NA,Porites porites,480,cm2,0,0,FALSE,Plot G__1__baseline_start__0-0__3,1
Plot G,all,Plot G,November,1,2025-11-07,baseline_start,0-0__4,NA,NA,Orbicella annularis,480,cm2,0,0,FALSE,Plot G__1__baseline_start__0-0__4,1
Plot G,all,Plot G,November,1,2025-11-07,baseline_start,0-0__5,NA,NA,Porites porites,480,cm2,0,0,FALSE,Plot G__1__baseline_start__0-0__5,1
Plot G,all,Plot G,November,1,2025-11-07,baseline_start,0-0__6,NA,NA,Porites porites,480,cm2,0,0,FALSE,Plot G__1__baseline_start__0-0__6,1
Plot G,all,Plot G,November,1,2025-11-07,baseline_start,0-0__7,NA,NA,Porites porites,480,cm2,0,0,FALSE,Plot G__1__baseline_start__0-0__7,1
Plot G,all,Plot G,November,1,2025-11-07,baseline_start,0-0__8,NA,NA,Porites porites,480,cm2,0,0,FALSE,Plot G__1__baseline_start__0-0__8,1
Plot G,all,Plot G,November,1,2025-11-07,baseline_start,0-0__9,NA,NA,Porites porites,480,cm2,0,0,FALSE,Plot G__1__baseline_start__0-0__9,1
Plot G,all,Plot G,November,1,2025-11-07,baseline_start,0-1__0,NA,NA,Porites porites,480,cm2,0,0,FALSE,Plot G__1__baseline_start__0-1__0,1
Plot G,all,Plot G,November,1,2025-11-07,baseline_start,0-1__1,NA,NA,Porites porites,480,cm2,0,0,FALSE,Plot G__1__baseline_start__0-1__1,1
Plot G,all,Plot G,November,1,2025-11-07,baseline_start,0-1__2,NA,NA,Orbicella annularis,480,cm2,0,0,FALSE,Plot G__1__baseline_start__0-1__2,1
Plot G,all,Plot G,November,1,2025-11-07,baseline_start,1-0__0,NA,NA,Porites porites,480,cm2,0,0,FALSE,Plot G__1__baseline_start__1-0__0,1
Plot G,all,Plot G,November,1,2025-11-07,baseline_start,1-0__1,NA,NA,Porites porites,480,cm2,0,0,FALSE,Plot G__1__baseline_start__1-0__1,1
Plot G,all,Plot G,November,1,2025-11-07,baseline_start,1-0__10,NA,NA,Orbicella annularis,480,cm2,0,0,FALSE,Plot G__1__baseline_start__1-0__10,1
Plot G,all,Plot G,November,1,2025-11-07,baseline_start,1-0__11,NA,NA,Orbicella annularis,480,cm2,0,0,FALSE,Plot G__1__baseline_start__1-0__11,1
Plot G,all,Plot G,November,1,2025-11-07,baseline_start,1-0__12,NA,NA,Porites porites,480,cm2,0,0,FALSE,Plot G__1__baseline_start__1-0__12,1
Plot G,all,Plot G,November,1,2025-11-07,baseline_start,1-0__13,NA,NA,Porites porites,480,cm2,0,0,FALSE,Plot G__1__baseline_start__1-0__13,1
Plot G,all,Plot G,November,1,2025-11-07,baseline_start,1-0__14,NA,NA,Porites porites,480,cm2,0,0,FALSE,Plot G__1__baseline_start__1-0__14,1
Plot G,all,Plot G,November,1,2025-11-07,baseline_start,1-0__15,NA,NA,Porites porites,480,cm2,0,0,FALSE,Plot G__1__baseline_start__1-0__15,1
Plot G,all,Plot G,November,1,2025-11-07,baseline_start,1-0__16,NA,NA,Orbicella annularis,480,cm2,0,0,FALSE,Plot G__1__baseline_start__1-0__16,1
Plot G,all,Plot G,November,1,2025-11-07,baseline_start,1-0__17,NA,NA,Orbicella annularis,480,cm2,0,0,FALSE,Plot G__1__baseline_start__1-0__17,1
Plot G,all,Plot G,November,1,2025-11-07,baseline_start,1-0__18,NA,NA,Orbicella annularis,480,cm2,0,0,FALSE,Plot G__1__baseline_start__1-0__18,1
Plot G,all,Plot G,November,1,2025-11-07,baseline_start,1-0__19,NA,NA,Orbicella annularis,480,cm2,0,0,FALSE,Plot G__1__baseline_start__1-0__19,1
Plot G,all,Plot G,November,1,2025-11-07,baseline_start,1-0__2,NA,NA,Orbicella annularis,480,cm2,0,0,FALSE,Plot G__1__baseline_start__1-0__2,1
Plot G,all,Plot G,November,1,2025-11-07,baseline_start,1-0__20,NA,NA,Orbicella annularis,480,cm2,0,0,FALSE,Plot G__1__baseline_start__1-0__20,1
Plot G,all,Plot G,November,1,2025-11-07,baseline_start,1-0__3,NA,NA,Porites porites,480,cm2,0,0,FALSE,Plot G__1__baseline_start__1-0__3,1
Plot G,all,Plot G,November,1,2025-11-07,baseline_start,1-0__4,NA,NA,Porites porites,480,cm2,0,0,FALSE,Plot G__1__baseline_start__1-0__4,1
Plot G,all,Plot G,November,1,2025-11-07,baseline_start,1-0__5,NA,NA,Porites porites,480,cm2,0,0,FALSE,Plot G__1__baseline_start__1-0__5,1
Plot G,all,Plot G,November,1,2025-11-07,baseline_start,1-0__6,NA,NA,Porites porites,480,cm2,0,0,FALSE,Plot G__1__baseline_start__1-0__6,1
Plot G,all,Plot G,November,1,2025-11-07,baseline_start,1-0__7,NA,NA,Orbicella annularis,480,cm2,0,0,FALSE,Plot G__1__baseline_start__1-0__7,1
Plot G,all,Plot G,November,1,2025-11-07,baseline_start,1-0__8,NA,NA,Porites porites,480,cm2,0,0,FALSE,Plot G__1__baseline_start__1-0__8,1
Plot G,all,Plot G,November,1,2025-11-07,baseline_start,1-0__9,NA,NA,Porites porites,480,cm2,0,0,FALSE,Plot G__1__baseline_start__1-0__9,1
Plot G,all,Plot G,April,2,2026-04-24,interval_end,0-0__0,NA,NA,Orbicella annularis,480,cm2,21.6825,0.00216825,TRUE,Plot G__2__interval_end__0-0__0,1
Plot G,all,Plot G,April,2,2026-04-24,interval_end,0-0__1,NA,NA,Orbicella annularis,480,cm2,11.925,0.0011925,TRUE,Plot G__2__interval_end__0-0__1,1
Plot G,all,Plot G,April,2,2026-04-24,interval_end,0-0__10,NA,NA,Porites porites,480,cm2,8.535,8.535e-4,TRUE,Plot G__2__interval_end__0-0__10,1
Plot G,all,Plot G,April,2,2026-04-24,interval_end,0-0__11,NA,NA,Porites porites,480,cm2,9.1475,9.147500000000001e-4,TRUE,Plot G__2__interval_end__0-0__11,1
Plot G,all,Plot G,April,2,2026-04-24,interval_end,0-0__12,NA,NA,Porites porites,480,cm2,13.575,0.0013575,TRUE,Plot G__2__interval_end__0-0__12,1
Plot G,all,Plot G,April,2,2026-04-24,interval_end,0-0__13,NA,NA,Orbicella annularis,480,cm2,14.3325,0.00143325,TRUE,Plot G__2__interval_end__0-0__13,1
Plot G,all,Plot G,April,2,2026-04-24,interval_end,0-0__14,NA,NA,Porites porites,480,cm2,11.0075,0.00110075,TRUE,Plot G__2__interval_end__0-0__14,1
Plot G,all,Plot G,April,2,2026-04-24,interval_end,0-0__15,NA,NA,Porites porites,480,cm2,11.11,0.001111,TRUE,Plot G__2__interval_end__0-0__15,1
Plot G,all,Plot G,April,2,2026-04-24,interval_end,0-0__16,NA,NA,Orbicella annularis,480,cm2,25.25,0.002525,TRUE,Plot G__2__interval_end__0-0__16,1
Plot G,all,Plot G,April,2,2026-04-24,interval_end,0-0__17,NA,NA,Porites porites,480,cm2,10.06,0.001006,TRUE,Plot G__2__interval_end__0-0__17,1
Plot G,all,Plot G,April,2,2026-04-24,interval_end,0-0__18,NA,NA,Porites porites,480,cm2,13.2475,0.00132475,TRUE,Plot G__2__interval_end__0-0__18,1
Plot G,all,Plot G,April,2,2026-04-24,interval_end,0-0__19,NA,NA,Orbicella annularis,480,cm2,18.795,0.0018795,TRUE,Plot G__2__interval_end__0-0__19,1
Plot G,all,Plot G,April,2,2026-04-24,interval_end,0-0__2,NA,NA,Porites porites,480,cm2,8.34,8.34e-4,TRUE,Plot G__2__interval_end__0-0__2,1
Plot G,all,Plot G,April,2,2026-04-24,interval_end,0-0__20,NA,NA,Orbicella annularis,480,cm2,13.7175,0.00137175,TRUE,Plot G__2__interval_end__0-0__20,1
Plot G,all,Plot G,April,2,2026-04-24,interval_end,0-0__3,NA,NA,Porites porites,480,cm2,10.2125,0.00102125,TRUE,Plot G__2__interval_end__0-0__3,1
Plot G,all,Plot G,April,2,2026-04-24,interval_end,0-0__4,NA,NA,Orbicella annularis,480,cm2,22.4125,0.00224125,TRUE,Plot G__2__interval_end__0-0__4,1
Plot G,all,Plot G,April,2,2026-04-24,interval_end,0-0__5,NA,NA,Porites porites,480,cm2,10.4125,0.0010412499999999999,TRUE,Plot G__2__interval_end__0-0__5,1
Plot G,all,Plot G,April,2,2026-04-24,interval_end,0-0__6,NA,NA,Porites porites,480,cm2,12.225,0.0012225,TRUE,Plot G__2__interval_end__0-0__6,1
Plot G,all,Plot G,April,2,2026-04-24,interval_end,0-0__7,NA,NA,Porites porites,480,cm2,13.0025,0.00130025,TRUE,Plot G__2__interval_end__0-0__7,1
Plot G,all,Plot G,April,2,2026-04-24,interval_end,0-0__8,NA,NA,Porites porites,480,cm2,14.35,0.0014349999999999999,TRUE,Plot G__2__interval_end__0-0__8,1
Plot G,all,Plot G,April,2,2026-04-24,interval_end,0-0__9,NA,NA,Porites porites,480,cm2,10.075,0.0010075,TRUE,Plot G__2__interval_end__0-0__9,1
Plot G,all,Plot G,April,2,2026-04-24,interval_end,0-1__0,NA,NA,Porites porites,480,cm2,8.3125,8.3125e-4,TRUE,Plot G__2__interval_end__0-1__0,1
Plot G,all,Plot G,April,2,2026-04-24,interval_end,0-1__1,NA,NA,Porites porites,480,cm2,12.5125,0.00125125,TRUE,Plot G__2__interval_end__0-1__1,1
Plot G,all,Plot G,April,2,2026-04-24,interval_end,0-1__2,NA,NA,Orbicella annularis,480,cm2,21.8875,0.0021887499999999997,TRUE,Plot G__2__interval_end__0-1__2,1
Plot G,all,Plot G,April,2,2026-04-24,interval_end,1-0__0,NA,NA,Porites porites,480,cm2,10.4225,0.00104225,TRUE,Plot G__2__interval_end__1-0__0,1
Plot G,all,Plot G,April,2,2026-04-24,interval_end,1-0__1,NA,NA,Porites porites,480,cm2,11.2575,0.00112575,TRUE,Plot G__2__interval_end__1-0__1,1
Plot G,all,Plot G,April,2,2026-04-24,interval_end,1-0__10,NA,NA,Orbicella annularis,480,cm2,23.17,0.002317,TRUE,Plot G__2__interval_end__1-0__10,1
Plot G,all,Plot G,April,2,2026-04-24,interval_end,1-0__11,NA,NA,Orbicella annularis,480,cm2,13.2075,0.0013207499999999999,TRUE,Plot G__2__interval_end__1-0__11,1
Plot G,all,Plot G,April,2,2026-04-24,interval_end,1-0__12,NA,NA,Porites porites,480,cm2,10.5575,0.0010557499999999998,TRUE,Plot G__2__interval_end__1-0__12,1
Plot G,all,Plot G,April,2,2026-04-24,interval_end,1-0__13,NA,NA,Porites porites,480,cm2,9.4675,9.467499999999999e-4,TRUE,Plot G__2__interval_end__1-0__13,1
Plot G,all,Plot G,April,2,2026-04-24,interval_end,1-0__14,NA,NA,Porites porites,480,cm2,9.8475,9.8475e-4,TRUE,Plot G__2__interval_end__1-0__14,1
Plot G,all,Plot G,April,2,2026-04-24,interval_end,1-0__15,NA,NA,Porites porites,480,cm2,9.27,9.27e-4,TRUE,Plot G__2__interval_end__1-0__15,1
Plot G,all,Plot G,April,2,2026-04-24,interval_end,1-0__16,NA,NA,Orbicella annularis,480,cm2,17.4,0.0017399999999999998,TRUE,Plot G__2__interval_end__1-0__16,1
Plot G,all,Plot G,April,2,2026-04-24,interval_end,1-0__17,NA,NA,Orbicella annularis,480,cm2,16.3725,0.0016372499999999998,TRUE,Plot G__2__interval_end__1-0__17,1
Plot G,all,Plot G,April,2,2026-04-24,interval_end,1-0__18,NA,NA,Orbicella annularis,480,cm2,12.2975,0.00122975,TRUE,Plot G__2__interval_end__1-0__18,1
Plot G,all,Plot G,April,2,2026-04-24,interval_end,1-0__19,NA,NA,Orbicella annularis,480,cm2,11.4075,0.00114075,TRUE,Plot G__2__interval_end__1-0__19,1
Plot G,all,Plot G,April,2,2026-04-24,interval_end,1-0__2,NA,NA,Orbicella annularis,480,cm2,13.065,0.0013065,TRUE,Plot G__2__interval_end__1-0__2,1
Plot G,all,Plot G,April,2,2026-04-24,interval_end,1-0__20,NA,NA,Orbicella annularis,480,cm2,21.12,0.002112,TRUE,Plot G__2__interval_end__1-0__20,1
Plot G,all,Plot G,April,2,2026-04-24,interval_end,1-0__3,NA,NA,Porites porites,480,cm2,11.8425,0.00118425,TRUE,Plot G__2__interval_end__1-0__3,1
Plot G,all,Plot G,April,2,2026-04-24,interval_end,1-0__4,NA,NA,Porites porites,480,cm2,11.145,0.0011145,TRUE,Plot G__2__interval_end__1-0__4,1
Plot G,all,Plot G,April,2,2026-04-24,interval_end,1-0__5,NA,NA,Porites porites,480,cm2,6.9225,6.9225e-4,TRUE,Plot G__2__interval_end__1-0__5,1
Plot G,all,Plot G,April,2,2026-04-24,interval_end,1-0__6,NA,NA,Porites porites,480,cm2,8.35,8.349999999999999e-4,TRUE,Plot G__2__interval_end__1-0__6,1
Plot G,all,Plot G,April,2,2026-04-24,interval_end,1-0__7,NA,NA,Orbicella annularis,480,cm2,16.155,0.0016155000000000002,TRUE,Plot G__2__interval_end__1-0__7,1
Plot G,all,Plot G,April,2,2026-04-24,interval_end,1-0__8,NA,NA,Porites porites,480,cm2,10.4875,0.00104875,TRUE,Plot G__2__interval_end__1-0__8,1
Plot G,all,Plot G,April,2,2026-04-24,interval_end,1-0__9,NA,NA,Porites porites,480,cm2,10.1575,0.0010157500000000002,TRUE,Plot G__2__interval_end__1-0__9,1
Plot G,all,Plot G,May,3,2026-05-26,interval_end,0-0__0,NA,NA,Orbicella annularis,480,cm2,20.78,0.002078,TRUE,Plot G__3__interval_end__0-0__0,1
Plot G,all,Plot G,May,3,2026-05-26,interval_end,0-0__1,NA,NA,Orbicella annularis,480,cm2,11.145,0.0011145,TRUE,Plot G__3__interval_end__0-0__1,1
Plot G,all,Plot G,May,3,2026-05-26,interval_end,0-0__10,NA,NA,Porites porites,480,cm2,5.06,5.059999999999999e-4,TRUE,Plot G__3__interval_end__0-0__10,1
Plot G,all,Plot G,May,3,2026-05-26,interval_end,0-0__11,NA,NA,Porites porites,480,cm2,8.87,8.869999999999999e-4,TRUE,Plot G__3__interval_end__0-0__11,1
Plot G,all,Plot G,May,3,2026-05-26,interval_end,0-0__12,NA,NA,Porites porites,480,cm2,12.04,0.001204,TRUE,Plot G__3__interval_end__0-0__12,1
Plot G,all,Plot G,May,3,2026-05-26,interval_end,0-0__13,NA,NA,Orbicella annularis,480,cm2,14.7225,0.00147225,TRUE,Plot G__3__interval_end__0-0__13,1
Plot G,all,Plot G,May,3,2026-05-26,interval_end,0-0__14,NA,NA,Porites porites,480,cm2,12.01,0.001201,TRUE,Plot G__3__interval_end__0-0__14,1
Plot G,all,Plot G,May,3,2026-05-26,interval_end,0-0__15,NA,NA,Porites porites,480,cm2,11.8025,0.00118025,TRUE,Plot G__3__interval_end__0-0__15,1
Plot G,all,Plot G,May,3,2026-05-26,interval_end,0-0__16,NA,NA,Orbicella annularis,480,cm2,27.4775,0.0027477499999999998,TRUE,Plot G__3__interval_end__0-0__16,1
Plot G,all,Plot G,May,3,2026-05-26,interval_end,0-0__17,NA,NA,Porites porites,480,cm2,10.8575,0.00108575,TRUE,Plot G__3__interval_end__0-0__17,1
Plot G,all,Plot G,May,3,2026-05-26,interval_end,0-0__18,NA,NA,Porites porites,480,cm2,10.115,0.0010115,TRUE,Plot G__3__interval_end__0-0__18,1
Plot G,all,Plot G,May,3,2026-05-26,interval_end,0-0__19,NA,NA,Orbicella annularis,480,cm2,19.025,0.0019025,TRUE,Plot G__3__interval_end__0-0__19,1
Plot G,all,Plot G,May,3,2026-05-26,interval_end,0-0__2,NA,NA,Porites porites,480,cm2,7.39,7.39e-4,TRUE,Plot G__3__interval_end__0-0__2,1
Plot G,all,Plot G,May,3,2026-05-26,interval_end,0-0__20,NA,NA,Orbicella annularis,480,cm2,13.935,0.0013935,TRUE,Plot G__3__interval_end__0-0__20,1
Plot G,all,Plot G,May,3,2026-05-26,interval_end,0-0__3,NA,NA,Porites porites,480,cm2,9.575,9.574999999999999e-4,TRUE,Plot G__3__interval_end__0-0__3,1
Plot G,all,Plot G,May,3,2026-05-26,interval_end,0-0__4,NA,NA,Orbicella annularis,480,cm2,24.2075,0.00242075,TRUE,Plot G__3__interval_end__0-0__4,1
Plot G,all,Plot G,May,3,2026-05-26,interval_end,0-0__5,NA,NA,Porites porites,480,cm2,10.39,0.001039,TRUE,Plot G__3__interval_end__0-0__5,1
Plot G,all,Plot G,May,3,2026-05-26,interval_end,0-0__6,NA,NA,Porites porites,480,cm2,13.28,0.001328,TRUE,Plot G__3__interval_end__0-0__6,1
Plot G,all,Plot G,May,3,2026-05-26,interval_end,0-0__7,NA,NA,Porites porites,480,cm2,13.46,0.0013460000000000002,TRUE,Plot G__3__interval_end__0-0__7,1
Plot G,all,Plot G,May,3,2026-05-26,interval_end,0-0__8,NA,NA,Porites porites,480,cm2,14.86,0.001486,TRUE,Plot G__3__interval_end__0-0__8,1
Plot G,all,Plot G,May,3,2026-05-26,interval_end,0-0__9,NA,NA,Porites porites,480,cm2,10.2725,0.0010272500000000002,TRUE,Plot G__3__interval_end__0-0__9,1
Plot G,all,Plot G,May,3,2026-05-26,interval_end,0-1__0,NA,NA,Porites porites,480,cm2,8.3,8.300000000000001e-4,TRUE,Plot G__3__interval_end__0-1__0,1
Plot G,all,Plot G,May,3,2026-05-26,interval_end,0-1__1,NA,NA,Porites porites,480,cm2,9.1375,9.1375e-4,TRUE,Plot G__3__interval_end__0-1__1,1
Plot G,all,Plot G,May,3,2026-05-26,interval_end,0-1__2,NA,NA,Orbicella annularis,480,cm2,24.4575,0.00244575,TRUE,Plot G__3__interval_end__0-1__2,1
Plot G,all,Plot G,May,3,2026-05-26,interval_end,1-0__0,NA,NA,Porites porites,480,cm2,10.0425,0.00100425,TRUE,Plot G__3__interval_end__1-0__0,1
Plot G,all,Plot G,May,3,2026-05-26,interval_end,1-0__1,NA,NA,Porites porites,480,cm2,10.2225,0.00102225,TRUE,Plot G__3__interval_end__1-0__1,1
Plot G,all,Plot G,May,3,2026-05-26,interval_end,1-0__10,NA,NA,Orbicella annularis,480,cm2,23.1125,0.00231125,TRUE,Plot G__3__interval_end__1-0__10,1
Plot G,all,Plot G,May,3,2026-05-26,interval_end,1-0__11,NA,NA,Orbicella annularis,480,cm2,11.29,0.001129,TRUE,Plot G__3__interval_end__1-0__11,1
Plot G,all,Plot G,May,3,2026-05-26,interval_end,1-0__12,NA,NA,Porites porites,480,cm2,9.5075,9.5075e-4,TRUE,Plot G__3__interval_end__1-0__12,1
Plot G,all,Plot G,May,3,2026-05-26,interval_end,1-0__13,NA,NA,Porites porites,480,cm2,10.745,0.0010745,TRUE,Plot G__3__interval_end__1-0__13,1
Plot G,all,Plot G,May,3,2026-05-26,interval_end,1-0__14,NA,NA,Porites porites,480,cm2,11.085,0.0011085000000000001,TRUE,Plot G__3__interval_end__1-0__14,1
Plot G,all,Plot G,May,3,2026-05-26,interval_end,1-0__15,NA,NA,Porites porites,480,cm2,10.045,0.0010045,TRUE,Plot G__3__interval_end__1-0__15,1
Plot G,all,Plot G,May,3,2026-05-26,interval_end,1-0__16,NA,NA,Orbicella annularis,480,cm2,17.7775,0.00177775,TRUE,Plot G__3__interval_end__1-0__16,1
Plot G,all,Plot G,May,3,2026-05-26,interval_end,1-0__17,NA,NA,Orbicella annularis,480,cm2,16.89,0.001689,TRUE,Plot G__3__interval_end__1-0__17,1
Plot G,all,Plot G,May,3,2026-05-26,interval_end,1-0__18,NA,NA,Orbicella annularis,480,cm2,14.57,0.001457,TRUE,Plot G__3__interval_end__1-0__18,1
Plot G,all,Plot G,May,3,2026-05-26,interval_end,1-0__19,NA,NA,Orbicella annularis,480,cm2,10.67,0.001067,TRUE,Plot G__3__interval_end__1-0__19,1
Plot G,all,Plot G,May,3,2026-05-26,interval_end,1-0__2,NA,NA,Orbicella annularis,480,cm2,13.1675,0.00131675,TRUE,Plot G__3__interval_end__1-0__2,1
Plot G,all,Plot G,May,3,2026-05-26,interval_end,1-0__20,NA,NA,Orbicella annularis,480,cm2,20.0225,0.00200225,TRUE,Plot G__3__interval_end__1-0__20,1
Plot G,all,Plot G,May,3,2026-05-26,interval_end,1-0__3,NA,NA,Porites porites,480,cm2,12.1575,0.00121575,TRUE,Plot G__3__interval_end__1-0__3,1
Plot G,all,Plot G,May,3,2026-05-26,interval_end,1-0__4,NA,NA,Porites porites,480,cm2,11.0675,0.00110675,TRUE,Plot G__3__interval_end__1-0__4,1
Plot G,all,Plot G,May,3,2026-05-26,interval_end,1-0__5,NA,NA,Porites porites,480,cm2,9.7675,9.7675e-4,TRUE,Plot G__3__interval_end__1-0__5,1
Plot G,all,Plot G,May,3,2026-05-26,interval_end,1-0__6,NA,NA,Porites porites,480,cm2,9.3025,9.3025e-4,TRUE,Plot G__3__interval_end__1-0__6,1
Plot G,all,Plot G,May,3,2026-05-26,interval_end,1-0__7,NA,NA,Orbicella annularis,480,cm2,17.885,0.0017885000000000002,TRUE,Plot G__3__interval_end__1-0__7,1
Plot G,all,Plot G,May,3,2026-05-26,interval_end,1-0__8,NA,NA,Porites porites,480,cm2,8.7775,8.7775e-4,TRUE,Plot G__3__interval_end__1-0__8,1
Plot G,all,Plot G,May,3,2026-05-26,interval_end,1-0__9,NA,NA,Porites porites,480,cm2,11.2575,0.00112575,TRUE,Plot G__3__interval_end__1-0__9,1
