plot,plot_section,plot_section_label,month_order,month,survey_date,observation_source,genet,species,is_baseline_genet,present,surviving_from_baseline,died_from_baseline_this_month,area,area_m2,plot_area_m2,percent_cover_of_plot,taglab_area_units
Plot C,all,Plot C,2,April,2026-04-03,interval_end,0-0__0,Porites porites,TRUE,TRUE,TRUE,FALSE,7.7175,7.7175e-4,480,1.6078124999999998e-4,cm2
Plot C,all,Plot C,2,April,2026-04-03,interval_end,0-0__1,Porites porites,TRUE,TRUE,TRUE,FALSE,11.3925,0.00113925,480,2.3734375000000003e-4,cm2
Plot C,all,Plot C,2,April,2026-04-03,interval_end,0-0__10,Montastraea cavernosa,TRUE,TRUE,TRUE,FALSE,4.6,4.5999999999999996e-4,480,9.583333333333334e-5,cm2
Plot C,all,Plot C,2,April,2026-04-03,interval_end,0-0__100,Porites porites,TRUE,TRUE,TRUE,FALSE,4.8625,4.8625e-4,480,1.0130208333333332e-4,cm2
Plot C,all,Plot C,2,April,2026-04-03,interval_end,0-0__101,Porites porites,TRUE,TRUE,TRUE,FALSE,0.73,7.3e-5,480,1.5208333333333333e-5,cm2
Plot C,all,Plot C,2,April,2026-04-03,interval_end,0-0__102,Porites porites,TRUE,TRUE,TRUE,FALSE,5.9225,5.9225e-4,480,1.2338541666666666e-4,cm2
Plot C,all,Plot C,2,April,2026-04-03,interval_end,0-0__103,Porites porites,TRUE,TRUE,TRUE,FALSE,10.5125,0.0010512499999999999,480,2.1901041666666664e-4,cm2
Plot C,all,Plot C,2,April,2026-04-03,interval_end,0-0__104,Porites porites,TRUE,TRUE,TRUE,FALSE,3.335,3.335e-4,480,6.947916666666666e-5,cm2
Plot C,all,Plot C,2,April,2026-04-03,interval_end,0-0__105,Porites porites,TRUE,TRUE,TRUE,FALSE,5.0375,5.0375e-4,480,1.0494791666666666e-4,cm2
Plot C,all,Plot C,2,April,2026-04-03,interval_end,0-0__106,Porites porites,TRUE,TRUE,TRUE,FALSE,6.5025,6.5025e-4,480,1.3546875e-4,cm2
Plot C,all,Plot C,2,April,2026-04-03,interval_end,0-0__107,Porites porites,TRUE,TRUE,TRUE,FALSE,4.435,4.4349999999999994e-4,480,9.239583333333331e-5,cm2
Plot C,all,Plot C,2,April,2026-04-03,interval_end,0-0__108,Porites porites,TRUE,TRUE,TRUE,FALSE,6.185,6.184999999999999e-4,480,1.2885416666666663e-4,cm2
Plot C,all,Plot C,2,April,2026-04-03,interval_end,0-0__109,Porites porites,TRUE,TRUE,TRUE,FALSE,7.61,7.610000000000001e-4,480,1.5854166666666667e-4,cm2
Plot C,all,Plot C,2,April,2026-04-03,interval_end,0-0__11,Montastraea cavernosa,TRUE,TRUE,TRUE,FALSE,4.7125,4.7125000000000004e-4,480,9.817708333333335e-5,cm2
Plot C,all,Plot C,2,April,2026-04-03,interval_end,0-0__110,Porites porites,TRUE,TRUE,TRUE,FALSE,1.41,1.4099999999999998e-4,480,2.9374999999999996e-5,cm2
Plot C,all,Plot C,2,April,2026-04-03,interval_end,0-0__111,Porites porites,TRUE,TRUE,TRUE,FALSE,1.1675,1.1674999999999999e-4,480,2.4322916666666667e-5,cm2
Plot C,all,Plot C,2,April,2026-04-03,interval_end,0-0__112,Porites porites,TRUE,TRUE,TRUE,FALSE,9.4,9.400000000000001e-4,480,1.9583333333333337e-4,cm2
Plot C,all,Plot C,2,April,2026-04-03,interval_end,0-0__113,Porites porites,TRUE,TRUE,TRUE,FALSE,2.54,2.54e-4,480,5.291666666666667e-5,cm2
Plot C,all,Plot C,2,April,2026-04-03,interval_end,0-0__114,Porites porites,TRUE,TRUE,TRUE,FALSE,5.9225,5.9225e-4,480,1.2338541666666666e-4,cm2
Plot C,all,Plot C,2,April,2026-04-03,interval_end,0-0__115,Porites porites,TRUE,TRUE,TRUE,FALSE,4.37,4.37e-4,480,9.104166666666667e-5,cm2
Plot C,all,Plot C,2,April,2026-04-03,interval_end,0-0__116,Porites porites,TRUE,TRUE,TRUE,FALSE,5.0375,5.0375e-4,480,1.0494791666666666e-4,cm2
Plot C,all,Plot C,2,April,2026-04-03,interval_end,0-0__117,Porites porites,TRUE,TRUE,TRUE,FALSE,5.345,5.344999999999999e-4,480,1.1135416666666665e-4,cm2
Plot C,all,Plot C,2,April,2026-04-03,interval_end,0-0__118,Porites porites,TRUE,TRUE,TRUE,FALSE,9.5475,9.5475e-4,480,1.9890625e-4,cm2
Plot C,all,Plot C,2,April,2026-04-03,interval_end,0-0__119,Porites porites,TRUE,TRUE,TRUE,FALSE,4.4175,4.4175000000000003e-4,480,9.203125000000002e-5,cm2
Plot C,all,Plot C,2,April,2026-04-03,interval_end,0-0__12,Montastraea cavernosa,TRUE,TRUE,TRUE,FALSE,5.2575,5.257500000000001e-4,480,1.0953125000000001e-4,cm2
Plot C,all,Plot C,2,April,2026-04-03,interval_end,0-0__120,Porites porites,TRUE,TRUE,TRUE,FALSE,4.2175,4.2175000000000003e-4,480,8.786458333333334e-5,cm2
Plot C,all,Plot C,2,April,2026-04-03,interval_end,0-0__121,Porites porites,TRUE,TRUE,TRUE,FALSE,3.9,3.9e-4,480,8.125e-5,cm2
Plot C,all,Plot C,2,April,2026-04-03,interval_end,0-0__122,Porites porites,TRUE,TRUE,TRUE,FALSE,5.67,5.67e-4,480,1.18125e-4,cm2
Plot C,all,Plot C,2,April,2026-04-03,interval_end,0-0__123,Porites porites,TRUE,TRUE,TRUE,FALSE,5.305,5.304999999999999e-4,480,1.1052083333333332e-4,cm2
Plot C,all,Plot C,2,April,2026-04-03,interval_end,0-0__124,Porites porites,TRUE,TRUE,TRUE,FALSE,3.2325,3.2324999999999997e-4,480,6.734375e-5,cm2
Plot C,all,Plot C,2,April,2026-04-03,interval_end,0-0__125,Porites porites,TRUE,TRUE,TRUE,FALSE,2.99,2.99e-4,480,6.229166666666667e-5,cm2
Plot C,all,Plot C,2,April,2026-04-03,interval_end,0-0__126,Porites porites,TRUE,TRUE,TRUE,FALSE,3.275,3.275e-4,480,6.822916666666667e-5,cm2
Plot C,all,Plot C,2,April,2026-04-03,interval_end,0-0__127,Porites porites,TRUE,TRUE,TRUE,FALSE,7.105,7.105000000000001e-4,480,1.4802083333333334e-4,cm2
Plot C,all,Plot C,2,April,2026-04-03,interval_end,0-0__128,Porites porites,TRUE,TRUE,TRUE,FALSE,3.6275,3.6275e-4,480,7.557291666666667e-5,cm2
Plot C,all,Plot C,2,April,2026-04-03,interval_end,0-0__129,Porites porites,TRUE,TRUE,TRUE,FALSE,2.665,2.665e-4,480,5.552083333333334e-5,cm2
Plot C,all,Plot C,2,April,2026-04-03,interval_end,0-0__13,Montastraea cavernosa,TRUE,TRUE,TRUE,FALSE,4.195,4.195e-4,480,8.739583333333334e-5,cm2
Plot C,all,Plot C,2,April,2026-04-03,interval_end,0-0__130,Porites porites,TRUE,TRUE,TRUE,FALSE,5.7275,5.7275e-4,480,1.1932291666666667e-4,cm2
Plot C,all,Plot C,2,April,2026-04-03,interval_end,0-0__131,Porites porites,TRUE,TRUE,TRUE,FALSE,2.3025,2.3025e-4,480,4.7968750000000004e-5,cm2
Plot C,all,Plot C,2,April,2026-04-03,interval_end,0-0__132,Porites porites,TRUE,TRUE,TRUE,FALSE,4.9575,4.9575e-4,480,1.0328125e-4,cm2
Plot C,all,Plot C,2,April,2026-04-03,interval_end,0-0__133,Porites porites,TRUE,TRUE,TRUE,FALSE,5.93,5.93e-4,480,1.2354166666666666e-4,cm2
Plot C,all,Plot C,2,April,2026-04-03,interval_end,0-0__134,Porites porites,TRUE,TRUE,TRUE,FALSE,4.0425,4.0425000000000004e-4,480,8.421875000000001e-5,cm2
Plot C,all,Plot C,2,April,2026-04-03,interval_end,0-0__135,Porites porites,TRUE,TRUE,TRUE,FALSE,2.325,2.325e-4,480,4.84375e-5,cm2
Plot C,all,Plot C,2,April,2026-04-03,interval_end,0-0__136,Orbicella franksi,TRUE,TRUE,TRUE,FALSE,3.28,3.28e-4,480,6.833333333333335e-5,cm2
Plot C,all,Plot C,2,April,2026-04-03,interval_end,0-0__137,Orbicella franksi,TRUE,TRUE,TRUE,FALSE,3.9975,3.9975e-4,480,8.328125e-5,cm2
Plot C,all,Plot C,2,April,2026-04-03,interval_end,0-0__138,Porites porites,TRUE,TRUE,TRUE,FALSE,2.9,2.9e-4,480,6.041666666666667e-5,cm2
Plot C,all,Plot C,2,April,2026-04-03,interval_end,0-0__139,Porites porites,TRUE,TRUE,TRUE,FALSE,5.5275,5.5275e-4,480,1.1515625e-4,cm2
Plot C,all,Plot C,2,April,2026-04-03,interval_end,0-0__14,Montastraea cavernosa,TRUE,TRUE,TRUE,FALSE,3.9175,3.9175e-4,480,8.161458333333333e-5,cm2
Plot C,all,Plot C,2,April,2026-04-03,interval_end,0-0__140,Orbicella franksi,TRUE,TRUE,TRUE,FALSE,4.2625,4.2625000000000003e-4,480,8.880208333333334e-5,cm2
Plot C,all,Plot C,2,April,2026-04-03,interval_end,0-0__141,Orbicella franksi,TRUE,TRUE,TRUE,FALSE,6.8625,6.8625e-4,480,1.4296875e-4,cm2
Plot C,all,Plot C,2,April,2026-04-03,interval_end,0-0__142,Porites porites,TRUE,TRUE,TRUE,FALSE,8.6675,8.6675e-4,480,1.8057291666666666e-4,cm2
Plot C,all,Plot C,2,April,2026-04-03,interval_end,0-0__143,Orbicella franksi,TRUE,TRUE,TRUE,FALSE,4.19,4.1900000000000005e-4,480,8.729166666666668e-5,cm2
Plot C,all,Plot C,2,April,2026-04-03,interval_end,0-0__144,Orbicella franksi,TRUE,TRUE,TRUE,FALSE,4.8525,4.8525e-4,480,1.0109375e-4,cm2
Plot C,all,Plot C,2,April,2026-04-03,interval_end,0-0__145,Orbicella franksi,TRUE,TRUE,TRUE,FALSE,7.8225,7.8225e-4,480,1.6296874999999997e-4,cm2
Plot C,all,Plot C,2,April,2026-04-03,interval_end,0-0__146,Porites porites,TRUE,TRUE,TRUE,FALSE,1.39,1.39e-4,480,2.895833333333333e-5,cm2
Plot C,all,Plot C,2,April,2026-04-03,interval_end,0-0__147,Orbicella franksi,TRUE,TRUE,TRUE,FALSE,6.165,6.165e-4,480,1.284375e-4,cm2
Plot C,all,Plot C,2,April,2026-04-03,interval_end,0-0__148,Orbicella franksi,TRUE,TRUE,TRUE,FALSE,5.31,5.31e-4,480,1.10625e-4,cm2
Plot C,all,Plot C,2,April,2026-04-03,interval_end,0-0__149,Orbicella franksi,TRUE,TRUE,TRUE,FALSE,6.915,6.915000000000001e-4,480,1.440625e-4,cm2
Plot C,all,Plot C,2,April,2026-04-03,interval_end,0-0__15,Montastraea cavernosa,TRUE,TRUE,TRUE,FALSE,4.035,4.035e-4,480,8.406249999999999e-5,cm2
Plot C,all,Plot C,2,April,2026-04-03,interval_end,0-0__150,Orbicella franksi,TRUE,TRUE,TRUE,FALSE,3.7125,3.7125e-4,480,7.734374999999999e-5,cm2
Plot C,all,Plot C,2,April,2026-04-03,interval_end,0-0__151,Orbicella franksi,TRUE,TRUE,TRUE,FALSE,10.1675,0.00101675,480,2.1182291666666666e-4,cm2
Plot C,all,Plot C,2,April,2026-04-03,interval_end,0-0__152,Orbicella franksi,TRUE,TRUE,TRUE,FALSE,2.99,2.99e-4,480,6.229166666666667e-5,cm2
Plot C,all,Plot C,2,April,2026-04-03,interval_end,0-0__153,Porites porites,TRUE,TRUE,TRUE,FALSE,8.835,8.835000000000001e-4,480,1.8406250000000004e-4,cm2
Plot C,all,Plot C,2,April,2026-04-03,interval_end,0-0__154,Orbicella franksi,TRUE,TRUE,TRUE,FALSE,8.5075,8.5075e-4,480,1.7723958333333337e-4,cm2
Plot C,all,Plot C,2,April,2026-04-03,interval_end,0-0__155,Orbicella franksi,TRUE,TRUE,TRUE,FALSE,4.8825,4.8825e-4,480,1.0171875e-4,cm2
Plot C,all,Plot C,2,April,2026-04-03,interval_end,0-0__156,Orbicella franksi,TRUE,TRUE,TRUE,FALSE,6.855,6.855e-4,480,1.428125e-4,cm2
Plot C,all,Plot C,2,April,2026-04-03,interval_end,0-0__157,Orbicella franksi,TRUE,TRUE,TRUE,FALSE,8.215,8.215e-4,480,1.7114583333333334e-4,cm2
Plot C,all,Plot C,2,April,2026-04-03,interval_end,0-0__158,Orbicella franksi,TRUE,TRUE,TRUE,FALSE,6.2175,6.2175e-4,480,1.2953125e-4,cm2
Plot C,all,Plot C,2,April,2026-04-03,interval_end,0-0__159,Porites porites,TRUE,TRUE,TRUE,FALSE,10.315,0.0010314999999999999,480,2.1489583333333332e-4,cm2
Plot C,all,Plot C,2,April,2026-04-03,interval_end,0-0__16,Montastraea cavernosa,TRUE,TRUE,TRUE,FALSE,1.9025,1.9025000000000002e-4,480,3.963541666666667e-5,cm2
Plot C,all,Plot C,2,April,2026-04-03,interval_end,0-0__160,Orbicella franksi,TRUE,TRUE,TRUE,FALSE,5.425,5.425e-4,480,1.1302083333333333e-4,cm2
Plot C,all,Plot C,2,April,2026-04-03,interval_end,0-0__161,Orbicella franksi,TRUE,TRUE,TRUE,FALSE,4.055,4.055e-4,480,8.447916666666666e-5,cm2
Plot C,all,Plot C,2,April,2026-04-03,interval_end,0-0__162,Orbicella franksi,TRUE,TRUE,TRUE,FALSE,4.235,4.2350000000000005e-4,480,8.822916666666667e-5,cm2
Plot C,all,Plot C,2,April,2026-04-03,interval_end,0-0__163,Orbicella franksi,TRUE,TRUE,TRUE,FALSE,2.875,2.875e-4,480,5.989583333333333e-5,cm2
Plot C,all,Plot C,2,April,2026-04-03,interval_end,0-0__164,Orbicella franksi,TRUE,TRUE,TRUE,FALSE,1.7325,1.7324999999999998e-4,480,3.609374999999999e-5,cm2
Plot C,all,Plot C,2,April,2026-04-03,interval_end,0-0__166,Orbicella annularis,TRUE,TRUE,TRUE,FALSE,148.6225,0.01486225,480,0.0030963020833333337,cm2
Plot C,all,Plot C,2,April,2026-04-03,interval_end,0-0__167,Porites porites,TRUE,TRUE,TRUE,FALSE,1.6575,1.6575e-4,480,3.4531249999999996e-5,cm2
Plot C,all,Plot C,2,April,2026-04-03,interval_end,0-0__168,Porites porites,TRUE,TRUE,TRUE,FALSE,3.2475,3.2475e-4,480,6.765625000000001e-5,cm2
Plot C,all,Plot C,2,April,2026-04-03,interval_end,0-0__169,Porites porites,TRUE,TRUE,TRUE,FALSE,2.5275,2.5275e-4,480,5.2656249999999996e-5,cm2
Plot C,all,Plot C,2,April,2026-04-03,interval_end,0-0__17,Montastraea cavernosa,TRUE,TRUE,TRUE,FALSE,3.7775,3.7775e-4,480,7.869791666666665e-5,cm2
Plot C,all,Plot C,2,April,2026-04-03,interval_end,0-0__170,Porites porites,TRUE,TRUE,TRUE,FALSE,1.61,1.61e-4,480,3.3541666666666664e-5,cm2
Plot C,all,Plot C,2,April,2026-04-03,interval_end,0-0__171,Porites porites,TRUE,TRUE,TRUE,FALSE,0.9975,9.975e-5,480,2.078125e-5,cm2
Plot C,all,Plot C,2,April,2026-04-03,interval_end,0-0__172,Porites porites,TRUE,TRUE,TRUE,FALSE,0.5425,5.425e-5,480,1.1302083333333333e-5,cm2
Plot C,all,Plot C,2,April,2026-04-03,interval_end,0-0__173,Porites porites,TRUE,TRUE,TRUE,FALSE,1.425,1.425e-4,480,2.9687499999999997e-5,cm2
Plot C,all,Plot C,2,April,2026-04-03,interval_end,0-0__174,Porites porites,TRUE,TRUE,TRUE,FALSE,3.0475,3.0475e-4,480,6.348958333333334e-5,cm2
Plot C,all,Plot C,2,April,2026-04-03,interval_end,0-0__175,Porites porites,TRUE,TRUE,TRUE,FALSE,6.97,6.97e-4,480,1.4520833333333332e-4,cm2
Plot C,all,Plot C,2,April,2026-04-03,interval_end,0-0__176,Porites porites,TRUE,TRUE,TRUE,FALSE,4.625,4.625e-4,480,9.635416666666667e-5,cm2
Plot C,all,Plot C,2,April,2026-04-03,interval_end,0-0__177,Porites porites,TRUE,TRUE,TRUE,FALSE,3.7175,3.7174999999999996e-4,480,7.744791666666665e-5,cm2
Plot C,all,Plot C,2,April,2026-04-03,interval_end,0-0__178,Porites porites,TRUE,TRUE,TRUE,FALSE,4.0375,4.0375e-4,480,8.411458333333333e-5,cm2
Plot C,all,Plot C,2,April,2026-04-03,interval_end,0-0__179,Porites porites,TRUE,TRUE,TRUE,FALSE,5.3925,5.3925e-4,480,1.1234375e-4,cm2
Plot C,all,Plot C,2,April,2026-04-03,interval_end,0-0__18,Montastraea cavernosa,TRUE,TRUE,TRUE,FALSE,4.41,4.4100000000000004e-4,480,9.187500000000001e-5,cm2
Plot C,all,Plot C,2,April,2026-04-03,interval_end,0-0__180,Porites porites,TRUE,TRUE,TRUE,FALSE,8.175,8.175000000000001e-4,480,1.703125e-4,cm2
Plot C,all,Plot C,2,April,2026-04-03,interval_end,0-0__181,Porites porites,TRUE,TRUE,TRUE,FALSE,4.37,4.37e-4,480,9.104166666666667e-5,cm2
Plot C,all,Plot C,2,April,2026-04-03,interval_end,0-0__182,Porites porites,TRUE,TRUE,TRUE,FALSE,7.0425,7.0425e-4,480,1.4671875e-4,cm2
Plot C,all,Plot C,2,April,2026-04-03,interval_end,0-0__183,Porites porites,TRUE,TRUE,TRUE,FALSE,5.44,5.44e-4,480,1.1333333333333333e-4,cm2
Plot C,all,Plot C,2,April,2026-04-03,interval_end,0-0__184,Porites porites,TRUE,TRUE,TRUE,FALSE,2.3975,2.3975e-4,480,4.994791666666667e-5,cm2
Plot C,all,Plot C,2,April,2026-04-03,interval_end,0-0__185,Porites porites,TRUE,TRUE,TRUE,FALSE,4.7275,4.7275e-4,480,9.848958333333334e-5,cm2
Plot C,all,Plot C,2,April,2026-04-03,interval_end,0-0__186,Porites porites,TRUE,TRUE,TRUE,FALSE,3.58,3.5800000000000003e-4,480,7.458333333333335e-5,cm2
Plot C,all,Plot C,2,April,2026-04-03,interval_end,0-0__187,Porites porites,TRUE,TRUE,TRUE,FALSE,4.9225,4.922500000000001e-4,480,1.0255208333333335e-4,cm2
Plot C,all,Plot C,2,April,2026-04-03,interval_end,0-0__188,Porites porites,TRUE,TRUE,TRUE,FALSE,5.9125,5.9125e-4,480,1.2317708333333332e-4,cm2
Plot C,all,Plot C,2,April,2026-04-03,interval_end,0-0__189,Porites porites,TRUE,TRUE,TRUE,FALSE,4.175,4.1749999999999996e-4,480,8.697916666666666e-5,cm2
Plot C,all,Plot C,2,April,2026-04-03,interval_end,0-0__19,Montastraea cavernosa,TRUE,TRUE,TRUE,FALSE,4.48,4.4800000000000005e-4,480,9.333333333333334e-5,cm2
Plot C,all,Plot C,2,April,2026-04-03,interval_end,0-0__190,Porites porites,TRUE,TRUE,TRUE,FALSE,2.2725,2.2725e-4,480,4.7343749999999995e-5,cm2
Plot C,all,Plot C,2,April,2026-04-03,interval_end,0-0__191,Porites porites,TRUE,TRUE,TRUE,FALSE,3.945,3.945e-4,480,8.21875e-5,cm2
Plot C,all,Plot C,2,April,2026-04-03,interval_end,0-0__192,Porites porites,TRUE,TRUE,TRUE,FALSE,2.88,2.88e-4,480,6e-5,cm2
Plot C,all,Plot C,2,April,2026-04-03,interval_end,0-0__193,Porites porites,TRUE,TRUE,TRUE,FALSE,3.255,3.255e-4,480,6.78125e-5,cm2
Plot C,all,Plot C,2,April,2026-04-03,interval_end,0-0__194,Porites porites,TRUE,TRUE,TRUE,FALSE,3.625,3.625e-4,480,7.552083333333332e-5,cm2
Plot C,all,Plot C,2,April,2026-04-03,interval_end,0-0__195,Porites porites,TRUE,TRUE,TRUE,FALSE,2.6775,2.6775000000000003e-4,480,5.578125000000001e-5,cm2
Plot C,all,Plot C,2,April,2026-04-03,interval_end,0-0__196,Porites porites,TRUE,TRUE,TRUE,FALSE,3.3475,3.3475000000000003e-4,480,6.973958333333334e-5,cm2
Plot C,all,Plot C,2,April,2026-04-03,interval_end,0-0__197,Porites porites,TRUE,TRUE,TRUE,FALSE,2.1,2.1e-4,480,4.375e-5,cm2
Plot C,all,Plot C,2,April,2026-04-03,interval_end,0-0__198,Porites porites,TRUE,TRUE,TRUE,FALSE,3.8225,3.8225e-4,480,7.963541666666667e-5,cm2
Plot C,all,Plot C,2,April,2026-04-03,interval_end,0-0__199,Porites porites,TRUE,TRUE,TRUE,FALSE,5.71,5.71e-4,480,1.1895833333333333e-4,cm2
Plot C,all,Plot C,2,April,2026-04-03,interval_end,0-0__2,Orbicella annularis,TRUE,TRUE,TRUE,FALSE,25.15,0.002515,480,5.239583333333333e-4,cm2
Plot C,all,Plot C,2,April,2026-04-03,interval_end,0-0__20,Montastraea cavernosa,TRUE,TRUE,TRUE,FALSE,1.7125,1.7125e-4,480,3.567708333333333e-5,cm2
Plot C,all,Plot C,2,April,2026-04-03,interval_end,0-0__200,Porites porites,TRUE,TRUE,TRUE,FALSE,5.275,5.275000000000001e-4,480,1.0989583333333335e-4,cm2
Plot C,all,Plot C,2,April,2026-04-03,interval_end,0-0__201,Porites porites,TRUE,TRUE,TRUE,FALSE,3.6275,3.6275e-4,480,7.557291666666667e-5,cm2
Plot C,all,Plot C,2,April,2026-04-03,interval_end,0-0__202,Porites porites,TRUE,TRUE,TRUE,FALSE,1.9425,1.9424999999999998e-4,480,4.046875e-5,cm2
Plot C,all,Plot C,2,April,2026-04-03,interval_end,0-0__203,Porites porites,TRUE,TRUE,TRUE,FALSE,1.0275,1.0275e-4,480,2.1406250000000002e-5,cm2
Plot C,all,Plot C,2,April,2026-04-03,interval_end,0-0__204,Porites porites,TRUE,TRUE,TRUE,FALSE,2.755,2.755e-4,480,5.739583333333333e-5,cm2
Plot C,all,Plot C,2,April,2026-04-03,interval_end,0-0__205,Porites porites,TRUE,TRUE,TRUE,FALSE,4.655,4.6550000000000004e-4,480,9.697916666666667e-5,cm2
Plot C,all,Plot C,2,April,2026-04-03,interval_end,0-0__206,Porites porites,TRUE,TRUE,TRUE,FALSE,5.5275,5.5275e-4,480,1.1515625e-4,cm2
Plot C,all,Plot C,2,April,2026-04-03,interval_end,0-0__207,Unidentified coral,TRUE,TRUE,TRUE,FALSE,0.2325,2.3250000000000003e-5,480,4.843750000000001e-6,cm2
Plot C,all,Plot C,2,April,2026-04-03,interval_end,0-0__208,Porites porites,TRUE,TRUE,TRUE,FALSE,3.695,3.695e-4,480,7.697916666666666e-5,cm2
Plot C,all,Plot C,2,April,2026-04-03,interval_end,0-0__209,Porites porites,TRUE,TRUE,TRUE,FALSE,8.2125,8.2125e-4,480,1.7109375e-4,cm2
Plot C,all,Plot C,2,April,2026-04-03,interval_end,0-0__21,Montastraea cavernosa,TRUE,TRUE,TRUE,FALSE,1.965,1.965e-4,480,4.09375e-5,cm2
Plot C,all,Plot C,2,April,2026-04-03,interval_end,0-0__210,Porites porites,TRUE,TRUE,TRUE,FALSE,0.965,9.65e-5,480,2.0104166666666666e-5,cm2
Plot C,all,Plot C,2,April,2026-04-03,interval_end,0-0__211,Porites porites,TRUE,TRUE,TRUE,FALSE,5.1675,5.167500000000001e-4,480,1.0765625000000002e-4,cm2
Plot C,all,Plot C,2,April,2026-04-03,interval_end,0-0__212,Porites porites,TRUE,TRUE,TRUE,FALSE,4.0525,4.0525e-4,480,8.442708333333333e-5,cm2
Plot C,all,Plot C,2,April,2026-04-03,interval_end,0-0__213,Porites porites,TRUE,TRUE,TRUE,FALSE,8.6925,8.692500000000001e-4,480,1.8109375000000002e-4,cm2
Plot C,all,Plot C,2,April,2026-04-03,interval_end,0-0__214,Porites porites,TRUE,TRUE,TRUE,FALSE,2.795,2.795e-4,480,5.8229166666666675e-5,cm2
Plot C,all,Plot C,2,April,2026-04-03,interval_end,0-0__215,Porites porites,TRUE,TRUE,TRUE,FALSE,7.6025,7.6025e-4,480,1.5838541666666665e-4,cm2
Plot C,all,Plot C,2,April,2026-04-03,interval_end,0-0__216,Porites porites,TRUE,TRUE,TRUE,FALSE,5.385,5.385e-4,480,1.1218750000000001e-4,cm2
Plot C,all,Plot C,2,April,2026-04-03,interval_end,0-0__217,Porites porites,TRUE,TRUE,TRUE,FALSE,7.1875,7.1875e-4,480,1.4973958333333332e-4,cm2
Plot C,all,Plot C,2,April,2026-04-03,interval_end,0-0__218,Porites porites,TRUE,TRUE,TRUE,FALSE,4.8875,4.8875e-4,480,1.0182291666666667e-4,cm2
Plot C,all,Plot C,2,April,2026-04-03,interval_end,0-0__219,Porites porites,TRUE,TRUE,TRUE,FALSE,4.54,4.54e-4,480,9.458333333333332e-5,cm2
Plot C,all,Plot C,2,April,2026-04-03,interval_end,0-0__22,Orbicella annularis,TRUE,TRUE,TRUE,FALSE,19.7725,0.0019772500000000003,480,4.119270833333334e-4,cm2
Plot C,all,Plot C,2,April,2026-04-03,interval_end,0-0__220,Porites porites,TRUE,TRUE,TRUE,FALSE,5.34,5.34e-4,480,1.1125e-4,cm2
Plot C,all,Plot C,2,April,2026-04-03,interval_end,0-0__221,Porites porites,TRUE,TRUE,TRUE,FALSE,5.1825,5.1825e-4,480,1.0796875e-4,cm2
Plot C,all,Plot C,2,April,2026-04-03,interval_end,0-0__222,Porites porites,TRUE,TRUE,TRUE,FALSE,1.145,1.145e-4,480,2.3854166666666666e-5,cm2
Plot C,all,Plot C,2,April,2026-04-03,interval_end,0-0__223,Porites porites,TRUE,TRUE,TRUE,FALSE,4.8225,4.8225e-4,480,1.0046875e-4,cm2
Plot C,all,Plot C,2,April,2026-04-03,interval_end,0-0__224,Porites porites,TRUE,TRUE,TRUE,FALSE,6.9775,6.9775e-4,480,1.4536458333333334e-4,cm2
Plot C,all,Plot C,2,April,2026-04-03,interval_end,0-0__225,Porites porites,TRUE,TRUE,TRUE,FALSE,4.1975,4.1975e-4,480,8.744791666666666e-5,cm2
Plot C,all,Plot C,2,April,2026-04-03,interval_end,0-0__226,Porites porites,TRUE,TRUE,TRUE,FALSE,4.205,4.2050000000000003e-4,480,8.760416666666667e-5,cm2
Plot C,all,Plot C,2,April,2026-04-03,interval_end,0-0__227,Porites porites,TRUE,TRUE,TRUE,FALSE,5.89,5.89e-4,480,1.2270833333333334e-4,cm2
Plot C,all,Plot C,2,April,2026-04-03,interval_end,0-0__228,Porites porites,TRUE,TRUE,TRUE,FALSE,1.415,1.415e-4,480,2.9479166666666664e-5,cm2
Plot C,all,Plot C,2,April,2026-04-03,interval_end,0-0__229,Porites porites,TRUE,TRUE,TRUE,FALSE,1.1575,1.1575e-4,480,2.4114583333333334e-5,cm2
Plot C,all,Plot C,2,April,2026-04-03,interval_end,0-0__23,Montastraea cavernosa,TRUE,TRUE,TRUE,FALSE,2.855,2.855e-4,480,5.9479166666666665e-5,cm2
Plot C,all,Plot C,2,April,2026-04-03,interval_end,0-0__230,Porites porites,TRUE,TRUE,TRUE,FALSE,2.98,2.98e-4,480,6.208333333333333e-5,cm2
Plot C,all,Plot C,2,April,2026-04-03,interval_end,0-0__231,Porites porites,TRUE,TRUE,TRUE,FALSE,1.6125,1.6125000000000002e-4,480,3.359375e-5,cm2
Plot C,all,Plot C,2,April,2026-04-03,interval_end,0-0__232,Porites porites,TRUE,TRUE,TRUE,FALSE,4.13,4.13e-4,480,8.604166666666668e-5,cm2
Plot C,all,Plot C,2,April,2026-04-03,interval_end,0-0__233,Porites porites,TRUE,TRUE,TRUE,FALSE,2.4525,2.4525e-4,480,5.1093750000000005e-5,cm2
Plot C,all,Plot C,2,April,2026-04-03,interval_end,0-0__234,Porites porites,TRUE,TRUE,TRUE,FALSE,5.3625,5.362499999999999e-4,480,1.1171874999999999e-4,cm2
Plot C,all,Plot C,2,April,2026-04-03,interval_end,0-0__235,Porites porites,TRUE,TRUE,TRUE,FALSE,3.8325,3.8325e-4,480,7.984375000000001e-5,cm2
Plot C,all,Plot C,2,April,2026-04-03,interval_end,0-0__236,Porites porites,TRUE,TRUE,TRUE,FALSE,43.75,0.004375,480,9.114583333333335e-4,cm2
Plot C,all,Plot C,2,April,2026-04-03,interval_end,0-0__237,Orbicella faveolata,TRUE,TRUE,TRUE,FALSE,19.115000000000002,0.0019115,480,3.9822916666666663e-4,cm2
Plot C,all,Plot C,2,April,2026-04-03,interval_end,0-0__238,Orbicella faveolata,TRUE,TRUE,TRUE,FALSE,46.4,0.00464,480,9.666666666666667e-4,cm2
Plot C,all,Plot C,2,April,2026-04-03,interval_end,0-0__239,Orbicella faveolata,TRUE,TRUE,TRUE,FALSE,13.5475,0.00135475,480,2.8223958333333334e-4,cm2
Plot C,all,Plot C,2,April,2026-04-03,interval_end,0-0__24,Montastraea cavernosa,TRUE,TRUE,TRUE,FALSE,4.4675,4.4675000000000004e-4,480,9.307291666666668e-5,cm2
Plot C,all,Plot C,2,April,2026-04-03,interval_end,0-0__240,Orbicella faveolata,TRUE,TRUE,TRUE,FALSE,6.555,6.554999999999999e-4,480,1.365625e-4,cm2
Plot C,all,Plot C,2,April,2026-04-03,interval_end,0-0__241,Orbicella faveolata,TRUE,TRUE,TRUE,FALSE,7.79,7.79e-4,480,1.6229166666666665e-4,cm2
Plot C,all,Plot C,2,April,2026-04-03,interval_end,0-0__242,Orbicella faveolata,TRUE,TRUE,TRUE,FALSE,16.7925,0.0016792500000000002,480,3.4984375000000006e-4,cm2
Plot C,all,Plot C,2,April,2026-04-03,interval_end,0-0__243,Orbicella faveolata,TRUE,TRUE,TRUE,FALSE,5.2725,5.2725e-4,480,1.0984375000000001e-4,cm2
Plot C,all,Plot C,2,April,2026-04-03,interval_end,0-0__244,Orbicella faveolata,TRUE,TRUE,TRUE,FALSE,18.11,0.001811,480,3.772916666666666e-4,cm2
Plot C,all,Plot C,2,April,2026-04-03,interval_end,0-0__245,Porites porites,TRUE,TRUE,TRUE,FALSE,30.84,0.003084,480,6.425000000000001e-4,cm2
Plot C,all,Plot C,2,April,2026-04-03,interval_end,0-0__246,Orbicella faveolata,TRUE,TRUE,TRUE,FALSE,7.87,7.87e-4,480,1.6395833333333334e-4,cm2
Plot C,all,Plot C,2,April,2026-04-03,interval_end,0-0__247,Orbicella faveolata,TRUE,TRUE,TRUE,FALSE,7.41,7.41e-4,480,1.54375e-4,cm2
Plot C,all,Plot C,2,April,2026-04-03,interval_end,0-0__248,Orbicella faveolata,TRUE,TRUE,TRUE,FALSE,20.6725,0.00206725,480,4.3067708333333337e-4,cm2
Plot C,all,Plot C,2,April,2026-04-03,interval_end,0-0__249,Orbicella faveolata,TRUE,TRUE,TRUE,FALSE,18.255,0.0018254999999999999,480,3.8031249999999995e-4,cm2
Plot C,all,Plot C,2,April,2026-04-03,interval_end,0-0__25,Montastraea cavernosa,TRUE,TRUE,TRUE,FALSE,3.39,3.39e-4,480,7.0625e-5,cm2
Plot C,all,Plot C,2,April,2026-04-03,interval_end,0-0__250,Porites porites,TRUE,TRUE,TRUE,FALSE,8.5625,8.5625e-4,480,1.7838541666666667e-4,cm2
Plot C,all,Plot C,2,April,2026-04-03,interval_end,0-0__251,Orbicella faveolata,TRUE,TRUE,TRUE,FALSE,8.325,8.324999999999999e-4,480,1.7343749999999998e-4,cm2
Plot C,all,Plot C,2,April,2026-04-03,interval_end,0-0__252,Porites porites,TRUE,TRUE,TRUE,FALSE,8.085,8.085000000000001e-4,480,1.6843750000000002e-4,cm2
Plot C,all,Plot C,2,April,2026-04-03,interval_end,0-0__253,Porites porites,TRUE,TRUE,TRUE,FALSE,4.3575,4.3575e-4,480,9.078125e-5,cm2
Plot C,all,Plot C,2,April,2026-04-03,interval_end,0-0__254,Porites porites,TRUE,TRUE,TRUE,FALSE,6.1875,6.1875e-4,480,1.2890625e-4,cm2
Plot C,all,Plot C,2,April,2026-04-03,interval_end,0-0__255,Porites porites,TRUE,TRUE,TRUE,FALSE,6.165,6.165e-4,480,1.284375e-4,cm2
Plot C,all,Plot C,2,April,2026-04-03,interval_end,0-0__256,Porites porites,TRUE,TRUE,TRUE,FALSE,7.645,7.645e-4,480,1.5927083333333334e-4,cm2
Plot C,all,Plot C,2,April,2026-04-03,interval_end,0-0__257,Porites porites,TRUE,TRUE,TRUE,FALSE,5.11,5.110000000000001e-4,480,1.0645833333333335e-4,cm2
Plot C,all,Plot C,2,April,2026-04-03,interval_end,0-0__258,Porites porites,TRUE,TRUE,TRUE,FALSE,1.3775,1.3775e-4,480,2.8697916666666665e-5,cm2
Plot C,all,Plot C,2,April,2026-04-03,interval_end,0-0__259,Porites porites,TRUE,TRUE,TRUE,FALSE,2.325,2.325e-4,480,4.84375e-5,cm2
Plot C,all,Plot C,2,April,2026-04-03,interval_end,0-0__26,Montastraea cavernosa,TRUE,TRUE,TRUE,FALSE,4.915,4.915e-4,480,1.0239583333333333e-4,cm2
Plot C,all,Plot C,2,April,2026-04-03,interval_end,0-0__260,Porites porites,TRUE,TRUE,TRUE,FALSE,4.545,4.545e-4,480,9.468749999999999e-5,cm2
Plot C,all,Plot C,2,April,2026-04-03,interval_end,0-0__261,Porites porites,TRUE,TRUE,TRUE,FALSE,1.005,1.0049999999999999e-4,480,2.0937499999999997e-5,cm2
Plot C,all,Plot C,2,April,2026-04-03,interval_end,0-0__262,Porites porites,TRUE,TRUE,TRUE,FALSE,6.6,6.6e-4,480,1.375e-4,cm2
Plot C,all,Plot C,2,April,2026-04-03,interval_end,0-0__263,Porites porites,TRUE,TRUE,TRUE,FALSE,6.7325,6.7325e-4,480,1.4026041666666665e-4,cm2
Plot C,all,Plot C,2,April,2026-04-03,interval_end,0-0__264,Porites porites,TRUE,TRUE,TRUE,FALSE,2.9125,2.9125e-4,480,6.067708333333334e-5,cm2
Plot C,all,Plot C,2,April,2026-04-03,interval_end,0-0__265,Porites porites,TRUE,TRUE,TRUE,FALSE,4.68,4.68e-4,480,9.75e-5,cm2
Plot C,all,Plot C,2,April,2026-04-03,interval_end,0-0__266,Porites porites,TRUE,TRUE,TRUE,FALSE,5.23,5.23e-4,480,1.0895833333333333e-4,cm2
Plot C,all,Plot C,2,April,2026-04-03,interval_end,0-0__267,Porites porites,TRUE,TRUE,TRUE,FALSE,3.44,3.44e-4,480,7.166666666666667e-5,cm2
Plot C,all,Plot C,2,April,2026-04-03,interval_end,0-0__268,Porites porites,TRUE,TRUE,TRUE,FALSE,5.3725,5.3725e-4,480,1.1192708333333332e-4,cm2
Plot C,all,Plot C,2,April,2026-04-03,interval_end,0-0__269,Porites porites,TRUE,TRUE,TRUE,FALSE,3.3375,3.3375e-4,480,6.953125e-5,cm2
Plot C,all,Plot C,2,April,2026-04-03,interval_end,0-0__27,Montastraea cavernosa,TRUE,TRUE,TRUE,FALSE,3.6375,3.6375000000000003e-4,480,7.578125000000002e-5,cm2
Plot C,all,Plot C,2,April,2026-04-03,interval_end,0-0__270,Porites porites,TRUE,TRUE,TRUE,FALSE,1.715,1.715e-4,480,3.572916666666666e-5,cm2
Plot C,all,Plot C,2,April,2026-04-03,interval_end,0-0__271,Porites porites,TRUE,TRUE,TRUE,FALSE,7.8625,7.8625e-4,480,1.6380208333333335e-4,cm2
Plot C,all,Plot C,2,April,2026-04-03,interval_end,0-0__272,Porites porites,TRUE,TRUE,TRUE,FALSE,8.97,8.97e-4,480,1.86875e-4,cm2
Plot C,all,Plot C,2,April,2026-04-03,interval_end,0-0__273,Porites porites,TRUE,TRUE,TRUE,FALSE,3.7575,3.7575e-4,480,7.828125e-5,cm2
Plot C,all,Plot C,2,April,2026-04-03,interval_end,0-0__274,Porites porites,TRUE,TRUE,TRUE,FALSE,10.86,0.001086,480,2.2624999999999997e-4,cm2
Plot C,all,Plot C,2,April,2026-04-03,interval_end,0-0__275,Porites porites,TRUE,TRUE,TRUE,FALSE,8.4625,8.4625e-4,480,1.7630208333333335e-4,cm2
Plot C,all,Plot C,2,April,2026-04-03,interval_end,0-0__276,Porites porites,TRUE,TRUE,TRUE,FALSE,7.5175,7.5175e-4,480,1.5661458333333334e-4,cm2
Plot C,all,Plot C,2,April,2026-04-03,interval_end,0-0__277,Porites porites,TRUE,TRUE,TRUE,FALSE,4.2675,4.2675e-4,480,8.890625e-5,cm2
Plot C,all,Plot C,2,April,2026-04-03,interval_end,0-0__278,Orbicella franksi,TRUE,TRUE,TRUE,FALSE,12.5,0.0012499999999999998,480,2.6041666666666666e-4,cm2
Plot C,all,Plot C,2,April,2026-04-03,interval_end,0-0__279,Orbicella franksi,TRUE,TRUE,TRUE,FALSE,5.9275,5.927500000000001e-4,480,1.2348958333333336e-4,cm2
Plot C,all,Plot C,2,April,2026-04-03,interval_end,0-0__28,Montastraea cavernosa,TRUE,TRUE,TRUE,FALSE,4.115,4.1150000000000003e-4,480,8.572916666666668e-5,cm2
Plot C,all,Plot C,2,April,2026-04-03,interval_end,0-0__280,Orbicella franksi,TRUE,TRUE,TRUE,FALSE,4.3,4.3e-4,480,8.958333333333332e-5,cm2
Plot C,all,Plot C,2,April,2026-04-03,interval_end,0-0__281,Orbicella franksi,TRUE,TRUE,TRUE,FALSE,5.02,5.02e-4,480,1.0458333333333332e-4,cm2
Plot C,all,Plot C,2,April,2026-04-03,interval_end,0-0__283,Orbicella franksi,TRUE,TRUE,TRUE,FALSE,3.4475,3.4475e-4,480,7.182291666666666e-5,cm2
Plot C,all,Plot C,2,April,2026-04-03,interval_end,0-0__284,Orbicella franksi,TRUE,TRUE,TRUE,FALSE,3.91,3.91e-4,480,8.145833333333334e-5,cm2
Plot C,all,Plot C,2,April,2026-04-03,interval_end,0-0__285,Orbicella franksi,TRUE,TRUE,TRUE,FALSE,2.4075,2.4075000000000002e-4,480,5.015625e-5,cm2
Plot C,all,Plot C,2,April,2026-04-03,interval_end,0-0__286,Orbicella franksi,TRUE,TRUE,TRUE,FALSE,3.6575,3.6575e-4,480,7.619791666666667e-5,cm2
Plot C,all,Plot C,2,April,2026-04-03,interval_end,0-0__287,Orbicella franksi,TRUE,TRUE,TRUE,FALSE,3.565,3.565e-4,480,7.427083333333333e-5,cm2
Plot C,all,Plot C,2,April,2026-04-03,interval_end,0-0__288,Orbicella franksi,TRUE,TRUE,TRUE,FALSE,2.915,2.915e-4,480,6.072916666666666e-5,cm2
Plot C,all,Plot C,2,April,2026-04-03,interval_end,0-0__289,Orbicella franksi,TRUE,TRUE,TRUE,FALSE,4.7675,4.7675e-4,480,9.932291666666667e-5,cm2
Plot C,all,Plot C,2,April,2026-04-03,interval_end,0-0__29,Montastraea cavernosa,TRUE,TRUE,TRUE,FALSE,3.51,3.5099999999999997e-4,480,7.3125e-5,cm2
Plot C,all,Plot C,2,April,2026-04-03,interval_end,0-0__290,Orbicella franksi,TRUE,TRUE,TRUE,FALSE,4.315,4.315e-4,480,8.989583333333333e-5,cm2
Plot C,all,Plot C,2,April,2026-04-03,interval_end,0-0__291,Orbicella franksi,TRUE,TRUE,TRUE,FALSE,3.495,3.495e-4,480,7.281249999999999e-5,cm2
Plot C,all,Plot C,2,April,2026-04-03,interval_end,0-0__292,Orbicella faveolata,TRUE,TRUE,TRUE,FALSE,35.6825,0.0035682500000000002,480,7.433854166666667e-4,cm2
Plot C,all,Plot C,2,April,2026-04-03,interval_end,0-0__293,Orbicella faveolata,TRUE,TRUE,TRUE,FALSE,32.2725,0.00322725,480,6.7234375e-4,cm2
Plot C,all,Plot C,2,April,2026-04-03,interval_end,0-0__294,Orbicella faveolata,TRUE,TRUE,TRUE,FALSE,25.285000000000004,0.0025285,480,5.267708333333334e-4,cm2
Plot C,all,Plot C,2,April,2026-04-03,interval_end,0-0__295,Orbicella faveolata,TRUE,TRUE,TRUE,FALSE,9.96,9.960000000000001e-4,480,2.0750000000000003e-4,cm2
Plot C,all,Plot C,2,April,2026-04-03,interval_end,0-0__296,Orbicella faveolata,TRUE,TRUE,TRUE,FALSE,8.475,8.475e-4,480,1.765625e-4,cm2
Plot C,all,Plot C,2,April,2026-04-03,interval_end,0-0__297,Orbicella faveolata,TRUE,TRUE,TRUE,FALSE,14.0825,0.00140825,480,2.933854166666667e-4,cm2
Plot C,all,Plot C,2,April,2026-04-03,interval_end,0-0__298,Orbicella faveolata,TRUE,TRUE,TRUE,FALSE,50.7675,0.0050767500000000005,480,0.0010576562500000002,cm2
Plot C,all,Plot C,2,April,2026-04-03,interval_end,0-0__299,Orbicella faveolata,TRUE,TRUE,TRUE,FALSE,9.59,9.59e-4,480,1.9979166666666667e-4,cm2
Plot C,all,Plot C,2,April,2026-04-03,interval_end,0-0__3,Montastraea cavernosa,TRUE,TRUE,TRUE,FALSE,4.05,4.05e-4,480,8.437499999999999e-5,cm2
Plot C,all,Plot C,2,April,2026-04-03,interval_end,0-0__30,Montastraea cavernosa,TRUE,TRUE,TRUE,FALSE,3.7275,3.7275e-4,480,7.765625e-5,cm2
Plot C,all,Plot C,2,April,2026-04-03,interval_end,0-0__300,Orbicella faveolata,TRUE,TRUE,TRUE,FALSE,7.6025,7.6025e-4,480,1.5838541666666665e-4,cm2
Plot C,all,Plot C,2,April,2026-04-03,interval_end,0-0__301,Orbicella faveolata,TRUE,TRUE,TRUE,FALSE,7.235,7.235000000000001e-4,480,1.507291666666667e-4,cm2
Plot C,all,Plot C,2,April,2026-04-03,interval_end,0-0__302,Orbicella faveolata,TRUE,TRUE,TRUE,FALSE,7.5275,7.5275e-4,480,1.5682291666666666e-4,cm2
Plot C,all,Plot C,2,April,2026-04-03,interval_end,0-0__303,Orbicella faveolata,TRUE,TRUE,TRUE,FALSE,8.8475,8.8475e-4,480,1.8432291666666667e-4,cm2
Plot C,all,Plot C,2,April,2026-04-03,interval_end,0-0__31,Montastraea cavernosa,TRUE,TRUE,TRUE,FALSE,3.575,3.575e-4,480,7.447916666666668e-5,cm2
Plot C,all,Plot C,2,April,2026-04-03,interval_end,0-0__32,Montastraea cavernosa,TRUE,TRUE,TRUE,FALSE,5.1075,5.1075e-4,480,1.0640625e-4,cm2
Plot C,all,Plot C,2,April,2026-04-03,interval_end,0-0__33,Montastraea cavernosa,TRUE,TRUE,TRUE,FALSE,5.3725,5.3725e-4,480,1.1192708333333332e-4,cm2
Plot C,all,Plot C,2,April,2026-04-03,interval_end,0-0__34,Montastraea cavernosa,TRUE,TRUE,TRUE,FALSE,5.35,5.35e-4,480,1.1145833333333334e-4,cm2
Plot C,all,Plot C,2,April,2026-04-03,interval_end,0-0__35,Montastraea cavernosa,TRUE,TRUE,TRUE,FALSE,3.6375,3.6375000000000003e-4,480,7.578125000000002e-5,cm2
Plot C,all,Plot C,2,April,2026-04-03,interval_end,0-0__36,Montastraea cavernosa,TRUE,TRUE,TRUE,FALSE,3.75,3.75e-4,480,7.8125e-5,cm2
Plot C,all,Plot C,2,April,2026-04-03,interval_end,0-0__37,Montastraea cavernosa,TRUE,TRUE,TRUE,FALSE,5.19,5.19e-4,480,1.08125e-4,cm2
Plot C,all,Plot C,2,April,2026-04-03,interval_end,0-0__38,Montastraea cavernosa,TRUE,TRUE,TRUE,FALSE,4.72,4.72e-4,480,9.833333333333333e-5,cm2
Plot C,all,Plot C,2,April,2026-04-03,interval_end,0-0__39,Montastraea cavernosa,TRUE,TRUE,TRUE,FALSE,6.805,6.805e-4,480,1.4177083333333332e-4,cm2
Plot C,all,Plot C,2,April,2026-04-03,interval_end,0-0__4,Montastraea cavernosa,TRUE,TRUE,TRUE,FALSE,4.97,4.969999999999999e-4,480,1.0354166666666666e-4,cm2
Plot C,all,Plot C,2,April,2026-04-03,interval_end,0-0__40,Montastraea cavernosa,TRUE,TRUE,TRUE,FALSE,5.0625,5.0625e-4,480,1.0546875e-4,cm2
Plot C,all,Plot C,2,April,2026-04-03,interval_end,0-0__41,Montastraea cavernosa,TRUE,TRUE,TRUE,FALSE,4.6,4.5999999999999996e-4,480,9.583333333333334e-5,cm2
Plot C,all,Plot C,2,April,2026-04-03,interval_end,0-0__42,Montastraea cavernosa,TRUE,TRUE,TRUE,FALSE,4.0575,4.0575e-4,480,8.453125e-5,cm2
Plot C,all,Plot C,2,April,2026-04-03,interval_end,0-0__43,Montastraea cavernosa,TRUE,TRUE,TRUE,FALSE,4.635,4.635e-4,480,9.656250000000001e-5,cm2
Plot C,all,Plot C,2,April,2026-04-03,interval_end,0-0__44,Orbicella annularis,TRUE,TRUE,TRUE,FALSE,16.1225,0.00161225,480,3.358854166666667e-4,cm2
Plot C,all,Plot C,2,April,2026-04-03,interval_end,0-0__45,Montastraea cavernosa,TRUE,TRUE,TRUE,FALSE,3.69,3.6899999999999997e-4,480,7.687499999999998e-5,cm2
Plot C,all,Plot C,2,April,2026-04-03,interval_end,0-0__46,Montastraea cavernosa,TRUE,TRUE,TRUE,FALSE,3.0275,3.0274999999999996e-4,480,6.307291666666665e-5,cm2
Plot C,all,Plot C,2,April,2026-04-03,interval_end,0-0__47,Montastraea cavernosa,TRUE,TRUE,TRUE,FALSE,3.6275,3.6275e-4,480,7.557291666666667e-5,cm2
Plot C,all,Plot C,2,April,2026-04-03,interval_end,0-0__48,Montastraea cavernosa,TRUE,TRUE,TRUE,FALSE,3.445,3.4449999999999997e-4,480,7.177083333333333e-5,cm2
Plot C,all,Plot C,2,April,2026-04-03,interval_end,0-0__49,Montastraea cavernosa,TRUE,TRUE,TRUE,FALSE,4.0425,4.0425000000000004e-4,480,8.421875000000001e-5,cm2
Plot C,all,Plot C,2,April,2026-04-03,interval_end,0-0__5,Montastraea cavernosa,TRUE,TRUE,TRUE,FALSE,4.4675,4.4675000000000004e-4,480,9.307291666666668e-5,cm2
Plot C,all,Plot C,2,April,2026-04-03,interval_end,0-0__50,Montastraea cavernosa,TRUE,TRUE,TRUE,FALSE,4.3475,4.3475e-4,480,9.057291666666667e-5,cm2
Plot C,all,Plot C,2,April,2026-04-03,interval_end,0-0__51,Montastraea cavernosa,TRUE,TRUE,TRUE,FALSE,4.5325,4.5325e-4,480,9.442708333333333e-5,cm2
Plot C,all,Plot C,2,April,2026-04-03,interval_end,0-0__52,Montastraea cavernosa,TRUE,TRUE,TRUE,FALSE,3.835,3.835e-4,480,7.989583333333334e-5,cm2
Plot C,all,Plot C,2,April,2026-04-03,interval_end,0-0__53,Montastraea cavernosa,TRUE,TRUE,TRUE,FALSE,4.315,4.315e-4,480,8.989583333333333e-5,cm2
Plot C,all,Plot C,2,April,2026-04-03,interval_end,0-0__54,Montastraea cavernosa,TRUE,TRUE,TRUE,FALSE,3.6875,3.6875e-4,480,7.682291666666666e-5,cm2
Plot C,all,Plot C,2,April,2026-04-03,interval_end,0-0__55,Montastraea cavernosa,TRUE,TRUE,TRUE,FALSE,5.34,5.34e-4,480,1.1125e-4,cm2
Plot C,all,Plot C,2,April,2026-04-03,interval_end,0-0__56,Montastraea cavernosa,TRUE,TRUE,TRUE,FALSE,4.165,4.165e-4,480,8.677083333333333e-5,cm2
Plot C,all,Plot C,2,April,2026-04-03,interval_end,0-0__57,Montastraea cavernosa,TRUE,TRUE,TRUE,FALSE,2.5525,2.5525e-4,480,5.317708333333333e-5,cm2
Plot C,all,Plot C,2,April,2026-04-03,interval_end,0-0__59,Montastraea cavernosa,TRUE,TRUE,TRUE,FALSE,5.12,5.12e-4,480,1.0666666666666665e-4,cm2
Plot C,all,Plot C,2,April,2026-04-03,interval_end,0-0__6,Montastraea cavernosa,TRUE,TRUE,TRUE,FALSE,4.685,4.6849999999999995e-4,480,9.760416666666666e-5,cm2
Plot C,all,Plot C,2,April,2026-04-03,interval_end,0-0__60,Montastraea cavernosa,TRUE,TRUE,TRUE,FALSE,4,4e-4,480,8.333333333333333e-5,cm2
Plot C,all,Plot C,2,April,2026-04-03,interval_end,0-0__61,Montastraea cavernosa,TRUE,TRUE,TRUE,FALSE,4.035,4.035e-4,480,8.406249999999999e-5,cm2
Plot C,all,Plot C,2,April,2026-04-03,interval_end,0-0__62,Montastraea cavernosa,TRUE,TRUE,TRUE,FALSE,3.685,3.685e-4,480,7.677083333333334e-5,cm2
Plot C,all,Plot C,2,April,2026-04-03,interval_end,0-0__63,Montastraea cavernosa,TRUE,TRUE,TRUE,FALSE,4.02,4.0199999999999996e-4,480,8.374999999999999e-5,cm2
Plot C,all,Plot C,2,April,2026-04-03,interval_end,0-0__64,Montastraea cavernosa,TRUE,TRUE,TRUE,FALSE,4.105,4.1050000000000006e-4,480,8.552083333333334e-5,cm2
Plot C,all,Plot C,2,April,2026-04-03,interval_end,0-0__65,Montastraea cavernosa,TRUE,TRUE,TRUE,FALSE,2.75,2.75e-4,480,5.7291666666666666e-5,cm2
Plot C,all,Plot C,2,April,2026-04-03,interval_end,0-0__66,Porites porites,TRUE,TRUE,TRUE,FALSE,13.4825,0.00134825,480,2.8088541666666664e-4,cm2
Plot C,all,Plot C,2,April,2026-04-03,interval_end,0-0__67,Porites porites,TRUE,TRUE,TRUE,FALSE,9.715,9.715e-4,480,2.0239583333333334e-4,cm2
Plot C,all,Plot C,2,April,2026-04-03,interval_end,0-0__68,Montastraea cavernosa,TRUE,TRUE,TRUE,FALSE,3.0625,3.0625e-4,480,6.380208333333333e-5,cm2
Plot C,all,Plot C,2,April,2026-04-03,interval_end,0-0__69,Montastraea cavernosa,TRUE,TRUE,TRUE,FALSE,3.775,3.775e-4,480,7.864583333333333e-5,cm2
Plot C,all,Plot C,2,April,2026-04-03,interval_end,0-0__7,Montastraea cavernosa,TRUE,TRUE,TRUE,FALSE,4.195,4.195e-4,480,8.739583333333334e-5,cm2
Plot C,all,Plot C,2,April,2026-04-03,interval_end,0-0__70,Montastraea cavernosa,TRUE,TRUE,TRUE,FALSE,3.55,3.5499999999999996e-4,480,7.395833333333333e-5,cm2
Plot C,all,Plot C,2,April,2026-04-03,interval_end,0-0__71,Montastraea cavernosa,TRUE,TRUE,TRUE,FALSE,5.64,5.639999999999999e-4,480,1.1749999999999998e-4,cm2
Plot C,all,Plot C,2,April,2026-04-03,interval_end,0-0__72,Montastraea cavernosa,TRUE,TRUE,TRUE,FALSE,4.52,4.52e-4,480,9.416666666666666e-5,cm2
Plot C,all,Plot C,2,April,2026-04-03,interval_end,0-0__73,Montastraea cavernosa,TRUE,TRUE,TRUE,FALSE,6.2725,6.2725e-4,480,1.3067708333333334e-4,cm2
Plot C,all,Plot C,2,April,2026-04-03,interval_end,0-0__74,Montastraea cavernosa,TRUE,TRUE,TRUE,FALSE,4.06,4.0599999999999995e-4,480,8.458333333333333e-5,cm2
Plot C,all,Plot C,2,April,2026-04-03,interval_end,0-0__75,Montastraea cavernosa,TRUE,TRUE,TRUE,FALSE,4.54,4.54e-4,480,9.458333333333332e-5,cm2
Plot C,all,Plot C,2,April,2026-04-03,interval_end,0-0__76,Montastraea cavernosa,TRUE,TRUE,TRUE,FALSE,5.27,5.269999999999999e-4,480,1.0979166666666665e-4,cm2
Plot C,all,Plot C,2,April,2026-04-03,interval_end,0-0__77,Montastraea cavernosa,TRUE,TRUE,TRUE,FALSE,4.11,4.11e-4,480,8.562500000000001e-5,cm2
Plot C,all,Plot C,2,April,2026-04-03,interval_end,0-0__78,Montastraea cavernosa,TRUE,TRUE,TRUE,FALSE,5.6625,5.662499999999999e-4,480,1.1796874999999999e-4,cm2
Plot C,all,Plot C,2,April,2026-04-03,interval_end,0-0__79,Montastraea cavernosa,TRUE,TRUE,TRUE,FALSE,7.955,7.955e-4,480,1.6572916666666665e-4,cm2
Plot C,all,Plot C,2,April,2026-04-03,interval_end,0-0__8,Montastraea cavernosa,TRUE,TRUE,TRUE,FALSE,4.35,4.3499999999999995e-4,480,9.0625e-5,cm2
Plot C,all,Plot C,2,April,2026-04-03,interval_end,0-0__80,Montastraea cavernosa,TRUE,TRUE,TRUE,FALSE,3.6125,3.6124999999999997e-4,480,7.526041666666666e-5,cm2
Plot C,all,Plot C,2,April,2026-04-03,interval_end,0-0__81,Montastraea cavernosa,TRUE,TRUE,TRUE,FALSE,5.9475,5.9475e-4,480,1.2390625e-4,cm2
Plot C,all,Plot C,2,April,2026-04-03,interval_end,0-0__82,Montastraea cavernosa,TRUE,TRUE,TRUE,FALSE,2.9475,2.9475e-4,480,6.140624999999999e-5,cm2
Plot C,all,Plot C,2,April,2026-04-03,interval_end,0-0__83,Montastraea cavernosa,TRUE,TRUE,TRUE,FALSE,5.685,5.685e-4,480,1.184375e-4,cm2
Plot C,all,Plot C,2,April,2026-04-03,interval_end,0-0__84,Montastraea cavernosa,TRUE,TRUE,TRUE,FALSE,4.6475,4.6475e-4,480,9.682291666666667e-5,cm2
Plot C,all,Plot C,2,April,2026-04-03,interval_end,0-0__85,Montastraea cavernosa,TRUE,TRUE,TRUE,FALSE,6.3325,6.332499999999999e-4,480,1.3192708333333332e-4,cm2
Plot C,all,Plot C,2,April,2026-04-03,interval_end,0-0__86,Montastraea cavernosa,TRUE,TRUE,TRUE,FALSE,6.3225,6.3225e-4,480,1.3171875e-4,cm2
Plot C,all,Plot C,2,April,2026-04-03,interval_end,0-0__87,Montastraea cavernosa,TRUE,TRUE,TRUE,FALSE,4.12,4.12e-4,480,8.583333333333334e-5,cm2
Plot C,all,Plot C,2,April,2026-04-03,interval_end,0-0__88,Porites porites,TRUE,TRUE,TRUE,FALSE,5.0175,5.0175e-4,480,1.0453125000000001e-4,cm2
Plot C,all,Plot C,2,April,2026-04-03,interval_end,0-0__89,Orbicella annularis,TRUE,TRUE,TRUE,FALSE,17.9675,0.0017967500000000002,480,3.7432291666666674e-4,cm2
Plot C,all,Plot C,2,April,2026-04-03,interval_end,0-0__9,Montastraea cavernosa,TRUE,TRUE,TRUE,FALSE,2.16,2.1600000000000002e-4,480,4.5e-5,cm2
Plot C,all,Plot C,2,April,2026-04-03,interval_end,0-0__90,Porites porites,TRUE,TRUE,TRUE,FALSE,2.4775,2.4775e-4,480,5.161458333333333e-5,cm2
Plot C,all,Plot C,2,April,2026-04-03,interval_end,0-0__91,Porites porites,TRUE,TRUE,TRUE,FALSE,0.4775,4.7749999999999995e-5,480,9.947916666666667e-6,cm2
Plot C,all,Plot C,2,April,2026-04-03,interval_end,0-0__92,Porites porites,TRUE,TRUE,TRUE,FALSE,6.945,6.945e-4,480,1.446875e-4,cm2
Plot C,all,Plot C,2,April,2026-04-03,interval_end,0-0__93,Porites porites,TRUE,TRUE,TRUE,FALSE,7.4775,7.4775e-4,480,1.5578125000000002e-4,cm2
Plot C,all,Plot C,2,April,2026-04-03,interval_end,0-0__94,Porites porites,TRUE,TRUE,TRUE,FALSE,4.775,4.7750000000000006e-4,480,9.947916666666669e-5,cm2
Plot C,all,Plot C,2,April,2026-04-03,interval_end,0-0__95,Porites porites,TRUE,TRUE,TRUE,FALSE,5.72,5.72e-4,480,1.1916666666666667e-4,cm2
Plot C,all,Plot C,2,April,2026-04-03,interval_end,0-0__96,Porites porites,TRUE,TRUE,TRUE,FALSE,2.225,2.2250000000000001e-4,480,4.635416666666667e-5,cm2
Plot C,all,Plot C,2,April,2026-04-03,interval_end,0-0__97,Porites porites,TRUE,TRUE,TRUE,FALSE,9.89,9.89e-4,480,2.0604166666666668e-4,cm2
Plot C,all,Plot C,2,April,2026-04-03,interval_end,0-0__98,Porites porites,TRUE,TRUE,TRUE,FALSE,0.515,5.15e-5,480,1.0729166666666667e-5,cm2
Plot C,all,Plot C,2,April,2026-04-03,interval_end,0-0__99,Porites porites,TRUE,TRUE,TRUE,FALSE,4.855,4.8550000000000004e-4,480,1.0114583333333334e-4,cm2
Plot C,all,Plot C,2,April,2026-04-03,interval_end,1-0__0,Orbicella annularis,TRUE,TRUE,TRUE,FALSE,24.8925,0.0024892499999999997,480,5.1859375e-4,cm2
Plot C,all,Plot C,2,April,2026-04-03,interval_end,1-0__1,Orbicella annularis,TRUE,TRUE,TRUE,FALSE,0.2875,2.8749999999999997e-5,480,5.9895833333333335e-6,cm2
Plot C,all,Plot C,2,April,2026-04-03,interval_end,1-0__10,Orbicella annularis,TRUE,TRUE,TRUE,FALSE,0.63,6.3e-5,480,1.3125e-5,cm2
Plot C,all,Plot C,2,April,2026-04-03,interval_end,1-0__100,Orbicella franksi,TRUE,TRUE,TRUE,FALSE,4.6175,4.6175e-4,480,9.619791666666667e-5,cm2
Plot C,all,Plot C,2,April,2026-04-03,interval_end,1-0__101,Orbicella franksi,TRUE,TRUE,TRUE,FALSE,8.365,8.365e-4,480,1.7427083333333333e-4,cm2
Plot C,all,Plot C,2,April,2026-04-03,interval_end,1-0__102,Orbicella franksi,TRUE,TRUE,TRUE,FALSE,3.73,3.73e-4,480,7.770833333333333e-5,cm2
Plot C,all,Plot C,2,April,2026-04-03,interval_end,1-0__103,Orbicella franksi,TRUE,TRUE,TRUE,FALSE,7.8725,7.8725e-4,480,1.6401041666666666e-4,cm2
Plot C,all,Plot C,2,April,2026-04-03,interval_end,1-0__104,Montastraea cavernosa,TRUE,TRUE,TRUE,FALSE,6.0375,6.0375e-4,480,1.2578125e-4,cm2
Plot C,all,Plot C,2,April,2026-04-03,interval_end,1-0__105,Orbicella franksi,TRUE,TRUE,TRUE,FALSE,5.2625,5.2625e-4,480,1.0963541666666668e-4,cm2
Plot C,all,Plot C,2,April,2026-04-03,interval_end,1-0__106,Orbicella franksi,TRUE,TRUE,TRUE,FALSE,6.3775,6.377500000000001e-4,480,1.3286458333333336e-4,cm2
Plot C,all,Plot C,2,April,2026-04-03,interval_end,1-0__107,Montastraea cavernosa,TRUE,TRUE,TRUE,FALSE,7.91,7.91e-4,480,1.6479166666666668e-4,cm2
Plot C,all,Plot C,2,April,2026-04-03,interval_end,1-0__108,Montastraea cavernosa,TRUE,TRUE,TRUE,FALSE,4.515,4.5149999999999997e-4,480,9.406249999999999e-5,cm2
Plot C,all,Plot C,2,April,2026-04-03,interval_end,1-0__109,Montastraea cavernosa,TRUE,TRUE,TRUE,FALSE,3.6525,3.6524999999999996e-4,480,7.609374999999999e-5,cm2
Plot C,all,Plot C,2,April,2026-04-03,interval_end,1-0__11,Orbicella annularis,TRUE,TRUE,TRUE,FALSE,0.56,5.6000000000000006e-5,480,1.1666666666666668e-5,cm2
Plot C,all,Plot C,2,April,2026-04-03,interval_end,1-0__110,Orbicella franksi,TRUE,TRUE,TRUE,FALSE,3.295,3.295e-4,480,6.864583333333333e-5,cm2
Plot C,all,Plot C,2,April,2026-04-03,interval_end,1-0__111,Montastraea cavernosa,TRUE,TRUE,TRUE,FALSE,6.7425,6.742499999999999e-4,480,1.4046875e-4,cm2
Plot C,all,Plot C,2,April,2026-04-03,interval_end,1-0__112,Montastraea cavernosa,TRUE,TRUE,TRUE,FALSE,3.485,3.485e-4,480,7.260416666666666e-5,cm2
Plot C,all,Plot C,2,April,2026-04-03,interval_end,1-0__113,Orbicella franksi,TRUE,TRUE,TRUE,FALSE,2.695,2.695e-4,480,5.614583333333333e-5,cm2
Plot C,all,Plot C,2,April,2026-04-03,interval_end,1-0__114,Montastraea cavernosa,TRUE,TRUE,TRUE,FALSE,5.1525,5.1525e-4,480,1.0734374999999999e-4,cm2
Plot C,all,Plot C,2,April,2026-04-03,interval_end,1-0__115,Montastraea cavernosa,TRUE,TRUE,TRUE,FALSE,5.2675,5.2675e-4,480,1.0973958333333334e-4,cm2
Plot C,all,Plot C,2,April,2026-04-03,interval_end,1-0__116,Montastraea cavernosa,TRUE,TRUE,TRUE,FALSE,6.17,6.17e-4,480,1.2854166666666667e-4,cm2
Plot C,all,Plot C,2,April,2026-04-03,interval_end,1-0__117,Montastraea cavernosa,TRUE,TRUE,TRUE,FALSE,5.31,5.31e-4,480,1.10625e-4,cm2
Plot C,all,Plot C,2,April,2026-04-03,interval_end,1-0__118,Montastraea cavernosa,TRUE,TRUE,TRUE,FALSE,6.97,6.97e-4,480,1.4520833333333332e-4,cm2
Plot C,all,Plot C,2,April,2026-04-03,interval_end,1-0__119,Montastraea cavernosa,TRUE,TRUE,TRUE,FALSE,5.89,5.89e-4,480,1.2270833333333334e-4,cm2
Plot C,all,Plot C,2,April,2026-04-03,interval_end,1-0__12,Orbicella annularis,TRUE,TRUE,TRUE,FALSE,0.47,4.7e-5,480,9.791666666666665e-6,cm2
Plot C,all,Plot C,2,April,2026-04-03,interval_end,1-0__120,Orbicella franksi,TRUE,TRUE,TRUE,FALSE,2.9775,2.9775e-4,480,6.203125e-5,cm2
Plot C,all,Plot C,2,April,2026-04-03,interval_end,1-0__121,Orbicella franksi,TRUE,TRUE,TRUE,FALSE,4.1975,4.1975e-4,480,8.744791666666666e-5,cm2
Plot C,all,Plot C,2,April,2026-04-03,interval_end,1-0__122,Montastraea cavernosa,TRUE,TRUE,TRUE,FALSE,5.0925,5.0925e-4,480,1.0609375000000001e-4,cm2
Plot C,all,Plot C,2,April,2026-04-03,interval_end,1-0__123,Montastraea cavernosa,TRUE,TRUE,TRUE,FALSE,5.4225,5.4225e-4,480,1.1296874999999999e-4,cm2
Plot C,all,Plot C,2,April,2026-04-03,interval_end,1-0__124,Montastraea cavernosa,TRUE,TRUE,TRUE,FALSE,6.08,6.08e-4,480,1.266666666666667e-4,cm2
Plot C,all,Plot C,2,April,2026-04-03,interval_end,1-0__125,Montastraea cavernosa,TRUE,TRUE,TRUE,FALSE,5.6275,5.6275e-4,480,1.1723958333333333e-4,cm2
Plot C,all,Plot C,2,April,2026-04-03,interval_end,1-0__126,Montastraea cavernosa,TRUE,TRUE,TRUE,FALSE,5.485,5.485e-4,480,1.1427083333333334e-4,cm2
Plot C,all,Plot C,2,April,2026-04-03,interval_end,1-0__127,Orbicella franksi,TRUE,TRUE,TRUE,FALSE,4.32,4.3200000000000004e-4,480,9e-5,cm2
Plot C,all,Plot C,2,April,2026-04-03,interval_end,1-0__128,Montastraea cavernosa,TRUE,TRUE,TRUE,FALSE,5.85,5.85e-4,480,1.2187500000000001e-4,cm2
Plot C,all,Plot C,2,April,2026-04-03,interval_end,1-0__129,Montastraea cavernosa,TRUE,TRUE,TRUE,FALSE,6.39,6.389999999999999e-4,480,1.33125e-4,cm2
Plot C,all,Plot C,2,April,2026-04-03,interval_end,1-0__13,Orbicella annularis,TRUE,TRUE,TRUE,FALSE,0.88,8.8e-5,480,1.8333333333333333e-5,cm2
Plot C,all,Plot C,2,April,2026-04-03,interval_end,1-0__130,Montastraea cavernosa,TRUE,TRUE,TRUE,FALSE,8.875,8.875e-4,480,1.8489583333333335e-4,cm2
Plot C,all,Plot C,2,April,2026-04-03,interval_end,1-0__131,Montastraea cavernosa,TRUE,TRUE,TRUE,FALSE,4.2925,4.2925000000000005e-4,480,8.942708333333334e-5,cm2
Plot C,all,Plot C,2,April,2026-04-03,interval_end,1-0__132,Montastraea cavernosa,TRUE,TRUE,TRUE,FALSE,6.3225,6.3225e-4,480,1.3171875e-4,cm2
Plot C,all,Plot C,2,April,2026-04-03,interval_end,1-0__133,Montastraea cavernosa,TRUE,TRUE,TRUE,FALSE,9.6,9.599999999999999e-4,480,1.9999999999999998e-4,cm2
Plot C,all,Plot C,2,April,2026-04-03,interval_end,1-0__134,Montastraea cavernosa,TRUE,TRUE,TRUE,FALSE,6.655,6.655000000000001e-4,480,1.3864583333333337e-4,cm2
Plot C,all,Plot C,2,April,2026-04-03,interval_end,1-0__135,Montastraea cavernosa,TRUE,TRUE,TRUE,FALSE,5.0225,5.0225e-4,480,1.0463541666666667e-4,cm2
Plot C,all,Plot C,2,April,2026-04-03,interval_end,1-0__136,Orbicella franksi,TRUE,TRUE,TRUE,FALSE,7.265,7.264999999999999e-4,480,1.5135416666666666e-4,cm2
Plot C,all,Plot C,2,April,2026-04-03,interval_end,1-0__137,Montastraea cavernosa,TRUE,TRUE,TRUE,FALSE,6.735,6.735e-4,480,1.403125e-4,cm2
Plot C,all,Plot C,2,April,2026-04-03,interval_end,1-0__138,Montastraea cavernosa,TRUE,TRUE,TRUE,FALSE,5.0275,5.027499999999999e-4,480,1.0473958333333333e-4,cm2
Plot C,all,Plot C,2,April,2026-04-03,interval_end,1-0__139,Montastraea cavernosa,TRUE,TRUE,TRUE,FALSE,6.6425,6.6425e-4,480,0.00013838541666666668,cm2
Plot C,all,Plot C,2,April,2026-04-03,interval_end,1-0__14,Orbicella annularis,TRUE,TRUE,TRUE,FALSE,0.6275,6.275e-5,480,1.3072916666666665e-5,cm2
Plot C,all,Plot C,2,April,2026-04-03,interval_end,1-0__140,Orbicella franksi,TRUE,TRUE,TRUE,FALSE,5.0725,5.0725e-4,480,1.0567708333333333e-4,cm2
Plot C,all,Plot C,2,April,2026-04-03,interval_end,1-0__141,Montastraea cavernosa,TRUE,TRUE,TRUE,FALSE,5.105,5.105e-4,480,1.0635416666666667e-4,cm2
Plot C,all,Plot C,2,April,2026-04-03,interval_end,1-0__142,Montastraea cavernosa,TRUE,TRUE,TRUE,FALSE,6.61,6.61e-4,480,1.3770833333333335e-4,cm2
Plot C,all,Plot C,2,April,2026-04-03,interval_end,1-0__143,Montastraea cavernosa,TRUE,TRUE,TRUE,FALSE,6.4725,6.4725e-4,480,1.3484375e-4,cm2
Plot C,all,Plot C,2,April,2026-04-03,interval_end,1-0__144,Orbicella franksi,TRUE,TRUE,TRUE,FALSE,4.8375,4.8375e-4,480,1.0078125e-4,cm2
Plot C,all,Plot C,2,April,2026-04-03,interval_end,1-0__145,Montastraea cavernosa,TRUE,TRUE,TRUE,FALSE,6.575,6.575e-4,480,1.3697916666666668e-4,cm2
Plot C,all,Plot C,2,April,2026-04-03,interval_end,1-0__146,Montastraea cavernosa,TRUE,TRUE,TRUE,FALSE,6.045,6.045e-4,480,1.2593750000000002e-4,cm2
Plot C,all,Plot C,2,April,2026-04-03,interval_end,1-0__147,Montastraea cavernosa,TRUE,TRUE,TRUE,FALSE,5.0575,5.0575e-4,480,1.0536458333333334e-4,cm2
Plot C,all,Plot C,2,April,2026-04-03,interval_end,1-0__148,Montastraea cavernosa,TRUE,TRUE,TRUE,FALSE,4.1725,4.1725000000000003e-4,480,8.692708333333335e-5,cm2
Plot C,all,Plot C,2,April,2026-04-03,interval_end,1-0__149,Montastraea cavernosa,TRUE,TRUE,TRUE,FALSE,7.71,7.71e-4,480,1.6062500000000001e-4,cm2
Plot C,all,Plot C,2,April,2026-04-03,interval_end,1-0__15,Orbicella annularis,TRUE,TRUE,TRUE,FALSE,0.765,7.65e-5,480,1.59375e-5,cm2
Plot C,all,Plot C,2,April,2026-04-03,interval_end,1-0__150,Orbicella annularis,TRUE,TRUE,TRUE,FALSE,23.3375,0.00233375,480,4.861979166666667e-4,cm2
Plot C,all,Plot C,2,April,2026-04-03,interval_end,1-0__151,Montastraea cavernosa,TRUE,TRUE,TRUE,FALSE,6.0975,6.0975e-4,480,1.2703125e-4,cm2
Plot C,all,Plot C,2,April,2026-04-03,interval_end,1-0__152,Montastraea cavernosa,TRUE,TRUE,TRUE,FALSE,4.89,4.89e-4,480,1.01875e-4,cm2
Plot C,all,Plot C,2,April,2026-04-03,interval_end,1-0__153,Orbicella franksi,TRUE,TRUE,TRUE,FALSE,8.3625,8.362500000000001e-4,480,1.7421875e-4,cm2
Plot C,all,Plot C,2,April,2026-04-03,interval_end,1-0__154,Montastraea cavernosa,TRUE,TRUE,TRUE,FALSE,6.8725,6.872499999999999e-4,480,1.4317708333333332e-4,cm2
Plot C,all,Plot C,2,April,2026-04-03,interval_end,1-0__155,Orbicella franksi,TRUE,TRUE,TRUE,FALSE,9.025,9.025e-4,480,1.8802083333333333e-4,cm2
Plot C,all,Plot C,2,April,2026-04-03,interval_end,1-0__156,Montastraea cavernosa,TRUE,TRUE,TRUE,FALSE,5.525,5.525e-4,480,1.1510416666666669e-4,cm2
Plot C,all,Plot C,2,April,2026-04-03,interval_end,1-0__157,Montastraea cavernosa,TRUE,TRUE,TRUE,FALSE,6.235,6.235e-4,480,1.2989583333333334e-4,cm2
Plot C,all,Plot C,2,April,2026-04-03,interval_end,1-0__158,Montastraea cavernosa,TRUE,TRUE,TRUE,FALSE,6.78,6.78e-4,480,1.4125e-4,cm2
Plot C,all,Plot C,2,April,2026-04-03,interval_end,1-0__159,Montastraea cavernosa,TRUE,TRUE,TRUE,FALSE,5.5475,5.5475e-4,480,1.1557291666666667e-4,cm2
Plot C,all,Plot C,2,April,2026-04-03,interval_end,1-0__16,Orbicella annularis,TRUE,TRUE,TRUE,FALSE,0.82,8.2e-5,480,1.7083333333333336e-5,cm2
Plot C,all,Plot C,2,April,2026-04-03,interval_end,1-0__160,Montastraea cavernosa,TRUE,TRUE,TRUE,FALSE,6.145,6.144999999999999e-4,480,1.280208333333333e-4,cm2
Plot C,all,Plot C,2,April,2026-04-03,interval_end,1-0__161,Montastraea cavernosa,TRUE,TRUE,TRUE,FALSE,5.9025,5.9025e-4,480,1.2296874999999998e-4,cm2
Plot C,all,Plot C,2,April,2026-04-03,interval_end,1-0__162,Montastraea cavernosa,TRUE,TRUE,TRUE,FALSE,5.97,5.97e-4,480,1.24375e-4,cm2
Plot C,all,Plot C,2,April,2026-04-03,interval_end,1-0__163,Montastraea cavernosa,TRUE,TRUE,TRUE,FALSE,6.0575,6.057500000000001e-4,480,1.2619791666666668e-4,cm2
Plot C,all,Plot C,2,April,2026-04-03,interval_end,1-0__164,Montastraea cavernosa,TRUE,TRUE,TRUE,FALSE,5.8025,5.8025e-4,480,1.2088541666666668e-4,cm2
Plot C,all,Plot C,2,April,2026-04-03,interval_end,1-0__165,Montastraea cavernosa,TRUE,TRUE,TRUE,FALSE,6.2175,6.2175e-4,480,1.2953125e-4,cm2
Plot C,all,Plot C,2,April,2026-04-03,interval_end,1-0__166,Montastraea cavernosa,TRUE,TRUE,TRUE,FALSE,5.9825,5.9825e-4,480,1.2463541666666667e-4,cm2
Plot C,all,Plot C,2,April,2026-04-03,interval_end,1-0__167,Orbicella franksi,TRUE,TRUE,TRUE,FALSE,6.6975,6.6975e-4,480,1.3953124999999998e-4,cm2
Plot C,all,Plot C,2,April,2026-04-03,interval_end,1-0__168,Orbicella franksi,TRUE,TRUE,TRUE,FALSE,1.605,1.605e-4,480,3.34375e-5,cm2
Plot C,all,Plot C,2,April,2026-04-03,interval_end,1-0__169,Orbicella franksi,TRUE,TRUE,TRUE,FALSE,4.2175,4.2175000000000003e-4,480,8.786458333333334e-5,cm2
Plot C,all,Plot C,2,April,2026-04-03,interval_end,1-0__17,Orbicella annularis,TRUE,TRUE,TRUE,FALSE,0.405,4.05e-5,480,8.4375e-6,cm2
Plot C,all,Plot C,2,April,2026-04-03,interval_end,1-0__170,Orbicella franksi,TRUE,TRUE,TRUE,FALSE,4.13,4.13e-4,480,8.604166666666668e-5,cm2
Plot C,all,Plot C,2,April,2026-04-03,interval_end,1-0__171,Orbicella franksi,TRUE,TRUE,TRUE,FALSE,3.1,3.1e-4,480,6.458333333333334e-5,cm2
Plot C,all,Plot C,2,April,2026-04-03,interval_end,1-0__172,Orbicella franksi,TRUE,TRUE,TRUE,FALSE,5.7625,5.7625e-4,480,1.2005208333333334e-4,cm2
Plot C,all,Plot C,2,April,2026-04-03,interval_end,1-0__173,Orbicella franksi,TRUE,TRUE,TRUE,FALSE,8.285,8.285e-4,480,1.726041666666667e-4,cm2
Plot C,all,Plot C,2,April,2026-04-03,interval_end,1-0__174,Orbicella franksi,TRUE,TRUE,TRUE,FALSE,3.07,3.07e-4,480,6.395833333333333e-5,cm2
Plot C,all,Plot C,2,April,2026-04-03,interval_end,1-0__175,Orbicella franksi,TRUE,TRUE,TRUE,FALSE,5.4925,5.492499999999999e-4,480,1.1442708333333332e-4,cm2
Plot C,all,Plot C,2,April,2026-04-03,interval_end,1-0__176,Orbicella franksi,TRUE,TRUE,TRUE,FALSE,8.805,8.805e-4,480,1.834375e-4,cm2
Plot C,all,Plot C,2,April,2026-04-03,interval_end,1-0__177,Orbicella franksi,TRUE,TRUE,TRUE,FALSE,3.655,3.655e-4,480,7.614583333333333e-5,cm2
Plot C,all,Plot C,2,April,2026-04-03,interval_end,1-0__178,Orbicella franksi,TRUE,TRUE,TRUE,FALSE,5.8225,5.8225e-4,480,1.2130208333333333e-4,cm2
Plot C,all,Plot C,2,April,2026-04-03,interval_end,1-0__179,Orbicella franksi,TRUE,TRUE,TRUE,FALSE,2.6125,2.6125e-4,480,5.442708333333333e-5,cm2
Plot C,all,Plot C,2,April,2026-04-03,interval_end,1-0__18,Orbicella annularis,TRUE,TRUE,TRUE,FALSE,0.605,6.05e-5,480,1.2604166666666667e-5,cm2
Plot C,all,Plot C,2,April,2026-04-03,interval_end,1-0__180,Orbicella franksi,TRUE,TRUE,TRUE,FALSE,3.79,3.79e-4,480,7.895833333333335e-5,cm2
Plot C,all,Plot C,2,April,2026-04-03,interval_end,1-0__181,Orbicella franksi,TRUE,TRUE,TRUE,FALSE,5.4425,5.4425e-4,480,1.1338541666666666e-4,cm2
Plot C,all,Plot C,2,April,2026-04-03,interval_end,1-0__182,Orbicella annularis,TRUE,TRUE,TRUE,FALSE,30.26,0.003026,480,6.304166666666666e-4,cm2
Plot C,all,Plot C,2,April,2026-04-03,interval_end,1-0__183,Porites porites,TRUE,TRUE,TRUE,FALSE,4.34,4.34e-4,480,9.041666666666666e-5,cm2
Plot C,all,Plot C,2,April,2026-04-03,interval_end,1-0__184,Porites porites,TRUE,TRUE,TRUE,FALSE,5.84,5.84e-4,480,1.2166666666666667e-4,cm2
Plot C,all,Plot C,2,April,2026-04-03,interval_end,1-0__185,Orbicella franksi,TRUE,TRUE,TRUE,FALSE,16.0625,0.00160625,480,3.3463541666666673e-4,cm2
Plot C,all,Plot C,2,April,2026-04-03,interval_end,1-0__186,Orbicella annularis,TRUE,TRUE,TRUE,FALSE,15.04,0.001504,480,3.1333333333333327e-4,cm2
Plot C,all,Plot C,2,April,2026-04-03,interval_end,1-0__187,Orbicella franksi,TRUE,TRUE,TRUE,FALSE,6.3225,6.3225e-4,480,1.3171875e-4,cm2
Plot C,all,Plot C,2,April,2026-04-03,interval_end,1-0__188,Orbicella franksi,TRUE,TRUE,TRUE,FALSE,3.86,3.86e-4,480,8.041666666666667e-5,cm2
Plot C,all,Plot C,2,April,2026-04-03,interval_end,1-0__189,Orbicella franksi,TRUE,TRUE,TRUE,FALSE,6.97,6.97e-4,480,1.4520833333333332e-4,cm2
Plot C,all,Plot C,2,April,2026-04-03,interval_end,1-0__19,Orbicella annularis,TRUE,TRUE,TRUE,FALSE,0.5375,5.375e-5,480,1.1197916666666665e-5,cm2
Plot C,all,Plot C,2,April,2026-04-03,interval_end,1-0__190,Orbicella franksi,TRUE,TRUE,TRUE,FALSE,7.3775,7.3775e-4,480,1.5369791666666667e-4,cm2
Plot C,all,Plot C,2,April,2026-04-03,interval_end,1-0__191,Orbicella franksi,TRUE,TRUE,TRUE,FALSE,3.37,3.37e-4,480,7.020833333333334e-5,cm2
Plot C,all,Plot C,2,April,2026-04-03,interval_end,1-0__192,Orbicella franksi,TRUE,TRUE,TRUE,FALSE,6.4775,6.4775e-4,480,1.3494791666666665e-4,cm2
Plot C,all,Plot C,2,April,2026-04-03,interval_end,1-0__193,Orbicella franksi,TRUE,TRUE,TRUE,FALSE,6.155,6.155e-4,480,1.2822916666666668e-4,cm2
Plot C,all,Plot C,2,April,2026-04-03,interval_end,1-0__194,Orbicella franksi,TRUE,TRUE,TRUE,FALSE,8.83,8.83e-4,480,1.8395833333333334e-4,cm2
Plot C,all,Plot C,2,April,2026-04-03,interval_end,1-0__195,Porites porites,TRUE,TRUE,TRUE,FALSE,10.455,0.0010455,480,2.1781250000000002e-4,cm2
Plot C,all,Plot C,2,April,2026-04-03,interval_end,1-0__196,Orbicella franksi,TRUE,TRUE,TRUE,FALSE,3.6075,3.6075e-4,480,7.515625e-5,cm2
Plot C,all,Plot C,2,April,2026-04-03,interval_end,1-0__197,Porites porites,TRUE,TRUE,TRUE,FALSE,6.84,6.84e-4,480,1.425e-4,cm2
Plot C,all,Plot C,2,April,2026-04-03,interval_end,1-0__198,Orbicella franksi,TRUE,TRUE,TRUE,FALSE,5.045,5.045e-4,480,1.0510416666666666e-4,cm2
Plot C,all,Plot C,2,April,2026-04-03,interval_end,1-0__199,Orbicella franksi,TRUE,TRUE,TRUE,FALSE,6.2925,6.2925e-4,480,1.3109375000000003e-4,cm2
Plot C,all,Plot C,2,April,2026-04-03,interval_end,1-0__2,Orbicella annularis,TRUE,TRUE,TRUE,FALSE,0.32,3.2e-5,480,6.666666666666666e-6,cm2
Plot C,all,Plot C,2,April,2026-04-03,interval_end,1-0__20,Orbicella annularis,TRUE,TRUE,TRUE,FALSE,1.3425,1.3425e-4,480,2.7968750000000002e-5,cm2
Plot C,all,Plot C,2,April,2026-04-03,interval_end,1-0__200,Orbicella franksi,TRUE,TRUE,TRUE,FALSE,4.2925,4.2925000000000005e-4,480,8.942708333333334e-5,cm2
Plot C,all,Plot C,2,April,2026-04-03,interval_end,1-0__201,Orbicella franksi,TRUE,TRUE,TRUE,FALSE,7.3975,7.3975e-4,480,1.5411458333333333e-4,cm2
Plot C,all,Plot C,2,April,2026-04-03,interval_end,1-0__202,Orbicella franksi,TRUE,TRUE,TRUE,FALSE,29.2325,0.00292325,480,6.090104166666667e-4,cm2
Plot C,all,Plot C,2,April,2026-04-03,interval_end,1-0__203,Porites porites,TRUE,TRUE,TRUE,FALSE,8.6925,8.692500000000001e-4,480,1.8109375000000002e-4,cm2
Plot C,all,Plot C,2,April,2026-04-03,interval_end,1-0__204,Porites porites,TRUE,TRUE,TRUE,FALSE,8.985,8.985e-4,480,1.871875e-4,cm2
Plot C,all,Plot C,2,April,2026-04-03,interval_end,1-0__205,Porites porites,TRUE,TRUE,TRUE,FALSE,9.04,9.04e-4,480,1.8833333333333332e-4,cm2
Plot C,all,Plot C,2,April,2026-04-03,interval_end,1-0__206,Orbicella franksi,TRUE,TRUE,TRUE,FALSE,8.885,8.885e-4,480,1.8510416666666667e-4,cm2
Plot C,all,Plot C,2,April,2026-04-03,interval_end,1-0__207,Porites porites,TRUE,TRUE,TRUE,FALSE,8.3625,8.362500000000001e-4,480,1.7421875e-4,cm2
Plot C,all,Plot C,2,April,2026-04-03,interval_end,1-0__208,Orbicella franksi,TRUE,TRUE,TRUE,FALSE,8.385,8.384999999999999e-4,480,1.7468749999999998e-4,cm2
Plot C,all,Plot C,2,April,2026-04-03,interval_end,1-0__209,Orbicella franksi,TRUE,TRUE,TRUE,FALSE,7.3575,7.3575e-4,480,1.5328125000000002e-4,cm2
Plot C,all,Plot C,2,April,2026-04-03,interval_end,1-0__21,Orbicella annularis,TRUE,TRUE,TRUE,FALSE,0.435,4.35e-5,480,9.0625e-6,cm2
Plot C,all,Plot C,2,April,2026-04-03,interval_end,1-0__210,Orbicella franksi,TRUE,TRUE,TRUE,FALSE,5.525,5.525e-4,480,1.1510416666666669e-4,cm2
Plot C,all,Plot C,2,April,2026-04-03,interval_end,1-0__211,Porites porites,TRUE,TRUE,TRUE,FALSE,8.9825,8.9825e-4,480,1.8713541666666667e-4,cm2
Plot C,all,Plot C,2,April,2026-04-03,interval_end,1-0__212,Orbicella franksi,TRUE,TRUE,TRUE,FALSE,7.2375,7.2375e-4,480,1.5078124999999998e-4,cm2
Plot C,all,Plot C,2,April,2026-04-03,interval_end,1-0__213,Porites porites,TRUE,TRUE,TRUE,FALSE,9.3475,9.3475e-4,480,1.9473958333333333e-4,cm2
Plot C,all,Plot C,2,April,2026-04-03,interval_end,1-0__214,Porites porites,TRUE,TRUE,TRUE,FALSE,7.24,7.24e-4,480,1.5083333333333336e-4,cm2
Plot C,all,Plot C,2,April,2026-04-03,interval_end,1-0__215,Porites porites,TRUE,TRUE,TRUE,FALSE,7.3425,7.3425e-4,480,1.5296875e-4,cm2
Plot C,all,Plot C,2,April,2026-04-03,interval_end,1-0__216,Porites porites,TRUE,TRUE,TRUE,FALSE,8.705,8.705e-4,480,1.8135416666666666e-4,cm2
Plot C,all,Plot C,2,April,2026-04-03,interval_end,1-0__217,Porites porites,TRUE,TRUE,TRUE,FALSE,8.6925,8.692500000000001e-4,480,1.8109375000000002e-4,cm2
Plot C,all,Plot C,2,April,2026-04-03,interval_end,1-0__218,Orbicella franksi,TRUE,TRUE,TRUE,FALSE,6.0825,6.0825e-4,480,1.2671875e-4,cm2
Plot C,all,Plot C,2,April,2026-04-03,interval_end,1-0__219,Orbicella franksi,TRUE,TRUE,TRUE,FALSE,7.4225,7.422500000000001e-4,480,1.546354166666667e-4,cm2
Plot C,all,Plot C,2,April,2026-04-03,interval_end,1-0__22,Orbicella annularis,TRUE,TRUE,TRUE,FALSE,0.255,2.55e-5,480,5.3125e-6,cm2
Plot C,all,Plot C,2,April,2026-04-03,interval_end,1-0__220,Porites porites,TRUE,TRUE,TRUE,FALSE,8.5775,8.5775e-4,480,1.7869791666666669e-4,cm2
Plot C,all,Plot C,2,April,2026-04-03,interval_end,1-0__221,Porites porites,TRUE,TRUE,TRUE,FALSE,9.4625,9.4625e-4,480,1.9713541666666667e-4,cm2
Plot C,all,Plot C,2,April,2026-04-03,interval_end,1-0__222,Porites porites,TRUE,TRUE,TRUE,FALSE,9.22,9.220000000000001e-4,480,1.9208333333333333e-4,cm2
Plot C,all,Plot C,2,April,2026-04-03,interval_end,1-0__223,Orbicella franksi,TRUE,TRUE,TRUE,FALSE,8.2875,8.2875e-4,480,1.7265624999999999e-4,cm2
Plot C,all,Plot C,2,April,2026-04-03,interval_end,1-0__224,Porites porites,TRUE,TRUE,TRUE,FALSE,4.9975,4.9975e-4,480,1.0411458333333332e-4,cm2
Plot C,all,Plot C,2,April,2026-04-03,interval_end,1-0__225,Porites porites,TRUE,TRUE,TRUE,FALSE,7.72,7.72e-4,480,1.6083333333333333e-4,cm2
Plot C,all,Plot C,2,April,2026-04-03,interval_end,1-0__226,Porites porites,TRUE,TRUE,TRUE,FALSE,9.2325,9.2325e-4,480,1.9234375e-4,cm2
Plot C,all,Plot C,2,April,2026-04-03,interval_end,1-0__227,Porites porites,TRUE,TRUE,TRUE,FALSE,6.0775,6.0775e-4,480,1.2661458333333334e-4,cm2
Plot C,all,Plot C,2,April,2026-04-03,interval_end,1-0__228,Porites porites,TRUE,TRUE,TRUE,FALSE,8.9375,8.9375e-4,480,1.8619791666666665e-4,cm2
Plot C,all,Plot C,2,April,2026-04-03,interval_end,1-0__229,Porites porites,TRUE,TRUE,TRUE,FALSE,6.26,6.259999999999999e-4,480,1.3041666666666665e-4,cm2
Plot C,all,Plot C,2,April,2026-04-03,interval_end,1-0__23,Orbicella annularis,TRUE,TRUE,TRUE,FALSE,1.1175,1.1174999999999999e-4,480,2.3281249999999997e-5,cm2
Plot C,all,Plot C,2,April,2026-04-03,interval_end,1-0__230,Porites porites,TRUE,TRUE,TRUE,FALSE,7.195,7.195e-4,480,1.4989583333333334e-4,cm2
Plot C,all,Plot C,2,April,2026-04-03,interval_end,1-0__231,Porites porites,TRUE,TRUE,TRUE,FALSE,8.9625,8.9625e-4,480,1.8671874999999998e-4,cm2
Plot C,all,Plot C,2,April,2026-04-03,interval_end,1-0__232,Porites porites,TRUE,TRUE,TRUE,FALSE,8.535,8.535e-4,480,1.778125e-4,cm2
Plot C,all,Plot C,2,April,2026-04-03,interval_end,1-0__233,Porites porites,TRUE,TRUE,TRUE,FALSE,9.535,9.535e-4,480,1.9864583333333333e-4,cm2
Plot C,all,Plot C,2,April,2026-04-03,interval_end,1-0__234,Orbicella franksi,TRUE,TRUE,TRUE,FALSE,18.855,0.0018855,480,3.928125e-4,cm2
Plot C,all,Plot C,2,April,2026-04-03,interval_end,1-0__235,Orbicella franksi,TRUE,TRUE,TRUE,FALSE,30.18,0.003018,480,6.287499999999999e-4,cm2
Plot C,all,Plot C,2,April,2026-04-03,interval_end,1-0__236,Porites porites,TRUE,TRUE,TRUE,FALSE,28.5975,0.00285975,480,5.9578125e-4,cm2
Plot C,all,Plot C,2,April,2026-04-03,interval_end,1-0__237,Porites porites,TRUE,TRUE,TRUE,FALSE,0.9475,9.475e-5,480,1.9739583333333337e-5,cm2
Plot C,all,Plot C,2,April,2026-04-03,interval_end,1-0__238,Orbicella franksi,TRUE,TRUE,TRUE,FALSE,21.0625,0.00210625,480,4.3880208333333336e-4,cm2
Plot C,all,Plot C,2,April,2026-04-03,interval_end,1-0__239,Orbicella franksi,TRUE,TRUE,TRUE,FALSE,18.1975,0.0018197500000000002,480,3.791145833333334e-4,cm2
Plot C,all,Plot C,2,April,2026-04-03,interval_end,1-0__24,Orbicella annularis,TRUE,TRUE,TRUE,FALSE,2.5275,2.5275e-4,480,5.2656249999999996e-5,cm2
Plot C,all,Plot C,2,April,2026-04-03,interval_end,1-0__240,Porites porites,TRUE,TRUE,TRUE,FALSE,12.7125,0.00127125,480,2.6484375000000005e-4,cm2
Plot C,all,Plot C,2,April,2026-04-03,interval_end,1-0__241,Orbicella franksi,TRUE,TRUE,TRUE,FALSE,13.66,0.001366,480,2.8458333333333336e-4,cm2
Plot C,all,Plot C,2,April,2026-04-03,interval_end,1-0__242,Orbicella franksi,TRUE,TRUE,TRUE,FALSE,32.3675,0.00323675,480,6.743229166666666e-4,cm2
Plot C,all,Plot C,2,April,2026-04-03,interval_end,1-0__243,Porites porites,TRUE,TRUE,TRUE,FALSE,6.4925,6.4925e-4,480,1.3526041666666667e-4,cm2
Plot C,all,Plot C,2,April,2026-04-03,interval_end,1-0__244,Porites porites,TRUE,TRUE,TRUE,FALSE,4.2075,4.2074999999999995e-4,480,8.765624999999999e-5,cm2
Plot C,all,Plot C,2,April,2026-04-03,interval_end,1-0__245,Porites porites,TRUE,TRUE,TRUE,FALSE,6.6175,6.6175e-4,480,1.3786458333333332e-4,cm2
Plot C,all,Plot C,2,April,2026-04-03,interval_end,1-0__246,Porites porites,TRUE,TRUE,TRUE,FALSE,2.0175,2.0175e-4,480,4.2031249999999995e-5,cm2
Plot C,all,Plot C,2,April,2026-04-03,interval_end,1-0__247,Orbicella franksi,TRUE,TRUE,TRUE,FALSE,22.335,0.0022335000000000002,480,4.6531250000000007e-4,cm2
Plot C,all,Plot C,2,April,2026-04-03,interval_end,1-0__248,Orbicella franksi,TRUE,TRUE,TRUE,FALSE,20.82,0.002082,480,4.3375e-4,cm2
Plot C,all,Plot C,2,April,2026-04-03,interval_end,1-0__249,Porites porites,TRUE,TRUE,TRUE,FALSE,10.2525,0.00102525,480,2.1359374999999997e-4,cm2
Plot C,all,Plot C,2,April,2026-04-03,interval_end,1-0__25,Orbicella annularis,TRUE,TRUE,TRUE,FALSE,0.5,5e-5,480,1.0416666666666666e-5,cm2
Plot C,all,Plot C,2,April,2026-04-03,interval_end,1-0__250,Porites porites,TRUE,TRUE,TRUE,FALSE,10.625,0.0010625,480,2.2135416666666668e-4,cm2
Plot C,all,Plot C,2,April,2026-04-03,interval_end,1-0__251,Orbicella franksi,TRUE,TRUE,TRUE,FALSE,20.79,0.002079,480,4.33125e-4,cm2
Plot C,all,Plot C,2,April,2026-04-03,interval_end,1-0__252,Orbicella franksi,TRUE,TRUE,TRUE,FALSE,23.715,0.0023715,480,4.940625e-4,cm2
Plot C,all,Plot C,2,April,2026-04-03,interval_end,1-0__26,Orbicella annularis,TRUE,TRUE,TRUE,FALSE,0.2325,2.3250000000000003e-5,480,4.843750000000001e-6,cm2
Plot C,all,Plot C,2,April,2026-04-03,interval_end,1-0__27,Orbicella annularis,TRUE,TRUE,TRUE,FALSE,0.5775,5.775e-5,480,1.203125e-5,cm2
Plot C,all,Plot C,2,April,2026-04-03,interval_end,1-0__28,Orbicella annularis,TRUE,TRUE,TRUE,FALSE,0.3625,3.625e-5,480,7.552083333333333e-6,cm2
Plot C,all,Plot C,2,April,2026-04-03,interval_end,1-0__29,Orbicella annularis,TRUE,TRUE,TRUE,FALSE,15.4375,0.00154375,480,3.216145833333333e-4,cm2
Plot C,all,Plot C,2,April,2026-04-03,interval_end,1-0__3,Orbicella annularis,TRUE,TRUE,TRUE,FALSE,0.645,6.45e-5,480,1.3437499999999998e-5,cm2
Plot C,all,Plot C,2,April,2026-04-03,interval_end,1-0__30,Porites porites,TRUE,TRUE,TRUE,FALSE,10.035,0.0010035,480,2.0906250000000002e-4,cm2
Plot C,all,Plot C,2,April,2026-04-03,interval_end,1-0__31,Montastraea cavernosa,TRUE,TRUE,TRUE,FALSE,2.6275,2.6275e-4,480,5.473958333333334e-5,cm2
Plot C,all,Plot C,2,April,2026-04-03,interval_end,1-0__32,Porites porites,TRUE,TRUE,TRUE,FALSE,10.23,0.001023,480,2.1312500000000002e-4,cm2
Plot C,all,Plot C,2,April,2026-04-03,interval_end,1-0__33,Orbicella annularis,TRUE,TRUE,TRUE,FALSE,12.8225,0.00128225,480,2.6713541666666666e-4,cm2
Plot C,all,Plot C,2,April,2026-04-03,interval_end,1-0__34,Montastraea cavernosa,TRUE,TRUE,TRUE,FALSE,4.0975,4.0975e-4,480,8.536458333333334e-5,cm2
Plot C,all,Plot C,2,April,2026-04-03,interval_end,1-0__35,Montastraea cavernosa,TRUE,TRUE,TRUE,FALSE,3.435,3.435e-4,480,7.15625e-5,cm2
Plot C,all,Plot C,2,April,2026-04-03,interval_end,1-0__36,Montastraea cavernosa,TRUE,TRUE,TRUE,FALSE,3.495,3.495e-4,480,7.281249999999999e-5,cm2
Plot C,all,Plot C,2,April,2026-04-03,interval_end,1-0__37,Montastraea cavernosa,TRUE,TRUE,TRUE,FALSE,4.48,4.4800000000000005e-4,480,9.333333333333334e-5,cm2
Plot C,all,Plot C,2,April,2026-04-03,interval_end,1-0__38,Montastraea cavernosa,TRUE,TRUE,TRUE,FALSE,3.7575,3.7575e-4,480,7.828125e-5,cm2
Plot C,all,Plot C,2,April,2026-04-03,interval_end,1-0__39,Montastraea cavernosa,TRUE,TRUE,TRUE,FALSE,3.565,3.565e-4,480,7.427083333333333e-5,cm2
Plot C,all,Plot C,2,April,2026-04-03,interval_end,1-0__4,Orbicella annularis,TRUE,TRUE,TRUE,FALSE,4.3575,4.3575e-4,480,9.078125e-5,cm2
Plot C,all,Plot C,2,April,2026-04-03,interval_end,1-0__40,Montastraea cavernosa,TRUE,TRUE,TRUE,FALSE,4.16,4.1600000000000003e-4,480,8.666666666666668e-5,cm2
Plot C,all,Plot C,2,April,2026-04-03,interval_end,1-0__41,Montastraea cavernosa,TRUE,TRUE,TRUE,FALSE,3.63,3.63e-4,480,7.5625e-5,cm2
Plot C,all,Plot C,2,April,2026-04-03,interval_end,1-0__42,Montastraea cavernosa,TRUE,TRUE,TRUE,FALSE,4.78,4.78e-4,480,9.958333333333333e-5,cm2
Plot C,all,Plot C,2,April,2026-04-03,interval_end,1-0__43,Montastraea cavernosa,TRUE,TRUE,TRUE,FALSE,4.94,4.940000000000001e-4,480,1.0291666666666668e-4,cm2
Plot C,all,Plot C,2,April,2026-04-03,interval_end,1-0__44,Montastraea cavernosa,TRUE,TRUE,TRUE,FALSE,2.8075,2.8075e-4,480,5.848958333333334e-5,cm2
Plot C,all,Plot C,2,April,2026-04-03,interval_end,1-0__45,Montastraea cavernosa,TRUE,TRUE,TRUE,FALSE,5.21,5.21e-4,480,1.0854166666666667e-4,cm2
Plot C,all,Plot C,2,April,2026-04-03,interval_end,1-0__46,Montastraea cavernosa,TRUE,TRUE,TRUE,FALSE,4.09,4.0899999999999997e-4,480,8.520833333333334e-5,cm2
Plot C,all,Plot C,2,April,2026-04-03,interval_end,1-0__47,Montastraea cavernosa,TRUE,TRUE,TRUE,FALSE,2.6325,2.6325e-4,480,5.4843749999999995e-5,cm2
Plot C,all,Plot C,2,April,2026-04-03,interval_end,1-0__48,Montastraea cavernosa,TRUE,TRUE,TRUE,FALSE,3.885,3.8849999999999996e-4,480,8.09375e-5,cm2
Plot C,all,Plot C,2,April,2026-04-03,interval_end,1-0__49,Montastraea cavernosa,TRUE,TRUE,TRUE,FALSE,2.5525,2.5525e-4,480,5.317708333333333e-5,cm2
Plot C,all,Plot C,2,April,2026-04-03,interval_end,1-0__5,Orbicella annularis,TRUE,TRUE,TRUE,FALSE,1.6225,1.6225000000000001e-4,480,3.3802083333333336e-5,cm2
Plot C,all,Plot C,2,April,2026-04-03,interval_end,1-0__50,Montastraea cavernosa,TRUE,TRUE,TRUE,FALSE,3.73,3.73e-4,480,7.770833333333333e-5,cm2
Plot C,all,Plot C,2,April,2026-04-03,interval_end,1-0__51,Montastraea cavernosa,TRUE,TRUE,TRUE,FALSE,4.1825,4.1825e-4,480,8.713541666666666e-5,cm2
Plot C,all,Plot C,2,April,2026-04-03,interval_end,1-0__52,Montastraea cavernosa,TRUE,TRUE,TRUE,FALSE,3.6775,3.6775e-4,480,7.661458333333333e-5,cm2
Plot C,all,Plot C,2,April,2026-04-03,interval_end,1-0__53,Orbicella annularis,TRUE,TRUE,TRUE,FALSE,31.035,0.0031035,480,6.465625e-4,cm2
Plot C,all,Plot C,2,April,2026-04-03,interval_end,1-0__54,Orbicella annularis,TRUE,TRUE,TRUE,FALSE,26.9825,0.00269825,480,5.621354166666667e-4,cm2
Plot C,all,Plot C,2,April,2026-04-03,interval_end,1-0__55,Orbicella franksi,TRUE,TRUE,TRUE,FALSE,7.51,7.509999999999999e-4,480,1.5645833333333335e-4,cm2
Plot C,all,Plot C,2,April,2026-04-03,interval_end,1-0__56,Orbicella franksi,TRUE,TRUE,TRUE,FALSE,4.9275,4.9275e-4,480,1.0265625e-4,cm2
Plot C,all,Plot C,2,April,2026-04-03,interval_end,1-0__57,Orbicella franksi,TRUE,TRUE,TRUE,FALSE,5.935,5.935e-4,480,1.2364583333333333e-4,cm2
Plot C,all,Plot C,2,April,2026-04-03,interval_end,1-0__58,Orbicella franksi,TRUE,TRUE,TRUE,FALSE,1.62,1.62e-4,480,3.375e-5,cm2
Plot C,all,Plot C,2,April,2026-04-03,interval_end,1-0__59,Orbicella franksi,TRUE,TRUE,TRUE,FALSE,7.6525,7.6525e-4,480,1.5942708333333333e-4,cm2
Plot C,all,Plot C,2,April,2026-04-03,interval_end,1-0__6,Orbicella annularis,TRUE,TRUE,TRUE,FALSE,1.53,1.53e-4,480,3.1875e-5,cm2
Plot C,all,Plot C,2,April,2026-04-03,interval_end,1-0__60,Orbicella franksi,TRUE,TRUE,TRUE,FALSE,1.7975,1.7975e-4,480,3.744791666666667e-5,cm2
Plot C,all,Plot C,2,April,2026-04-03,interval_end,1-0__61,Orbicella franksi,TRUE,TRUE,TRUE,FALSE,3.1825,3.1825e-4,480,6.630208333333333e-5,cm2
Plot C,all,Plot C,2,April,2026-04-03,interval_end,1-0__62,Orbicella franksi,TRUE,TRUE,TRUE,FALSE,7.2375,7.2375e-4,480,1.5078124999999998e-4,cm2
Plot C,all,Plot C,2,April,2026-04-03,interval_end,1-0__63,Orbicella franksi,TRUE,TRUE,TRUE,FALSE,7.7225,7.7225e-4,480,1.6088541666666668e-4,cm2
Plot C,all,Plot C,2,April,2026-04-03,interval_end,1-0__64,Orbicella franksi,TRUE,TRUE,TRUE,FALSE,3.08,3.08e-4,480,6.416666666666666e-5,cm2
Plot C,all,Plot C,2,April,2026-04-03,interval_end,1-0__65,Orbicella franksi,TRUE,TRUE,TRUE,FALSE,5.63,5.63e-4,480,1.1729166666666667e-4,cm2
Plot C,all,Plot C,2,April,2026-04-03,interval_end,1-0__66,Orbicella franksi,TRUE,TRUE,TRUE,FALSE,6.62,6.62e-4,480,1.379166666666667e-4,cm2
Plot C,all,Plot C,2,April,2026-04-03,interval_end,1-0__67,Orbicella franksi,TRUE,TRUE,TRUE,FALSE,6.955,6.955e-4,480,1.4489583333333333e-4,cm2
Plot C,all,Plot C,2,April,2026-04-03,interval_end,1-0__68,Orbicella franksi,TRUE,TRUE,TRUE,FALSE,0.9475,9.475e-5,480,1.9739583333333337e-5,cm2
Plot C,all,Plot C,2,April,2026-04-03,interval_end,1-0__69,Orbicella franksi,TRUE,TRUE,TRUE,FALSE,6.3025,6.302500000000001e-4,480,1.3130208333333337e-4,cm2
Plot C,all,Plot C,2,April,2026-04-03,interval_end,1-0__7,Orbicella annularis,TRUE,TRUE,TRUE,FALSE,1.335,1.335e-4,480,2.78125e-5,cm2
Plot C,all,Plot C,2,April,2026-04-03,interval_end,1-0__70,Orbicella franksi,TRUE,TRUE,TRUE,FALSE,5.0475,5.0475e-4,480,1.0515625e-4,cm2
Plot C,all,Plot C,2,April,2026-04-03,interval_end,1-0__71,Orbicella franksi,TRUE,TRUE,TRUE,FALSE,2.0275,2.0275e-4,480,4.223958333333333e-5,cm2
Plot C,all,Plot C,2,April,2026-04-03,interval_end,1-0__72,Orbicella franksi,TRUE,TRUE,TRUE,FALSE,2.9675,2.9675e-4,480,6.182291666666666e-5,cm2
Plot C,all,Plot C,2,April,2026-04-03,interval_end,1-0__73,Orbicella franksi,TRUE,TRUE,TRUE,FALSE,6.56,6.56e-4,480,1.366666666666667e-4,cm2
Plot C,all,Plot C,2,April,2026-04-03,interval_end,1-0__74,Orbicella franksi,TRUE,TRUE,TRUE,FALSE,3.6075,3.6075e-4,480,7.515625e-5,cm2
Plot C,all,Plot C,2,April,2026-04-03,interval_end,1-0__75,Orbicella franksi,TRUE,TRUE,TRUE,FALSE,1.5425,1.5425e-4,480,3.213541666666667e-5,cm2
Plot C,all,Plot C,2,April,2026-04-03,interval_end,1-0__76,Montastraea cavernosa,TRUE,TRUE,TRUE,FALSE,1.92,1.92e-4,480,4e-5,cm2
Plot C,all,Plot C,2,April,2026-04-03,interval_end,1-0__77,Montastraea cavernosa,TRUE,TRUE,TRUE,FALSE,3.35,3.35e-4,480,6.979166666666666e-5,cm2
Plot C,all,Plot C,2,April,2026-04-03,interval_end,1-0__78,Montastraea cavernosa,TRUE,TRUE,TRUE,FALSE,1.205,1.205e-4,480,2.5104166666666666e-5,cm2
Plot C,all,Plot C,2,April,2026-04-03,interval_end,1-0__79,Montastraea cavernosa,TRUE,TRUE,TRUE,FALSE,1.9825,1.9825e-4,480,4.130208333333333e-5,cm2
Plot C,all,Plot C,2,April,2026-04-03,interval_end,1-0__8,Orbicella annularis,TRUE,TRUE,TRUE,FALSE,1.5525,1.5525e-4,480,3.2343750000000004e-5,cm2
Plot C,all,Plot C,2,April,2026-04-03,interval_end,1-0__80,Montastraea cavernosa,TRUE,TRUE,TRUE,FALSE,3.4175,3.4175e-4,480,7.119791666666666e-5,cm2
Plot C,all,Plot C,2,April,2026-04-03,interval_end,1-0__81,Montastraea cavernosa,TRUE,TRUE,TRUE,FALSE,3.2225,3.2225e-4,480,6.713541666666666e-5,cm2
Plot C,all,Plot C,2,April,2026-04-03,interval_end,1-0__82,Montastraea cavernosa,TRUE,TRUE,TRUE,FALSE,3.5175,3.5175e-4,480,7.328125e-5,cm2
Plot C,all,Plot C,2,April,2026-04-03,interval_end,1-0__83,Montastraea cavernosa,TRUE,TRUE,TRUE,FALSE,3.39,3.39e-4,480,7.0625e-5,cm2
Plot C,all,Plot C,2,April,2026-04-03,interval_end,1-0__84,Montastraea cavernosa,TRUE,TRUE,TRUE,FALSE,2.7925,2.7925e-4,480,5.817708333333333e-5,cm2
Plot C,all,Plot C,2,April,2026-04-03,interval_end,1-0__85,Montastraea cavernosa,TRUE,TRUE,TRUE,FALSE,3.015,3.015e-4,480,6.28125e-5,cm2
Plot C,all,Plot C,2,April,2026-04-03,interval_end,1-0__86,Montastraea cavernosa,TRUE,TRUE,TRUE,FALSE,2.3825,2.3825e-4,480,4.9635416666666666e-5,cm2
Plot C,all,Plot C,2,April,2026-04-03,interval_end,1-0__87,Montastraea cavernosa,TRUE,TRUE,TRUE,FALSE,1.4675,1.4675e-4,480,3.057291666666666e-5,cm2
Plot C,all,Plot C,2,April,2026-04-03,interval_end,1-0__88,Montastraea cavernosa,TRUE,TRUE,TRUE,FALSE,3.685,3.685e-4,480,7.677083333333334e-5,cm2
Plot C,all,Plot C,2,April,2026-04-03,interval_end,1-0__89,Montastraea cavernosa,TRUE,TRUE,TRUE,FALSE,2.6925,2.6925e-4,480,5.6093750000000005e-5,cm2
Plot C,all,Plot C,2,April,2026-04-03,interval_end,1-0__9,Orbicella annularis,TRUE,TRUE,TRUE,FALSE,1.635,1.635e-4,480,3.40625e-5,cm2
Plot C,all,Plot C,2,April,2026-04-03,interval_end,1-0__90,Montastraea cavernosa,TRUE,TRUE,TRUE,FALSE,2.5875,2.5875e-4,480,5.390625e-5,cm2
Plot C,all,Plot C,2,April,2026-04-03,interval_end,1-0__91,Montastraea cavernosa,TRUE,TRUE,TRUE,FALSE,2.5675,2.5675e-4,480,5.348958333333333e-5,cm2
Plot C,all,Plot C,2,April,2026-04-03,interval_end,1-0__92,Montastraea cavernosa,TRUE,TRUE,TRUE,FALSE,3.375,3.375e-4,480,7.031250000000001e-5,cm2
Plot C,all,Plot C,2,April,2026-04-03,interval_end,1-0__93,Montastraea cavernosa,TRUE,TRUE,TRUE,FALSE,3.96,3.96e-4,480,8.249999999999999e-5,cm2
Plot C,all,Plot C,2,April,2026-04-03,interval_end,1-0__94,Montastraea cavernosa,TRUE,TRUE,TRUE,FALSE,3.43,3.43e-4,480,7.145833333333333e-5,cm2
Plot C,all,Plot C,2,April,2026-04-03,interval_end,1-0__95,Orbicella annularis,TRUE,TRUE,TRUE,FALSE,14.115,0.0014115,480,2.940625e-4,cm2
Plot C,all,Plot C,2,April,2026-04-03,interval_end,1-0__96,Orbicella annularis,TRUE,TRUE,TRUE,FALSE,23.42,0.0023420000000000003,480,4.879166666666667e-4,cm2
Plot C,all,Plot C,2,April,2026-04-03,interval_end,1-0__97,Orbicella franksi,TRUE,TRUE,TRUE,FALSE,4.355,4.3550000000000007e-4,480,9.072916666666668e-5,cm2
Plot C,all,Plot C,2,April,2026-04-03,interval_end,1-0__98,Orbicella franksi,TRUE,TRUE,TRUE,FALSE,4.59,4.59e-4,480,9.5625e-5,cm2
Plot C,all,Plot C,2,April,2026-04-03,interval_end,1-0__99,Orbicella franksi,TRUE,TRUE,TRUE,FALSE,2.15,2.15e-4,480,4.479166666666666e-5,cm2
Plot C,all,Plot C,3,June,2026-06-06,NA,0-0__0,Porites porites,TRUE,FALSE,FALSE,TRUE,0,0,NA,NA,NA
Plot C,all,Plot C,3,June,2026-06-06,NA,0-0__1,Porites porites,TRUE,FALSE,FALSE,TRUE,0,0,NA,NA,NA
Plot C,all,Plot C,3,June,2026-06-06,interval_end,0-0__10,Montastraea cavernosa,TRUE,TRUE,TRUE,FALSE,4.93,4.93e-4,480,1.0270833333333333e-4,cm2
Plot C,all,Plot C,3,June,2026-06-06,interval_end,0-0__100,Porites porites,TRUE,TRUE,TRUE,FALSE,3.8975,3.8975e-4,480,8.119791666666667e-5,cm2
Plot C,all,Plot C,3,June,2026-06-06,interval_end,0-0__101,Porites porites,TRUE,TRUE,TRUE,FALSE,1.04,1.0400000000000001e-4,480,2.166666666666667e-5,cm2
Plot C,all,Plot C,3,June,2026-06-06,interval_end,0-0__102,Porites porites,TRUE,TRUE,TRUE,FALSE,4.03,4.0300000000000004e-4,480,8.395833333333333e-5,cm2
Plot C,all,Plot C,3,June,2026-06-06,interval_end,0-0__103,Porites porites,TRUE,TRUE,TRUE,FALSE,9.4025,9.4025e-4,480,1.9588541666666666e-4,cm2
Plot C,all,Plot C,3,June,2026-06-06,interval_end,0-0__104,Porites porites,TRUE,TRUE,TRUE,FALSE,1.45,1.45e-4,480,3.0208333333333334e-5,cm2
Plot C,all,Plot C,3,June,2026-06-06,interval_end,0-0__105,Porites porites,TRUE,TRUE,TRUE,FALSE,2.595,2.595e-4,480,5.40625e-5,cm2
Plot C,all,Plot C,3,June,2026-06-06,interval_end,0-0__106,Porites porites,TRUE,TRUE,TRUE,FALSE,4.1325,4.1325000000000004e-4,480,8.609375000000002e-5,cm2
Plot C,all,Plot C,3,June,2026-06-06,interval_end,0-0__107,Porites porites,TRUE,TRUE,TRUE,FALSE,1.7575,1.7575000000000002e-4,480,3.661458333333334e-5,cm2
Plot C,all,Plot C,3,June,2026-06-06,interval_end,0-0__108,Porites porites,TRUE,TRUE,TRUE,FALSE,4.46,4.46e-4,480,9.291666666666667e-5,cm2
Plot C,all,Plot C,3,June,2026-06-06,interval_end,0-0__109,Porites porites,TRUE,TRUE,TRUE,FALSE,3.9125,3.9125e-4,480,8.151041666666666e-5,cm2
Plot C,all,Plot C,3,June,2026-06-06,interval_end,0-0__11,Montastraea cavernosa,TRUE,TRUE,TRUE,FALSE,4.685,4.6849999999999995e-4,480,9.760416666666666e-5,cm2
Plot C,all,Plot C,3,June,2026-06-06,interval_end,0-0__110,Porites porites,TRUE,TRUE,TRUE,FALSE,1.6475,1.6475e-4,480,3.4322916666666666e-5,cm2
Plot C,all,Plot C,3,June,2026-06-06,interval_end,0-0__111,Porites porites,TRUE,TRUE,TRUE,FALSE,0.665,6.65e-5,480,1.3854166666666669e-5,cm2
Plot C,all,Plot C,3,June,2026-06-06,interval_end,0-0__112,Porites porites,TRUE,TRUE,TRUE,FALSE,1.95,1.95e-4,480,4.0625e-5,cm2
Plot C,all,Plot C,3,June,2026-06-06,interval_end,0-0__113,Porites porites,TRUE,TRUE,TRUE,FALSE,2.54,2.54e-4,480,5.291666666666667e-5,cm2
Plot C,all,Plot C,3,June,2026-06-06,interval_end,0-0__114,Porites porites,TRUE,TRUE,TRUE,FALSE,3.475,3.475e-4,480,7.239583333333333e-5,cm2
Plot C,all,Plot C,3,June,2026-06-06,interval_end,0-0__115,Porites porites,TRUE,TRUE,TRUE,FALSE,4.16,4.1600000000000003e-4,480,8.666666666666668e-5,cm2
Plot C,all,Plot C,3,June,2026-06-06,interval_end,0-0__116,Porites porites,TRUE,TRUE,TRUE,FALSE,4.0025,4.0025000000000005e-4,480,8.338541666666668e-5,cm2
Plot C,all,Plot C,3,June,2026-06-06,interval_end,0-0__117,Porites porites,TRUE,TRUE,TRUE,FALSE,5.345,5.344999999999999e-4,480,1.1135416666666665e-4,cm2
Plot C,all,Plot C,3,June,2026-06-06,interval_end,0-0__118,Porites porites,TRUE,TRUE,TRUE,FALSE,9.795,9.795e-4,480,2.0406249999999998e-4,cm2
Plot C,all,Plot C,3,June,2026-06-06,interval_end,0-0__119,Porites porites,TRUE,TRUE,TRUE,FALSE,3.705,3.705e-4,480,7.71875e-5,cm2
Plot C,all,Plot C,3,June,2026-06-06,interval_end,0-0__12,Montastraea cavernosa,TRUE,TRUE,TRUE,FALSE,3.2175,3.2175e-4,480,6.703124999999999e-5,cm2
Plot C,all,Plot C,3,June,2026-06-06,interval_end,0-0__120,Porites porites,TRUE,TRUE,TRUE,FALSE,3.4125,3.4125000000000003e-4,480,7.109375e-5,cm2
Plot C,all,Plot C,3,June,2026-06-06,interval_end,0-0__121,Porites porites,TRUE,TRUE,TRUE,FALSE,5.6425,5.6425e-4,480,1.1755208333333332e-4,cm2
Plot C,all,Plot C,3,June,2026-06-06,interval_end,0-0__122,Porites porites,TRUE,TRUE,TRUE,FALSE,3.3625,3.3624999999999996e-4,480,7.005208333333333e-5,cm2
Plot C,all,Plot C,3,June,2026-06-06,interval_end,0-0__123,Porites porites,TRUE,TRUE,TRUE,FALSE,3.045,3.045e-4,480,6.343749999999999e-5,cm2
Plot C,all,Plot C,3,June,2026-06-06,interval_end,0-0__124,Porites porites,TRUE,TRUE,TRUE,FALSE,2.3325,2.3325e-4,480,4.8593750000000005e-5,cm2
Plot C,all,Plot C,3,June,2026-06-06,interval_end,0-0__125,Porites porites,TRUE,TRUE,TRUE,FALSE,1.7625,1.7625e-4,480,3.671875e-5,cm2
Plot C,all,Plot C,3,June,2026-06-06,interval_end,0-0__126,Porites porites,TRUE,TRUE,TRUE,FALSE,2.01,2.0099999999999998e-4,480,4.1874999999999995e-5,cm2
Plot C,all,Plot C,3,June,2026-06-06,interval_end,0-0__127,Porites porites,TRUE,TRUE,TRUE,FALSE,0.8825,8.824999999999999e-5,480,1.8385416666666665e-5,cm2
Plot C,all,Plot C,3,June,2026-06-06,interval_end,0-0__128,Porites porites,TRUE,TRUE,TRUE,FALSE,2.66,2.66e-4,480,5.5416666666666674e-5,cm2
Plot C,all,Plot C,3,June,2026-06-06,interval_end,0-0__129,Porites porites,TRUE,TRUE,TRUE,FALSE,1.0725,1.0725e-4,480,2.234375e-5,cm2
Plot C,all,Plot C,3,June,2026-06-06,interval_end,0-0__13,Montastraea cavernosa,TRUE,TRUE,TRUE,FALSE,2.43,2.4300000000000002e-4,480,5.0625000000000004e-5,cm2
Plot C,all,Plot C,3,June,2026-06-06,interval_end,0-0__130,Porites porites,TRUE,TRUE,TRUE,FALSE,1.8275,1.8275e-4,480,3.807291666666666e-5,cm2
Plot C,all,Plot C,3,June,2026-06-06,interval_end,0-0__131,Porites porites,TRUE,TRUE,TRUE,FALSE,2.2775,2.2774999999999998e-4,480,4.744791666666666e-5,cm2
Plot C,all,Plot C,3,June,2026-06-06,interval_end,0-0__132,Porites porites,TRUE,TRUE,TRUE,FALSE,2.915,2.915e-4,480,6.072916666666666e-5,cm2
Plot C,all,Plot C,3,June,2026-06-06,interval_end,0-0__133,Porites porites,TRUE,TRUE,TRUE,FALSE,1.77,1.77e-4,480,3.6875e-5,cm2
Plot C,all,Plot C,3,June,2026-06-06,interval_end,0-0__134,Porites porites,TRUE,TRUE,TRUE,FALSE,2.2875,2.2875e-4,480,4.7656249999999996e-5,cm2
Plot C,all,Plot C,3,June,2026-06-06,interval_end,0-0__135,Porites porites,TRUE,TRUE,TRUE,FALSE,1.5675,1.5675e-4,480,3.265625e-5,cm2
Plot C,all,Plot C,3,June,2026-06-06,interval_end,0-0__136,Orbicella franksi,TRUE,TRUE,TRUE,FALSE,3.02,3.02e-4,480,6.291666666666667e-5,cm2
Plot C,all,Plot C,3,June,2026-06-06,interval_end,0-0__137,Orbicella franksi,TRUE,TRUE,TRUE,FALSE,3.5925,3.5925e-4,480,7.484375e-5,cm2
Plot C,all,Plot C,3,June,2026-06-06,interval_end,0-0__138,Porites porites,TRUE,TRUE,TRUE,FALSE,1.3475,1.3475e-4,480,2.8072916666666664e-05,cm2
Plot C,all,Plot C,3,June,2026-06-06,interval_end,0-0__139,Porites porites,TRUE,TRUE,TRUE,FALSE,1.6025,1.6025e-4,480,3.3385416666666664e-5,cm2
Plot C,all,Plot C,3,June,2026-06-06,interval_end,0-0__14,Montastraea cavernosa,TRUE,TRUE,TRUE,FALSE,4.7425,4.7424999999999995e-4,480,9.880208333333332e-5,cm2
Plot C,all,Plot C,3,June,2026-06-06,interval_end,0-0__140,Orbicella franksi,TRUE,TRUE,TRUE,FALSE,4.435,4.4349999999999994e-4,480,9.239583333333331e-5,cm2
Plot C,all,Plot C,3,June,2026-06-06,interval_end,0-0__141,Orbicella franksi,TRUE,TRUE,TRUE,FALSE,7.205,7.205e-4,480,1.5010416666666669e-4,cm2
Plot C,all,Plot C,3,June,2026-06-06,interval_end,0-0__142,Porites porites,TRUE,TRUE,TRUE,FALSE,6.095,6.095e-4,480,1.2697916666666668e-4,cm2
Plot C,all,Plot C,3,June,2026-06-06,interval_end,0-0__143,Orbicella franksi,TRUE,TRUE,TRUE,FALSE,4.2575,4.2575e-4,480,8.869791666666667e-5,cm2
Plot C,all,Plot C,3,June,2026-06-06,interval_end,0-0__144,Orbicella franksi,TRUE,TRUE,TRUE,FALSE,4.51,4.5099999999999996e-4,480,9.395833333333332e-5,cm2
Plot C,all,Plot C,3,June,2026-06-06,interval_end,0-0__145,Orbicella franksi,TRUE,TRUE,TRUE,FALSE,7.405,7.405000000000001e-4,480,1.5427083333333335e-4,cm2
Plot C,all,Plot C,3,June,2026-06-06,interval_end,0-0__146,Porites porites,TRUE,TRUE,TRUE,FALSE,2.1675,2.1675e-4,480,4.5156249999999996e-5,cm2
Plot C,all,Plot C,3,June,2026-06-06,interval_end,0-0__147,Orbicella franksi,TRUE,TRUE,TRUE,FALSE,5.4575,5.4575e-4,480,1.1369791666666666e-4,cm2
Plot C,all,Plot C,3,June,2026-06-06,interval_end,0-0__148,Orbicella franksi,TRUE,TRUE,TRUE,FALSE,5.4025,5.402499999999999e-4,480,1.125520833333333e-4,cm2
Plot C,all,Plot C,3,June,2026-06-06,interval_end,0-0__149,Orbicella franksi,TRUE,TRUE,TRUE,FALSE,7.03,7.030000000000001e-4,480,1.4645833333333335e-4,cm2
Plot C,all,Plot C,3,June,2026-06-06,interval_end,0-0__15,Montastraea cavernosa,TRUE,TRUE,TRUE,FALSE,4.47,4.4699999999999997e-4,480,9.312499999999999e-5,cm2
Plot C,all,Plot C,3,June,2026-06-06,interval_end,0-0__150,Orbicella franksi,TRUE,TRUE,TRUE,FALSE,3.23,3.23e-4,480,6.729166666666667e-5,cm2
Plot C,all,Plot C,3,June,2026-06-06,interval_end,0-0__151,Orbicella franksi,TRUE,TRUE,TRUE,FALSE,10.945,0.0010945,480,2.280208333333333e-4,cm2
Plot C,all,Plot C,3,June,2026-06-06,interval_end,0-0__152,Orbicella franksi,TRUE,TRUE,TRUE,FALSE,2.9225,2.9225e-4,480,6.088541666666666e-5,cm2
Plot C,all,Plot C,3,June,2026-06-06,interval_end,0-0__153,Porites porites,TRUE,TRUE,TRUE,FALSE,9.6325,9.6325e-4,480,2.0067708333333336e-4,cm2
Plot C,all,Plot C,3,June,2026-06-06,interval_end,0-0__154,Orbicella franksi,TRUE,TRUE,TRUE,FALSE,7.8025,7.8025e-4,480,1.6255208333333331e-4,cm2
Plot C,all,Plot C,3,June,2026-06-06,interval_end,0-0__155,Orbicella franksi,TRUE,TRUE,TRUE,FALSE,4.4,4.4e-4,480,9.166666666666668e-5,cm2
Plot C,all,Plot C,3,June,2026-06-06,interval_end,0-0__156,Orbicella franksi,TRUE,TRUE,TRUE,FALSE,6.975,6.975e-4,480,1.453125e-4,cm2
Plot C,all,Plot C,3,June,2026-06-06,interval_end,0-0__157,Orbicella franksi,TRUE,TRUE,TRUE,FALSE,6.3125,6.3125e-4,480,1.3151041666666666e-4,cm2
Plot C,all,Plot C,3,June,2026-06-06,interval_end,0-0__158,Orbicella franksi,TRUE,TRUE,TRUE,FALSE,6.015,6.014999999999999e-4,480,1.253125e-4,cm2
Plot C,all,Plot C,3,June,2026-06-06,interval_end,0-0__159,Porites porites,TRUE,TRUE,TRUE,FALSE,10.0075,0.0010007500000000001,480,2.0848958333333337e-4,cm2
Plot C,all,Plot C,3,June,2026-06-06,interval_end,0-0__16,Montastraea cavernosa,TRUE,TRUE,TRUE,FALSE,1.485,1.485e-4,480,3.09375e-5,cm2
Plot C,all,Plot C,3,June,2026-06-06,interval_end,0-0__160,Orbicella franksi,TRUE,TRUE,TRUE,FALSE,3.665,3.665e-4,480,7.635416666666667e-5,cm2
Plot C,all,Plot C,3,June,2026-06-06,interval_end,0-0__161,Orbicella franksi,TRUE,TRUE,TRUE,FALSE,4.2275,4.2275e-4,480,8.807291666666667e-5,cm2
Plot C,all,Plot C,3,June,2026-06-06,interval_end,0-0__162,Orbicella franksi,TRUE,TRUE,TRUE,FALSE,3.8425,3.8425e-4,480,8.005208333333333e-5,cm2
Plot C,all,Plot C,3,June,2026-06-06,NA,0-0__163,Orbicella franksi,TRUE,FALSE,FALSE,TRUE,0,0,NA,NA,NA
Plot C,all,Plot C,3,June,2026-06-06,interval_end,0-0__164,Orbicella franksi,TRUE,TRUE,TRUE,FALSE,1.7525,1.7525e-4,480,3.6510416666666665e-5,cm2
Plot C,all,Plot C,3,June,2026-06-06,interval_end,0-0__165,Orbicella annularis,FALSE,TRUE,NA,FALSE,13.69,0.001369,480,2.8520833333333333e-4,cm2
Plot C,all,Plot C,3,June,2026-06-06,interval_end,0-0__166,Orbicella annularis,TRUE,TRUE,TRUE,FALSE,172.305,0.0172305,480,0.0035896875,cm2
Plot C,all,Plot C,3,June,2026-06-06,interval_end,0-0__167,Porites porites,TRUE,TRUE,TRUE,FALSE,1.565,1.5649999999999998e-4,480,3.260416666666666e-5,cm2
Plot C,all,Plot C,3,June,2026-06-06,interval_end,0-0__168,Porites porites,TRUE,TRUE,TRUE,FALSE,1,1e-4,480,2.0833333333333333e-5,cm2
Plot C,all,Plot C,3,June,2026-06-06,interval_end,0-0__169,Porites porites,TRUE,TRUE,TRUE,FALSE,1.11,1.1100000000000001e-4,480,2.3125000000000003e-5,cm2
Plot C,all,Plot C,3,June,2026-06-06,interval_end,0-0__17,Montastraea cavernosa,TRUE,TRUE,TRUE,FALSE,4.37,4.37e-4,480,9.104166666666667e-5,cm2
Plot C,all,Plot C,3,June,2026-06-06,interval_end,0-0__170,Porites porites,TRUE,TRUE,TRUE,FALSE,1.61,1.61e-4,480,3.3541666666666664e-5,cm2
Plot C,all,Plot C,3,June,2026-06-06,interval_end,0-0__171,Porites porites,TRUE,TRUE,TRUE,FALSE,0.9975,9.975e-5,480,2.078125e-5,cm2
Plot C,all,Plot C,3,June,2026-06-06,interval_end,0-0__172,Porites porites,TRUE,TRUE,TRUE,FALSE,0.5425,5.425e-5,480,1.1302083333333333e-5,cm2
Plot C,all,Plot C,3,June,2026-06-06,interval_end,0-0__173,Porites porites,TRUE,TRUE,TRUE,FALSE,1.425,1.425e-4,480,2.9687499999999997e-5,cm2
Plot C,all,Plot C,3,June,2026-06-06,interval_end,0-0__174,Porites porites,TRUE,TRUE,TRUE,FALSE,3.7925,3.7925e-4,480,7.901041666666667e-5,cm2
Plot C,all,Plot C,3,June,2026-06-06,interval_end,0-0__175,Porites porites,TRUE,TRUE,TRUE,FALSE,7.255,7.255e-4,480,1.5114583333333335e-4,cm2
Plot C,all,Plot C,3,June,2026-06-06,interval_end,0-0__176,Porites porites,TRUE,TRUE,TRUE,FALSE,3.46,3.46e-4,480,7.208333333333333e-5,cm2
Plot C,all,Plot C,3,June,2026-06-06,interval_end,0-0__177,Porites porites,TRUE,TRUE,TRUE,FALSE,2.1575,2.1575e-4,480,4.494791666666667e-5,cm2
Plot C,all,Plot C,3,June,2026-06-06,interval_end,0-0__178,Porites porites,TRUE,TRUE,TRUE,FALSE,4.295,4.295e-4,480,8.947916666666666e-5,cm2
Plot C,all,Plot C,3,June,2026-06-06,interval_end,0-0__179,Porites porites,TRUE,TRUE,TRUE,FALSE,4.92,4.92e-4,480,1.025e-4,cm2
Plot C,all,Plot C,3,June,2026-06-06,interval_end,0-0__18,Montastraea cavernosa,TRUE,TRUE,TRUE,FALSE,5.1325,5.1325e-4,480,0.00010692708333333335,cm2
Plot C,all,Plot C,3,June,2026-06-06,interval_end,0-0__180,Porites porites,TRUE,TRUE,TRUE,FALSE,10.1775,0.00101775,480,2.1203125e-4,cm2
Plot C,all,Plot C,3,June,2026-06-06,interval_end,0-0__181,Porites porites,TRUE,TRUE,TRUE,FALSE,3.2925,3.2925e-4,480,6.859375000000001e-5,cm2
Plot C,all,Plot C,3,June,2026-06-06,interval_end,0-0__182,Porites porites,TRUE,TRUE,TRUE,FALSE,7.2475,7.247499999999999e-4,480,1.5098958333333333e-4,cm2
Plot C,all,Plot C,3,June,2026-06-06,interval_end,0-0__183,Porites porites,TRUE,TRUE,TRUE,FALSE,5.8425,5.8425e-4,480,1.2171875000000001e-4,cm2
Plot C,all,Plot C,3,June,2026-06-06,interval_end,0-0__184,Porites porites,TRUE,TRUE,TRUE,FALSE,1.3625,1.3625e-4,480,2.8385416666666668e-5,cm2
Plot C,all,Plot C,3,June,2026-06-06,interval_end,0-0__185,Porites porites,TRUE,TRUE,TRUE,FALSE,4.1425,4.1425e-4,480,8.630208333333335e-5,cm2
Plot C,all,Plot C,3,June,2026-06-06,interval_end,0-0__186,Porites porites,TRUE,TRUE,TRUE,FALSE,2.6475,2.6475e-4,480,5.515625e-5,cm2
Plot C,all,Plot C,3,June,2026-06-06,interval_end,0-0__187,Porites porites,TRUE,TRUE,TRUE,FALSE,1.8275,1.8275e-4,480,3.807291666666666e-5,cm2
Plot C,all,Plot C,3,June,2026-06-06,interval_end,0-0__188,Porites porites,TRUE,TRUE,TRUE,FALSE,5.785,5.785e-4,480,1.2052083333333333e-4,cm2
Plot C,all,Plot C,3,June,2026-06-06,interval_end,0-0__189,Porites porites,TRUE,TRUE,TRUE,FALSE,2.0075,2.0074999999999997e-4,480,4.182291666666666e-5,cm2
Plot C,all,Plot C,3,June,2026-06-06,interval_end,0-0__19,Montastraea cavernosa,TRUE,TRUE,TRUE,FALSE,4.8975,4.8975e-4,480,1.0203124999999999e-4,cm2
Plot C,all,Plot C,3,June,2026-06-06,interval_end,0-0__190,Porites porites,TRUE,TRUE,TRUE,FALSE,1.64,1.64e-4,480,3.416666666666667e-5,cm2
Plot C,all,Plot C,3,June,2026-06-06,interval_end,0-0__191,Porites porites,TRUE,TRUE,TRUE,FALSE,2.8825,2.8825e-4,480,6.005208333333333e-5,cm2
Plot C,all,Plot C,3,June,2026-06-06,interval_end,0-0__192,Porites porites,TRUE,TRUE,TRUE,FALSE,2.085,2.085e-4,480,4.34375e-5,cm2
Plot C,all,Plot C,3,June,2026-06-06,interval_end,0-0__193,Porites porites,TRUE,TRUE,TRUE,FALSE,2.445,2.445e-4,480,5.09375e-5,cm2
Plot C,all,Plot C,3,June,2026-06-06,interval_end,0-0__194,Porites porites,TRUE,TRUE,TRUE,FALSE,3.095,3.0950000000000004e-4,480,6.447916666666668e-5,cm2
Plot C,all,Plot C,3,June,2026-06-06,interval_end,0-0__195,Porites porites,TRUE,TRUE,TRUE,FALSE,2.655,2.655e-4,480,5.53125e-5,cm2
Plot C,all,Plot C,3,June,2026-06-06,interval_end,0-0__196,Porites porites,TRUE,TRUE,TRUE,FALSE,4.435,4.4349999999999994e-4,480,9.239583333333331e-5,cm2
Plot C,all,Plot C,3,June,2026-06-06,interval_end,0-0__197,Porites porites,TRUE,TRUE,TRUE,FALSE,2.06,2.06e-4,480,4.291666666666667e-5,cm2
Plot C,all,Plot C,3,June,2026-06-06,interval_end,0-0__198,Porites porites,TRUE,TRUE,TRUE,FALSE,2.7425,2.7425e-4,480,5.713541666666667e-5,cm2
Plot C,all,Plot C,3,June,2026-06-06,interval_end,0-0__199,Porites porites,TRUE,TRUE,TRUE,FALSE,4.84,4.84e-4,480,1.0083333333333334e-4,cm2
Plot C,all,Plot C,3,June,2026-06-06,interval_end,0-0__2,Orbicella annularis,TRUE,TRUE,TRUE,FALSE,23.45,0.002345,480,4.885416666666666e-4,cm2
Plot C,all,Plot C,3,June,2026-06-06,interval_end,0-0__20,Montastraea cavernosa,TRUE,TRUE,TRUE,FALSE,1.335,1.335e-4,480,2.78125e-5,cm2
Plot C,all,Plot C,3,June,2026-06-06,interval_end,0-0__200,Porites porites,TRUE,TRUE,TRUE,FALSE,4.6975,4.6974999999999995e-4,480,9.786458333333332e-5,cm2
Plot C,all,Plot C,3,June,2026-06-06,interval_end,0-0__201,Porites porites,TRUE,TRUE,TRUE,FALSE,1.705,1.705e-4,480,3.5520833333333334e-5,cm2
Plot C,all,Plot C,3,June,2026-06-06,interval_end,0-0__202,Porites porites,TRUE,TRUE,TRUE,FALSE,1.9575,1.9575000000000001e-4,480,4.0781250000000005e-5,cm2
Plot C,all,Plot C,3,June,2026-06-06,interval_end,0-0__203,Porites porites,TRUE,FALSE,FALSE,TRUE,0,0,480,0,cm2
Plot C,all,Plot C,3,June,2026-06-06,interval_end,0-0__204,Porites porites,TRUE,TRUE,TRUE,FALSE,1.125,1.125e-4,480,2.34375e-5,cm2
Plot C,all,Plot C,3,June,2026-06-06,interval_end,0-0__205,Porites porites,TRUE,TRUE,TRUE,FALSE,2.2775,2.2774999999999998e-4,480,4.744791666666666e-5,cm2
Plot C,all,Plot C,3,June,2026-06-06,interval_end,0-0__206,Porites porites,TRUE,TRUE,TRUE,FALSE,2.9375,2.9375e-4,480,6.119791666666668e-5,cm2
Plot C,all,Plot C,3,June,2026-06-06,interval_end,0-0__207,Unidentified coral,TRUE,FALSE,FALSE,TRUE,0,0,480,0,cm2
Plot C,all,Plot C,3,June,2026-06-06,interval_end,0-0__208,Porites porites,TRUE,TRUE,TRUE,FALSE,4.09,4.0899999999999997e-4,480,8.520833333333334e-5,cm2
Plot C,all,Plot C,3,June,2026-06-06,interval_end,0-0__209,Porites porites,TRUE,TRUE,TRUE,FALSE,6.01,6.01e-4,480,1.2520833333333335e-4,cm2
Plot C,all,Plot C,3,June,2026-06-06,interval_end,0-0__21,Montastraea cavernosa,TRUE,TRUE,TRUE,FALSE,1.5125,1.5125e-4,480,3.1510416666666666e-5,cm2
Plot C,all,Plot C,3,June,2026-06-06,interval_end,0-0__210,Porites porites,TRUE,TRUE,TRUE,FALSE,1.3425,1.3425e-4,480,2.7968750000000002e-5,cm2
Plot C,all,Plot C,3,June,2026-06-06,interval_end,0-0__211,Porites porites,TRUE,TRUE,TRUE,FALSE,5.0025,5.0025e-4,480,1.0421875000000001e-4,cm2
Plot C,all,Plot C,3,June,2026-06-06,interval_end,0-0__212,Porites porites,TRUE,TRUE,TRUE,FALSE,3.015,3.015e-4,480,6.28125e-5,cm2
Plot C,all,Plot C,3,June,2026-06-06,interval_end,0-0__213,Porites porites,TRUE,TRUE,TRUE,FALSE,9.875,9.875e-4,480,2.0572916666666667e-4,cm2
Plot C,all,Plot C,3,June,2026-06-06,interval_end,0-0__214,Porites porites,TRUE,TRUE,TRUE,FALSE,1.53,1.53e-4,480,3.1875e-5,cm2
Plot C,all,Plot C,3,June,2026-06-06,interval_end,0-0__215,Porites porites,TRUE,TRUE,TRUE,FALSE,6.275,6.275e-4,480,1.3072916666666666e-4,cm2
Plot C,all,Plot C,3,June,2026-06-06,interval_end,0-0__216,Porites porites,TRUE,TRUE,TRUE,FALSE,5.035,5.035e-4,480,1.0489583333333335e-4,cm2
Plot C,all,Plot C,3,June,2026-06-06,interval_end,0-0__217,Porites porites,TRUE,TRUE,TRUE,FALSE,5.135,5.135e-4,480,1.0697916666666665e-4,cm2
Plot C,all,Plot C,3,June,2026-06-06,NA,0-0__218,Porites porites,TRUE,FALSE,FALSE,TRUE,0,0,NA,NA,NA
Plot C,all,Plot C,3,June,2026-06-06,interval_end,0-0__219,Porites porites,TRUE,TRUE,TRUE,FALSE,2.17,2.17e-4,480,4.520833333333333e-5,cm2
Plot C,all,Plot C,3,June,2026-06-06,interval_end,0-0__22,Orbicella annularis,TRUE,TRUE,TRUE,FALSE,23.22,0.002322,480,4.8374999999999997e-4,cm2
Plot C,all,Plot C,3,June,2026-06-06,interval_end,0-0__220,Porites porites,TRUE,TRUE,TRUE,FALSE,4.9825,4.9825e-4,480,1.0380208333333334e-4,cm2
Plot C,all,Plot C,3,June,2026-06-06,interval_end,0-0__221,Porites porites,TRUE,TRUE,TRUE,FALSE,3.6525,3.6524999999999996e-4,480,7.609374999999999e-5,cm2
Plot C,all,Plot C,3,June,2026-06-06,interval_end,0-0__222,Porites porites,TRUE,TRUE,TRUE,FALSE,5.3625,5.362499999999999e-4,480,1.1171874999999999e-4,cm2
Plot C,all,Plot C,3,June,2026-06-06,interval_end,0-0__223,Porites porites,TRUE,TRUE,TRUE,FALSE,4.075,4.0750000000000004e-4,480,8.489583333333333e-5,cm2
Plot C,all,Plot C,3,June,2026-06-06,interval_end,0-0__224,Porites porites,TRUE,TRUE,TRUE,FALSE,3.725,3.725e-4,480,7.760416666666666e-5,cm2
Plot C,all,Plot C,3,June,2026-06-06,interval_end,0-0__225,Porites porites,TRUE,TRUE,TRUE,FALSE,1.575,1.575e-4,480,3.28125e-5,cm2
Plot C,all,Plot C,3,June,2026-06-06,interval_end,0-0__226,Porites porites,TRUE,TRUE,TRUE,FALSE,1.2375,1.2375e-4,480,2.578125e-5,cm2
Plot C,all,Plot C,3,June,2026-06-06,interval_end,0-0__227,Porites porites,TRUE,TRUE,TRUE,FALSE,5.4325,5.4325e-4,480,1.1317708333333333e-4,cm2
Plot C,all,Plot C,3,June,2026-06-06,interval_end,0-0__228,Porites porites,TRUE,TRUE,TRUE,FALSE,0.8375,8.375e-5,480,1.7447916666666666e-5,cm2
Plot C,all,Plot C,3,June,2026-06-06,interval_end,0-0__229,Porites porites,TRUE,TRUE,TRUE,FALSE,1.4875,1.4875e-4,480,3.0989583333333336e-5,cm2
Plot C,all,Plot C,3,June,2026-06-06,interval_end,0-0__23,Montastraea cavernosa,TRUE,TRUE,TRUE,FALSE,0.9975,9.975e-5,480,2.078125e-5,cm2
Plot C,all,Plot C,3,June,2026-06-06,interval_end,0-0__230,Porites porites,TRUE,TRUE,TRUE,FALSE,4.585,4.585e-4,480,9.552083333333332e-5,cm2
Plot C,all,Plot C,3,June,2026-06-06,interval_end,0-0__231,Porites porites,TRUE,TRUE,TRUE,FALSE,3.5825,3.5825e-4,480,7.463541666666667e-5,cm2
Plot C,all,Plot C,3,June,2026-06-06,interval_end,0-0__232,Porites porites,TRUE,TRUE,TRUE,FALSE,6.1575,6.1575e-4,480,1.2828125e-4,cm2
Plot C,all,Plot C,3,June,2026-06-06,interval_end,0-0__233,Porites porites,TRUE,TRUE,TRUE,FALSE,4.645,4.6449999999999996e-4,480,9.677083333333333e-5,cm2
Plot C,all,Plot C,3,June,2026-06-06,interval_end,0-0__234,Porites porites,TRUE,TRUE,TRUE,FALSE,6.6175,6.6175e-4,480,1.3786458333333332e-4,cm2
Plot C,all,Plot C,3,June,2026-06-06,interval_end,0-0__235,Porites porites,TRUE,TRUE,TRUE,FALSE,5.15,5.15e-4,480,1.0729166666666668e-4,cm2
Plot C,all,Plot C,3,June,2026-06-06,interval_end,0-0__236,Porites porites,TRUE,TRUE,TRUE,FALSE,44.4275,0.0044427500000000005,480,9.255729166666668e-4,cm2
Plot C,all,Plot C,3,June,2026-06-06,interval_end,0-0__237,Orbicella faveolata,TRUE,TRUE,TRUE,FALSE,20.13,0.002013,480,4.19375e-4,cm2
Plot C,all,Plot C,3,June,2026-06-06,interval_end,0-0__238,Orbicella faveolata,TRUE,TRUE,TRUE,FALSE,51.3675,0.00513675,480,0.00107015625,cm2
Plot C,all,Plot C,3,June,2026-06-06,interval_end,0-0__239,Orbicella faveolata,TRUE,TRUE,TRUE,FALSE,13.57,0.0013570000000000001,480,2.827083333333334e-4,cm2
Plot C,all,Plot C,3,June,2026-06-06,interval_end,0-0__24,Montastraea cavernosa,TRUE,TRUE,TRUE,FALSE,3.875,3.875e-4,480,8.072916666666667e-5,cm2
Plot C,all,Plot C,3,June,2026-06-06,interval_end,0-0__240,Orbicella faveolata,TRUE,TRUE,TRUE,FALSE,7.78,7.78e-4,480,1.6208333333333336e-4,cm2
Plot C,all,Plot C,3,June,2026-06-06,interval_end,0-0__241,Orbicella faveolata,TRUE,TRUE,TRUE,FALSE,6.9925,6.9925e-4,480,1.4567708333333332e-4,cm2
Plot C,all,Plot C,3,June,2026-06-06,interval_end,0-0__242,Orbicella faveolata,TRUE,TRUE,TRUE,FALSE,31.2275,0.00312275,480,6.505729166666667e-4,cm2
Plot C,all,Plot C,3,June,2026-06-06,interval_end,0-0__243,Orbicella faveolata,TRUE,TRUE,TRUE,FALSE,7.195,7.195e-4,480,1.4989583333333334e-4,cm2
Plot C,all,Plot C,3,June,2026-06-06,interval_end,0-0__244,Orbicella faveolata,TRUE,TRUE,TRUE,FALSE,19.8475,0.00198475,480,4.134895833333333e-4,cm2
Plot C,all,Plot C,3,June,2026-06-06,interval_end,0-0__245,Porites porites,TRUE,TRUE,TRUE,FALSE,6.5175,6.5175e-4,480,1.3578125e-4,cm2
Plot C,all,Plot C,3,June,2026-06-06,interval_end,0-0__246,Orbicella faveolata,TRUE,TRUE,TRUE,FALSE,8.78,8.78e-4,480,1.8291666666666668e-4,cm2
Plot C,all,Plot C,3,June,2026-06-06,interval_end,0-0__247,Orbicella faveolata,TRUE,TRUE,TRUE,FALSE,8.0425,8.042500000000001e-4,480,1.6755208333333335e-4,cm2
Plot C,all,Plot C,3,June,2026-06-06,interval_end,0-0__248,Orbicella faveolata,TRUE,TRUE,TRUE,FALSE,21.6925,0.0021692499999999997,480,4.519270833333333e-4,cm2
Plot C,all,Plot C,3,June,2026-06-06,interval_end,0-0__249,Orbicella faveolata,TRUE,TRUE,TRUE,FALSE,21.1125,0.0021112500000000003,480,4.398437500000001e-4,cm2
Plot C,all,Plot C,3,June,2026-06-06,interval_end,0-0__25,Montastraea cavernosa,TRUE,TRUE,TRUE,FALSE,3.73,3.73e-4,480,7.770833333333333e-5,cm2
Plot C,all,Plot C,3,June,2026-06-06,interval_end,0-0__250,Porites porites,TRUE,TRUE,TRUE,FALSE,5.6075,5.607499999999999e-4,480,1.1682291666666665e-4,cm2
Plot C,all,Plot C,3,June,2026-06-06,interval_end,0-0__251,Orbicella faveolata,TRUE,TRUE,TRUE,FALSE,8.6525,8.6525e-4,480,1.8026041666666668e-4,cm2
Plot C,all,Plot C,3,June,2026-06-06,interval_end,0-0__252,Porites porites,TRUE,TRUE,TRUE,FALSE,4.08,4.08e-4,480,8.5e-5,cm2
Plot C,all,Plot C,3,June,2026-06-06,interval_end,0-0__253,Porites porites,TRUE,TRUE,TRUE,FALSE,2.135,2.1349999999999999e-4,480,4.447916666666666e-5,cm2
Plot C,all,Plot C,3,June,2026-06-06,interval_end,0-0__254,Porites porites,TRUE,TRUE,TRUE,FALSE,7.0225,7.0225e-4,480,1.4630208333333333e-4,cm2
Plot C,all,Plot C,3,June,2026-06-06,interval_end,0-0__255,Porites porites,TRUE,TRUE,TRUE,FALSE,8.5675,8.567500000000001e-4,480,1.7848958333333337e-4,cm2
Plot C,all,Plot C,3,June,2026-06-06,interval_end,0-0__256,Porites porites,TRUE,TRUE,TRUE,FALSE,3.985,3.985e-4,480,8.302083333333333e-5,cm2
Plot C,all,Plot C,3,June,2026-06-06,interval_end,0-0__257,Porites porites,TRUE,TRUE,TRUE,FALSE,4.0425,4.0425000000000004e-4,480,8.421875000000001e-5,cm2
Plot C,all,Plot C,3,June,2026-06-06,interval_end,0-0__258,Porites porites,TRUE,TRUE,TRUE,FALSE,0.785,7.85e-5,480,1.6354166666666667e-5,cm2
Plot C,all,Plot C,3,June,2026-06-06,interval_end,0-0__259,Porites porites,TRUE,TRUE,TRUE,FALSE,1.29,1.29e-4,480,2.6874999999999996e-5,cm2
Plot C,all,Plot C,3,June,2026-06-06,interval_end,0-0__26,Montastraea cavernosa,TRUE,TRUE,TRUE,FALSE,3.55,3.5499999999999996e-4,480,7.395833333333333e-5,cm2
Plot C,all,Plot C,3,June,2026-06-06,interval_end,0-0__260,Porites porites,TRUE,TRUE,TRUE,FALSE,1.245,1.2450000000000002e-4,480,2.5937500000000004e-5,cm2
Plot C,all,Plot C,3,June,2026-06-06,interval_end,0-0__261,Porites porites,TRUE,TRUE,TRUE,FALSE,0.5675,5.675e-5,480,1.1822916666666665e-5,cm2
Plot C,all,Plot C,3,June,2026-06-06,interval_end,0-0__262,Porites porites,TRUE,TRUE,TRUE,FALSE,7.2275,7.2275e-4,480,1.5057291666666664e-4,cm2
Plot C,all,Plot C,3,June,2026-06-06,interval_end,0-0__263,Porites porites,TRUE,TRUE,TRUE,FALSE,6.625,6.625e-4,480,1.3802083333333334e-4,cm2
Plot C,all,Plot C,3,June,2026-06-06,interval_end,0-0__264,Porites porites,TRUE,TRUE,TRUE,FALSE,2.515,2.515e-4,480,5.239583333333333e-5,cm2
Plot C,all,Plot C,3,June,2026-06-06,interval_end,0-0__265,Porites porites,TRUE,TRUE,TRUE,FALSE,6.8175,6.8175e-4,480,1.4203124999999999e-4,cm2
Plot C,all,Plot C,3,June,2026-06-06,interval_end,0-0__266,Porites porites,TRUE,TRUE,TRUE,FALSE,5.1525,5.1525e-4,480,1.0734374999999999e-4,cm2
Plot C,all,Plot C,3,June,2026-06-06,interval_end,0-0__267,Porites porites,TRUE,TRUE,TRUE,FALSE,1.3425,1.3425e-4,480,2.7968750000000002e-5,cm2
Plot C,all,Plot C,3,June,2026-06-06,interval_end,0-0__268,Porites porites,TRUE,TRUE,TRUE,FALSE,2.64,2.64e-4,480,5.500000000000001e-5,cm2
Plot C,all,Plot C,3,June,2026-06-06,interval_end,0-0__269,Porites porites,TRUE,TRUE,TRUE,FALSE,2.165,2.165e-4,480,4.510416666666667e-5,cm2
Plot C,all,Plot C,3,June,2026-06-06,interval_end,0-0__27,Montastraea cavernosa,TRUE,TRUE,TRUE,FALSE,3.755,3.7549999999999997e-4,480,7.822916666666667e-5,cm2
Plot C,all,Plot C,3,June,2026-06-06,interval_end,0-0__270,Porites porites,TRUE,TRUE,TRUE,FALSE,1.845,1.8449999999999999e-4,480,3.843749999999999e-5,cm2
Plot C,all,Plot C,3,June,2026-06-06,interval_end,0-0__271,Porites porites,TRUE,TRUE,TRUE,FALSE,6.695,6.695000000000001e-4,480,1.3947916666666668e-4,cm2
Plot C,all,Plot C,3,June,2026-06-06,interval_end,0-0__272,Porites porites,TRUE,TRUE,TRUE,FALSE,9.145,9.145e-4,480,0.00019052083333333331,cm2
Plot C,all,Plot C,3,June,2026-06-06,interval_end,0-0__273,Porites porites,TRUE,TRUE,TRUE,FALSE,2.6175,2.6175e-4,480,5.453125e-5,cm2
Plot C,all,Plot C,3,June,2026-06-06,interval_end,0-0__274,Porites porites,TRUE,TRUE,TRUE,FALSE,9.235,9.235e-4,480,1.9239583333333335e-4,cm2
Plot C,all,Plot C,3,June,2026-06-06,interval_end,0-0__275,Porites porites,TRUE,TRUE,TRUE,FALSE,8.9925,8.9925e-4,480,1.8734375e-4,cm2
Plot C,all,Plot C,3,June,2026-06-06,interval_end,0-0__276,Porites porites,TRUE,TRUE,TRUE,FALSE,2.4625,2.4625e-4,480,5.1302083333333335e-5,cm2
Plot C,all,Plot C,3,June,2026-06-06,interval_end,0-0__277,Porites porites,TRUE,TRUE,TRUE,FALSE,3.8175,3.8175e-4,480,7.953125e-5,cm2
Plot C,all,Plot C,3,June,2026-06-06,interval_end,0-0__278,Orbicella franksi,TRUE,TRUE,TRUE,FALSE,13.0775,0.00130775,480,2.7244791666666666e-4,cm2
Plot C,all,Plot C,3,June,2026-06-06,interval_end,0-0__279,Orbicella franksi,TRUE,TRUE,TRUE,FALSE,5.7575,5.7575e-4,480,1.1994791666666667e-4,cm2
Plot C,all,Plot C,3,June,2026-06-06,interval_end,0-0__28,Montastraea cavernosa,TRUE,TRUE,TRUE,FALSE,4.0975,4.0975e-4,480,8.536458333333334e-5,cm2
Plot C,all,Plot C,3,June,2026-06-06,interval_end,0-0__280,Orbicella franksi,TRUE,TRUE,TRUE,FALSE,3.59,3.59e-4,480,7.479166666666666e-5,cm2
Plot C,all,Plot C,3,June,2026-06-06,interval_end,0-0__281,Orbicella franksi,TRUE,TRUE,TRUE,FALSE,5.9875,5.9875e-4,480,1.2473958333333334e-4,cm2
Plot C,all,Plot C,3,June,2026-06-06,interval_end,0-0__282,Orbicella franksi,FALSE,TRUE,NA,FALSE,3.76,3.76e-4,480,7.833333333333332e-5,cm2
Plot C,all,Plot C,3,June,2026-06-06,interval_end,0-0__283,Orbicella franksi,TRUE,TRUE,TRUE,FALSE,4.865,4.865e-4,480,1.0135416666666667e-4,cm2
Plot C,all,Plot C,3,June,2026-06-06,interval_end,0-0__284,Orbicella franksi,TRUE,TRUE,TRUE,FALSE,4.0125,4.0125e-4,480,8.359375e-5,cm2
Plot C,all,Plot C,3,June,2026-06-06,interval_end,0-0__285,Orbicella franksi,TRUE,TRUE,TRUE,FALSE,3.565,3.565e-4,480,7.427083333333333e-5,cm2
Plot C,all,Plot C,3,June,2026-06-06,interval_end,0-0__286,Orbicella franksi,TRUE,TRUE,TRUE,FALSE,2.4525,2.4525e-4,480,5.1093750000000005e-5,cm2
Plot C,all,Plot C,3,June,2026-06-06,interval_end,0-0__287,Orbicella franksi,TRUE,TRUE,TRUE,FALSE,4.745,4.745e-4,480,9.885416666666666e-5,cm2
Plot C,all,Plot C,3,June,2026-06-06,interval_end,0-0__288,Orbicella franksi,TRUE,TRUE,TRUE,FALSE,2.985,2.985e-4,480,6.21875e-5,cm2
Plot C,all,Plot C,3,June,2026-06-06,interval_end,0-0__289,Orbicella franksi,TRUE,TRUE,TRUE,FALSE,5.5975,5.5975e-4,480,1.1661458333333334e-4,cm2
Plot C,all,Plot C,3,June,2026-06-06,interval_end,0-0__29,Montastraea cavernosa,TRUE,TRUE,TRUE,FALSE,3.7525,3.7525e-4,480,7.817708333333332e-5,cm2
Plot C,all,Plot C,3,June,2026-06-06,interval_end,0-0__290,Orbicella franksi,TRUE,TRUE,TRUE,FALSE,5.055,5.055e-4,480,1.0531249999999999e-4,cm2
Plot C,all,Plot C,3,June,2026-06-06,interval_end,0-0__291,Orbicella franksi,TRUE,TRUE,TRUE,FALSE,3.5575,3.5575e-4,480,7.411458333333334e-5,cm2
Plot C,all,Plot C,3,June,2026-06-06,interval_end,0-0__292,Orbicella faveolata,TRUE,TRUE,TRUE,FALSE,38.8675,0.00388675,480,8.097395833333333e-4,cm2
Plot C,all,Plot C,3,June,2026-06-06,interval_end,0-0__293,Orbicella faveolata,TRUE,TRUE,TRUE,FALSE,37.7,0.0037700000000000003,480,7.854166666666668e-4,cm2
Plot C,all,Plot C,3,June,2026-06-06,interval_end,0-0__294,Orbicella faveolata,TRUE,TRUE,TRUE,FALSE,30.1025,0.00301025,480,6.271354166666667e-4,cm2
Plot C,all,Plot C,3,June,2026-06-06,interval_end,0-0__295,Orbicella faveolata,TRUE,TRUE,TRUE,FALSE,10.655,0.0010655,480,2.2197916666666668e-4,cm2
Plot C,all,Plot C,3,June,2026-06-06,interval_end,0-0__296,Orbicella faveolata,TRUE,TRUE,TRUE,FALSE,10.3975,0.00103975,480,2.1661458333333336e-4,cm2
Plot C,all,Plot C,3,June,2026-06-06,interval_end,0-0__297,Orbicella faveolata,TRUE,TRUE,TRUE,FALSE,16.175,0.0016175,480,3.369791666666667e-4,cm2
Plot C,all,Plot C,3,June,2026-06-06,interval_end,0-0__298,Orbicella faveolata,TRUE,TRUE,TRUE,FALSE,64.98,0.006498,480,0.0013537500000000001,cm2
Plot C,all,Plot C,3,June,2026-06-06,interval_end,0-0__299,Orbicella faveolata,TRUE,TRUE,TRUE,FALSE,9.2975,9.297499999999999e-4,480,1.9369791666666664e-4,cm2
Plot C,all,Plot C,3,June,2026-06-06,interval_end,0-0__3,Montastraea cavernosa,TRUE,TRUE,TRUE,FALSE,3.505,3.505e-4,480,7.302083333333333e-5,cm2
Plot C,all,Plot C,3,June,2026-06-06,interval_end,0-0__30,Montastraea cavernosa,TRUE,TRUE,TRUE,FALSE,4.5925,4.5925e-4,480,9.567708333333333e-5,cm2
Plot C,all,Plot C,3,June,2026-06-06,interval_end,0-0__300,Orbicella faveolata,TRUE,TRUE,TRUE,FALSE,8.5825,8.5825e-4,480,1.7880208333333333e-4,cm2
Plot C,all,Plot C,3,June,2026-06-06,NA,0-0__301,Orbicella faveolata,TRUE,FALSE,FALSE,TRUE,0,0,NA,NA,NA
Plot C,all,Plot C,3,June,2026-06-06,interval_end,0-0__302,Orbicella faveolata,TRUE,TRUE,TRUE,FALSE,8.83,8.83e-4,480,1.8395833333333334e-4,cm2
Plot C,all,Plot C,3,June,2026-06-06,NA,0-0__303,Orbicella faveolata,TRUE,FALSE,FALSE,TRUE,0,0,NA,NA,NA
Plot C,all,Plot C,3,June,2026-06-06,interval_end,0-0__31,Montastraea cavernosa,TRUE,TRUE,TRUE,FALSE,4.505,4.505e-4,480,9.385416666666666e-5,cm2
Plot C,all,Plot C,3,June,2026-06-06,interval_end,0-0__32,Montastraea cavernosa,TRUE,TRUE,TRUE,FALSE,5.03,5.03e-4,480,1.0479166666666666e-4,cm2
Plot C,all,Plot C,3,June,2026-06-06,interval_end,0-0__33,Montastraea cavernosa,TRUE,TRUE,TRUE,FALSE,4.9925,4.9925e-4,480,1.0401041666666668e-4,cm2
Plot C,all,Plot C,3,June,2026-06-06,interval_end,0-0__34,Montastraea cavernosa,TRUE,TRUE,TRUE,FALSE,5.155,5.155e-4,480,1.0739583333333333e-4,cm2
Plot C,all,Plot C,3,June,2026-06-06,interval_end,0-0__35,Montastraea cavernosa,TRUE,TRUE,TRUE,FALSE,3.8575,3.8574999999999997e-4,480,8.036458333333333e-5,cm2
Plot C,all,Plot C,3,June,2026-06-06,interval_end,0-0__36,Montastraea cavernosa,TRUE,TRUE,TRUE,FALSE,3.965,3.965e-4,480,8.260416666666666e-5,cm2
Plot C,all,Plot C,3,June,2026-06-06,interval_end,0-0__37,Montastraea cavernosa,TRUE,TRUE,TRUE,FALSE,5.2375,5.2375e-4,480,1.0911458333333334e-4,cm2
Plot C,all,Plot C,3,June,2026-06-06,interval_end,0-0__38,Montastraea cavernosa,TRUE,TRUE,TRUE,FALSE,3.89,3.89e-4,480,8.104166666666668e-5,cm2
Plot C,all,Plot C,3,June,2026-06-06,interval_end,0-0__39,Montastraea cavernosa,TRUE,TRUE,TRUE,FALSE,7.2275,7.2275e-4,480,1.5057291666666664e-4,cm2
Plot C,all,Plot C,3,June,2026-06-06,interval_end,0-0__4,Montastraea cavernosa,TRUE,TRUE,TRUE,FALSE,5.02,5.02e-4,480,1.0458333333333332e-4,cm2
Plot C,all,Plot C,3,June,2026-06-06,interval_end,0-0__40,Montastraea cavernosa,TRUE,TRUE,TRUE,FALSE,4.4375,4.4375e-4,480,9.244791666666668e-5,cm2
Plot C,all,Plot C,3,June,2026-06-06,interval_end,0-0__41,Montastraea cavernosa,TRUE,TRUE,TRUE,FALSE,3.525,3.525e-4,480,7.34375e-5,cm2
Plot C,all,Plot C,3,June,2026-06-06,interval_end,0-0__42,Montastraea cavernosa,TRUE,TRUE,TRUE,FALSE,4.675,4.675e-4,480,9.739583333333333e-5,cm2
Plot C,all,Plot C,3,June,2026-06-06,interval_end,0-0__43,Montastraea cavernosa,TRUE,TRUE,TRUE,FALSE,5.155,5.155e-4,480,1.0739583333333333e-4,cm2
Plot C,all,Plot C,3,June,2026-06-06,interval_end,0-0__44,Orbicella annularis,TRUE,TRUE,TRUE,FALSE,16.1225,0.00161225,480,3.358854166666667e-4,cm2
Plot C,all,Plot C,3,June,2026-06-06,interval_end,0-0__45,Montastraea cavernosa,TRUE,TRUE,TRUE,FALSE,3.8125,3.8125e-4,480,7.942708333333333e-5,cm2
Plot C,all,Plot C,3,June,2026-06-06,interval_end,0-0__46,Montastraea cavernosa,TRUE,TRUE,TRUE,FALSE,2.2075,2.2075e-4,480,4.5989583333333334e-5,cm2
Plot C,all,Plot C,3,June,2026-06-06,interval_end,0-0__47,Montastraea cavernosa,TRUE,TRUE,TRUE,FALSE,3.92,3.92e-4,480,8.166666666666667e-5,cm2
Plot C,all,Plot C,3,June,2026-06-06,interval_end,0-0__48,Montastraea cavernosa,TRUE,TRUE,TRUE,FALSE,3.1325,3.1325e-4,480,6.526041666666666e-5,cm2
Plot C,all,Plot C,3,June,2026-06-06,interval_end,0-0__49,Montastraea cavernosa,TRUE,TRUE,TRUE,FALSE,2.045,2.0449999999999998e-4,480,4.260416666666667e-5,cm2
Plot C,all,Plot C,3,June,2026-06-06,interval_end,0-0__5,Montastraea cavernosa,TRUE,TRUE,TRUE,FALSE,3.3425,3.3424999999999997e-4,480,6.963541666666666e-5,cm2
Plot C,all,Plot C,3,June,2026-06-06,interval_end,0-0__50,Montastraea cavernosa,TRUE,TRUE,TRUE,FALSE,3.9525,3.9525000000000004e-4,480,8.234375e-5,cm2
Plot C,all,Plot C,3,June,2026-06-06,interval_end,0-0__51,Montastraea cavernosa,TRUE,TRUE,TRUE,FALSE,4.02,4.0199999999999996e-4,480,8.374999999999999e-5,cm2
Plot C,all,Plot C,3,June,2026-06-06,interval_end,0-0__52,Montastraea cavernosa,TRUE,TRUE,TRUE,FALSE,2.97,2.97e-4,480,6.1875e-5,cm2
Plot C,all,Plot C,3,June,2026-06-06,interval_end,0-0__53,Montastraea cavernosa,TRUE,TRUE,TRUE,FALSE,3.4925,3.4925e-4,480,7.276041666666667e-5,cm2
Plot C,all,Plot C,3,June,2026-06-06,interval_end,0-0__54,Montastraea cavernosa,TRUE,TRUE,TRUE,FALSE,3.135,3.135e-4,480,6.53125e-5,cm2
Plot C,all,Plot C,3,June,2026-06-06,interval_end,0-0__55,Montastraea cavernosa,TRUE,TRUE,TRUE,FALSE,5.385,5.385e-4,480,1.1218750000000001e-4,cm2
Plot C,all,Plot C,3,June,2026-06-06,interval_end,0-0__56,Montastraea cavernosa,TRUE,TRUE,TRUE,FALSE,3.33,3.33e-4,480,6.9375e-5,cm2
Plot C,all,Plot C,3,June,2026-06-06,interval_end,0-0__57,Montastraea cavernosa,TRUE,TRUE,TRUE,FALSE,1.9525,1.9525e-4,480,4.0677083333333334e-5,cm2
Plot C,all,Plot C,3,June,2026-06-06,interval_end,0-0__58,Orbicella annularis,FALSE,TRUE,NA,FALSE,18.8625,0.0018862500000000001,480,3.9296875000000003e-4,cm2
Plot C,all,Plot C,3,June,2026-06-06,interval_end,0-0__59,Montastraea cavernosa,TRUE,TRUE,TRUE,FALSE,4.09,4.0899999999999997e-4,480,8.520833333333334e-5,cm2
Plot C,all,Plot C,3,June,2026-06-06,interval_end,0-0__6,Montastraea cavernosa,TRUE,TRUE,TRUE,FALSE,4.415,4.415e-4,480,9.197916666666667e-5,cm2
Plot C,all,Plot C,3,June,2026-06-06,interval_end,0-0__60,Montastraea cavernosa,TRUE,TRUE,TRUE,FALSE,4.2375,4.2375e-4,480,8.828125e-5,cm2
Plot C,all,Plot C,3,June,2026-06-06,interval_end,0-0__61,Montastraea cavernosa,TRUE,TRUE,TRUE,FALSE,2.2725,2.2725e-4,480,4.7343749999999995e-5,cm2
Plot C,all,Plot C,3,June,2026-06-06,interval_end,0-0__62,Montastraea cavernosa,TRUE,TRUE,TRUE,FALSE,3.96,3.96e-4,480,8.249999999999999e-5,cm2
Plot C,all,Plot C,3,June,2026-06-06,interval_end,0-0__63,Montastraea cavernosa,TRUE,TRUE,TRUE,FALSE,5.135,5.135e-4,480,1.0697916666666665e-4,cm2
Plot C,all,Plot C,3,June,2026-06-06,interval_end,0-0__64,Montastraea cavernosa,TRUE,TRUE,TRUE,FALSE,4.4525,4.4524999999999995e-4,480,9.276041666666665e-5,cm2
Plot C,all,Plot C,3,June,2026-06-06,interval_end,0-0__65,Montastraea cavernosa,TRUE,TRUE,TRUE,FALSE,1.8825,1.8825e-4,480,3.9218749999999994e-5,cm2
Plot C,all,Plot C,3,June,2026-06-06,interval_end,0-0__66,Porites porites,TRUE,TRUE,TRUE,FALSE,13.445,0.0013445,480,2.801041666666666e-4,cm2
Plot C,all,Plot C,3,June,2026-06-06,interval_end,0-0__67,Porites porites,TRUE,TRUE,TRUE,FALSE,7.135,7.134999999999999e-4,480,1.4864583333333334e-4,cm2
Plot C,all,Plot C,3,June,2026-06-06,interval_end,0-0__68,Montastraea cavernosa,TRUE,TRUE,TRUE,FALSE,4.1425,4.1425e-4,480,8.630208333333335e-5,cm2
Plot C,all,Plot C,3,June,2026-06-06,interval_end,0-0__69,Montastraea cavernosa,TRUE,TRUE,TRUE,FALSE,3.8375,3.8375e-4,480,7.994791666666667e-5,cm2
Plot C,all,Plot C,3,June,2026-06-06,interval_end,0-0__7,Montastraea cavernosa,TRUE,TRUE,TRUE,FALSE,4.13,4.13e-4,480,8.604166666666668e-5,cm2
Plot C,all,Plot C,3,June,2026-06-06,interval_end,0-0__70,Montastraea cavernosa,TRUE,TRUE,TRUE,FALSE,4.4675,4.4675000000000004e-4,480,9.307291666666668e-5,cm2
Plot C,all,Plot C,3,June,2026-06-06,interval_end,0-0__71,Montastraea cavernosa,TRUE,TRUE,TRUE,FALSE,5.14,5.139999999999999e-4,480,1.0708333333333333e-4,cm2
Plot C,all,Plot C,3,June,2026-06-06,interval_end,0-0__72,Montastraea cavernosa,TRUE,TRUE,TRUE,FALSE,4.77,4.7699999999999994e-4,480,9.937499999999999e-5,cm2
Plot C,all,Plot C,3,June,2026-06-06,interval_end,0-0__73,Montastraea cavernosa,TRUE,TRUE,TRUE,FALSE,6.08,6.08e-4,480,1.266666666666667e-4,cm2
Plot C,all,Plot C,3,June,2026-06-06,interval_end,0-0__74,Montastraea cavernosa,TRUE,TRUE,TRUE,FALSE,3.8975,3.8975e-4,480,8.119791666666667e-5,cm2
Plot C,all,Plot C,3,June,2026-06-06,interval_end,0-0__75,Montastraea cavernosa,TRUE,TRUE,TRUE,FALSE,4.4875,4.4875e-4,480,9.348958333333332e-5,cm2
Plot C,all,Plot C,3,June,2026-06-06,interval_end,0-0__76,Montastraea cavernosa,TRUE,TRUE,TRUE,FALSE,5.4975,5.4975e-4,480,1.1453125000000001e-4,cm2
Plot C,all,Plot C,3,June,2026-06-06,interval_end,0-0__77,Montastraea cavernosa,TRUE,TRUE,TRUE,FALSE,4.475,4.475e-4,480,9.322916666666666e-5,cm2
Plot C,all,Plot C,3,June,2026-06-06,interval_end,0-0__78,Montastraea cavernosa,TRUE,TRUE,TRUE,FALSE,5.9275,5.927500000000001e-4,480,1.2348958333333336e-4,cm2
Plot C,all,Plot C,3,June,2026-06-06,interval_end,0-0__79,Montastraea cavernosa,TRUE,TRUE,TRUE,FALSE,7.355,7.355e-4,480,1.5322916666666667e-4,cm2
Plot C,all,Plot C,3,June,2026-06-06,interval_end,0-0__8,Montastraea cavernosa,TRUE,TRUE,TRUE,FALSE,3.5775,3.5775e-4,480,7.453125e-5,cm2
Plot C,all,Plot C,3,June,2026-06-06,interval_end,0-0__80,Montastraea cavernosa,TRUE,TRUE,TRUE,FALSE,2.6125,2.6125e-4,480,5.442708333333333e-5,cm2
Plot C,all,Plot C,3,June,2026-06-06,interval_end,0-0__81,Montastraea cavernosa,TRUE,TRUE,TRUE,FALSE,5.3425,5.3425e-4,480,1.1130208333333333e-4,cm2
Plot C,all,Plot C,3,June,2026-06-06,interval_end,0-0__82,Montastraea cavernosa,TRUE,TRUE,TRUE,FALSE,3.1725,3.1725e-4,480,6.609374999999999e-5,cm2
Plot C,all,Plot C,3,June,2026-06-06,interval_end,0-0__83,Montastraea cavernosa,TRUE,TRUE,TRUE,FALSE,6.065,6.065e-4,480,1.2635416666666668e-4,cm2
Plot C,all,Plot C,3,June,2026-06-06,interval_end,0-0__84,Montastraea cavernosa,TRUE,TRUE,TRUE,FALSE,4.1675,4.1675e-4,480,8.682291666666668e-5,cm2
Plot C,all,Plot C,3,June,2026-06-06,interval_end,0-0__85,Montastraea cavernosa,TRUE,TRUE,TRUE,FALSE,5.975,5.974999999999999e-4,480,1.2447916666666667e-4,cm2
Plot C,all,Plot C,3,June,2026-06-06,interval_end,0-0__86,Montastraea cavernosa,TRUE,TRUE,TRUE,FALSE,6.1425,6.1425e-4,480,1.2796875e-4,cm2
Plot C,all,Plot C,3,June,2026-06-06,interval_end,0-0__87,Montastraea cavernosa,TRUE,TRUE,TRUE,FALSE,4.545,4.545e-4,480,9.468749999999999e-5,cm2
Plot C,all,Plot C,3,June,2026-06-06,interval_end,0-0__88,Porites porites,TRUE,TRUE,TRUE,FALSE,6.585,6.585e-4,480,1.3718750000000002e-4,cm2
Plot C,all,Plot C,3,June,2026-06-06,interval_end,0-0__89,Orbicella annularis,TRUE,TRUE,TRUE,FALSE,15.1375,0.00151375,480,3.153645833333333e-4,cm2
Plot C,all,Plot C,3,June,2026-06-06,interval_end,0-0__9,Montastraea cavernosa,TRUE,TRUE,TRUE,FALSE,1.1975,1.1975e-4,480,2.4947916666666665e-5,cm2
Plot C,all,Plot C,3,June,2026-06-06,interval_end,0-0__90,Porites porites,TRUE,TRUE,TRUE,FALSE,2.315,2.315e-4,480,4.822916666666667e-5,cm2
Plot C,all,Plot C,3,June,2026-06-06,interval_end,0-0__91,Porites porites,TRUE,TRUE,TRUE,FALSE,1.035,1.035e-4,480,2.15625e-5,cm2
Plot C,all,Plot C,3,June,2026-06-06,interval_end,0-0__92,Porites porites,TRUE,TRUE,TRUE,FALSE,6.1125,6.1125e-4,480,1.2734375000000002e-4,cm2
Plot C,all,Plot C,3,June,2026-06-06,interval_end,0-0__93,Porites porites,TRUE,TRUE,TRUE,FALSE,5.995,5.995e-4,480,1.2489583333333333e-4,cm2
Plot C,all,Plot C,3,June,2026-06-06,interval_end,0-0__94,Porites porites,TRUE,TRUE,TRUE,FALSE,4.045,4.0449999999999997e-4,480,8.427083333333333e-5,cm2
Plot C,all,Plot C,3,June,2026-06-06,interval_end,0-0__95,Porites porites,TRUE,TRUE,TRUE,FALSE,5.0025,5.0025e-4,480,1.0421875000000001e-4,cm2
Plot C,all,Plot C,3,June,2026-06-06,interval_end,0-0__96,Porites porites,TRUE,TRUE,TRUE,FALSE,1.4425,1.4424999999999998e-4,480,3.005208333333333e-5,cm2
Plot C,all,Plot C,3,June,2026-06-06,interval_end,0-0__97,Porites porites,TRUE,TRUE,TRUE,FALSE,9.7025,9.702500000000001e-4,480,2.021354166666667e-4,cm2
Plot C,all,Plot C,3,June,2026-06-06,interval_end,0-0__98,Porites porites,TRUE,TRUE,TRUE,FALSE,0.85,8.499999999999999e-5,480,1.770833333333333e-5,cm2
Plot C,all,Plot C,3,June,2026-06-06,interval_end,0-0__99,Porites porites,TRUE,TRUE,TRUE,FALSE,4.0725,4.0725e-4,480,8.484375e-5,cm2
Plot C,all,Plot C,3,June,2026-06-06,interval_end,1-0__0,Orbicella annularis,TRUE,TRUE,TRUE,FALSE,25.345,0.0025345,480,5.280208333333334e-4,cm2
Plot C,all,Plot C,3,June,2026-06-06,interval_end,1-0__1,Orbicella annularis,TRUE,TRUE,TRUE,FALSE,0.6625,6.625e-5,480,1.3802083333333333e-5,cm2
Plot C,all,Plot C,3,June,2026-06-06,interval_end,1-0__10,Orbicella annularis,TRUE,TRUE,TRUE,FALSE,0.935,9.350000000000001e-5,480,1.9479166666666668e-5,cm2
Plot C,all,Plot C,3,June,2026-06-06,interval_end,1-0__100,Orbicella franksi,TRUE,TRUE,TRUE,FALSE,4.7225,4.7225e-4,480,9.838541666666668e-5,cm2
Plot C,all,Plot C,3,June,2026-06-06,interval_end,1-0__101,Orbicella franksi,TRUE,TRUE,TRUE,FALSE,8.215,8.215e-4,480,1.7114583333333334e-4,cm2
Plot C,all,Plot C,3,June,2026-06-06,NA,1-0__102,Orbicella franksi,TRUE,FALSE,FALSE,TRUE,0,0,NA,NA,NA
Plot C,all,Plot C,3,June,2026-06-06,interval_end,1-0__103,Orbicella franksi,TRUE,TRUE,TRUE,FALSE,7.0925,7.0925e-4,480,1.4776041666666667e-4,cm2
Plot C,all,Plot C,3,June,2026-06-06,interval_end,1-0__104,Montastraea cavernosa,TRUE,TRUE,TRUE,FALSE,5.2425,5.2425e-4,480,1.0921875e-4,cm2
Plot C,all,Plot C,3,June,2026-06-06,interval_end,1-0__105,Orbicella franksi,TRUE,TRUE,TRUE,FALSE,4.33,4.33e-4,480,9.020833333333334e-5,cm2
Plot C,all,Plot C,3,June,2026-06-06,interval_end,1-0__106,Orbicella franksi,TRUE,TRUE,TRUE,FALSE,3.33,3.33e-4,480,6.9375e-5,cm2
Plot C,all,Plot C,3,June,2026-06-06,interval_end,1-0__107,Montastraea cavernosa,TRUE,TRUE,TRUE,FALSE,6.9825,6.9825e-4,480,1.4546875e-4,cm2
Plot C,all,Plot C,3,June,2026-06-06,interval_end,1-0__108,Montastraea cavernosa,TRUE,TRUE,TRUE,FALSE,1.66,1.66e-4,480,3.458333333333333e-5,cm2
Plot C,all,Plot C,3,June,2026-06-06,interval_end,1-0__109,Montastraea cavernosa,TRUE,TRUE,TRUE,FALSE,2.7675,2.7675000000000003e-4,480,5.765625e-5,cm2
Plot C,all,Plot C,3,June,2026-06-06,interval_end,1-0__11,Orbicella annularis,TRUE,TRUE,TRUE,FALSE,0.865,8.65e-5,480,1.8020833333333332e-5,cm2
Plot C,all,Plot C,3,June,2026-06-06,interval_end,1-0__110,Orbicella franksi,TRUE,TRUE,TRUE,FALSE,2.02,2.02e-4,480,4.208333333333333e-5,cm2
Plot C,all,Plot C,3,June,2026-06-06,interval_end,1-0__111,Montastraea cavernosa,TRUE,TRUE,TRUE,FALSE,2.87,2.8700000000000004e-4,480,5.979166666666667e-5,cm2
Plot C,all,Plot C,3,June,2026-06-06,interval_end,1-0__112,Montastraea cavernosa,TRUE,TRUE,TRUE,FALSE,3.135,3.135e-4,480,6.53125e-5,cm2
Plot C,all,Plot C,3,June,2026-06-06,interval_end,1-0__113,Orbicella franksi,TRUE,TRUE,TRUE,FALSE,3.265,3.265e-4,480,6.802083333333334e-5,cm2
Plot C,all,Plot C,3,June,2026-06-06,interval_end,1-0__114,Montastraea cavernosa,TRUE,TRUE,TRUE,FALSE,4.17,4.17e-4,480,8.6875e-5,cm2
Plot C,all,Plot C,3,June,2026-06-06,interval_end,1-0__115,Montastraea cavernosa,TRUE,TRUE,TRUE,FALSE,5.18,5.18e-4,480,1.0791666666666667e-4,cm2
Plot C,all,Plot C,3,June,2026-06-06,interval_end,1-0__116,Montastraea cavernosa,TRUE,TRUE,TRUE,FALSE,2.9,2.9e-4,480,6.041666666666667e-5,cm2
Plot C,all,Plot C,3,June,2026-06-06,interval_end,1-0__117,Montastraea cavernosa,TRUE,TRUE,TRUE,FALSE,3.0425,3.0425e-4,480,6.338541666666667e-5,cm2
Plot C,all,Plot C,3,June,2026-06-06,interval_end,1-0__118,Montastraea cavernosa,TRUE,TRUE,TRUE,FALSE,6.91,6.91e-4,480,1.439583333333333e-4,cm2
Plot C,all,Plot C,3,June,2026-06-06,interval_end,1-0__119,Montastraea cavernosa,TRUE,TRUE,TRUE,FALSE,1.9325,1.9325e-4,480,4.026041666666667e-5,cm2
Plot C,all,Plot C,3,June,2026-06-06,interval_end,1-0__12,Orbicella annularis,TRUE,TRUE,TRUE,FALSE,0.9875,9.875e-5,480,2.0572916666666668e-5,cm2
Plot C,all,Plot C,3,June,2026-06-06,interval_end,1-0__120,Orbicella franksi,TRUE,TRUE,TRUE,FALSE,2.305,2.3050000000000002e-4,480,4.802083333333333e-5,cm2
Plot C,all,Plot C,3,June,2026-06-06,interval_end,1-0__121,Orbicella franksi,TRUE,TRUE,TRUE,FALSE,3.57,3.57e-4,480,7.4375e-5,cm2
Plot C,all,Plot C,3,June,2026-06-06,interval_end,1-0__122,Montastraea cavernosa,TRUE,TRUE,TRUE,FALSE,5.25,5.25e-4,480,1.09375e-4,cm2
Plot C,all,Plot C,3,June,2026-06-06,interval_end,1-0__123,Montastraea cavernosa,TRUE,TRUE,TRUE,FALSE,4.5125,4.5125e-4,480,9.401041666666667e-5,cm2
Plot C,all,Plot C,3,June,2026-06-06,interval_end,1-0__124,Montastraea cavernosa,TRUE,TRUE,TRUE,FALSE,1.31,1.31e-4,480,2.7291666666666668e-5,cm2
Plot C,all,Plot C,3,June,2026-06-06,interval_end,1-0__125,Montastraea cavernosa,TRUE,TRUE,TRUE,FALSE,5.15,5.15e-4,480,1.0729166666666668e-4,cm2
Plot C,all,Plot C,3,June,2026-06-06,interval_end,1-0__126,Montastraea cavernosa,TRUE,TRUE,TRUE,FALSE,5.055,5.055e-4,480,1.0531249999999999e-4,cm2
Plot C,all,Plot C,3,June,2026-06-06,interval_end,1-0__127,Orbicella franksi,TRUE,TRUE,TRUE,FALSE,3.34,3.34e-4,480,6.958333333333334e-5,cm2
Plot C,all,Plot C,3,June,2026-06-06,interval_end,1-0__128,Montastraea cavernosa,TRUE,TRUE,TRUE,FALSE,0.7325,7.325e-5,480,1.5260416666666667e-5,cm2
Plot C,all,Plot C,3,June,2026-06-06,interval_end,1-0__129,Montastraea cavernosa,TRUE,TRUE,TRUE,FALSE,5.92,5.92e-4,480,1.233333333333333e-4,cm2
Plot C,all,Plot C,3,June,2026-06-06,interval_end,1-0__13,Orbicella annularis,TRUE,TRUE,TRUE,FALSE,1.6125,1.6125000000000002e-4,480,3.359375e-5,cm2
Plot C,all,Plot C,3,June,2026-06-06,interval_end,1-0__130,Montastraea cavernosa,TRUE,TRUE,TRUE,FALSE,8.975,8.975e-4,480,1.8697916666666665e-4,cm2
Plot C,all,Plot C,3,June,2026-06-06,interval_end,1-0__131,Montastraea cavernosa,TRUE,TRUE,TRUE,FALSE,3.5375,3.5375e-4,480,7.369791666666667e-5,cm2
Plot C,all,Plot C,3,June,2026-06-06,interval_end,1-0__132,Montastraea cavernosa,TRUE,TRUE,TRUE,FALSE,3.2475,3.2475e-4,480,6.765625000000001e-5,cm2
Plot C,all,Plot C,3,June,2026-06-06,interval_end,1-0__133,Montastraea cavernosa,TRUE,TRUE,TRUE,FALSE,10.3175,0.0010317500000000001,480,2.149479166666667e-4,cm2
Plot C,all,Plot C,3,June,2026-06-06,interval_end,1-0__134,Montastraea cavernosa,TRUE,TRUE,TRUE,FALSE,5.7375,5.737499999999999e-4,480,1.1953125e-4,cm2
Plot C,all,Plot C,3,June,2026-06-06,interval_end,1-0__135,Montastraea cavernosa,TRUE,TRUE,TRUE,FALSE,3.385,3.385e-4,480,7.052083333333332e-5,cm2
Plot C,all,Plot C,3,June,2026-06-06,interval_end,1-0__136,Orbicella franksi,TRUE,TRUE,TRUE,FALSE,2.44,2.44e-4,480,5.083333333333333e-5,cm2
Plot C,all,Plot C,3,June,2026-06-06,interval_end,1-0__137,Montastraea cavernosa,TRUE,TRUE,TRUE,FALSE,6.555,6.554999999999999e-4,480,1.365625e-4,cm2
Plot C,all,Plot C,3,June,2026-06-06,interval_end,1-0__138,Montastraea cavernosa,TRUE,TRUE,TRUE,FALSE,1.325,1.325e-4,480,2.7604166666666666e-5,cm2
Plot C,all,Plot C,3,June,2026-06-06,interval_end,1-0__139,Montastraea cavernosa,TRUE,TRUE,TRUE,FALSE,3,3e-4,480,6.25e-5,cm2
Plot C,all,Plot C,3,June,2026-06-06,interval_end,1-0__14,Orbicella annularis,TRUE,TRUE,TRUE,FALSE,1.39,1.39e-4,480,2.895833333333333e-5,cm2
Plot C,all,Plot C,3,June,2026-06-06,interval_end,1-0__140,Orbicella franksi,TRUE,FALSE,FALSE,TRUE,0,0,480,0,cm2
Plot C,all,Plot C,3,June,2026-06-06,interval_end,1-0__141,Montastraea cavernosa,TRUE,TRUE,TRUE,FALSE,2.6825,2.6825e-4,480,5.588541666666666e-5,cm2
Plot C,all,Plot C,3,June,2026-06-06,interval_end,1-0__142,Montastraea cavernosa,TRUE,TRUE,TRUE,FALSE,5.8575,5.8575e-4,480,1.2203125e-4,cm2
Plot C,all,Plot C,3,June,2026-06-06,interval_end,1-0__143,Montastraea cavernosa,TRUE,TRUE,TRUE,FALSE,5.635,5.635e-4,480,1.1739583333333333e-4,cm2
Plot C,all,Plot C,3,June,2026-06-06,interval_end,1-0__144,Orbicella franksi,TRUE,TRUE,TRUE,FALSE,4.14,4.14e-4,480,8.625e-5,cm2
Plot C,all,Plot C,3,June,2026-06-06,interval_end,1-0__145,Montastraea cavernosa,TRUE,TRUE,TRUE,FALSE,5.9925,5.9925e-4,480,1.2484374999999998e-4,cm2
Plot C,all,Plot C,3,June,2026-06-06,interval_end,1-0__146,Montastraea cavernosa,TRUE,TRUE,TRUE,FALSE,5.2425,5.2425e-4,480,1.0921875e-4,cm2
Plot C,all,Plot C,3,June,2026-06-06,interval_end,1-0__147,Montastraea cavernosa,TRUE,TRUE,TRUE,FALSE,5.0375,5.0375e-4,480,1.0494791666666666e-4,cm2
Plot C,all,Plot C,3,June,2026-06-06,interval_end,1-0__148,Montastraea cavernosa,TRUE,TRUE,TRUE,FALSE,2.5775,2.5775e-4,480,5.369791666666666e-5,cm2
Plot C,all,Plot C,3,June,2026-06-06,interval_end,1-0__149,Montastraea cavernosa,TRUE,TRUE,TRUE,FALSE,6.8475,6.8475e-4,480,1.4265625000000002e-4,cm2
Plot C,all,Plot C,3,June,2026-06-06,interval_end,1-0__15,Orbicella annularis,TRUE,TRUE,TRUE,FALSE,0.7175,7.175000000000001e-5,480,1.4947916666666668e-5,cm2
Plot C,all,Plot C,3,June,2026-06-06,interval_end,1-0__150,Orbicella annularis,TRUE,TRUE,TRUE,FALSE,25.0675,0.00250675,480,5.222395833333333e-4,cm2
Plot C,all,Plot C,3,June,2026-06-06,interval_end,1-0__151,Montastraea cavernosa,TRUE,TRUE,TRUE,FALSE,5.675,5.675e-4,480,1.1822916666666666e-4,cm2
Plot C,all,Plot C,3,June,2026-06-06,interval_end,1-0__152,Montastraea cavernosa,TRUE,TRUE,TRUE,FALSE,1.4025,1.4025000000000002e-4,480,2.9218750000000005e-5,cm2
Plot C,all,Plot C,3,June,2026-06-06,interval_end,1-0__153,Orbicella franksi,TRUE,TRUE,TRUE,FALSE,3.9825,3.9825e-4,480,8.296875e-5,cm2
Plot C,all,Plot C,3,June,2026-06-06,interval_end,1-0__154,Montastraea cavernosa,TRUE,TRUE,TRUE,FALSE,2.525,2.525e-4,480,5.260416666666667e-5,cm2
Plot C,all,Plot C,3,June,2026-06-06,interval_end,1-0__155,Orbicella franksi,TRUE,TRUE,TRUE,FALSE,5.5575,5.5575e-4,480,1.1578125000000001e-4,cm2
Plot C,all,Plot C,3,June,2026-06-06,interval_end,1-0__156,Montastraea cavernosa,TRUE,TRUE,TRUE,FALSE,1.3275,1.3275e-4,480,2.765625e-5,cm2
Plot C,all,Plot C,3,June,2026-06-06,interval_end,1-0__157,Montastraea cavernosa,TRUE,TRUE,TRUE,FALSE,5.28,5.28e-4,480,1.1000000000000002e-4,cm2
Plot C,all,Plot C,3,June,2026-06-06,interval_end,1-0__158,Montastraea cavernosa,TRUE,TRUE,TRUE,FALSE,6.805,6.805e-4,480,1.4177083333333332e-4,cm2
Plot C,all,Plot C,3,June,2026-06-06,interval_end,1-0__159,Montastraea cavernosa,TRUE,TRUE,TRUE,FALSE,3.1425,3.1425e-4,480,6.546875e-5,cm2
Plot C,all,Plot C,3,June,2026-06-06,interval_end,1-0__16,Orbicella annularis,TRUE,TRUE,TRUE,FALSE,1.4925,1.4925e-4,480,3.109375e-5,cm2
Plot C,all,Plot C,3,June,2026-06-06,interval_end,1-0__160,Montastraea cavernosa,TRUE,TRUE,TRUE,FALSE,5.89,5.89e-4,480,1.2270833333333334e-4,cm2
Plot C,all,Plot C,3,June,2026-06-06,interval_end,1-0__161,Montastraea cavernosa,TRUE,TRUE,TRUE,FALSE,3.8925,3.8925e-4,480,8.109375e-5,cm2
Plot C,all,Plot C,3,June,2026-06-06,interval_end,1-0__162,Montastraea cavernosa,TRUE,TRUE,TRUE,FALSE,3.95,3.95e-4,480,8.229166666666667e-5,cm2
Plot C,all,Plot C,3,June,2026-06-06,interval_end,1-0__163,Montastraea cavernosa,TRUE,TRUE,TRUE,FALSE,6.045,6.045e-4,480,1.2593750000000002e-4,cm2
Plot C,all,Plot C,3,June,2026-06-06,interval_end,1-0__164,Montastraea cavernosa,TRUE,TRUE,TRUE,FALSE,4.6975,4.6974999999999995e-4,480,9.786458333333332e-5,cm2
Plot C,all,Plot C,3,June,2026-06-06,interval_end,1-0__165,Montastraea cavernosa,TRUE,TRUE,TRUE,FALSE,4.745,4.745e-4,480,9.885416666666666e-5,cm2
Plot C,all,Plot C,3,June,2026-06-06,NA,1-0__166,Montastraea cavernosa,TRUE,FALSE,FALSE,TRUE,0,0,NA,NA,NA
Plot C,all,Plot C,3,June,2026-06-06,interval_end,1-0__167,Orbicella franksi,TRUE,TRUE,TRUE,FALSE,6.6225,6.6225e-4,480,1.3796875e-4,cm2
Plot C,all,Plot C,3,June,2026-06-06,interval_end,1-0__168,Orbicella franksi,TRUE,TRUE,TRUE,FALSE,1.845,1.8449999999999999e-4,480,3.843749999999999e-5,cm2
Plot C,all,Plot C,3,June,2026-06-06,interval_end,1-0__169,Orbicella franksi,TRUE,TRUE,TRUE,FALSE,4.85,4.8499999999999997e-4,480,1.0104166666666665e-4,cm2
Plot C,all,Plot C,3,June,2026-06-06,interval_end,1-0__17,Orbicella annularis,TRUE,TRUE,TRUE,FALSE,0.53,5.3e-5,480,1.1041666666666666e-5,cm2
Plot C,all,Plot C,3,June,2026-06-06,interval_end,1-0__170,Orbicella franksi,TRUE,TRUE,TRUE,FALSE,4.9825,4.9825e-4,480,1.0380208333333334e-4,cm2
Plot C,all,Plot C,3,June,2026-06-06,interval_end,1-0__171,Orbicella franksi,TRUE,TRUE,TRUE,FALSE,3.1375,3.1375e-4,480,6.536458333333333e-5,cm2
Plot C,all,Plot C,3,June,2026-06-06,interval_end,1-0__172,Orbicella franksi,TRUE,TRUE,TRUE,FALSE,6.5075,6.507500000000001e-4,480,1.3557291666666668e-4,cm2
Plot C,all,Plot C,3,June,2026-06-06,interval_end,1-0__173,Orbicella franksi,TRUE,TRUE,TRUE,FALSE,9.26,9.26e-4,480,1.9291666666666668e-4,cm2
Plot C,all,Plot C,3,June,2026-06-06,interval_end,1-0__174,Orbicella franksi,TRUE,TRUE,TRUE,FALSE,3.125,3.125e-4,480,6.510416666666667e-5,cm2
Plot C,all,Plot C,3,June,2026-06-06,interval_end,1-0__175,Orbicella franksi,TRUE,TRUE,TRUE,FALSE,4.72,4.72e-4,480,9.833333333333333e-5,cm2
Plot C,all,Plot C,3,June,2026-06-06,interval_end,1-0__176,Orbicella franksi,TRUE,TRUE,TRUE,FALSE,8.8825,8.8825e-4,480,1.8505208333333335e-4,cm2
Plot C,all,Plot C,3,June,2026-06-06,interval_end,1-0__177,Orbicella franksi,TRUE,TRUE,TRUE,FALSE,3.405,3.405e-4,480,7.09375e-5,cm2
Plot C,all,Plot C,3,June,2026-06-06,interval_end,1-0__178,Orbicella franksi,TRUE,TRUE,TRUE,FALSE,6.6775,6.6775e-4,480,1.3911458333333335e-4,cm2
Plot C,all,Plot C,3,June,2026-06-06,interval_end,1-0__179,Orbicella franksi,TRUE,TRUE,TRUE,FALSE,2.6375,2.6375000000000004e-4,480,5.494791666666667e-5,cm2
Plot C,all,Plot C,3,June,2026-06-06,interval_end,1-0__18,Orbicella annularis,TRUE,TRUE,TRUE,FALSE,0.9525,9.525e-5,480,1.984375e-5,cm2
Plot C,all,Plot C,3,June,2026-06-06,interval_end,1-0__180,Orbicella franksi,TRUE,TRUE,TRUE,FALSE,2.575,2.575e-4,480,5.364583333333334e-5,cm2
Plot C,all,Plot C,3,June,2026-06-06,interval_end,1-0__181,Orbicella franksi,TRUE,TRUE,TRUE,FALSE,4.69,4.69e-4,480,9.770833333333334e-5,cm2
Plot C,all,Plot C,3,June,2026-06-06,interval_end,1-0__182,Orbicella annularis,TRUE,TRUE,TRUE,FALSE,31.09,0.003109,480,6.477083333333333e-4,cm2
Plot C,all,Plot C,3,June,2026-06-06,interval_end,1-0__183,Porites porites,TRUE,TRUE,TRUE,FALSE,3.8075,3.8075e-4,480,7.932291666666666e-5,cm2
Plot C,all,Plot C,3,June,2026-06-06,interval_end,1-0__184,Porites porites,TRUE,TRUE,TRUE,FALSE,6.7725,6.7725e-4,480,1.4109375000000002e-4,cm2
Plot C,all,Plot C,3,June,2026-06-06,interval_end,1-0__185,Orbicella franksi,TRUE,TRUE,TRUE,FALSE,18.0425,0.00180425,480,3.758854166666667e-4,cm2
Plot C,all,Plot C,3,June,2026-06-06,interval_end,1-0__186,Orbicella annularis,TRUE,TRUE,TRUE,FALSE,19.065,0.0019065000000000002,480,3.971875e-4,cm2
Plot C,all,Plot C,3,June,2026-06-06,interval_end,1-0__187,Orbicella franksi,TRUE,TRUE,TRUE,FALSE,4.4525,4.4524999999999995e-4,480,9.276041666666665e-5,cm2
Plot C,all,Plot C,3,June,2026-06-06,interval_end,1-0__188,Orbicella franksi,TRUE,TRUE,TRUE,FALSE,2.345,2.345e-4,480,4.885416666666667e-5,cm2
Plot C,all,Plot C,3,June,2026-06-06,interval_end,1-0__189,Orbicella franksi,TRUE,TRUE,TRUE,FALSE,7.03,7.030000000000001e-4,480,1.4645833333333335e-4,cm2
Plot C,all,Plot C,3,June,2026-06-06,interval_end,1-0__19,Orbicella annularis,TRUE,TRUE,TRUE,FALSE,0.6075,6.0750000000000006e-5,480,1.2656250000000001e-5,cm2
Plot C,all,Plot C,3,June,2026-06-06,interval_end,1-0__190,Orbicella franksi,TRUE,TRUE,TRUE,FALSE,6.1725,6.172500000000001e-4,480,1.2859375000000002e-4,cm2
Plot C,all,Plot C,3,June,2026-06-06,interval_end,1-0__191,Orbicella franksi,TRUE,TRUE,TRUE,FALSE,1.6175,1.6175e-4,480,3.369791666666667e-5,cm2
Plot C,all,Plot C,3,June,2026-06-06,interval_end,1-0__192,Orbicella franksi,TRUE,TRUE,TRUE,FALSE,3.6125,3.6124999999999997e-4,480,7.526041666666666e-5,cm2
Plot C,all,Plot C,3,June,2026-06-06,interval_end,1-0__193,Orbicella franksi,TRUE,TRUE,TRUE,FALSE,5.5775,5.5775e-4,480,1.1619791666666666e-4,cm2
Plot C,all,Plot C,3,June,2026-06-06,interval_end,1-0__194,Orbicella franksi,TRUE,TRUE,TRUE,FALSE,7.655,7.655e-4,480,1.5947916666666668e-4,cm2
Plot C,all,Plot C,3,June,2026-06-06,interval_end,1-0__195,Porites porites,TRUE,TRUE,TRUE,FALSE,8.27,8.269999999999999e-4,480,1.7229166666666665e-4,cm2
Plot C,all,Plot C,3,June,2026-06-06,interval_end,1-0__196,Orbicella franksi,TRUE,TRUE,TRUE,FALSE,2.8475,2.8475e-4,480,5.9322916666666664e-5,cm2
Plot C,all,Plot C,3,June,2026-06-06,interval_end,1-0__197,Porites porites,TRUE,TRUE,TRUE,FALSE,6.19,6.190000000000001e-4,480,1.2895833333333336e-4,cm2
Plot C,all,Plot C,3,June,2026-06-06,interval_end,1-0__198,Orbicella franksi,TRUE,TRUE,TRUE,FALSE,3.8175,3.8175e-4,480,7.953125e-5,cm2
Plot C,all,Plot C,3,June,2026-06-06,interval_end,1-0__199,Orbicella franksi,TRUE,TRUE,TRUE,FALSE,5.64,5.639999999999999e-4,480,1.1749999999999998e-4,cm2
Plot C,all,Plot C,3,June,2026-06-06,interval_end,1-0__2,Orbicella annularis,TRUE,TRUE,TRUE,FALSE,0.4775,4.7749999999999995e-5,480,9.947916666666667e-6,cm2
Plot C,all,Plot C,3,June,2026-06-06,interval_end,1-0__20,Orbicella annularis,TRUE,TRUE,TRUE,FALSE,1.165,1.165e-4,480,2.4270833333333335e-5,cm2
Plot C,all,Plot C,3,June,2026-06-06,interval_end,1-0__200,Orbicella franksi,TRUE,TRUE,TRUE,FALSE,4.0225,4.0225e-4,480,8.3802083333333325e-05,cm2
Plot C,all,Plot C,3,June,2026-06-06,interval_end,1-0__201,Orbicella franksi,TRUE,TRUE,TRUE,FALSE,6.4075,6.407499999999999e-4,480,1.334895833333333e-4,cm2
Plot C,all,Plot C,3,June,2026-06-06,NA,1-0__202,Orbicella franksi,TRUE,FALSE,FALSE,TRUE,0,0,NA,NA,NA
Plot C,all,Plot C,3,June,2026-06-06,interval_end,1-0__203,Porites porites,TRUE,TRUE,TRUE,FALSE,8.28,8.28e-4,480,1.725e-4,cm2
Plot C,all,Plot C,3,June,2026-06-06,interval_end,1-0__204,Porites porites,TRUE,TRUE,TRUE,FALSE,5.575,5.575e-4,480,1.1614583333333335e-4,cm2
Plot C,all,Plot C,3,June,2026-06-06,interval_end,1-0__205,Porites porites,TRUE,TRUE,TRUE,FALSE,5.325,5.325e-4,480,1.1093749999999999e-4,cm2
Plot C,all,Plot C,3,June,2026-06-06,interval_end,1-0__206,Orbicella franksi,TRUE,TRUE,TRUE,FALSE,7.4575,7.4575e-4,480,1.5536458333333334e-4,cm2
Plot C,all,Plot C,3,June,2026-06-06,interval_end,1-0__207,Porites porites,TRUE,TRUE,TRUE,FALSE,7.0975,7.0975e-4,480,1.4786458333333332e-4,cm2
Plot C,all,Plot C,3,June,2026-06-06,interval_end,1-0__208,Orbicella franksi,TRUE,TRUE,TRUE,FALSE,7.1925,0.00071924999999999995,480,1.4984374999999997e-4,cm2
Plot C,all,Plot C,3,June,2026-06-06,interval_end,1-0__209,Orbicella franksi,TRUE,TRUE,TRUE,FALSE,5.68,5.679999999999999e-4,480,1.1833333333333331e-4,cm2
Plot C,all,Plot C,3,June,2026-06-06,interval_end,1-0__21,Orbicella annularis,TRUE,TRUE,TRUE,FALSE,0.5975,5.975e-5,480,1.2447916666666667e-5,cm2
Plot C,all,Plot C,3,June,2026-06-06,interval_end,1-0__210,Orbicella franksi,TRUE,TRUE,TRUE,FALSE,5.1825,5.1825e-4,480,1.0796875e-4,cm2
Plot C,all,Plot C,3,June,2026-06-06,interval_end,1-0__211,Porites porites,TRUE,TRUE,TRUE,FALSE,7.7725,7.7725e-4,480,1.619270833333333e-4,cm2
Plot C,all,Plot C,3,June,2026-06-06,interval_end,1-0__212,Orbicella franksi,TRUE,TRUE,TRUE,FALSE,6.225,6.225e-4,480,1.296875e-4,cm2
Plot C,all,Plot C,3,June,2026-06-06,interval_end,1-0__213,Porites porites,TRUE,TRUE,TRUE,FALSE,7.565,7.565e-4,480,1.5760416666666665e-4,cm2
Plot C,all,Plot C,3,June,2026-06-06,interval_end,1-0__214,Porites porites,TRUE,TRUE,TRUE,FALSE,5.1025,5.1025e-4,480,1.0630208333333332e-4,cm2
Plot C,all,Plot C,3,June,2026-06-06,interval_end,1-0__215,Porites porites,TRUE,TRUE,TRUE,FALSE,6.655,6.655000000000001e-4,480,1.3864583333333337e-4,cm2
Plot C,all,Plot C,3,June,2026-06-06,interval_end,1-0__216,Porites porites,TRUE,TRUE,TRUE,FALSE,6.2325,6.2325e-4,480,1.2984375e-4,cm2
Plot C,all,Plot C,3,June,2026-06-06,interval_end,1-0__217,Porites porites,TRUE,TRUE,TRUE,FALSE,8.43,8.43e-4,480,1.75625e-4,cm2
Plot C,all,Plot C,3,June,2026-06-06,interval_end,1-0__218,Orbicella franksi,TRUE,TRUE,TRUE,FALSE,5.6375,5.6375e-4,480,1.1744791666666667e-4,cm2
Plot C,all,Plot C,3,June,2026-06-06,interval_end,1-0__219,Orbicella franksi,TRUE,TRUE,TRUE,FALSE,7.2575,7.2575e-4,480,1.5119791666666667e-4,cm2
Plot C,all,Plot C,3,June,2026-06-06,interval_end,1-0__22,Orbicella annularis,TRUE,TRUE,TRUE,FALSE,0.5475,5.4749999999999996e-5,480,1.140625e-5,cm2
Plot C,all,Plot C,3,June,2026-06-06,interval_end,1-0__220,Porites porites,TRUE,TRUE,TRUE,FALSE,7.075,7.075e-4,480,1.4739583333333334e-4,cm2
Plot C,all,Plot C,3,June,2026-06-06,interval_end,1-0__221,Porites porites,TRUE,TRUE,TRUE,FALSE,9.1625,9.1625e-4,480,1.9088541666666665e-4,cm2
Plot C,all,Plot C,3,June,2026-06-06,interval_end,1-0__222,Porites porites,TRUE,TRUE,TRUE,FALSE,6.8925,6.8925e-4,480,1.4359375e-4,cm2
Plot C,all,Plot C,3,June,2026-06-06,interval_end,1-0__223,Orbicella franksi,TRUE,TRUE,TRUE,FALSE,7.455,7.455e-4,480,1.553125e-4,cm2
Plot C,all,Plot C,3,June,2026-06-06,interval_end,1-0__224,Porites porites,TRUE,TRUE,TRUE,FALSE,1.97,1.97e-4,480,4.1041666666666664e-5,cm2
Plot C,all,Plot C,3,June,2026-06-06,interval_end,1-0__225,Porites porites,TRUE,TRUE,TRUE,FALSE,5.54,5.54e-4,480,1.1541666666666668e-4,cm2
Plot C,all,Plot C,3,June,2026-06-06,interval_end,1-0__226,Porites porites,TRUE,TRUE,TRUE,FALSE,7.5325,7.5325e-4,480,1.5692708333333333e-4,cm2
Plot C,all,Plot C,3,June,2026-06-06,interval_end,1-0__227,Porites porites,TRUE,TRUE,TRUE,FALSE,6.4175,6.417500000000001e-4,480,1.3369791666666668e-4,cm2
Plot C,all,Plot C,3,June,2026-06-06,interval_end,1-0__228,Porites porites,TRUE,TRUE,TRUE,FALSE,6.64,6.64e-4,480,1.3833333333333333e-4,cm2
Plot C,all,Plot C,3,June,2026-06-06,interval_end,1-0__229,Porites porites,TRUE,TRUE,TRUE,FALSE,4.8575,4.8575e-4,480,1.0119791666666667e-4,cm2
Plot C,all,Plot C,3,June,2026-06-06,interval_end,1-0__23,Orbicella annularis,TRUE,TRUE,TRUE,FALSE,0.7025,7.025e-5,480,1.4635416666666667e-5,cm2
Plot C,all,Plot C,3,June,2026-06-06,interval_end,1-0__230,Porites porites,TRUE,TRUE,TRUE,FALSE,7.2725,7.2725e-4,480,1.5151041666666666e-4,cm2
Plot C,all,Plot C,3,June,2026-06-06,interval_end,1-0__231,Porites porites,TRUE,TRUE,TRUE,FALSE,3.905,3.905e-4,480,8.135416666666667e-5,cm2
Plot C,all,Plot C,3,June,2026-06-06,interval_end,1-0__232,Porites porites,TRUE,TRUE,TRUE,FALSE,6.7625,6.7625e-4,480,1.4088541666666668e-4,cm2
Plot C,all,Plot C,3,June,2026-06-06,interval_end,1-0__233,Porites porites,TRUE,TRUE,TRUE,FALSE,5.0475,5.0475e-4,480,1.0515625e-4,cm2
Plot C,all,Plot C,3,June,2026-06-06,NA,1-0__234,Orbicella franksi,TRUE,FALSE,FALSE,TRUE,0,0,NA,NA,NA
Plot C,all,Plot C,3,June,2026-06-06,interval_end,1-0__235,Orbicella franksi,TRUE,TRUE,TRUE,FALSE,32.905,0.0032905,480,6.855208333333333e-4,cm2
Plot C,all,Plot C,3,June,2026-06-06,interval_end,1-0__236,Porites porites,TRUE,TRUE,TRUE,FALSE,28.45,0.002845,480,5.927083333333333e-4,cm2
Plot C,all,Plot C,3,June,2026-06-06,interval_end,1-0__237,Porites porites,TRUE,FALSE,FALSE,TRUE,0,0,480,0,cm2
Plot C,all,Plot C,3,June,2026-06-06,interval_end,1-0__238,Orbicella franksi,TRUE,TRUE,TRUE,FALSE,22.26,0.002226,480,4.6375e-4,cm2
Plot C,all,Plot C,3,June,2026-06-06,NA,1-0__239,Orbicella franksi,TRUE,FALSE,FALSE,TRUE,0,0,NA,NA,NA
Plot C,all,Plot C,3,June,2026-06-06,interval_end,1-0__24,Orbicella annularis,TRUE,TRUE,TRUE,FALSE,0.975,9.75e-5,480,2.03125e-5,cm2
Plot C,all,Plot C,3,June,2026-06-06,NA,1-0__240,Porites porites,TRUE,FALSE,FALSE,TRUE,0,0,NA,NA,NA
Plot C,all,Plot C,3,June,2026-06-06,interval_end,1-0__241,Orbicella franksi,TRUE,TRUE,TRUE,FALSE,14.46,0.001446,480,3.0125000000000003e-4,cm2
Plot C,all,Plot C,3,June,2026-06-06,NA,1-0__242,Orbicella franksi,TRUE,FALSE,FALSE,TRUE,0,0,NA,NA,NA
Plot C,all,Plot C,3,June,2026-06-06,NA,1-0__243,Porites porites,TRUE,FALSE,FALSE,TRUE,0,0,NA,NA,NA
Plot C,all,Plot C,3,June,2026-06-06,NA,1-0__244,Porites porites,TRUE,FALSE,FALSE,TRUE,0,0,NA,NA,NA
Plot C,all,Plot C,3,June,2026-06-06,NA,1-0__245,Porites porites,TRUE,FALSE,FALSE,TRUE,0,0,NA,NA,NA
Plot C,all,Plot C,3,June,2026-06-06,NA,1-0__246,Porites porites,TRUE,FALSE,FALSE,TRUE,0,0,NA,NA,NA
Plot C,all,Plot C,3,June,2026-06-06,interval_end,1-0__247,Orbicella franksi,TRUE,TRUE,TRUE,FALSE,24.205,0.0024205,480,5.042708333333334e-4,cm2
Plot C,all,Plot C,3,June,2026-06-06,interval_end,1-0__248,Orbicella franksi,TRUE,TRUE,TRUE,FALSE,21.02,0.002102,480,4.379166666666667e-4,cm2
Plot C,all,Plot C,3,June,2026-06-06,NA,1-0__249,Porites porites,TRUE,FALSE,FALSE,TRUE,0,0,NA,NA,NA
Plot C,all,Plot C,3,June,2026-06-06,interval_end,1-0__25,Orbicella annularis,TRUE,TRUE,TRUE,FALSE,0.615,6.15e-5,480,1.28125e-5,cm2
Plot C,all,Plot C,3,June,2026-06-06,NA,1-0__250,Porites porites,TRUE,FALSE,FALSE,TRUE,0,0,NA,NA,NA
Plot C,all,Plot C,3,June,2026-06-06,NA,1-0__251,Orbicella franksi,TRUE,FALSE,FALSE,TRUE,0,0,NA,NA,NA
Plot C,all,Plot C,3,June,2026-06-06,interval_end,1-0__252,Orbicella franksi,TRUE,TRUE,TRUE,FALSE,23.4625,0.00234625,480,4.888020833333333e-4,cm2
Plot C,all,Plot C,3,June,2026-06-06,interval_end,1-0__254,Orbicella franksi,FALSE,TRUE,NA,FALSE,3.8025,3.8025e-4,480,7.921875000000001e-5,cm2
Plot C,all,Plot C,3,June,2026-06-06,interval_end,1-0__26,Orbicella annularis,TRUE,TRUE,TRUE,FALSE,0.67,6.7e-5,480,1.3958333333333333e-5,cm2
Plot C,all,Plot C,3,June,2026-06-06,NA,1-0__27,Orbicella annularis,TRUE,FALSE,FALSE,TRUE,0,0,NA,NA,NA
Plot C,all,Plot C,3,June,2026-06-06,interval_end,1-0__28,Orbicella annularis,TRUE,FALSE,FALSE,TRUE,0,0,480,0,cm2
Plot C,all,Plot C,3,June,2026-06-06,interval_end,1-0__29,Orbicella annularis,TRUE,TRUE,TRUE,FALSE,16.5625,0.00165625,480,3.4505208333333333e-4,cm2
Plot C,all,Plot C,3,June,2026-06-06,interval_end,1-0__3,Orbicella annularis,TRUE,TRUE,TRUE,FALSE,0.7325,7.325e-5,480,1.5260416666666667e-5,cm2
Plot C,all,Plot C,3,June,2026-06-06,interval_end,1-0__30,Porites porites,TRUE,TRUE,TRUE,FALSE,9.1025,9.102499999999999e-4,480,1.8963541666666665e-4,cm2
Plot C,all,Plot C,3,June,2026-06-06,interval_end,1-0__31,Montastraea cavernosa,TRUE,TRUE,TRUE,FALSE,1.975,1.975e-4,480,4.1145833333333335e-5,cm2
Plot C,all,Plot C,3,June,2026-06-06,interval_end,1-0__32,Porites porites,TRUE,TRUE,TRUE,FALSE,9.7025,9.702500000000001e-4,480,2.021354166666667e-4,cm2
Plot C,all,Plot C,3,June,2026-06-06,interval_end,1-0__33,Orbicella annularis,TRUE,TRUE,TRUE,FALSE,14.245,0.0014245,480,2.967708333333333e-4,cm2
Plot C,all,Plot C,3,June,2026-06-06,interval_end,1-0__34,Montastraea cavernosa,TRUE,TRUE,TRUE,FALSE,3.81,3.81e-4,480,7.9375e-5,cm2
Plot C,all,Plot C,3,June,2026-06-06,interval_end,1-0__35,Montastraea cavernosa,TRUE,TRUE,TRUE,FALSE,3.21,3.21e-4,480,6.6875e-5,cm2
Plot C,all,Plot C,3,June,2026-06-06,interval_end,1-0__36,Montastraea cavernosa,TRUE,TRUE,TRUE,FALSE,3.4875,3.4875e-4,480,7.265625e-5,cm2
Plot C,all,Plot C,3,June,2026-06-06,interval_end,1-0__37,Montastraea cavernosa,TRUE,TRUE,TRUE,FALSE,3.59,3.59e-4,480,7.479166666666666e-5,cm2
Plot C,all,Plot C,3,June,2026-06-06,interval_end,1-0__38,Montastraea cavernosa,TRUE,TRUE,TRUE,FALSE,3.6475,3.6475e-4,480,7.598958333333333e-5,cm2
Plot C,all,Plot C,3,June,2026-06-06,interval_end,1-0__39,Montastraea cavernosa,TRUE,TRUE,TRUE,FALSE,3.2525,3.2525e-4,480,6.776041666666667e-5,cm2
Plot C,all,Plot C,3,June,2026-06-06,interval_end,1-0__4,Orbicella annularis,TRUE,TRUE,TRUE,FALSE,3.84,3.84e-4,480,8e-5,cm2
Plot C,all,Plot C,3,June,2026-06-06,interval_end,1-0__40,Montastraea cavernosa,TRUE,FALSE,FALSE,TRUE,0,0,480,0,cm2
Plot C,all,Plot C,3,June,2026-06-06,interval_end,1-0__41,Montastraea cavernosa,TRUE,TRUE,TRUE,FALSE,3.6775,3.6775e-4,480,7.661458333333333e-5,cm2
Plot C,all,Plot C,3,June,2026-06-06,interval_end,1-0__42,Montastraea cavernosa,TRUE,TRUE,TRUE,FALSE,4.57,4.5700000000000005e-4,480,9.520833333333335e-5,cm2
Plot C,all,Plot C,3,June,2026-06-06,interval_end,1-0__43,Montastraea cavernosa,TRUE,TRUE,TRUE,FALSE,5.3275,5.3275e-4,480,1.1098958333333334e-4,cm2
Plot C,all,Plot C,3,June,2026-06-06,interval_end,1-0__44,Montastraea cavernosa,TRUE,TRUE,TRUE,FALSE,2.14,2.1400000000000002e-4,480,4.458333333333334e-5,cm2
Plot C,all,Plot C,3,June,2026-06-06,interval_end,1-0__45,Montastraea cavernosa,TRUE,TRUE,TRUE,FALSE,4.6775,4.6775e-4,480,9.744791666666668e-5,cm2
Plot C,all,Plot C,3,June,2026-06-06,interval_end,1-0__46,Montastraea cavernosa,TRUE,TRUE,TRUE,FALSE,4.27,4.2699999999999997e-4,480,8.895833333333332e-5,cm2
Plot C,all,Plot C,3,June,2026-06-06,interval_end,1-0__47,Montastraea cavernosa,TRUE,TRUE,TRUE,FALSE,1.985,1.985e-4,480,4.1354166666666664e-5,cm2
Plot C,all,Plot C,3,June,2026-06-06,interval_end,1-0__48,Montastraea cavernosa,TRUE,TRUE,TRUE,FALSE,3.2375,3.2375e-4,480,6.744791666666667e-5,cm2
Plot C,all,Plot C,3,June,2026-06-06,interval_end,1-0__49,Montastraea cavernosa,TRUE,TRUE,TRUE,FALSE,1.2175,1.2175e-4,480,2.5364583333333334e-5,cm2
Plot C,all,Plot C,3,June,2026-06-06,interval_end,1-0__5,Orbicella annularis,TRUE,TRUE,TRUE,FALSE,0.4075,4.0749999999999994e-5,480,8.489583333333332e-6,cm2
Plot C,all,Plot C,3,June,2026-06-06,interval_end,1-0__50,Montastraea cavernosa,TRUE,TRUE,TRUE,FALSE,2.3725,2.3725e-4,480,4.942708333333333e-5,cm2
Plot C,all,Plot C,3,June,2026-06-06,interval_end,1-0__51,Montastraea cavernosa,TRUE,TRUE,TRUE,FALSE,2.92,2.92e-4,480,6.083333333333333e-5,cm2
Plot C,all,Plot C,3,June,2026-06-06,interval_end,1-0__52,Montastraea cavernosa,TRUE,TRUE,TRUE,FALSE,4.2075,4.2074999999999995e-4,480,8.765624999999999e-5,cm2
Plot C,all,Plot C,3,June,2026-06-06,interval_end,1-0__53,Orbicella annularis,TRUE,TRUE,TRUE,FALSE,31.69,0.003169,480,6.602083333333334e-4,cm2
Plot C,all,Plot C,3,June,2026-06-06,interval_end,1-0__54,Orbicella annularis,TRUE,TRUE,TRUE,FALSE,24.1475,0.0024147500000000002,480,5.030729166666668e-4,cm2
Plot C,all,Plot C,3,June,2026-06-06,interval_end,1-0__55,Orbicella franksi,TRUE,TRUE,TRUE,FALSE,6.8,6.799999999999999e-4,480,1.4166666666666665e-4,cm2
Plot C,all,Plot C,3,June,2026-06-06,interval_end,1-0__56,Orbicella franksi,TRUE,TRUE,TRUE,FALSE,5.0525,5.052500000000001e-4,480,1.0526041666666668e-4,cm2
Plot C,all,Plot C,3,June,2026-06-06,interval_end,1-0__57,Orbicella franksi,TRUE,TRUE,TRUE,FALSE,3.37,3.37e-4,480,7.020833333333334e-5,cm2
Plot C,all,Plot C,3,June,2026-06-06,interval_end,1-0__58,Orbicella franksi,TRUE,TRUE,TRUE,FALSE,0.315,3.15e-5,480,6.5625e-6,cm2
Plot C,all,Plot C,3,June,2026-06-06,interval_end,1-0__59,Orbicella franksi,TRUE,TRUE,TRUE,FALSE,7.0575,7.0575e-4,480,1.4703125e-4,cm2
Plot C,all,Plot C,3,June,2026-06-06,interval_end,1-0__6,Orbicella annularis,TRUE,TRUE,TRUE,FALSE,2.025,2.025e-4,480,4.2187499999999995e-5,cm2
Plot C,all,Plot C,3,June,2026-06-06,interval_end,1-0__60,Orbicella franksi,TRUE,TRUE,TRUE,FALSE,2.045,2.0449999999999998e-4,480,4.260416666666667e-5,cm2
Plot C,all,Plot C,3,June,2026-06-06,interval_end,1-0__61,Orbicella franksi,TRUE,TRUE,TRUE,FALSE,2.655,2.655e-4,480,5.53125e-5,cm2
Plot C,all,Plot C,3,June,2026-06-06,interval_end,1-0__62,Orbicella franksi,TRUE,TRUE,TRUE,FALSE,5.7275,5.7275e-4,480,1.1932291666666667e-4,cm2
Plot C,all,Plot C,3,June,2026-06-06,interval_end,1-0__63,Orbicella franksi,TRUE,TRUE,TRUE,FALSE,6.97,6.97e-4,480,1.4520833333333332e-4,cm2
Plot C,all,Plot C,3,June,2026-06-06,interval_end,1-0__64,Orbicella franksi,TRUE,TRUE,TRUE,FALSE,2.9675,2.9675e-4,480,6.182291666666666e-5,cm2
Plot C,all,Plot C,3,June,2026-06-06,interval_end,1-0__65,Orbicella franksi,TRUE,TRUE,TRUE,FALSE,3.4875,3.4875e-4,480,7.265625e-5,cm2
Plot C,all,Plot C,3,June,2026-06-06,interval_end,1-0__66,Orbicella franksi,TRUE,TRUE,TRUE,FALSE,5.795,5.795e-4,480,1.2072916666666668e-4,cm2
Plot C,all,Plot C,3,June,2026-06-06,interval_end,1-0__67,Orbicella franksi,TRUE,TRUE,TRUE,FALSE,5.5175,5.5175e-4,480,1.1494791666666667e-4,cm2
Plot C,all,Plot C,3,June,2026-06-06,interval_end,1-0__68,Orbicella franksi,TRUE,TRUE,TRUE,FALSE,0.9475,9.475e-5,480,1.9739583333333337e-5,cm2
Plot C,all,Plot C,3,June,2026-06-06,interval_end,1-0__69,Orbicella franksi,TRUE,TRUE,TRUE,FALSE,4.9325,4.9325e-4,480,1.0276041666666666e-4,cm2
Plot C,all,Plot C,3,June,2026-06-06,interval_end,1-0__7,Orbicella annularis,TRUE,TRUE,TRUE,FALSE,0.9025,9.025e-5,480,1.8802083333333334e-5,cm2
Plot C,all,Plot C,3,June,2026-06-06,interval_end,1-0__70,Orbicella franksi,TRUE,TRUE,TRUE,FALSE,4.125,4.125e-4,480,8.593750000000001e-5,cm2
Plot C,all,Plot C,3,June,2026-06-06,interval_end,1-0__71,Orbicella franksi,TRUE,TRUE,TRUE,FALSE,1.8325,1.8325e-4,480,3.8177083333333334e-5,cm2
Plot C,all,Plot C,3,June,2026-06-06,interval_end,1-0__72,Orbicella franksi,TRUE,TRUE,TRUE,FALSE,2.2925,2.2925e-4,480,4.776041666666666e-5,cm2
Plot C,all,Plot C,3,June,2026-06-06,interval_end,1-0__73,Orbicella franksi,TRUE,TRUE,TRUE,FALSE,6.56,6.56e-4,480,1.366666666666667e-4,cm2
Plot C,all,Plot C,3,June,2026-06-06,interval_end,1-0__74,Orbicella franksi,TRUE,TRUE,TRUE,FALSE,3.6075,3.6075e-4,480,7.515625e-5,cm2
Plot C,all,Plot C,3,June,2026-06-06,interval_end,1-0__75,Orbicella franksi,TRUE,TRUE,TRUE,FALSE,1.5425,1.5425e-4,480,3.213541666666667e-5,cm2
Plot C,all,Plot C,3,June,2026-06-06,interval_end,1-0__76,Montastraea cavernosa,TRUE,TRUE,TRUE,FALSE,1.075,1.075e-4,480,2.239583333333333e-5,cm2
Plot C,all,Plot C,3,June,2026-06-06,interval_end,1-0__77,Montastraea cavernosa,TRUE,TRUE,TRUE,FALSE,2.89,2.8900000000000003e-4,480,6.020833333333334e-5,cm2
Plot C,all,Plot C,3,June,2026-06-06,interval_end,1-0__78,Montastraea cavernosa,TRUE,TRUE,TRUE,FALSE,0.5275,5.2749999999999995e-5,480,1.0989583333333332e-5,cm2
Plot C,all,Plot C,3,June,2026-06-06,interval_end,1-0__79,Montastraea cavernosa,TRUE,TRUE,TRUE,FALSE,1.745,1.745e-4,480,3.6354166666666665e-5,cm2
Plot C,all,Plot C,3,June,2026-06-06,interval_end,1-0__8,Orbicella annularis,TRUE,TRUE,TRUE,FALSE,2.485,2.4849999999999997e-4,480,5.177083333333333e-5,cm2
Plot C,all,Plot C,3,June,2026-06-06,interval_end,1-0__80,Montastraea cavernosa,TRUE,TRUE,TRUE,FALSE,2.53,2.5299999999999997e-4,480,5.2708333333333325e-5,cm2
Plot C,all,Plot C,3,June,2026-06-06,interval_end,1-0__81,Montastraea cavernosa,TRUE,TRUE,TRUE,FALSE,2.28,2.2799999999999999e-4,480,4.7499999999999996e-5,cm2
Plot C,all,Plot C,3,June,2026-06-06,interval_end,1-0__82,Montastraea cavernosa,TRUE,TRUE,TRUE,FALSE,3.205,3.205e-4,480,6.677083333333333e-5,cm2
Plot C,all,Plot C,3,June,2026-06-06,interval_end,1-0__83,Montastraea cavernosa,TRUE,TRUE,TRUE,FALSE,1.845,1.8449999999999999e-4,480,3.843749999999999e-5,cm2
Plot C,all,Plot C,3,June,2026-06-06,interval_end,1-0__84,Montastraea cavernosa,TRUE,TRUE,TRUE,FALSE,2.7075,2.7075e-4,480,5.640625e-5,cm2
Plot C,all,Plot C,3,June,2026-06-06,interval_end,1-0__85,Montastraea cavernosa,TRUE,TRUE,TRUE,FALSE,1.645,1.6450000000000001e-4,480,3.427083333333334e-5,cm2
Plot C,all,Plot C,3,June,2026-06-06,interval_end,1-0__86,Montastraea cavernosa,TRUE,TRUE,TRUE,FALSE,1.6825,1.6825000000000002e-4,480,3.505208333333334e-5,cm2
Plot C,all,Plot C,3,June,2026-06-06,interval_end,1-0__87,Montastraea cavernosa,TRUE,TRUE,TRUE,FALSE,1.06,1.06e-4,480,2.2083333333333333e-5,cm2
Plot C,all,Plot C,3,June,2026-06-06,interval_end,1-0__88,Montastraea cavernosa,TRUE,TRUE,TRUE,FALSE,3.82,3.8199999999999996e-4,480,7.958333333333333e-5,cm2
Plot C,all,Plot C,3,June,2026-06-06,interval_end,1-0__89,Montastraea cavernosa,TRUE,TRUE,TRUE,FALSE,1.18,1.18e-4,480,2.4583333333333332e-5,cm2
Plot C,all,Plot C,3,June,2026-06-06,interval_end,1-0__9,Orbicella annularis,TRUE,TRUE,TRUE,FALSE,0.4825,4.825e-5,480,1.0052083333333333e-5,cm2
Plot C,all,Plot C,3,June,2026-06-06,interval_end,1-0__90,Montastraea cavernosa,TRUE,TRUE,TRUE,FALSE,2.74,2.7400000000000005e-4,480,5.708333333333334e-5,cm2
Plot C,all,Plot C,3,June,2026-06-06,interval_end,1-0__91,Montastraea cavernosa,TRUE,TRUE,TRUE,FALSE,1.9825,1.9825e-4,480,4.130208333333333e-5,cm2
Plot C,all,Plot C,3,June,2026-06-06,interval_end,1-0__92,Montastraea cavernosa,TRUE,TRUE,TRUE,FALSE,1.9425,1.9424999999999998e-4,480,4.046875e-5,cm2
Plot C,all,Plot C,3,June,2026-06-06,interval_end,1-0__93,Montastraea cavernosa,TRUE,TRUE,TRUE,FALSE,3.5075,3.5075e-4,480,7.307291666666667e-5,cm2
Plot C,all,Plot C,3,June,2026-06-06,interval_end,1-0__94,Montastraea cavernosa,TRUE,TRUE,TRUE,FALSE,2.4675,2.4675e-4,480,5.1406250000000006e-5,cm2
Plot C,all,Plot C,3,June,2026-06-06,interval_end,1-0__95,Orbicella annularis,TRUE,TRUE,TRUE,FALSE,10.605,0.0010605,480,2.2093750000000002e-4,cm2
Plot C,all,Plot C,3,June,2026-06-06,NA,1-0__96,Orbicella annularis,TRUE,FALSE,FALSE,TRUE,0,0,NA,NA,NA
Plot C,all,Plot C,3,June,2026-06-06,interval_end,1-0__97,Orbicella franksi,TRUE,TRUE,TRUE,FALSE,4.4575,4.4574999999999997e-4,480,9.286458333333332e-5,cm2
Plot C,all,Plot C,3,June,2026-06-06,interval_end,1-0__98,Orbicella franksi,TRUE,TRUE,TRUE,FALSE,4.3525,4.3525e-4,480,9.067708333333333e-5,cm2
Plot C,all,Plot C,3,June,2026-06-06,interval_end,1-0__99,Orbicella franksi,TRUE,TRUE,TRUE,FALSE,3.955,3.955e-4,480,8.239583333333334e-5,cm2
Plot E,all,Plot E,1,May,2025-05-07,baseline_start,1-0__10,Orbicella annularis,TRUE,TRUE,TRUE,FALSE,1.2175,1.2175e-4,480,2.5364583333333334e-5,cm2
Plot E,all,Plot E,1,May,2025-05-07,baseline_start,1-0__1022,Orbicella annularis,TRUE,TRUE,TRUE,FALSE,3.2675,3.2675e-4,480,6.807291666666667e-5,cm2
Plot E,all,Plot E,1,May,2025-05-07,baseline_start,1-0__1023,Orbicella annularis,TRUE,TRUE,TRUE,FALSE,5.06,5.059999999999999e-4,480,1.0541666666666665e-4,cm2
Plot E,all,Plot E,1,May,2025-05-07,baseline_start,1-0__1037,Orbicella faveolata,TRUE,TRUE,TRUE,FALSE,7.7475,7.747499999999999e-4,480,1.6140624999999998e-4,cm2
Plot E,all,Plot E,1,May,2025-05-07,baseline_start,1-0__1040,Orbicella faveolata,TRUE,TRUE,TRUE,FALSE,8.95,8.95e-4,480,1.8645833333333332e-4,cm2
Plot E,all,Plot E,1,May,2025-05-07,baseline_start,1-0__1041,Orbicella faveolata,TRUE,TRUE,TRUE,FALSE,7.025,7.025e-4,480,1.4635416666666668e-4,cm2
Plot E,all,Plot E,1,May,2025-05-07,baseline_start,1-0__1087,Orbicella faveolata,TRUE,TRUE,TRUE,FALSE,10.0075,0.0010007500000000001,480,2.0848958333333337e-4,cm2
Plot E,all,Plot E,1,May,2025-05-07,baseline_start,1-0__1090,Orbicella faveolata,TRUE,TRUE,TRUE,FALSE,4.2925,4.2925000000000005e-4,480,8.942708333333334e-5,cm2
Plot E,all,Plot E,1,May,2025-05-07,baseline_start,1-0__1091,Orbicella faveolata,TRUE,TRUE,TRUE,FALSE,5.3825,5.3825e-4,480,1.1213541666666666e-4,cm2
Plot E,all,Plot E,1,May,2025-05-07,baseline_start,1-0__1092,Orbicella faveolata,TRUE,TRUE,TRUE,FALSE,5.605,5.605e-4,480,1.1677083333333334e-4,cm2
Plot E,all,Plot E,1,May,2025-05-07,baseline_start,1-0__1109,Acropora palmata,TRUE,TRUE,TRUE,FALSE,35.045,0.0035045000000000002,480,7.301041666666668e-4,cm2
Plot E,all,Plot E,1,May,2025-05-07,baseline_start,1-0__1111,Acropora palmata,TRUE,TRUE,TRUE,FALSE,11.025,0.0011025,480,2.296875e-4,cm2
Plot E,all,Plot E,1,May,2025-05-07,baseline_start,1-0__1114,Acropora palmata,TRUE,TRUE,TRUE,FALSE,14.9075,0.00149075,480,3.105729166666667e-4,cm2
Plot E,all,Plot E,1,May,2025-05-07,baseline_start,1-0__1115,Acropora palmata,TRUE,TRUE,TRUE,FALSE,17.9125,0.00179125,480,3.731770833333333e-4,cm2
Plot E,all,Plot E,1,May,2025-05-07,baseline_start,1-0__1117,Acropora palmata,TRUE,TRUE,TRUE,FALSE,11.3425,0.0011342499999999998,480,2.363020833333333e-4,cm2
Plot E,all,Plot E,1,May,2025-05-07,baseline_start,1-0__1118,Orbicella faveolata,TRUE,TRUE,TRUE,FALSE,3.5925,3.5925e-4,480,7.484375e-5,cm2
Plot E,all,Plot E,1,May,2025-05-07,baseline_start,1-0__1120,Acropora palmata,TRUE,TRUE,TRUE,FALSE,9.2525,9.2525e-4,480,0.00019276041666666666,cm2
Plot E,all,Plot E,1,May,2025-05-07,baseline_start,1-0__1122,Orbicella faveolata,TRUE,TRUE,TRUE,FALSE,5.7625,5.7625e-4,480,1.2005208333333334e-4,cm2
Plot E,all,Plot E,1,May,2025-05-07,baseline_start,1-0__1125,Acropora palmata,TRUE,TRUE,TRUE,FALSE,32.93,0.003293,480,6.860416666666666e-4,cm2
Plot E,all,Plot E,1,May,2025-05-07,baseline_start,1-0__1126,Orbicella faveolata,TRUE,TRUE,TRUE,FALSE,3.42,3.42e-4,480,7.125e-5,cm2
Plot E,all,Plot E,1,May,2025-05-07,baseline_start,1-0__1127,Acropora palmata,TRUE,TRUE,TRUE,FALSE,16.4875,0.00164875,480,3.4348958333333334e-4,cm2
Plot E,all,Plot E,1,May,2025-05-07,baseline_start,1-0__1132,Acropora palmata,TRUE,TRUE,TRUE,FALSE,12.7375,0.0012737500000000001,480,2.653645833333334e-4,cm2
Plot E,all,Plot E,1,May,2025-05-07,baseline_start,1-0__1152,Orbicella faveolata,TRUE,TRUE,TRUE,FALSE,7.0625,7.0625e-4,480,1.4713541666666664e-4,cm2
Plot E,all,Plot E,1,May,2025-05-07,baseline_start,1-0__1153,Orbicella faveolata,TRUE,TRUE,TRUE,FALSE,4.14,4.14e-4,480,8.625e-5,cm2
Plot E,all,Plot E,1,May,2025-05-07,baseline_start,1-0__1154,Orbicella faveolata,TRUE,TRUE,TRUE,FALSE,4.215,4.215e-4,480,8.78125e-5,cm2
Plot E,all,Plot E,1,May,2025-05-07,baseline_start,1-0__1158,Orbicella faveolata,TRUE,TRUE,TRUE,FALSE,4.4,4.4e-4,480,9.166666666666668e-5,cm2
Plot E,all,Plot E,1,May,2025-05-07,baseline_start,1-0__1159,Orbicella faveolata,TRUE,TRUE,TRUE,FALSE,5.935,5.935e-4,480,1.2364583333333333e-4,cm2
Plot E,all,Plot E,1,May,2025-05-07,baseline_start,1-0__1161,Orbicella faveolata,TRUE,TRUE,TRUE,FALSE,2.875,2.875e-4,480,5.989583333333333e-5,cm2
Plot E,all,Plot E,1,May,2025-05-07,baseline_start,1-0__1173,Orbicella annularis,TRUE,TRUE,TRUE,FALSE,4.3075,4.3075000000000003e-4,480,8.973958333333334e-5,cm2
Plot E,all,Plot E,1,May,2025-05-07,baseline_start,1-0__1174,Orbicella annularis,TRUE,TRUE,TRUE,FALSE,1.265,1.2649999999999998e-4,480,2.6354166666666662e-5,cm2
Plot E,all,Plot E,1,May,2025-05-07,baseline_start,1-0__1176,Orbicella annularis,TRUE,TRUE,TRUE,FALSE,3.51,3.5099999999999997e-4,480,7.3125e-5,cm2
Plot E,all,Plot E,1,May,2025-05-07,baseline_start,1-0__1177,Orbicella annularis,TRUE,TRUE,TRUE,FALSE,17.380000000000003,0.001738,480,3.6208333333333334e-4,cm2
Plot E,all,Plot E,1,May,2025-05-07,baseline_start,1-0__1178,Orbicella annularis,TRUE,TRUE,TRUE,FALSE,2.36,2.36e-4,480,4.9166666666666665e-5,cm2
Plot E,all,Plot E,1,May,2025-05-07,baseline_start,1-0__1179,Orbicella annularis,TRUE,TRUE,TRUE,FALSE,0.6225,6.225000000000001e-5,480,1.2968750000000002e-5,cm2
Plot E,all,Plot E,1,May,2025-05-07,baseline_start,1-0__1180,Orbicella annularis,TRUE,TRUE,TRUE,FALSE,1.1925,1.1925e-4,480,2.484375e-5,cm2
Plot E,all,Plot E,1,May,2025-05-07,baseline_start,1-0__1209,Acropora cervicornis,TRUE,TRUE,TRUE,FALSE,6.4,6.4e-4,480,1.3333333333333334e-4,cm2
Plot E,all,Plot E,1,May,2025-05-07,baseline_start,1-0__1210,Acropora cervicornis,TRUE,TRUE,TRUE,FALSE,6.535,6.535e-4,480,1.3614583333333333e-4,cm2
Plot E,all,Plot E,1,May,2025-05-07,baseline_start,1-0__1211,Acropora cervicornis,TRUE,TRUE,TRUE,FALSE,6.4075,6.407499999999999e-4,480,1.334895833333333e-4,cm2
Plot E,all,Plot E,1,May,2025-05-07,baseline_start,1-0__1212,Acropora cervicornis,TRUE,TRUE,TRUE,FALSE,13.002500000000001,0.00130025,480,2.7088541666666667e-4,cm2
Plot E,all,Plot E,1,May,2025-05-07,baseline_start,1-0__1213,Acropora cervicornis,TRUE,TRUE,TRUE,FALSE,8.06,8.060000000000001e-4,480,1.6791666666666666e-4,cm2
Plot E,all,Plot E,1,May,2025-05-07,baseline_start,1-0__1214,Acropora cervicornis,TRUE,TRUE,TRUE,FALSE,5.2725,5.2725e-4,480,1.0984375000000001e-4,cm2
Plot E,all,Plot E,1,May,2025-05-07,baseline_start,1-0__1217,Orbicella faveolata,TRUE,TRUE,TRUE,FALSE,6.0175,6.0175e-4,480,1.2536458333333334e-4,cm2
Plot E,all,Plot E,1,May,2025-05-07,baseline_start,1-0__1223,Orbicella faveolata,TRUE,TRUE,TRUE,FALSE,5.9575,5.957499999999999e-4,480,1.241145833333333e-4,cm2
Plot E,all,Plot E,1,May,2025-05-07,baseline_start,1-0__1224,Orbicella faveolata,TRUE,TRUE,TRUE,FALSE,7.5325,7.5325e-4,480,1.5692708333333333e-4,cm2
Plot E,all,Plot E,1,May,2025-05-07,baseline_start,1-0__2115,Orbicella annularis,FALSE,FALSE,NA,FALSE,0,0,480,0,cm2
Plot E,all,Plot E,1,May,2025-05-07,baseline_start,1-0__2117,Orbicella annularis,FALSE,FALSE,NA,FALSE,0,0,480,0,cm2
Plot E,all,Plot E,1,May,2025-05-07,baseline_start,1-0__2118,Orbicella annularis,FALSE,FALSE,NA,FALSE,0,0,480,0,cm2
Plot E,all,Plot E,1,May,2025-05-07,baseline_start,1-0__221,Orbicella annularis,TRUE,TRUE,TRUE,FALSE,26.775,0.0026774999999999998,480,5.578124999999999e-4,cm2
Plot E,all,Plot E,1,May,2025-05-07,baseline_start,1-0__224,Orbicella annularis,TRUE,TRUE,TRUE,FALSE,68.70750000000001,0.00687075,480,0.00143140625,cm2
Plot E,all,Plot E,1,May,2025-05-07,baseline_start,1-0__261,Orbicella annularis,TRUE,TRUE,TRUE,FALSE,76.59,0.007659,480,0.001595625,cm2
Plot E,all,Plot E,1,May,2025-05-07,baseline_start,1-0__262,Orbicella annularis,TRUE,TRUE,TRUE,FALSE,2.8425,2.8425e-4,480,5.921875e-5,cm2
Plot E,all,Plot E,1,May,2025-05-07,baseline_start,1-0__344,Orbicella annularis,TRUE,TRUE,TRUE,FALSE,75.3825,0.007538249999999999,480,0.0015704687499999996,cm2
Plot E,all,Plot E,1,May,2025-05-07,baseline_start,1-0__349,Orbicella annularis,TRUE,TRUE,TRUE,FALSE,55.125,0.0055125,480,0.0011484375,cm2
Plot E,all,Plot E,1,May,2025-05-07,baseline_start,1-0__351,Orbicella annularis,TRUE,TRUE,TRUE,FALSE,1.1575,1.1575e-4,480,2.4114583333333334e-5,cm2
Plot E,all,Plot E,1,May,2025-05-07,baseline_start,1-0__354,Orbicella annularis,TRUE,TRUE,TRUE,FALSE,1.545,1.545e-4,480,3.2187499999999996e-5,cm2
Plot E,all,Plot E,1,May,2025-05-07,baseline_start,1-0__365,Orbicella annularis,TRUE,TRUE,TRUE,FALSE,0.93,9.300000000000001e-5,480,1.9375000000000003e-5,cm2
Plot E,all,Plot E,1,May,2025-05-07,baseline_start,1-0__367,Orbicella annularis,TRUE,TRUE,TRUE,FALSE,22.8025,0.0022802499999999997,480,4.750520833333333e-4,cm2
Plot E,all,Plot E,1,May,2025-05-07,baseline_start,1-0__368,Orbicella annularis,TRUE,TRUE,TRUE,FALSE,8.92,8.92e-4,480,1.8583333333333334e-4,cm2
Plot E,all,Plot E,1,May,2025-05-07,baseline_start,1-0__373,Orbicella annularis,TRUE,TRUE,TRUE,FALSE,1.8525,1.8525e-4,480,3.859375e-5,cm2
Plot E,all,Plot E,1,May,2025-05-07,baseline_start,1-0__375,Orbicella annularis,TRUE,TRUE,TRUE,FALSE,4.585,4.585e-4,480,9.552083333333332e-5,cm2
Plot E,all,Plot E,1,May,2025-05-07,baseline_start,1-0__382,Orbicella annularis,TRUE,TRUE,TRUE,FALSE,2.23,2.23e-4,480,4.6458333333333335e-5,cm2
Plot E,all,Plot E,1,May,2025-05-07,baseline_start,1-0__4,Orbicella annularis,TRUE,TRUE,TRUE,FALSE,3.345,3.345e-4,480,6.96875e-5,cm2
Plot E,all,Plot E,1,May,2025-05-07,baseline_start,1-0__405,Orbicella franksi,TRUE,TRUE,TRUE,FALSE,32.0875,0.0032087500000000002,480,6.684895833333333e-4,cm2
Plot E,all,Plot E,1,May,2025-05-07,baseline_start,1-0__409,Orbicella franksi,TRUE,TRUE,TRUE,FALSE,15.912500000000001,0.0015912500000000002,480,3.315104166666667e-4,cm2
Plot E,all,Plot E,1,May,2025-05-07,baseline_start,1-0__412,Orbicella franksi,TRUE,TRUE,TRUE,FALSE,12.98,0.0012980000000000001,480,2.704166666666667e-4,cm2
Plot E,all,Plot E,1,May,2025-05-07,baseline_start,1-0__413,Orbicella franksi,TRUE,TRUE,TRUE,FALSE,6,6e-4,480,1.25e-4,cm2
Plot E,all,Plot E,1,May,2025-05-07,baseline_start,1-0__449,Orbicella annularis,TRUE,TRUE,TRUE,FALSE,29.75,0.0029749999999999998,480,6.197916666666666e-4,cm2
Plot E,all,Plot E,1,May,2025-05-07,baseline_start,1-0__458,Orbicella annularis,TRUE,TRUE,TRUE,FALSE,0.32,3.2e-5,480,6.666666666666666e-6,cm2
Plot E,all,Plot E,1,May,2025-05-07,baseline_start,1-0__47,Orbicella annularis,TRUE,TRUE,TRUE,FALSE,1.4275,1.4275e-4,480,2.9739583333333332e-5,cm2
Plot E,all,Plot E,1,May,2025-05-07,baseline_start,1-0__470,Orbicella franksi,TRUE,TRUE,TRUE,FALSE,4.7725,4.7724999999999997e-4,480,9.942708333333333e-5,cm2
Plot E,all,Plot E,1,May,2025-05-07,baseline_start,1-0__475,Orbicella franksi,TRUE,TRUE,TRUE,FALSE,3.81,3.81e-4,480,7.9375e-5,cm2
Plot E,all,Plot E,1,May,2025-05-07,baseline_start,1-0__476,Orbicella franksi,TRUE,TRUE,TRUE,FALSE,5.6125,5.6125e-4,480,1.1692708333333333e-4,cm2
Plot E,all,Plot E,1,May,2025-05-07,baseline_start,1-0__478,Orbicella franksi,TRUE,TRUE,TRUE,FALSE,8.0325,8.0325e-4,480,1.6734375e-4,cm2
Plot E,all,Plot E,1,May,2025-05-07,baseline_start,1-0__481,Orbicella franksi,TRUE,TRUE,TRUE,FALSE,4.7,4.7000000000000004e-4,480,9.791666666666668e-5,cm2
Plot E,all,Plot E,1,May,2025-05-07,baseline_start,1-0__483,Orbicella franksi,TRUE,TRUE,TRUE,FALSE,4.6325,4.6325e-4,480,9.651041666666666e-5,cm2
Plot E,all,Plot E,1,May,2025-05-07,baseline_start,1-0__485,Orbicella franksi,TRUE,TRUE,TRUE,FALSE,6.325,6.325e-4,480,1.3177083333333332e-4,cm2
Plot E,all,Plot E,1,May,2025-05-07,baseline_start,1-0__488,Orbicella franksi,TRUE,TRUE,TRUE,FALSE,5.365,5.365e-4,480,1.1177083333333332e-4,cm2
Plot E,all,Plot E,1,May,2025-05-07,baseline_start,1-0__489,Orbicella franksi,TRUE,TRUE,TRUE,FALSE,5.4825,5.4825e-4,480,1.1421875e-4,cm2
Plot E,all,Plot E,1,May,2025-05-07,baseline_start,1-0__5,Orbicella annularis,TRUE,TRUE,TRUE,FALSE,1.9875,1.9875e-4,480,4.140625e-5,cm2
Plot E,all,Plot E,1,May,2025-05-07,baseline_start,1-0__50,Orbicella annularis,TRUE,TRUE,TRUE,FALSE,10.6075,0.00106075,480,2.2098958333333335e-4,cm2
Plot E,all,Plot E,1,May,2025-05-07,baseline_start,1-0__51,Orbicella annularis,TRUE,TRUE,TRUE,FALSE,2.3975,2.3975e-4,480,4.994791666666667e-5,cm2
Plot E,all,Plot E,1,May,2025-05-07,baseline_start,1-0__515,Orbicella annularis,TRUE,TRUE,TRUE,FALSE,18.9025,0.00189025,480,3.9380208333333335e-4,cm2
Plot E,all,Plot E,1,May,2025-05-07,baseline_start,1-0__517,Orbicella annularis,TRUE,TRUE,TRUE,FALSE,19.19,0.0019190000000000001,480,3.997916666666667e-4,cm2
Plot E,all,Plot E,1,May,2025-05-07,baseline_start,1-0__519,Orbicella annularis,TRUE,TRUE,TRUE,FALSE,0.34,3.4e-5,480,7.083333333333333e-6,cm2
Plot E,all,Plot E,1,May,2025-05-07,baseline_start,1-0__52,Orbicella annularis,TRUE,TRUE,TRUE,FALSE,4.88,4.88e-4,480,1.0166666666666665e-4,cm2
Plot E,all,Plot E,1,May,2025-05-07,baseline_start,1-0__520,Orbicella annularis,TRUE,TRUE,TRUE,FALSE,4.2325,4.2325e-4,480,8.817708333333334e-5,cm2
Plot E,all,Plot E,1,May,2025-05-07,baseline_start,1-0__523,Orbicella annularis,TRUE,TRUE,TRUE,FALSE,2.3425,2.3424999999999997e-4,480,4.880208333333333e-5,cm2
Plot E,all,Plot E,1,May,2025-05-07,baseline_start,1-0__524,Orbicella annularis,TRUE,TRUE,TRUE,FALSE,7.38,7.379999999999999e-4,480,1.5374999999999997e-4,cm2
Plot E,all,Plot E,1,May,2025-05-07,baseline_start,1-0__53,Orbicella annularis,TRUE,TRUE,TRUE,FALSE,3.2125,3.2125e-4,480,6.692708333333333e-5,cm2
Plot E,all,Plot E,1,May,2025-05-07,baseline_start,1-0__531,Orbicella annularis,TRUE,TRUE,TRUE,FALSE,1.19,1.1899999999999999e-4,480,2.4791666666666665e-5,cm2
Plot E,all,Plot E,1,May,2025-05-07,baseline_start,1-0__532,Orbicella annularis,TRUE,TRUE,TRUE,FALSE,35.06999999999999,0.0035069999999999997,480,7.306249999999999e-4,cm2
Plot E,all,Plot E,1,May,2025-05-07,baseline_start,1-0__533,Orbicella annularis,TRUE,TRUE,TRUE,FALSE,2.5775,2.5775e-4,480,5.369791666666666e-5,cm2
Plot E,all,Plot E,1,May,2025-05-07,baseline_start,1-0__535,Orbicella annularis,TRUE,TRUE,TRUE,FALSE,4.875,4.875e-4,480,1.015625e-4,cm2
Plot E,all,Plot E,1,May,2025-05-07,baseline_start,1-0__54,Orbicella annularis,TRUE,TRUE,TRUE,FALSE,3.98,3.98e-4,480,8.291666666666667e-5,cm2
Plot E,all,Plot E,1,May,2025-05-07,baseline_start,1-0__540,Orbicella annularis,TRUE,TRUE,TRUE,FALSE,3.9575,3.9575e-4,480,8.244791666666666e-5,cm2
Plot E,all,Plot E,1,May,2025-05-07,baseline_start,1-0__55,Orbicella annularis,TRUE,TRUE,TRUE,FALSE,2.29,2.29e-4,480,4.770833333333333e-5,cm2
Plot E,all,Plot E,1,May,2025-05-07,baseline_start,1-0__56,Orbicella annularis,TRUE,TRUE,TRUE,FALSE,0.29,2.8999999999999997e-5,480,6.041666666666666e-6,cm2
Plot E,all,Plot E,1,May,2025-05-07,baseline_start,1-0__561,Orbicella annularis,TRUE,TRUE,TRUE,FALSE,0.33,3.3e-5,480,6.875000000000001e-6,cm2
Plot E,all,Plot E,1,May,2025-05-07,baseline_start,1-0__562,Orbicella annularis,TRUE,TRUE,TRUE,FALSE,0.955,9.549999999999999e-5,480,1.9895833333333334e-5,cm2
Plot E,all,Plot E,1,May,2025-05-07,baseline_start,1-0__563,Orbicella annularis,TRUE,TRUE,TRUE,FALSE,0.4025,4.025e-5,480,8.385416666666666e-6,cm2
Plot E,all,Plot E,1,May,2025-05-07,baseline_start,1-0__564,Orbicella annularis,TRUE,TRUE,TRUE,FALSE,0.4175,4.175e-5,480,8.697916666666667e-6,cm2
Plot E,all,Plot E,1,May,2025-05-07,baseline_start,1-0__565,Orbicella annularis,TRUE,TRUE,TRUE,FALSE,0.685,6.850000000000001e-5,480,1.4270833333333336e-5,cm2
Plot E,all,Plot E,1,May,2025-05-07,baseline_start,1-0__566,Orbicella annularis,TRUE,TRUE,TRUE,FALSE,1.755,1.7549999999999998e-4,480,3.65625e-5,cm2
Plot E,all,Plot E,1,May,2025-05-07,baseline_start,1-0__567,Orbicella annularis,TRUE,TRUE,TRUE,FALSE,0.555,5.550000000000001e-5,480,1.1562500000000002e-5,cm2
Plot E,all,Plot E,1,May,2025-05-07,baseline_start,1-0__568,Orbicella annularis,TRUE,TRUE,TRUE,FALSE,0.575,5.7499999999999995e-5,480,1.1979166666666667e-5,cm2
Plot E,all,Plot E,1,May,2025-05-07,baseline_start,1-0__57,Orbicella annularis,TRUE,TRUE,TRUE,FALSE,0.78,7.8e-5,480,1.625e-5,cm2
Plot E,all,Plot E,1,May,2025-05-07,baseline_start,1-0__570,Orbicella annularis,TRUE,TRUE,TRUE,FALSE,0.4475,4.4750000000000004e-5,480,9.322916666666669e-6,cm2
Plot E,all,Plot E,1,May,2025-05-07,baseline_start,1-0__571,Orbicella annularis,TRUE,TRUE,TRUE,FALSE,1.16,1.1599999999999999e-4,480,2.4166666666666663e-5,cm2
Plot E,all,Plot E,1,May,2025-05-07,baseline_start,1-0__573,Orbicella annularis,TRUE,TRUE,TRUE,FALSE,0.5075,5.0749999999999994e-5,480,1.0572916666666667e-5,cm2
Plot E,all,Plot E,1,May,2025-05-07,baseline_start,1-0__575,Orbicella annularis,TRUE,TRUE,TRUE,FALSE,0.8675,8.675000000000001e-5,480,1.8072916666666668e-5,cm2
Plot E,all,Plot E,1,May,2025-05-07,baseline_start,1-0__577,Orbicella annularis,TRUE,TRUE,TRUE,FALSE,1.0625,1.0625e-4,480,2.2135416666666665e-5,cm2
Plot E,all,Plot E,1,May,2025-05-07,baseline_start,1-0__579,Orbicella annularis,TRUE,TRUE,TRUE,FALSE,0.6775,6.775e-5,480,1.4114583333333334e-5,cm2
Plot E,all,Plot E,1,May,2025-05-07,baseline_start,1-0__580,Orbicella annularis,TRUE,TRUE,TRUE,FALSE,1.22,1.2200000000000001e-4,480,2.5416666666666667e-5,cm2
Plot E,all,Plot E,1,May,2025-05-07,baseline_start,1-0__582,Orbicella annularis,TRUE,TRUE,TRUE,FALSE,4.9525,4.9525e-4,480,1.0317708333333334e-4,cm2
Plot E,all,Plot E,1,May,2025-05-07,baseline_start,1-0__583,Orbicella annularis,TRUE,TRUE,TRUE,FALSE,0.675,6.75e-5,480,1.40625e-5,cm2
Plot E,all,Plot E,1,May,2025-05-07,baseline_start,1-0__584,Orbicella annularis,TRUE,TRUE,TRUE,FALSE,1.0175,1.0175e-4,480,2.1197916666666666e-5,cm2
Plot E,all,Plot E,1,May,2025-05-07,baseline_start,1-0__585,Orbicella annularis,TRUE,TRUE,TRUE,FALSE,4.445,4.445e-4,480,9.260416666666667e-5,cm2
Plot E,all,Plot E,1,May,2025-05-07,baseline_start,1-0__586,Orbicella annularis,TRUE,TRUE,TRUE,FALSE,1.15,1.1499999999999999e-4,480,2.3958333333333334e-5,cm2
Plot E,all,Plot E,1,May,2025-05-07,baseline_start,1-0__589,Orbicella franksi,TRUE,TRUE,TRUE,FALSE,36.08,0.0036079999999999997,480,7.516666666666665e-4,cm2
Plot E,all,Plot E,1,May,2025-05-07,baseline_start,1-0__590,Orbicella annularis,TRUE,TRUE,TRUE,FALSE,0.675,6.75e-5,480,1.40625e-5,cm2
Plot E,all,Plot E,1,May,2025-05-07,baseline_start,1-0__591,Orbicella franksi,TRUE,TRUE,TRUE,FALSE,7.42,7.42e-4,480,1.5458333333333334e-4,cm2
Plot E,all,Plot E,1,May,2025-05-07,baseline_start,1-0__593,Orbicella franksi,TRUE,TRUE,TRUE,FALSE,4.5575,4.5575e-4,480,9.494791666666666e-5,cm2
Plot E,all,Plot E,1,May,2025-05-07,baseline_start,1-0__595,Orbicella franksi,TRUE,TRUE,TRUE,FALSE,5.855,5.855000000000001e-4,480,1.2197916666666668e-4,cm2
Plot E,all,Plot E,1,May,2025-05-07,baseline_start,1-0__596,Orbicella franksi,TRUE,TRUE,TRUE,FALSE,6.39,6.389999999999999e-4,480,1.33125e-4,cm2
Plot E,all,Plot E,1,May,2025-05-07,baseline_start,1-0__598,Orbicella franksi,TRUE,TRUE,TRUE,FALSE,6.68,6.68e-4,480,1.3916666666666667e-4,cm2
Plot E,all,Plot E,1,May,2025-05-07,baseline_start,1-0__6,Orbicella annularis,TRUE,TRUE,TRUE,FALSE,2.195,2.195e-4,480,4.572916666666667e-5,cm2
Plot E,all,Plot E,1,May,2025-05-07,baseline_start,1-0__614,Orbicella annularis,TRUE,TRUE,TRUE,FALSE,64.1575,0.00641575,480,0.0013366145833333333,cm2
Plot E,all,Plot E,1,May,2025-05-07,baseline_start,1-0__617,Orbicella annularis,TRUE,TRUE,TRUE,FALSE,0.26,2.6000000000000002e-5,480,5.416666666666668e-6,cm2
Plot E,all,Plot E,1,May,2025-05-07,baseline_start,1-0__674,Acropora palmata,TRUE,TRUE,TRUE,FALSE,14.3075,0.00143075,480,2.980729166666667e-4,cm2
Plot E,all,Plot E,1,May,2025-05-07,baseline_start,1-0__676,Acropora palmata,TRUE,TRUE,TRUE,FALSE,10.355,0.0010355,480,2.1572916666666667e-4,cm2
Plot E,all,Plot E,1,May,2025-05-07,baseline_start,1-0__677,Acropora palmata,TRUE,TRUE,TRUE,FALSE,21.435,0.0021435,480,4.465625e-4,cm2
Plot E,all,Plot E,1,May,2025-05-07,baseline_start,1-0__680,Acropora palmata,TRUE,TRUE,TRUE,FALSE,12.7,0.0012699999999999999,480,2.645833333333333e-4,cm2
Plot E,all,Plot E,1,May,2025-05-07,baseline_start,1-0__683,Acropora palmata,TRUE,TRUE,TRUE,FALSE,13.795,0.0013795,480,2.8739583333333335e-4,cm2
Plot E,all,Plot E,1,May,2025-05-07,baseline_start,1-0__685,Orbicella franksi,TRUE,TRUE,TRUE,FALSE,5.12,5.12e-4,480,1.0666666666666665e-4,cm2
Plot E,all,Plot E,1,May,2025-05-07,baseline_start,1-0__686,Orbicella franksi,TRUE,TRUE,TRUE,FALSE,4.575,4.575e-4,480,9.531249999999999e-5,cm2
Plot E,all,Plot E,1,May,2025-05-07,baseline_start,1-0__687,Orbicella franksi,TRUE,TRUE,TRUE,FALSE,6.9375,6.9375e-4,480,1.4453125000000002e-4,cm2
Plot E,all,Plot E,1,May,2025-05-07,baseline_start,1-0__688,Orbicella franksi,TRUE,TRUE,TRUE,FALSE,21.775,0.0021775,480,4.536458333333334e-4,cm2
Plot E,all,Plot E,1,May,2025-05-07,baseline_start,1-0__689,Orbicella franksi,TRUE,TRUE,TRUE,FALSE,13.1375,0.00131375,480,2.7369791666666666e-4,cm2
Plot E,all,Plot E,1,May,2025-05-07,baseline_start,1-0__691,Orbicella franksi,TRUE,TRUE,TRUE,FALSE,17.7825,0.0017782499999999999,480,3.7046875e-4,cm2
Plot E,all,Plot E,1,May,2025-05-07,baseline_start,1-0__692,Orbicella franksi,TRUE,TRUE,TRUE,FALSE,3.685,3.685e-4,480,7.677083333333334e-5,cm2
Plot E,all,Plot E,1,May,2025-05-07,baseline_start,1-0__693,Orbicella franksi,TRUE,TRUE,TRUE,FALSE,12.18,0.001218,480,2.5374999999999996e-4,cm2
Plot E,all,Plot E,1,May,2025-05-07,baseline_start,1-0__694,Orbicella franksi,TRUE,TRUE,TRUE,FALSE,3.3475,3.3475000000000003e-4,480,6.973958333333334e-5,cm2
Plot E,all,Plot E,1,May,2025-05-07,baseline_start,1-0__697,Orbicella franksi,TRUE,TRUE,TRUE,FALSE,5.98,5.98e-4,480,1.2458333333333334e-4,cm2
Plot E,all,Plot E,1,May,2025-05-07,baseline_start,1-0__698,Orbicella franksi,TRUE,TRUE,TRUE,FALSE,3.695,3.695e-4,480,7.697916666666666e-5,cm2
Plot E,all,Plot E,1,May,2025-05-07,baseline_start,1-0__699,Orbicella franksi,TRUE,TRUE,TRUE,FALSE,5.7675,5.7675e-4,480,1.2015625000000001e-4,cm2
Plot E,all,Plot E,1,May,2025-05-07,baseline_start,1-0__7,Orbicella annularis,TRUE,TRUE,TRUE,FALSE,2.2525,2.2525e-4,480,4.692708333333333e-5,cm2
Plot E,all,Plot E,1,May,2025-05-07,baseline_start,1-0__700,Orbicella franksi,TRUE,TRUE,TRUE,FALSE,7.765,7.765e-4,480,1.6177083333333332e-4,cm2
Plot E,all,Plot E,1,May,2025-05-07,baseline_start,1-0__727,Acropora palmata,TRUE,TRUE,TRUE,FALSE,12.3675,0.00123675,480,2.5765625e-4,cm2
Plot E,all,Plot E,1,May,2025-05-07,baseline_start,1-0__730,Acropora palmata,TRUE,TRUE,TRUE,FALSE,13.2525,0.00132525,480,2.7609375e-4,cm2
Plot E,all,Plot E,1,May,2025-05-07,baseline_start,1-0__732,Acropora palmata,TRUE,TRUE,TRUE,FALSE,11.3875,0.00113875,480,2.3723958333333333e-4,cm2
Plot E,all,Plot E,1,May,2025-05-07,baseline_start,1-0__733,Acropora palmata,TRUE,TRUE,TRUE,FALSE,12.9875,0.00129875,480,2.7057291666666663e-4,cm2
Plot E,all,Plot E,1,May,2025-05-07,baseline_start,1-0__737,Acropora palmata,TRUE,TRUE,TRUE,FALSE,17.8025,0.00178025,480,3.7088541666666666e-4,cm2
Plot E,all,Plot E,1,May,2025-05-07,baseline_start,1-0__738,Acropora palmata,TRUE,TRUE,TRUE,FALSE,10.59,0.001059,480,2.20625e-4,cm2
Plot E,all,Plot E,1,May,2025-05-07,baseline_start,1-0__740,Acropora palmata,TRUE,TRUE,TRUE,FALSE,18.47,0.001847,480,3.847916666666667e-4,cm2
Plot E,all,Plot E,1,May,2025-05-07,baseline_start,1-0__742,Acropora palmata,TRUE,TRUE,TRUE,FALSE,10.745,0.0010745,480,2.2385416666666663e-4,cm2
Plot E,all,Plot E,1,May,2025-05-07,baseline_start,1-0__745,Orbicella faveolata,TRUE,TRUE,TRUE,FALSE,4.4175,4.4175000000000003e-4,480,9.203125000000002e-5,cm2
Plot E,all,Plot E,1,May,2025-05-07,baseline_start,1-0__746,Orbicella faveolata,TRUE,TRUE,TRUE,FALSE,5.3775,5.3775e-4,480,1.1203125e-4,cm2
Plot E,all,Plot E,1,May,2025-05-07,baseline_start,1-0__748,Orbicella faveolata,TRUE,TRUE,TRUE,FALSE,5.7525,5.7525e-4,480,1.1984375e-4,cm2
Plot E,all,Plot E,1,May,2025-05-07,baseline_start,1-0__749,Acropora palmata,TRUE,TRUE,TRUE,FALSE,8.6125,8.6125e-4,480,1.7942708333333336e-4,cm2
Plot E,all,Plot E,1,May,2025-05-07,baseline_start,1-0__753,Acropora palmata,TRUE,TRUE,TRUE,FALSE,19.755,0.0019755,480,4.1156249999999993e-4,cm2
Plot E,all,Plot E,1,May,2025-05-07,baseline_start,1-0__754,Acropora palmata,TRUE,TRUE,TRUE,FALSE,16.5075,0.00165075,480,3.4390625e-4,cm2
Plot E,all,Plot E,1,May,2025-05-07,baseline_start,1-0__755,Orbicella faveolata,TRUE,TRUE,TRUE,FALSE,14.995000000000001,0.0014995,480,3.123958333333333e-4,cm2
Plot E,all,Plot E,1,May,2025-05-07,baseline_start,1-0__757,Orbicella faveolata,TRUE,TRUE,TRUE,FALSE,7.6575,7.657499999999999e-4,480,1.5953124999999998e-4,cm2
Plot E,all,Plot E,1,May,2025-05-07,baseline_start,1-0__759,Acropora palmata,TRUE,TRUE,TRUE,FALSE,9.605,9.605000000000001e-4,480,2.0010416666666668e-4,cm2
Plot E,all,Plot E,1,May,2025-05-07,baseline_start,1-0__760,Acropora palmata,TRUE,TRUE,TRUE,FALSE,14.3475,0.00143475,480,2.9890624999999996e-4,cm2
Plot E,all,Plot E,1,May,2025-05-07,baseline_start,1-0__762,Orbicella faveolata,TRUE,TRUE,TRUE,FALSE,22.317500000000003,0.0022317500000000002,480,4.649479166666667e-4,cm2
Plot E,all,Plot E,1,May,2025-05-07,baseline_start,1-0__764,Acropora palmata,TRUE,TRUE,TRUE,FALSE,14.895,0.0014895,480,3.103125e-4,cm2
Plot E,all,Plot E,1,May,2025-05-07,baseline_start,1-0__765,Orbicella faveolata,TRUE,TRUE,TRUE,FALSE,5.735,5.735e-4,480,1.1947916666666666e-4,cm2
Plot E,all,Plot E,1,May,2025-05-07,baseline_start,1-0__767,Acropora palmata,TRUE,TRUE,TRUE,FALSE,14.5,0.00145,480,3.020833333333333e-4,cm2
Plot E,all,Plot E,1,May,2025-05-07,baseline_start,1-0__784,Acropora palmata,TRUE,TRUE,TRUE,FALSE,12.83,0.001283,480,2.6729166666666665e-4,cm2
Plot E,all,Plot E,1,May,2025-05-07,baseline_start,1-0__792,Acropora palmata,TRUE,TRUE,TRUE,FALSE,23,0.0023,480,4.7916666666666664e-4,cm2
Plot E,all,Plot E,1,May,2025-05-07,baseline_start,1-0__793,Acropora palmata,TRUE,TRUE,TRUE,FALSE,10.1225,0.0010122500000000001,480,2.1088541666666668e-4,cm2
Plot E,all,Plot E,1,May,2025-05-07,baseline_start,1-0__796,Acropora palmata,TRUE,TRUE,TRUE,FALSE,11.4875,0.00114875,480,2.3932291666666668e-4,cm2
Plot E,all,Plot E,1,May,2025-05-07,baseline_start,1-0__798,Acropora palmata,TRUE,TRUE,TRUE,FALSE,15.15,0.001515,480,3.15625e-4,cm2
Plot E,all,Plot E,1,May,2025-05-07,baseline_start,1-0__8,Orbicella annularis,TRUE,TRUE,TRUE,FALSE,18.1775,0.00181775,480,3.7869791666666667e-4,cm2
Plot E,all,Plot E,1,May,2025-05-07,baseline_start,1-0__801,Acropora palmata,TRUE,TRUE,TRUE,FALSE,21.665,0.0021665,480,4.513541666666667e-4,cm2
Plot E,all,Plot E,1,May,2025-05-07,baseline_start,1-0__802,Acropora palmata,TRUE,TRUE,TRUE,FALSE,10.805,0.0010804999999999999,480,2.251041666666666e-4,cm2
Plot E,all,Plot E,1,May,2025-05-07,baseline_start,1-0__804,Acropora palmata,TRUE,TRUE,TRUE,FALSE,10.84,0.001084,480,2.2583333333333334e-4,cm2
Plot E,all,Plot E,1,May,2025-05-07,baseline_start,1-0__805,Acropora palmata,TRUE,TRUE,TRUE,FALSE,30.32,0.003032,480,6.316666666666668e-4,cm2
Plot E,all,Plot E,1,May,2025-05-07,baseline_start,1-0__806,Acropora palmata,TRUE,TRUE,TRUE,FALSE,12.4925,0.00124925,480,2.6026041666666667e-4,cm2
Plot E,all,Plot E,1,May,2025-05-07,baseline_start,1-0__808,Acropora palmata,TRUE,TRUE,TRUE,FALSE,11.7375,0.00117375,480,2.4453125e-4,cm2
Plot E,all,Plot E,1,May,2025-05-07,baseline_start,1-0__810,Acropora palmata,TRUE,TRUE,TRUE,FALSE,9.1425,9.1425e-4,480,1.9046875000000002e-4,cm2
Plot E,all,Plot E,1,May,2025-05-07,baseline_start,1-0__811,Acropora palmata,TRUE,TRUE,TRUE,FALSE,12.5,0.00125,480,2.6041666666666666e-4,cm2
Plot E,all,Plot E,1,May,2025-05-07,baseline_start,1-0__814,Acropora palmata,TRUE,TRUE,TRUE,FALSE,13.225,0.0013224999999999999,480,2.755208333333333e-4,cm2
Plot E,all,Plot E,1,May,2025-05-07,baseline_start,1-0__828,Orbicella franksi,TRUE,TRUE,TRUE,FALSE,25.9525,0.00259525,480,5.406770833333333e-4,cm2
Plot E,all,Plot E,1,May,2025-05-07,baseline_start,1-0__829,Orbicella franksi,TRUE,TRUE,TRUE,FALSE,4.13,4.13e-4,480,8.604166666666668e-5,cm2
Plot E,all,Plot E,1,May,2025-05-07,baseline_start,1-0__831,Orbicella franksi,TRUE,TRUE,TRUE,FALSE,5.0875,5.087500000000001e-4,480,1.0598958333333336e-4,cm2
Plot E,all,Plot E,1,May,2025-05-07,baseline_start,1-0__833,Orbicella franksi,TRUE,TRUE,TRUE,FALSE,10.6575,0.00106575,480,2.2203125e-4,cm2
Plot E,all,Plot E,1,May,2025-05-07,baseline_start,1-0__835,Orbicella franksi,TRUE,TRUE,TRUE,FALSE,6.7875,6.7875e-4,480,1.4140625e-4,cm2
Plot E,all,Plot E,1,May,2025-05-07,baseline_start,1-0__836,Orbicella franksi,TRUE,TRUE,TRUE,FALSE,4.1875,4.1875e-4,480,8.723958333333333e-5,cm2
Plot E,all,Plot E,1,May,2025-05-07,baseline_start,1-0__841,Orbicella annularis,TRUE,TRUE,TRUE,FALSE,43.15,0.004315,480,8.989583333333334e-4,cm2
Plot E,all,Plot E,1,May,2025-05-07,baseline_start,1-0__846,Orbicella annularis,TRUE,TRUE,TRUE,FALSE,2.4625,2.4625e-4,480,5.1302083333333335e-5,cm2
Plot E,all,Plot E,1,May,2025-05-07,baseline_start,1-0__85,Orbicella annularis,TRUE,TRUE,TRUE,FALSE,51.025,0.0051025,480,0.0010630208333333334,cm2
Plot E,all,Plot E,1,May,2025-05-07,baseline_start,1-0__850,Orbicella annularis,TRUE,TRUE,TRUE,FALSE,2.665,2.665e-4,480,5.552083333333334e-5,cm2
Plot E,all,Plot E,1,May,2025-05-07,baseline_start,1-0__851,Orbicella annularis,TRUE,TRUE,TRUE,FALSE,1.12,1.1200000000000001e-4,480,2.3333333333333336e-5,cm2
Plot E,all,Plot E,1,May,2025-05-07,baseline_start,1-0__852,Orbicella annularis,TRUE,TRUE,TRUE,FALSE,0.25,2.5e-5,480,5.208333333333333e-6,cm2
Plot E,all,Plot E,1,May,2025-05-07,baseline_start,1-0__868,Orbicella annularis,TRUE,TRUE,TRUE,FALSE,71.03500000000001,0.0071035000000000004,480,0.0014798958333333335,cm2
Plot E,all,Plot E,1,May,2025-05-07,baseline_start,1-0__9,Orbicella annularis,TRUE,TRUE,TRUE,FALSE,0.87,8.7e-5,480,1.8125e-5,cm2
Plot E,all,Plot E,1,May,2025-05-07,baseline_start,1-0__90,Orbicella annularis,TRUE,TRUE,TRUE,FALSE,2.855,2.855e-4,480,5.9479166666666665e-5,cm2
Plot E,all,Plot E,1,May,2025-05-07,baseline_start,1-0__928,Orbicella franksi,TRUE,TRUE,TRUE,FALSE,6.6875,6.6875e-4,480,1.3932291666666664e-4,cm2
Plot E,all,Plot E,1,May,2025-05-07,baseline_start,1-0__930,Orbicella franksi,TRUE,TRUE,TRUE,FALSE,6.205,6.205e-4,480,1.2927083333333332e-4,cm2
Plot E,all,Plot E,1,May,2025-05-07,baseline_start,1-0__932,Orbicella franksi,TRUE,TRUE,TRUE,FALSE,16.604999999999997,0.0016604999999999999,480,3.4593749999999995e-4,cm2
Plot E,all,Plot E,1,May,2025-05-07,baseline_start,1-0__933,Orbicella franksi,TRUE,TRUE,TRUE,FALSE,22.7075,0.00227075,480,4.730729166666667e-4,cm2
Plot E,all,Plot E,1,May,2025-05-07,baseline_start,1-0__939,Orbicella franksi,TRUE,TRUE,TRUE,FALSE,4.86,4.8600000000000005e-4,480,1.0125000000000001e-4,cm2
Plot E,all,Plot E,1,May,2025-05-07,baseline_start,1-0__942,Orbicella franksi,TRUE,TRUE,TRUE,FALSE,7.3475,7.3475e-4,480,1.5307291666666667e-4,cm2
Plot E,all,Plot E,1,May,2025-05-07,baseline_start,1-0__969,Acropora cervicornis,TRUE,TRUE,TRUE,FALSE,9.2625,9.262499999999999e-4,480,1.9296874999999997e-4,cm2
Plot E,all,Plot E,1,May,2025-05-07,baseline_start,1-0__971,Acropora cervicornis,TRUE,TRUE,TRUE,FALSE,2.3675,2.3675e-4,480,4.932291666666667e-5,cm2
Plot E,all,Plot E,1,May,2025-05-07,baseline_start,1-0__977,Acropora cervicornis,TRUE,TRUE,TRUE,FALSE,3.25,3.25e-4,480,6.770833333333333e-5,cm2
Plot E,all,Plot E,1,May,2025-05-07,baseline_start,1-0__979,Acropora cervicornis,TRUE,TRUE,TRUE,FALSE,2.3575,2.3574999999999998e-4,480,4.911458333333333e-5,cm2
Plot E,all,Plot E,1,May,2025-05-07,baseline_start,1-0__980,Acropora cervicornis,TRUE,TRUE,TRUE,FALSE,7.4675,7.4675e-4,480,1.5557291666666668e-4,cm2
Plot E,all,Plot E,1,May,2025-05-07,baseline_start,1-0__982,Acropora cervicornis,TRUE,TRUE,TRUE,FALSE,2.4275,2.4275000000000002e-4,480,5.057291666666667e-5,cm2
Plot E,all,Plot E,1,May,2025-05-07,baseline_start,1-0__985,Acropora cervicornis,TRUE,TRUE,TRUE,FALSE,6.8975,6.8975e-4,480,1.4369791666666668e-4,cm2
Plot E,all,Plot E,1,May,2025-05-07,baseline_start,1-0__986,Acropora cervicornis,TRUE,TRUE,TRUE,FALSE,8.1125,8.112500000000001e-4,480,1.690104166666667e-4,cm2
Plot E,all,Plot E,1,May,2025-05-07,baseline_start,1-1__0,Orbicella annularis,TRUE,TRUE,TRUE,FALSE,0.225,2.25e-5,480,4.6875000000000004e-6,cm2
Plot E,all,Plot E,1,May,2025-05-07,baseline_start,1-1__10,Acropora palmata,TRUE,TRUE,TRUE,FALSE,19.885,0.0019885000000000002,480,4.142708333333334e-4,cm2
Plot E,all,Plot E,1,May,2025-05-07,baseline_start,1-1__11,Orbicella franksi,TRUE,TRUE,TRUE,FALSE,3.2775,3.2774999999999997e-4,480,6.828125e-5,cm2
Plot E,all,Plot E,1,May,2025-05-07,baseline_start,1-1__12,Acropora palmata,TRUE,TRUE,TRUE,FALSE,17.0325,0.00170325,480,3.5484375e-4,cm2
Plot E,all,Plot E,1,May,2025-05-07,baseline_start,1-1__13,Orbicella franksi,TRUE,TRUE,TRUE,FALSE,2.75,2.75e-4,480,5.7291666666666666e-5,cm2
Plot E,all,Plot E,1,May,2025-05-07,baseline_start,1-1__14,Orbicella franksi,TRUE,TRUE,TRUE,FALSE,3.7425,3.7425e-4,480,7.796875e-5,cm2
Plot E,all,Plot E,1,May,2025-05-07,baseline_start,1-1__15,Acropora palmata,TRUE,TRUE,TRUE,FALSE,16.985,0.0016985,480,3.5385416666666665e-4,cm2
Plot E,all,Plot E,1,May,2025-05-07,baseline_start,1-1__16,Orbicella annularis,TRUE,TRUE,TRUE,FALSE,8.0875,8.0875e-4,480,1.6848958333333334e-4,cm2
Plot E,all,Plot E,1,May,2025-05-07,baseline_start,1-1__17,Acropora palmata,TRUE,TRUE,TRUE,FALSE,17.455,0.0017454999999999999,480,3.636458333333333e-4,cm2
Plot E,all,Plot E,1,May,2025-05-07,baseline_start,1-1__18,Orbicella annularis,TRUE,TRUE,TRUE,FALSE,2.4425,2.4425e-4,480,5.088541666666666e-5,cm2
Plot E,all,Plot E,1,May,2025-05-07,baseline_start,1-1__19,Orbicella annularis,TRUE,TRUE,TRUE,FALSE,7.914999999999999,7.914999999999999e-4,480,1.648958333333333e-4,cm2
Plot E,all,Plot E,1,May,2025-05-07,baseline_start,1-1__2,Orbicella franksi,TRUE,TRUE,TRUE,FALSE,4.2,4.2e-4,480,8.75e-5,cm2
Plot E,all,Plot E,1,May,2025-05-07,baseline_start,1-1__20,Orbicella annularis,TRUE,TRUE,TRUE,FALSE,4.635,4.635e-4,480,9.656250000000001e-5,cm2
Plot E,all,Plot E,1,May,2025-05-07,baseline_start,1-1__21,Orbicella annularis,TRUE,TRUE,TRUE,FALSE,25.799999999999997,0.0025800000000000003,480,5.375e-4,cm2
Plot E,all,Plot E,1,May,2025-05-07,baseline_start,1-1__22,Orbicella annularis,TRUE,TRUE,TRUE,FALSE,3.135,3.135e-4,480,6.53125e-5,cm2
Plot E,all,Plot E,1,May,2025-05-07,baseline_start,1-1__23,Acropora palmata,TRUE,TRUE,TRUE,FALSE,37.365,0.0037365000000000002,480,7.784375e-4,cm2
Plot E,all,Plot E,1,May,2025-05-07,baseline_start,1-1__24,Orbicella annularis,TRUE,TRUE,TRUE,FALSE,0.56,5.6000000000000006e-5,480,1.1666666666666668e-5,cm2
Plot E,all,Plot E,1,May,2025-05-07,baseline_start,1-1__25,Orbicella annularis,TRUE,TRUE,TRUE,FALSE,7.5875,7.587500000000001e-4,480,1.5807291666666669e-4,cm2
Plot E,all,Plot E,1,May,2025-05-07,baseline_start,1-1__26,Orbicella annularis,TRUE,TRUE,TRUE,FALSE,2.03,2.0299999999999997e-4,480,4.229166666666667e-5,cm2
Plot E,all,Plot E,1,May,2025-05-07,baseline_start,1-1__27,Orbicella annularis,TRUE,TRUE,TRUE,FALSE,3.0175,3.0175e-4,480,6.286458333333334e-5,cm2
Plot E,all,Plot E,1,May,2025-05-07,baseline_start,1-1__28,Orbicella annularis,TRUE,TRUE,TRUE,FALSE,7.6075,7.6075e-4,480,1.5848958333333334e-4,cm2
Plot E,all,Plot E,1,May,2025-05-07,baseline_start,1-1__29,Orbicella annularis,TRUE,TRUE,TRUE,FALSE,0.76,7.6e-5,480,1.5833333333333336e-5,cm2
Plot E,all,Plot E,1,May,2025-05-07,baseline_start,1-1__3,Orbicella franksi,TRUE,TRUE,TRUE,FALSE,3.285,3.285e-4,480,6.84375e-5,cm2
Plot E,all,Plot E,1,May,2025-05-07,baseline_start,1-1__30,Orbicella annularis,TRUE,TRUE,TRUE,FALSE,0.4575,4.575e-5,480,9.53125e-6,cm2
Plot E,all,Plot E,1,May,2025-05-07,baseline_start,1-1__31,Orbicella annularis,TRUE,TRUE,TRUE,FALSE,8.9275,8.9275e-4,480,1.859895833333333e-4,cm2
Plot E,all,Plot E,1,May,2025-05-07,baseline_start,1-1__32,Acropora palmata,TRUE,TRUE,TRUE,FALSE,172.20250000000001,0.01722025,480,0.0035875520833333332,cm2
Plot E,all,Plot E,1,May,2025-05-07,baseline_start,1-1__33,Orbicella annularis,TRUE,TRUE,TRUE,FALSE,2.1625,2.1625e-4,480,4.505208333333333e-5,cm2
Plot E,all,Plot E,1,May,2025-05-07,baseline_start,1-1__34,Orbicella annularis,TRUE,TRUE,TRUE,FALSE,3.06,3.06e-4,480,6.375e-5,cm2
Plot E,all,Plot E,1,May,2025-05-07,baseline_start,1-1__35,Orbicella annularis,TRUE,TRUE,TRUE,FALSE,0.4125,4.125e-5,480,8.59375e-6,cm2
Plot E,all,Plot E,1,May,2025-05-07,baseline_start,1-1__36,Orbicella annularis,TRUE,TRUE,TRUE,FALSE,1.2225,1.2225e-4,480,2.546875e-5,cm2
Plot E,all,Plot E,1,May,2025-05-07,baseline_start,1-1__38,Orbicella franksi,TRUE,TRUE,TRUE,FALSE,5.48,5.480000000000001e-4,480,1.1416666666666669e-4,cm2
Plot E,all,Plot E,1,May,2025-05-07,baseline_start,1-1__39,Orbicella franksi,TRUE,TRUE,TRUE,FALSE,4.6675,4.6675000000000004e-4,480,9.723958333333333e-5,cm2
Plot E,all,Plot E,1,May,2025-05-07,baseline_start,1-1__4,Orbicella franksi,TRUE,TRUE,TRUE,FALSE,3.8675,3.8675e-4,480,8.057291666666667e-5,cm2
Plot E,all,Plot E,1,May,2025-05-07,baseline_start,1-1__40,Orbicella franksi,TRUE,TRUE,TRUE,FALSE,4.6725,4.6725000000000005e-4,480,9.734375e-5,cm2
Plot E,all,Plot E,1,May,2025-05-07,baseline_start,1-1__41,Orbicella franksi,TRUE,TRUE,TRUE,FALSE,4.735,4.735e-4,480,9.864583333333334e-5,cm2
Plot E,all,Plot E,1,May,2025-05-07,baseline_start,1-1__42,Orbicella franksi,TRUE,TRUE,TRUE,FALSE,5.0075,5.0075e-4,480,1.0432291666666667e-4,cm2
Plot E,all,Plot E,1,May,2025-05-07,baseline_start,1-1__43,Orbicella franksi,TRUE,TRUE,TRUE,FALSE,5.5875,5.5875e-4,480,1.1640625e-4,cm2
Plot E,all,Plot E,1,May,2025-05-07,baseline_start,1-1__44,Orbicella franksi,TRUE,TRUE,TRUE,FALSE,3.7475,3.7475000000000003e-4,480,7.807291666666667e-5,cm2
Plot E,all,Plot E,1,May,2025-05-07,baseline_start,1-1__45,Orbicella franksi,TRUE,TRUE,TRUE,FALSE,4.7825,4.7825e-4,480,9.963541666666667e-5,cm2
Plot E,all,Plot E,1,May,2025-05-07,baseline_start,1-1__46,Orbicella franksi,TRUE,TRUE,TRUE,FALSE,4.155,4.155e-4,480,8.656250000000001e-5,cm2
Plot E,all,Plot E,1,May,2025-05-07,baseline_start,1-1__47,Orbicella annularis,TRUE,TRUE,TRUE,FALSE,5.5025,5.502500000000001e-4,480,1.1463541666666668e-4,cm2
Plot E,all,Plot E,1,May,2025-05-07,baseline_start,1-1__48,Orbicella annularis,TRUE,TRUE,TRUE,FALSE,2.5825,2.5825e-4,480,5.3802083333333334e-5,cm2
Plot E,all,Plot E,1,May,2025-05-07,baseline_start,1-1__49,Orbicella annularis,TRUE,TRUE,TRUE,FALSE,5.4525,5.452499999999999e-4,480,1.1359374999999999e-4,cm2
Plot E,all,Plot E,1,May,2025-05-07,baseline_start,1-1__5,Orbicella franksi,TRUE,TRUE,TRUE,FALSE,4,4e-4,480,8.333333333333333e-5,cm2
Plot E,all,Plot E,1,May,2025-05-07,baseline_start,1-1__50,Orbicella annularis,TRUE,TRUE,TRUE,FALSE,4.55,4.55e-4,480,9.479166666666666e-5,cm2
Plot E,all,Plot E,1,May,2025-05-07,baseline_start,1-1__51,Orbicella annularis,TRUE,TRUE,TRUE,FALSE,5.845,5.845e-4,480,1.2177083333333332e-4,cm2
Plot E,all,Plot E,1,May,2025-05-07,baseline_start,1-1__52,Orbicella annularis,TRUE,TRUE,TRUE,FALSE,16.25,0.001625,480,3.385416666666667e-4,cm2
Plot E,all,Plot E,1,May,2025-05-07,baseline_start,1-1__53,Orbicella annularis,TRUE,TRUE,TRUE,FALSE,5.4325,5.4325e-4,480,1.1317708333333333e-4,cm2
Plot E,all,Plot E,1,May,2025-05-07,baseline_start,1-1__54,Orbicella annularis,TRUE,TRUE,TRUE,FALSE,5.1175,5.117499999999999e-4,480,1.0661458333333332e-4,cm2
Plot E,all,Plot E,1,May,2025-05-07,baseline_start,1-1__55,Orbicella faveolata,TRUE,TRUE,TRUE,FALSE,8.4725,8.4725e-4,480,1.765104166666667e-4,cm2
Plot E,all,Plot E,1,May,2025-05-07,baseline_start,1-1__56,Orbicella faveolata,TRUE,TRUE,TRUE,FALSE,4.6325,4.6325e-4,480,9.651041666666666e-5,cm2
Plot E,all,Plot E,1,May,2025-05-07,baseline_start,1-1__57,Orbicella faveolata,TRUE,TRUE,TRUE,FALSE,5.7825,5.7825e-4,480,1.2046875e-4,cm2
Plot E,all,Plot E,1,May,2025-05-07,baseline_start,1-1__58,Acropora palmata,TRUE,TRUE,TRUE,FALSE,17.94,0.001794,480,3.7375e-4,cm2
Plot E,all,Plot E,1,May,2025-05-07,baseline_start,1-1__59,Acropora palmata,TRUE,TRUE,TRUE,FALSE,17.8575,0.0017857500000000002,480,3.7203125e-4,cm2
Plot E,all,Plot E,1,May,2025-05-07,baseline_start,1-1__6,Orbicella franksi,TRUE,TRUE,TRUE,FALSE,2.4575,2.4575e-4,480,5.119791666666666e-5,cm2
Plot E,all,Plot E,1,May,2025-05-07,baseline_start,1-1__60,Acropora palmata,TRUE,TRUE,TRUE,FALSE,18.8325,0.00188325,480,3.9234375e-4,cm2
Plot E,all,Plot E,1,May,2025-05-07,baseline_start,1-1__61,Acropora palmata,TRUE,TRUE,TRUE,FALSE,10.8775,0.00108775,480,2.2661458333333333e-4,cm2
Plot E,all,Plot E,1,May,2025-05-07,baseline_start,1-1__62,Acropora palmata,TRUE,TRUE,TRUE,FALSE,15.3625,0.00153625,480,3.200520833333334e-4,cm2
Plot E,all,Plot E,1,May,2025-05-07,baseline_start,1-1__7,Acropora palmata,TRUE,TRUE,TRUE,FALSE,21.1325,0.00211325,480,4.402604166666667e-4,cm2
Plot E,all,Plot E,1,May,2025-05-07,baseline_start,1-1__8,Orbicella franksi,TRUE,TRUE,TRUE,FALSE,4.0875,4.0875000000000004e-4,480,8.515625e-5,cm2
Plot E,all,Plot E,1,May,2025-05-07,baseline_start,1-1__9,Orbicella franksi,TRUE,TRUE,TRUE,FALSE,3.7275,3.7275e-4,480,7.765625e-5,cm2
Plot E,all,Plot E,2,June,2025-06-09,interval_end,1-0__10,Orbicella annularis,TRUE,TRUE,TRUE,FALSE,1.6375,1.6375e-4,480,3.411458333333334e-5,cm2
Plot E,all,Plot E,2,June,2025-06-09,interval_end,1-0__1022,Orbicella annularis,TRUE,TRUE,TRUE,FALSE,3.5475,3.5475e-4,480,7.390625e-5,cm2
Plot E,all,Plot E,2,June,2025-06-09,interval_end,1-0__1023,Orbicella annularis,TRUE,TRUE,TRUE,FALSE,5.4825,5.4825e-4,480,1.1421875e-4,cm2
Plot E,all,Plot E,2,June,2025-06-09,interval_end,1-0__1037,Orbicella faveolata,TRUE,TRUE,TRUE,FALSE,7.5525,7.552500000000001e-4,480,1.5734375e-4,cm2
Plot E,all,Plot E,2,June,2025-06-09,interval_end,1-0__1040,Orbicella faveolata,TRUE,TRUE,TRUE,FALSE,9.985,9.985e-4,480,2.0802083333333336e-4,cm2
Plot E,all,Plot E,2,June,2025-06-09,interval_end,1-0__1041,Orbicella faveolata,TRUE,TRUE,TRUE,FALSE,6.8725,6.872499999999999e-4,480,1.4317708333333332e-4,cm2
Plot E,all,Plot E,2,June,2025-06-09,interval_end,1-0__1087,Orbicella faveolata,TRUE,TRUE,TRUE,FALSE,11.455,0.0011455,480,2.3864583333333333e-4,cm2
Plot E,all,Plot E,2,June,2025-06-09,interval_end,1-0__1090,Orbicella faveolata,TRUE,TRUE,TRUE,FALSE,5.055,5.055e-4,480,1.0531249999999999e-4,cm2
Plot E,all,Plot E,2,June,2025-06-09,interval_end,1-0__1091,Orbicella faveolata,TRUE,TRUE,TRUE,FALSE,5.95,5.95e-4,480,1.2395833333333334e-4,cm2
Plot E,all,Plot E,2,June,2025-06-09,interval_end,1-0__1092,Orbicella faveolata,TRUE,TRUE,TRUE,FALSE,6.755,6.755e-4,480,1.4072916666666666e-4,cm2
Plot E,all,Plot E,2,June,2025-06-09,interval_end,1-0__1109,Acropora palmata,TRUE,FALSE,FALSE,TRUE,0,0,480,0,cm2
Plot E,all,Plot E,2,June,2025-06-09,interval_end,1-0__1111,Acropora palmata,TRUE,FALSE,FALSE,TRUE,0,0,480,0,cm2
Plot E,all,Plot E,2,June,2025-06-09,interval_end,1-0__1114,Acropora palmata,TRUE,TRUE,TRUE,FALSE,14.36,0.001436,480,2.9916666666666666e-4,cm2
Plot E,all,Plot E,2,June,2025-06-09,interval_end,1-0__1115,Acropora palmata,TRUE,TRUE,TRUE,FALSE,13.9125,0.00139125,480,2.8984375e-4,cm2
Plot E,all,Plot E,2,June,2025-06-09,interval_end,1-0__1117,Acropora palmata,TRUE,FALSE,FALSE,TRUE,0,0,480,0,cm2
Plot E,all,Plot E,2,June,2025-06-09,interval_end,1-0__1118,Orbicella faveolata,TRUE,TRUE,TRUE,FALSE,3.8275,3.8275e-4,480,7.973958333333334e-5,cm2
Plot E,all,Plot E,2,June,2025-06-09,interval_end,1-0__1120,Acropora palmata,TRUE,FALSE,FALSE,TRUE,0,0,480,0,cm2
Plot E,all,Plot E,2,June,2025-06-09,interval_end,1-0__1122,Orbicella faveolata,TRUE,TRUE,TRUE,FALSE,6.3675,6.3675e-4,480,1.3265625e-4,cm2
Plot E,all,Plot E,2,June,2025-06-09,interval_end,1-0__1125,Acropora palmata,TRUE,TRUE,TRUE,FALSE,31.1325,0.0031132499999999997,480,6.4859375e-4,cm2
Plot E,all,Plot E,2,June,2025-06-09,interval_end,1-0__1126,Orbicella faveolata,TRUE,TRUE,TRUE,FALSE,3.1825,3.1825e-4,480,6.630208333333333e-5,cm2
Plot E,all,Plot E,2,June,2025-06-09,interval_end,1-0__1127,Acropora palmata,TRUE,FALSE,FALSE,TRUE,0,0,480,0,cm2
Plot E,all,Plot E,2,June,2025-06-09,interval_end,1-0__1132,Acropora palmata,TRUE,FALSE,FALSE,TRUE,0,0,480,0,cm2
Plot E,all,Plot E,2,June,2025-06-09,interval_end,1-0__1152,Orbicella faveolata,TRUE,TRUE,TRUE,FALSE,6.6975,6.6975e-4,480,1.3953124999999998e-4,cm2
Plot E,all,Plot E,2,June,2025-06-09,interval_end,1-0__1153,Orbicella faveolata,TRUE,TRUE,TRUE,FALSE,4.5775,4.5775e-4,480,9.536458333333333e-5,cm2
Plot E,all,Plot E,2,June,2025-06-09,interval_end,1-0__1154,Orbicella faveolata,TRUE,TRUE,TRUE,FALSE,4.055,4.055e-4,480,8.447916666666666e-5,cm2
Plot E,all,Plot E,2,June,2025-06-09,interval_end,1-0__1158,Orbicella faveolata,TRUE,TRUE,TRUE,FALSE,4.0675,4.0675e-4,480,8.473958333333334e-5,cm2
Plot E,all,Plot E,2,June,2025-06-09,interval_end,1-0__1159,Orbicella faveolata,TRUE,TRUE,TRUE,FALSE,5.39,5.39e-4,480,1.1229166666666665e-4,cm2
Plot E,all,Plot E,2,June,2025-06-09,interval_end,1-0__1161,Orbicella faveolata,TRUE,TRUE,TRUE,FALSE,3.3275,3.3275000000000004e-4,480,6.932291666666668e-5,cm2
Plot E,all,Plot E,2,June,2025-06-09,interval_end,1-0__1173,Orbicella annularis,TRUE,TRUE,TRUE,FALSE,4.9375,4.9375e-4,480,1.0286458333333333e-4,cm2
Plot E,all,Plot E,2,June,2025-06-09,interval_end,1-0__1174,Orbicella annularis,TRUE,TRUE,TRUE,FALSE,1.6575,1.6575e-4,480,3.4531249999999996e-5,cm2
Plot E,all,Plot E,2,June,2025-06-09,interval_end,1-0__1176,Orbicella annularis,TRUE,TRUE,TRUE,FALSE,3.015,3.015e-4,480,6.28125e-5,cm2
Plot E,all,Plot E,2,June,2025-06-09,interval_end,1-0__1177,Orbicella annularis,TRUE,TRUE,TRUE,FALSE,19.7175,0.00197175,480,4.1078124999999996e-4,cm2
Plot E,all,Plot E,2,June,2025-06-09,interval_end,1-0__1178,Orbicella annularis,TRUE,TRUE,TRUE,FALSE,2.28,2.2799999999999999e-4,480,4.7499999999999996e-5,cm2
Plot E,all,Plot E,2,June,2025-06-09,interval_end,1-0__1179,Orbicella annularis,TRUE,TRUE,TRUE,FALSE,0.64,6.4e-5,480,1.3333333333333332e-5,cm2
Plot E,all,Plot E,2,June,2025-06-09,interval_end,1-0__1180,Orbicella annularis,TRUE,TRUE,TRUE,FALSE,1.1375,1.1375e-4,480,2.3697916666666666e-5,cm2
Plot E,all,Plot E,2,June,2025-06-09,interval_end,1-0__1209,Acropora cervicornis,TRUE,TRUE,TRUE,FALSE,8.1975,8.1975e-4,480,1.7078124999999998e-4,cm2
Plot E,all,Plot E,2,June,2025-06-09,interval_end,1-0__1210,Acropora cervicornis,TRUE,TRUE,TRUE,FALSE,7.4525,7.452499999999999e-4,480,1.5526041666666667e-4,cm2
Plot E,all,Plot E,2,June,2025-06-09,interval_end,1-0__1211,Acropora cervicornis,TRUE,TRUE,TRUE,FALSE,7.185,7.185e-4,480,1.496875e-4,cm2
Plot E,all,Plot E,2,June,2025-06-09,interval_end,1-0__1212,Acropora cervicornis,TRUE,TRUE,TRUE,FALSE,15.7075,0.00157075,480,3.2723958333333335e-4,cm2
Plot E,all,Plot E,2,June,2025-06-09,interval_end,1-0__1213,Acropora cervicornis,TRUE,TRUE,TRUE,FALSE,10.0775,0.00100775,480,2.099479166666667e-4,cm2
Plot E,all,Plot E,2,June,2025-06-09,interval_end,1-0__1214,Acropora cervicornis,TRUE,TRUE,TRUE,FALSE,5.2925,5.2925e-4,480,1.1026041666666667e-4,cm2
Plot E,all,Plot E,2,June,2025-06-09,interval_end,1-0__1217,Orbicella faveolata,TRUE,TRUE,TRUE,FALSE,6.815,6.815e-4,480,1.4197916666666666e-4,cm2
Plot E,all,Plot E,2,June,2025-06-09,interval_end,1-0__1223,Orbicella faveolata,TRUE,TRUE,TRUE,FALSE,7.1075,7.1075e-4,480,1.4807291666666666e-4,cm2
Plot E,all,Plot E,2,June,2025-06-09,interval_end,1-0__1224,Orbicella faveolata,TRUE,TRUE,TRUE,FALSE,6.485,6.485e-4,480,1.3510416666666667e-4,cm2
Plot E,all,Plot E,2,June,2025-06-09,interval_end,1-0__2115,Orbicella annularis,FALSE,TRUE,NA,FALSE,7.1825,7.1825e-4,480,1.4963541666666668e-4,cm2
Plot E,all,Plot E,2,June,2025-06-09,interval_end,1-0__2117,Orbicella annularis,FALSE,TRUE,NA,FALSE,2.4225,2.4224999999999998e-4,480,5.046874999999999e-5,cm2
Plot E,all,Plot E,2,June,2025-06-09,interval_end,1-0__2118,Orbicella annularis,FALSE,TRUE,NA,FALSE,2.3975,2.3975e-4,480,4.994791666666667e-5,cm2
Plot E,all,Plot E,2,June,2025-06-09,interval_end,1-0__221,Orbicella annularis,TRUE,TRUE,TRUE,FALSE,27.825,0.0027825,480,5.796875e-4,cm2
Plot E,all,Plot E,2,June,2025-06-09,interval_end,1-0__224,Orbicella annularis,TRUE,TRUE,TRUE,FALSE,74.555,0.0074555,480,0.0015532291666666667,cm2
Plot E,all,Plot E,2,June,2025-06-09,interval_end,1-0__261,Orbicella annularis,TRUE,TRUE,TRUE,FALSE,59.105,0.0059105,480,0.0012313541666666666,cm2
Plot E,all,Plot E,2,June,2025-06-09,interval_end,1-0__262,Orbicella annularis,TRUE,TRUE,TRUE,FALSE,1.93,1.93e-4,480,4.020833333333333e-5,cm2
Plot E,all,Plot E,2,June,2025-06-09,interval_end,1-0__344,Orbicella annularis,TRUE,TRUE,TRUE,FALSE,79.2,0.00792,480,0.00165,cm2
Plot E,all,Plot E,2,June,2025-06-09,interval_end,1-0__349,Orbicella annularis,TRUE,TRUE,TRUE,FALSE,57.32,0.005732,480,0.0011941666666666667,cm2
Plot E,all,Plot E,2,June,2025-06-09,interval_end,1-0__351,Orbicella annularis,TRUE,TRUE,TRUE,FALSE,1.4025,1.4025000000000002e-4,480,2.9218750000000005e-5,cm2
Plot E,all,Plot E,2,June,2025-06-09,interval_end,1-0__354,Orbicella annularis,TRUE,TRUE,TRUE,FALSE,1.4975,1.4975e-4,480,3.1197916666666665e-5,cm2
Plot E,all,Plot E,2,June,2025-06-09,interval_end,1-0__365,Orbicella annularis,TRUE,TRUE,TRUE,FALSE,1.1625,1.1625e-4,480,2.421875e-5,cm2
Plot E,all,Plot E,2,June,2025-06-09,interval_end,1-0__367,Orbicella annularis,TRUE,TRUE,TRUE,FALSE,24.8675,0.00248675,480,5.180729166666666e-4,cm2
Plot E,all,Plot E,2,June,2025-06-09,interval_end,1-0__368,Orbicella annularis,TRUE,TRUE,TRUE,FALSE,9.79,9.789999999999998e-4,480,2.039583333333333e-4,cm2
Plot E,all,Plot E,2,June,2025-06-09,interval_end,1-0__373,Orbicella annularis,TRUE,TRUE,TRUE,FALSE,2.09,2.0899999999999998e-4,480,4.3541666666666663e-5,cm2
Plot E,all,Plot E,2,June,2025-06-09,interval_end,1-0__375,Orbicella annularis,TRUE,TRUE,TRUE,FALSE,5.1725,5.1725e-4,480,1.0776041666666666e-4,cm2
Plot E,all,Plot E,2,June,2025-06-09,interval_end,1-0__382,Orbicella annularis,TRUE,TRUE,TRUE,FALSE,2.505,2.5049999999999996e-4,480,5.2187499999999995e-5,cm2
Plot E,all,Plot E,2,June,2025-06-09,interval_end,1-0__4,Orbicella annularis,TRUE,TRUE,TRUE,FALSE,3.84,3.84e-4,480,8e-5,cm2
Plot E,all,Plot E,2,June,2025-06-09,interval_end,1-0__405,Orbicella franksi,TRUE,TRUE,TRUE,FALSE,35.51,0.003551,480,7.397916666666666e-4,cm2
Plot E,all,Plot E,2,June,2025-06-09,interval_end,1-0__409,Orbicella franksi,TRUE,TRUE,TRUE,FALSE,18.35,0.001835,480,3.822916666666667e-4,cm2
Plot E,all,Plot E,2,June,2025-06-09,interval_end,1-0__412,Orbicella franksi,TRUE,TRUE,TRUE,FALSE,13.912500000000001,0.0013912500000000001,480,2.8984375e-4,cm2
Plot E,all,Plot E,2,June,2025-06-09,interval_end,1-0__413,Orbicella franksi,TRUE,TRUE,TRUE,FALSE,6.5275,6.5275e-4,480,1.3598958333333334e-4,cm2
Plot E,all,Plot E,2,June,2025-06-09,interval_end,1-0__449,Orbicella annularis,TRUE,TRUE,TRUE,FALSE,31.3525,0.00313525,480,6.531770833333333e-4,cm2
Plot E,all,Plot E,2,June,2025-06-09,interval_end,1-0__458,Orbicella annularis,TRUE,FALSE,FALSE,TRUE,0,0,480,0,cm2
Plot E,all,Plot E,2,June,2025-06-09,interval_end,1-0__47,Orbicella annularis,TRUE,TRUE,TRUE,FALSE,1.7075,1.7075e-4,480,3.557291666666667e-5,cm2
Plot E,all,Plot E,2,June,2025-06-09,interval_end,1-0__470,Orbicella franksi,TRUE,TRUE,TRUE,FALSE,4.7875,4.7874999999999995e-4,480,9.973958333333333e-5,cm2
Plot E,all,Plot E,2,June,2025-06-09,interval_end,1-0__475,Orbicella franksi,TRUE,TRUE,TRUE,FALSE,4.915,4.915e-4,480,1.0239583333333333e-4,cm2
Plot E,all,Plot E,2,June,2025-06-09,interval_end,1-0__476,Orbicella franksi,TRUE,TRUE,TRUE,FALSE,6.1,6.1e-4,480,1.2708333333333332e-4,cm2
Plot E,all,Plot E,2,June,2025-06-09,interval_end,1-0__478,Orbicella franksi,TRUE,TRUE,TRUE,FALSE,9.4775,9.477499999999999e-4,480,1.9744791666666665e-4,cm2
Plot E,all,Plot E,2,June,2025-06-09,interval_end,1-0__481,Orbicella franksi,TRUE,TRUE,TRUE,FALSE,5.4325,5.4325e-4,480,1.1317708333333333e-4,cm2
Plot E,all,Plot E,2,June,2025-06-09,interval_end,1-0__483,Orbicella franksi,TRUE,TRUE,TRUE,FALSE,4.755,4.755e-4,480,9.90625e-5,cm2
Plot E,all,Plot E,2,June,2025-06-09,interval_end,1-0__485,Orbicella franksi,TRUE,TRUE,TRUE,FALSE,6.745,6.745e-4,480,1.4052083333333332e-4,cm2
Plot E,all,Plot E,2,June,2025-06-09,interval_end,1-0__488,Orbicella franksi,TRUE,TRUE,TRUE,FALSE,6.185,6.184999999999999e-4,480,1.2885416666666663e-4,cm2
Plot E,all,Plot E,2,June,2025-06-09,interval_end,1-0__489,Orbicella franksi,TRUE,TRUE,TRUE,FALSE,5.6,5.6e-4,480,1.1666666666666665e-4,cm2
Plot E,all,Plot E,2,June,2025-06-09,interval_end,1-0__5,Orbicella annularis,TRUE,TRUE,TRUE,FALSE,2.295,2.295e-4,480,4.78125e-5,cm2
Plot E,all,Plot E,2,June,2025-06-09,interval_end,1-0__50,Orbicella annularis,TRUE,TRUE,TRUE,FALSE,12.0175,0.0012017500000000001,480,2.503645833333334e-4,cm2
Plot E,all,Plot E,2,June,2025-06-09,interval_end,1-0__51,Orbicella annularis,TRUE,TRUE,TRUE,FALSE,2.605,2.605e-4,480,5.4270833333333336e-5,cm2
Plot E,all,Plot E,2,June,2025-06-09,interval_end,1-0__515,Orbicella annularis,TRUE,TRUE,TRUE,FALSE,18.9025,0.00189025,480,3.9380208333333335e-4,cm2
Plot E,all,Plot E,2,June,2025-06-09,interval_end,1-0__517,Orbicella annularis,TRUE,TRUE,TRUE,FALSE,19.19,0.0019190000000000001,480,3.997916666666667e-4,cm2
Plot E,all,Plot E,2,June,2025-06-09,interval_end,1-0__519,Orbicella annularis,TRUE,TRUE,TRUE,FALSE,0.34,3.4e-5,480,7.083333333333333e-6,cm2
Plot E,all,Plot E,2,June,2025-06-09,interval_end,1-0__52,Orbicella annularis,TRUE,TRUE,TRUE,FALSE,5.17,5.17e-4,480,1.0770833333333333e-4,cm2
Plot E,all,Plot E,2,June,2025-06-09,interval_end,1-0__520,Orbicella annularis,TRUE,TRUE,TRUE,FALSE,4.2325,4.2325e-4,480,8.817708333333334e-5,cm2
Plot E,all,Plot E,2,June,2025-06-09,interval_end,1-0__523,Orbicella annularis,TRUE,FALSE,FALSE,TRUE,0,0,480,0,cm2
Plot E,all,Plot E,2,June,2025-06-09,interval_end,1-0__524,Orbicella annularis,TRUE,TRUE,TRUE,FALSE,7.38,7.379999999999999e-4,480,1.5374999999999997e-4,cm2
Plot E,all,Plot E,2,June,2025-06-09,interval_end,1-0__53,Orbicella annularis,TRUE,TRUE,TRUE,FALSE,3.4025,3.4025e-4,480,7.088541666666666e-5,cm2
Plot E,all,Plot E,2,June,2025-06-09,interval_end,1-0__531,Orbicella annularis,TRUE,TRUE,TRUE,FALSE,1.2075,1.2075000000000001e-4,480,2.515625e-5,cm2
Plot E,all,Plot E,2,June,2025-06-09,interval_end,1-0__532,Orbicella annularis,TRUE,TRUE,TRUE,FALSE,34.92999999999999,0.003493,480,7.277083333333334e-4,cm2
Plot E,all,Plot E,2,June,2025-06-09,interval_end,1-0__533,Orbicella annularis,TRUE,TRUE,TRUE,FALSE,2.885,2.8849999999999997e-4,480,6.010416666666666e-5,cm2
Plot E,all,Plot E,2,June,2025-06-09,interval_end,1-0__535,Orbicella annularis,TRUE,TRUE,TRUE,FALSE,5.53,5.53e-4,480,1.1520833333333333e-4,cm2
Plot E,all,Plot E,2,June,2025-06-09,interval_end,1-0__54,Orbicella annularis,TRUE,TRUE,TRUE,FALSE,4,4e-4,480,8.333333333333333e-5,cm2
Plot E,all,Plot E,2,June,2025-06-09,interval_end,1-0__540,Orbicella annularis,TRUE,TRUE,TRUE,FALSE,3.5775,3.5775e-4,480,7.453125e-5,cm2
Plot E,all,Plot E,2,June,2025-06-09,interval_end,1-0__55,Orbicella annularis,TRUE,TRUE,TRUE,FALSE,2.555,2.5550000000000003e-4,480,5.3229166666666675e-5,cm2
Plot E,all,Plot E,2,June,2025-06-09,interval_end,1-0__56,Orbicella annularis,TRUE,TRUE,TRUE,FALSE,0.3325,3.325e-5,480,6.927083333333334e-6,cm2
Plot E,all,Plot E,2,June,2025-06-09,interval_end,1-0__561,Orbicella annularis,TRUE,TRUE,TRUE,FALSE,0.3525,3.5249999999999996e-5,480,7.343749999999999e-6,cm2
Plot E,all,Plot E,2,June,2025-06-09,interval_end,1-0__562,Orbicella annularis,TRUE,TRUE,TRUE,FALSE,1.1675,1.1674999999999999e-4,480,2.4322916666666667e-5,cm2
Plot E,all,Plot E,2,June,2025-06-09,interval_end,1-0__563,Orbicella annularis,TRUE,FALSE,FALSE,TRUE,0,0,480,0,cm2
Plot E,all,Plot E,2,June,2025-06-09,interval_end,1-0__564,Orbicella annularis,TRUE,TRUE,TRUE,FALSE,0.57,5.7e-5,480,1.1875e-5,cm2
Plot E,all,Plot E,2,June,2025-06-09,interval_end,1-0__565,Orbicella annularis,TRUE,TRUE,TRUE,FALSE,1.02,1.02e-4,480,2.125e-5,cm2
Plot E,all,Plot E,2,June,2025-06-09,interval_end,1-0__566,Orbicella annularis,TRUE,TRUE,TRUE,FALSE,1.975,1.975e-4,480,4.1145833333333335e-5,cm2
Plot E,all,Plot E,2,June,2025-06-09,interval_end,1-0__567,Orbicella annularis,TRUE,TRUE,TRUE,FALSE,0.705,7.049999999999999e-5,480,1.4687499999999998e-5,cm2
Plot E,all,Plot E,2,June,2025-06-09,interval_end,1-0__568,Orbicella annularis,TRUE,TRUE,TRUE,FALSE,0.6125,6.125e-5,480,1.2760416666666667e-5,cm2
Plot E,all,Plot E,2,June,2025-06-09,interval_end,1-0__57,Orbicella annularis,TRUE,TRUE,TRUE,FALSE,0.8325,8.325e-5,480,1.734375e-5,cm2
Plot E,all,Plot E,2,June,2025-06-09,interval_end,1-0__570,Orbicella annularis,TRUE,TRUE,TRUE,FALSE,0.515,5.15e-5,480,1.0729166666666667e-5,cm2
Plot E,all,Plot E,2,June,2025-06-09,interval_end,1-0__571,Orbicella annularis,TRUE,TRUE,TRUE,FALSE,1.55,1.55e-4,480,3.229166666666667e-5,cm2
Plot E,all,Plot E,2,June,2025-06-09,interval_end,1-0__573,Orbicella annularis,TRUE,TRUE,TRUE,FALSE,0.59,5.9e-5,480,1.2291666666666666e-5,cm2
Plot E,all,Plot E,2,June,2025-06-09,interval_end,1-0__575,Orbicella annularis,TRUE,TRUE,TRUE,FALSE,0.8875,8.874999999999999e-5,480,1.8489583333333333e-5,cm2
Plot E,all,Plot E,2,June,2025-06-09,interval_end,1-0__577,Orbicella annularis,TRUE,TRUE,TRUE,FALSE,1.5975,1.5974999999999998e-4,480,3.328125e-5,cm2
Plot E,all,Plot E,2,June,2025-06-09,interval_end,1-0__579,Orbicella annularis,TRUE,TRUE,TRUE,FALSE,1.57,1.57e-4,480,3.270833333333333e-5,cm2
Plot E,all,Plot E,2,June,2025-06-09,interval_end,1-0__580,Orbicella annularis,TRUE,TRUE,TRUE,FALSE,1.29,1.29e-4,480,2.6874999999999996e-5,cm2
Plot E,all,Plot E,2,June,2025-06-09,interval_end,1-0__582,Orbicella annularis,TRUE,TRUE,TRUE,FALSE,6.4575,6.457500000000001e-4,480,1.3453125000000002e-4,cm2
Plot E,all,Plot E,2,June,2025-06-09,interval_end,1-0__583,Orbicella annularis,TRUE,TRUE,TRUE,FALSE,0.895,8.950000000000001e-5,480,1.8645833333333337e-5,cm2
Plot E,all,Plot E,2,June,2025-06-09,interval_end,1-0__584,Orbicella annularis,TRUE,TRUE,TRUE,FALSE,1.125,1.125e-4,480,2.34375e-5,cm2
Plot E,all,Plot E,2,June,2025-06-09,interval_end,1-0__585,Orbicella annularis,TRUE,TRUE,TRUE,FALSE,5.640000000000001,5.64e-4,480,1.1750000000000001e-4,cm2
Plot E,all,Plot E,2,June,2025-06-09,interval_end,1-0__586,Orbicella annularis,TRUE,TRUE,TRUE,FALSE,1.445,1.4450000000000002e-4,480,3.010416666666667e-5,cm2
Plot E,all,Plot E,2,June,2025-06-09,interval_end,1-0__589,Orbicella franksi,TRUE,TRUE,TRUE,FALSE,31.47,0.003147,480,6.55625e-4,cm2
Plot E,all,Plot E,2,June,2025-06-09,interval_end,1-0__590,Orbicella annularis,TRUE,TRUE,TRUE,FALSE,0.95,9.499999999999999e-5,480,1.9791666666666665e-05,cm2
Plot E,all,Plot E,2,June,2025-06-09,interval_end,1-0__591,Orbicella franksi,TRUE,TRUE,TRUE,FALSE,7.7125,7.7125e-4,480,1.6067708333333334e-4,cm2
Plot E,all,Plot E,2,June,2025-06-09,interval_end,1-0__593,Orbicella franksi,TRUE,TRUE,TRUE,FALSE,5.915,5.915e-4,480,1.2322916666666667e-4,cm2
Plot E,all,Plot E,2,June,2025-06-09,interval_end,1-0__595,Orbicella franksi,TRUE,TRUE,TRUE,FALSE,12.5125,0.00125125,480,2.606770833333333e-4,cm2
Plot E,all,Plot E,2,June,2025-06-09,interval_end,1-0__596,Orbicella franksi,TRUE,TRUE,TRUE,FALSE,7.4175,7.4175e-4,480,1.5453125000000002e-4,cm2
Plot E,all,Plot E,2,June,2025-06-09,interval_end,1-0__598,Orbicella franksi,TRUE,TRUE,TRUE,FALSE,7.17,7.17e-4,480,1.49375e-4,cm2
Plot E,all,Plot E,2,June,2025-06-09,interval_end,1-0__6,Orbicella annularis,TRUE,TRUE,TRUE,FALSE,2.26,2.26e-4,480,4.708333333333333e-5,cm2
Plot E,all,Plot E,2,June,2025-06-09,interval_end,1-0__614,Orbicella annularis,TRUE,TRUE,TRUE,FALSE,70.095,0.0070095,480,0.0014603125,cm2
Plot E,all,Plot E,2,June,2025-06-09,interval_end,1-0__617,Orbicella annularis,TRUE,TRUE,TRUE,FALSE,0.2125,2.1249999999999998e-5,480,4.427083333333333e-6,cm2
Plot E,all,Plot E,2,June,2025-06-09,interval_end,1-0__674,Acropora palmata,TRUE,TRUE,TRUE,FALSE,14.3075,0.00143075,480,2.980729166666667e-4,cm2
Plot E,all,Plot E,2,June,2025-06-09,interval_end,1-0__676,Acropora palmata,TRUE,TRUE,TRUE,FALSE,10.355,0.0010355,480,2.1572916666666667e-4,cm2
Plot E,all,Plot E,2,June,2025-06-09,interval_end,1-0__677,Acropora palmata,TRUE,TRUE,TRUE,FALSE,21.435,0.0021435,480,4.465625e-4,cm2
Plot E,all,Plot E,2,June,2025-06-09,interval_end,1-0__680,Acropora palmata,TRUE,TRUE,TRUE,FALSE,12.7,0.0012699999999999999,480,2.645833333333333e-4,cm2
Plot E,all,Plot E,2,June,2025-06-09,interval_end,1-0__683,Acropora palmata,TRUE,TRUE,TRUE,FALSE,13.795,0.0013795,480,2.8739583333333335e-4,cm2
Plot E,all,Plot E,2,June,2025-06-09,interval_end,1-0__685,Orbicella franksi,TRUE,TRUE,TRUE,FALSE,5.13,5.13e-4,480,1.06875e-4,cm2
Plot E,all,Plot E,2,June,2025-06-09,interval_end,1-0__686,Orbicella franksi,TRUE,TRUE,TRUE,FALSE,4.1925,4.1924999999999997e-4,480,8.734374999999999e-5,cm2
Plot E,all,Plot E,2,June,2025-06-09,interval_end,1-0__687,Orbicella franksi,TRUE,TRUE,TRUE,FALSE,6.955,6.955e-4,480,1.4489583333333333e-4,cm2
Plot E,all,Plot E,2,June,2025-06-09,interval_end,1-0__688,Orbicella franksi,TRUE,TRUE,TRUE,FALSE,23.9375,0.00239375,480,4.986979166666667e-4,cm2
Plot E,all,Plot E,2,June,2025-06-09,interval_end,1-0__689,Orbicella franksi,TRUE,TRUE,TRUE,FALSE,14.870000000000001,0.001487,480,3.0979166666666666e-4,cm2
Plot E,all,Plot E,2,June,2025-06-09,interval_end,1-0__691,Orbicella franksi,TRUE,TRUE,TRUE,FALSE,18.875,0.0018875,480,3.9322916666666667e-4,cm2
Plot E,all,Plot E,2,June,2025-06-09,interval_end,1-0__692,Orbicella franksi,TRUE,TRUE,TRUE,FALSE,3.945,3.945e-4,480,8.21875e-5,cm2
Plot E,all,Plot E,2,June,2025-06-09,interval_end,1-0__693,Orbicella franksi,TRUE,TRUE,TRUE,FALSE,11.635,0.0011635,480,2.4239583333333334e-4,cm2
Plot E,all,Plot E,2,June,2025-06-09,interval_end,1-0__694,Orbicella franksi,TRUE,TRUE,TRUE,FALSE,3.0575,3.0575000000000003e-4,480,6.369791666666668e-5,cm2
Plot E,all,Plot E,2,June,2025-06-09,interval_end,1-0__697,Orbicella franksi,TRUE,TRUE,TRUE,FALSE,6.475,6.475e-4,480,1.3489583333333333e-4,cm2
Plot E,all,Plot E,2,June,2025-06-09,interval_end,1-0__698,Orbicella franksi,TRUE,TRUE,TRUE,FALSE,3.9275,3.9275000000000003e-4,480,8.182291666666668e-5,cm2
Plot E,all,Plot E,2,June,2025-06-09,interval_end,1-0__699,Orbicella franksi,TRUE,TRUE,TRUE,FALSE,5.91,5.91e-4,480,1.2312500000000002e-4,cm2
Plot E,all,Plot E,2,June,2025-06-09,interval_end,1-0__7,Orbicella annularis,TRUE,TRUE,TRUE,FALSE,2.265,2.265e-4,480,4.71875e-5,cm2
Plot E,all,Plot E,2,June,2025-06-09,interval_end,1-0__700,Orbicella franksi,TRUE,TRUE,TRUE,FALSE,8.505,8.505000000000001e-4,480,1.7718750000000002e-4,cm2
Plot E,all,Plot E,2,June,2025-06-09,interval_end,1-0__727,Acropora palmata,TRUE,FALSE,FALSE,TRUE,0,0,480,0,cm2
Plot E,all,Plot E,2,June,2025-06-09,interval_end,1-0__730,Acropora palmata,TRUE,TRUE,TRUE,FALSE,16.9775,0.0016977499999999998,480,3.536979166666666e-4,cm2
Plot E,all,Plot E,2,June,2025-06-09,interval_end,1-0__732,Acropora palmata,TRUE,FALSE,FALSE,TRUE,0,0,480,0,cm2
Plot E,all,Plot E,2,June,2025-06-09,interval_end,1-0__733,Acropora palmata,TRUE,FALSE,FALSE,TRUE,0,0,480,0,cm2
Plot E,all,Plot E,2,June,2025-06-09,interval_end,1-0__737,Acropora palmata,TRUE,FALSE,FALSE,TRUE,0,0,480,0,cm2
Plot E,all,Plot E,2,June,2025-06-09,interval_end,1-0__738,Acropora palmata,TRUE,TRUE,TRUE,FALSE,9.4475,9.4475e-4,480,1.9682291666666665e-4,cm2
Plot E,all,Plot E,2,June,2025-06-09,interval_end,1-0__740,Acropora palmata,TRUE,FALSE,FALSE,TRUE,0,0,480,0,cm2
Plot E,all,Plot E,2,June,2025-06-09,interval_end,1-0__742,Acropora palmata,TRUE,FALSE,FALSE,TRUE,0,0,480,0,cm2
Plot E,all,Plot E,2,June,2025-06-09,interval_end,1-0__745,Orbicella faveolata,TRUE,TRUE,TRUE,FALSE,4.3475,4.3475e-4,480,9.057291666666667e-5,cm2
Plot E,all,Plot E,2,June,2025-06-09,interval_end,1-0__746,Orbicella faveolata,TRUE,TRUE,TRUE,FALSE,5.235,5.235e-4,480,1.090625e-4,cm2
Plot E,all,Plot E,2,June,2025-06-09,interval_end,1-0__748,Orbicella faveolata,TRUE,TRUE,TRUE,FALSE,6.6475,6.6475e-4,480,1.3848958333333332e-4,cm2
Plot E,all,Plot E,2,June,2025-06-09,interval_end,1-0__749,Acropora palmata,TRUE,FALSE,FALSE,TRUE,0,0,480,0,cm2
Plot E,all,Plot E,2,June,2025-06-09,interval_end,1-0__753,Acropora palmata,TRUE,TRUE,TRUE,FALSE,14.3375,0.0014337500000000001,480,2.986979166666667e-4,cm2
Plot E,all,Plot E,2,June,2025-06-09,interval_end,1-0__754,Acropora palmata,TRUE,FALSE,FALSE,TRUE,0,0,480,0,cm2
Plot E,all,Plot E,2,June,2025-06-09,interval_end,1-0__755,Orbicella faveolata,TRUE,TRUE,TRUE,FALSE,15.835,0.0015835,480,3.2989583333333335e-4,cm2
Plot E,all,Plot E,2,June,2025-06-09,interval_end,1-0__757,Orbicella faveolata,TRUE,TRUE,TRUE,FALSE,8.305,8.305e-4,480,1.7302083333333332e-4,cm2
Plot E,all,Plot E,2,June,2025-06-09,interval_end,1-0__759,Acropora palmata,TRUE,FALSE,FALSE,TRUE,0,0,480,0,cm2
Plot E,all,Plot E,2,June,2025-06-09,interval_end,1-0__760,Acropora palmata,TRUE,FALSE,FALSE,TRUE,0,0,480,0,cm2
Plot E,all,Plot E,2,June,2025-06-09,interval_end,1-0__762,Orbicella faveolata,TRUE,TRUE,TRUE,FALSE,23.395,0.0023395,480,4.8739583333333333e-4,cm2
Plot E,all,Plot E,2,June,2025-06-09,interval_end,1-0__764,Acropora palmata,TRUE,FALSE,FALSE,TRUE,0,0,480,0,cm2
Plot E,all,Plot E,2,June,2025-06-09,interval_end,1-0__765,Orbicella faveolata,TRUE,TRUE,TRUE,FALSE,6.025,6.025000000000001e-4,480,1.2552083333333333e-4,cm2
Plot E,all,Plot E,2,June,2025-06-09,interval_end,1-0__767,Acropora palmata,TRUE,FALSE,FALSE,TRUE,0,0,480,0,cm2
Plot E,all,Plot E,2,June,2025-06-09,interval_end,1-0__784,Acropora palmata,TRUE,FALSE,FALSE,TRUE,0,0,480,0,cm2
Plot E,all,Plot E,2,June,2025-06-09,interval_end,1-0__792,Acropora palmata,TRUE,FALSE,FALSE,TRUE,0,0,480,0,cm2
Plot E,all,Plot E,2,June,2025-06-09,interval_end,1-0__793,Acropora palmata,TRUE,FALSE,FALSE,TRUE,0,0,480,0,cm2
Plot E,all,Plot E,2,June,2025-06-09,interval_end,1-0__796,Acropora palmata,TRUE,TRUE,TRUE,FALSE,11.4875,0.00114875,480,2.3932291666666668e-4,cm2
Plot E,all,Plot E,2,June,2025-06-09,interval_end,1-0__798,Acropora palmata,TRUE,TRUE,TRUE,FALSE,12.9875,0.00129875,480,2.7057291666666663e-4,cm2
Plot E,all,Plot E,2,June,2025-06-09,interval_end,1-0__8,Orbicella annularis,TRUE,TRUE,TRUE,FALSE,22.695,0.0022695,480,4.728125e-4,cm2
Plot E,all,Plot E,2,June,2025-06-09,interval_end,1-0__801,Acropora palmata,TRUE,FALSE,FALSE,TRUE,0,0,480,0,cm2
Plot E,all,Plot E,2,June,2025-06-09,interval_end,1-0__802,Acropora palmata,TRUE,TRUE,TRUE,FALSE,10.805,0.0010804999999999999,480,2.251041666666666e-4,cm2
Plot E,all,Plot E,2,June,2025-06-09,interval_end,1-0__804,Acropora palmata,TRUE,TRUE,TRUE,FALSE,5.015,5.015e-4,480,1.0447916666666666e-4,cm2
Plot E,all,Plot E,2,June,2025-06-09,interval_end,1-0__805,Acropora palmata,TRUE,TRUE,TRUE,FALSE,32.2175,0.00322175,480,6.711979166666666e-4,cm2
Plot E,all,Plot E,2,June,2025-06-09,interval_end,1-0__806,Acropora palmata,TRUE,FALSE,FALSE,TRUE,0,0,480,0,cm2
Plot E,all,Plot E,2,June,2025-06-09,interval_end,1-0__808,Acropora palmata,TRUE,TRUE,TRUE,FALSE,14,0.0014,480,2.9166666666666664e-4,cm2
Plot E,all,Plot E,2,June,2025-06-09,interval_end,1-0__810,Acropora palmata,TRUE,FALSE,FALSE,TRUE,0,0,480,0,cm2
Plot E,all,Plot E,2,June,2025-06-09,interval_end,1-0__811,Acropora palmata,TRUE,TRUE,TRUE,FALSE,12.5,0.00125,480,2.6041666666666666e-4,cm2
Plot E,all,Plot E,2,June,2025-06-09,interval_end,1-0__814,Acropora palmata,TRUE,TRUE,TRUE,FALSE,11.775,0.0011775,480,2.453125e-4,cm2
Plot E,all,Plot E,2,June,2025-06-09,interval_end,1-0__828,Orbicella franksi,TRUE,TRUE,TRUE,FALSE,28.1225,0.0028122499999999996,480,5.858854166666665e-4,cm2
Plot E,all,Plot E,2,June,2025-06-09,interval_end,1-0__829,Orbicella franksi,TRUE,TRUE,TRUE,FALSE,5.12,5.12e-4,480,1.0666666666666665e-4,cm2
Plot E,all,Plot E,2,June,2025-06-09,interval_end,1-0__831,Orbicella franksi,TRUE,TRUE,TRUE,FALSE,5.95,5.95e-4,480,1.2395833333333334e-4,cm2
Plot E,all,Plot E,2,June,2025-06-09,interval_end,1-0__833,Orbicella franksi,TRUE,TRUE,TRUE,FALSE,13.035,0.0013035,480,2.715625e-4,cm2
Plot E,all,Plot E,2,June,2025-06-09,interval_end,1-0__835,Orbicella franksi,TRUE,TRUE,TRUE,FALSE,7.4325,7.4325e-4,480,1.5484375e-4,cm2
Plot E,all,Plot E,2,June,2025-06-09,interval_end,1-0__836,Orbicella franksi,TRUE,TRUE,TRUE,FALSE,5.0625,5.0625e-4,480,1.0546875e-4,cm2
Plot E,all,Plot E,2,June,2025-06-09,interval_end,1-0__841,Orbicella annularis,TRUE,TRUE,TRUE,FALSE,46.4325,0.00464325,480,9.6734375e-4,cm2
Plot E,all,Plot E,2,June,2025-06-09,interval_end,1-0__846,Orbicella annularis,TRUE,TRUE,TRUE,FALSE,2.59,2.59e-4,480,5.3958333333333335e-5,cm2
Plot E,all,Plot E,2,June,2025-06-09,interval_end,1-0__85,Orbicella annularis,TRUE,TRUE,TRUE,FALSE,52.4375,0.00524375,480,0.0010924479166666667,cm2
Plot E,all,Plot E,2,June,2025-06-09,interval_end,1-0__850,Orbicella annularis,TRUE,TRUE,TRUE,FALSE,2.75,2.75e-4,480,5.7291666666666666e-5,cm2
Plot E,all,Plot E,2,June,2025-06-09,interval_end,1-0__851,Orbicella annularis,TRUE,TRUE,TRUE,FALSE,1.21,1.21e-4,480,2.5208333333333334e-5,cm2
Plot E,all,Plot E,2,June,2025-06-09,interval_end,1-0__852,Orbicella annularis,TRUE,TRUE,TRUE,FALSE,0.26,2.6000000000000002e-5,480,5.416666666666668e-6,cm2
Plot E,all,Plot E,2,June,2025-06-09,interval_end,1-0__868,Orbicella annularis,TRUE,TRUE,TRUE,FALSE,73.22,0.0073219999999999995,480,0.0015254166666666667,cm2
Plot E,all,Plot E,2,June,2025-06-09,interval_end,1-0__9,Orbicella annularis,TRUE,TRUE,TRUE,FALSE,0.7625,7.625e-5,480,1.5885416666666665e-5,cm2
Plot E,all,Plot E,2,June,2025-06-09,interval_end,1-0__90,Orbicella annularis,TRUE,TRUE,TRUE,FALSE,3.0275,3.0274999999999996e-4,480,6.307291666666665e-5,cm2
Plot E,all,Plot E,2,June,2025-06-09,interval_end,1-0__928,Orbicella franksi,TRUE,TRUE,TRUE,FALSE,7.2375,7.2375e-4,480,1.5078124999999998e-4,cm2
Plot E,all,Plot E,2,June,2025-06-09,interval_end,1-0__930,Orbicella franksi,TRUE,TRUE,TRUE,FALSE,7.2025,7.2025e-4,480,1.500520833333333e-4,cm2
Plot E,all,Plot E,2,June,2025-06-09,interval_end,1-0__932,Orbicella franksi,TRUE,TRUE,TRUE,FALSE,17.7475,0.0017747499999999999,480,3.697395833333333e-4,cm2
Plot E,all,Plot E,2,June,2025-06-09,interval_end,1-0__933,Orbicella franksi,TRUE,TRUE,TRUE,FALSE,25.675000000000004,0.0025675,480,5.348958333333333e-4,cm2
Plot E,all,Plot E,2,June,2025-06-09,interval_end,1-0__939,Orbicella franksi,TRUE,TRUE,TRUE,FALSE,5.66,5.66e-4,480,1.1791666666666666e-4,cm2
Plot E,all,Plot E,2,June,2025-06-09,interval_end,1-0__942,Orbicella franksi,TRUE,TRUE,TRUE,FALSE,8.035,8.035e-4,480,1.673958333333333e-4,cm2
Plot E,all,Plot E,2,June,2025-06-09,interval_end,1-0__969,Acropora cervicornis,TRUE,TRUE,TRUE,FALSE,12.01,0.001201,480,2.5020833333333335e-4,cm2
Plot E,all,Plot E,2,June,2025-06-09,interval_end,1-0__971,Acropora cervicornis,TRUE,TRUE,TRUE,FALSE,4.0075,4.0075e-4,480,8.348958333333334e-5,cm2
Plot E,all,Plot E,2,June,2025-06-09,interval_end,1-0__977,Acropora cervicornis,TRUE,TRUE,TRUE,FALSE,3.25,3.25e-4,480,6.770833333333333e-5,cm2
Plot E,all,Plot E,2,June,2025-06-09,interval_end,1-0__979,Acropora cervicornis,TRUE,TRUE,TRUE,FALSE,3.06,3.06e-4,480,6.375e-5,cm2
Plot E,all,Plot E,2,June,2025-06-09,interval_end,1-0__980,Acropora cervicornis,TRUE,TRUE,TRUE,FALSE,7.63,7.63e-4,480,1.5895833333333335e-4,cm2
Plot E,all,Plot E,2,June,2025-06-09,interval_end,1-0__982,Acropora cervicornis,TRUE,FALSE,FALSE,TRUE,0,0,480,0,cm2
Plot E,all,Plot E,2,June,2025-06-09,interval_end,1-0__985,Acropora cervicornis,TRUE,FALSE,FALSE,TRUE,0,0,480,0,cm2
Plot E,all,Plot E,2,June,2025-06-09,interval_end,1-0__986,Acropora cervicornis,TRUE,TRUE,TRUE,FALSE,8.1125,8.112500000000001e-4,480,1.690104166666667e-4,cm2
Plot E,all,Plot E,2,June,2025-06-09,interval_end,1-1__0,Orbicella annularis,TRUE,TRUE,TRUE,FALSE,0.2375,2.3749999999999998e-5,480,4.947916666666666e-6,cm2
Plot E,all,Plot E,2,June,2025-06-09,interval_end,1-1__10,Acropora palmata,TRUE,FALSE,FALSE,TRUE,0,0,480,0,cm2
Plot E,all,Plot E,2,June,2025-06-09,interval_end,1-1__11,Orbicella franksi,TRUE,TRUE,TRUE,FALSE,4.0925,4.0925e-4,480,8.526041666666667e-5,cm2
Plot E,all,Plot E,2,June,2025-06-09,interval_end,1-1__12,Acropora palmata,TRUE,FALSE,FALSE,TRUE,0,0,480,0,cm2
Plot E,all,Plot E,2,June,2025-06-09,interval_end,1-1__13,Orbicella franksi,TRUE,TRUE,TRUE,FALSE,2.3,2.2999999999999998e-4,480,4.791666666666667e-5,cm2
Plot E,all,Plot E,2,June,2025-06-09,interval_end,1-1__14,Orbicella franksi,TRUE,TRUE,TRUE,FALSE,4.695,4.6950000000000003e-4,480,9.781250000000001e-5,cm2
Plot E,all,Plot E,2,June,2025-06-09,interval_end,1-1__15,Acropora palmata,TRUE,FALSE,FALSE,TRUE,0,0,480,0,cm2
Plot E,all,Plot E,2,June,2025-06-09,interval_end,1-1__16,Orbicella annularis,TRUE,TRUE,TRUE,FALSE,8.3075,8.307499999999999e-4,480,1.7307291666666662e-4,cm2
Plot E,all,Plot E,2,June,2025-06-09,interval_end,1-1__17,Acropora palmata,TRUE,FALSE,FALSE,TRUE,0,0,480,0,cm2
Plot E,all,Plot E,2,June,2025-06-09,interval_end,1-1__18,Orbicella annularis,TRUE,TRUE,TRUE,FALSE,2.83,2.83e-4,480,5.895833333333333e-5,cm2
Plot E,all,Plot E,2,June,2025-06-09,interval_end,1-1__19,Orbicella annularis,TRUE,TRUE,TRUE,FALSE,7.6525,7.652500000000001e-4,480,1.5942708333333336e-4,cm2
Plot E,all,Plot E,2,June,2025-06-09,interval_end,1-1__2,Orbicella franksi,TRUE,TRUE,TRUE,FALSE,4.9825,4.9825e-4,480,1.0380208333333334e-4,cm2
Plot E,all,Plot E,2,June,2025-06-09,interval_end,1-1__20,Orbicella annularis,TRUE,TRUE,TRUE,FALSE,5.025,5.025e-4,480,1.046875e-4,cm2
Plot E,all,Plot E,2,June,2025-06-09,interval_end,1-1__21,Orbicella annularis,TRUE,TRUE,TRUE,FALSE,28.825000000000003,0.0028825,480,6.005208333333333e-4,cm2
Plot E,all,Plot E,2,June,2025-06-09,interval_end,1-1__22,Orbicella annularis,TRUE,TRUE,TRUE,FALSE,3.3275,3.3275000000000004e-4,480,6.932291666666668e-5,cm2
Plot E,all,Plot E,2,June,2025-06-09,interval_end,1-1__23,Acropora palmata,TRUE,FALSE,FALSE,TRUE,0,0,480,0,cm2
Plot E,all,Plot E,2,June,2025-06-09,interval_end,1-1__24,Orbicella annularis,TRUE,TRUE,TRUE,FALSE,0.485,4.85e-5,480,1.0104166666666667e-5,cm2
Plot E,all,Plot E,2,June,2025-06-09,interval_end,1-1__25,Orbicella annularis,TRUE,TRUE,TRUE,FALSE,8.975,8.975000000000001e-4,480,1.869791666666667e-4,cm2
Plot E,all,Plot E,2,June,2025-06-09,interval_end,1-1__26,Orbicella annularis,TRUE,TRUE,TRUE,FALSE,2.425,2.4249999999999999e-4,480,5.0520833333333326e-5,cm2
Plot E,all,Plot E,2,June,2025-06-09,interval_end,1-1__27,Orbicella annularis,TRUE,TRUE,TRUE,FALSE,4.1675,4.1675e-4,480,8.682291666666668e-5,cm2
Plot E,all,Plot E,2,June,2025-06-09,interval_end,1-1__28,Orbicella annularis,TRUE,TRUE,TRUE,FALSE,7.89,7.89e-4,480,1.64375e-4,cm2
Plot E,all,Plot E,2,June,2025-06-09,interval_end,1-1__29,Orbicella annularis,TRUE,TRUE,TRUE,FALSE,1.2075,1.2075000000000001e-4,480,2.515625e-5,cm2
Plot E,all,Plot E,2,June,2025-06-09,interval_end,1-1__3,Orbicella franksi,TRUE,TRUE,TRUE,FALSE,4.4275,4.4275e-4,480,9.223958333333333e-5,cm2
Plot E,all,Plot E,2,June,2025-06-09,interval_end,1-1__30,Orbicella annularis,TRUE,TRUE,TRUE,FALSE,0.6725,6.725e-5,480,1.4010416666666666e-5,cm2
Plot E,all,Plot E,2,June,2025-06-09,interval_end,1-1__31,Orbicella annularis,TRUE,TRUE,TRUE,FALSE,10.4,0.0010400000000000001,480,2.1666666666666668e-4,cm2
Plot E,all,Plot E,2,June,2025-06-09,interval_end,1-1__32,Acropora palmata,TRUE,TRUE,TRUE,FALSE,207.315,0.0207315,480,0.0043190625,cm2
Plot E,all,Plot E,2,June,2025-06-09,interval_end,1-1__33,Orbicella annularis,TRUE,TRUE,TRUE,FALSE,3.01,3.01e-4,480,6.270833333333333e-5,cm2
Plot E,all,Plot E,2,June,2025-06-09,interval_end,1-1__34,Orbicella annularis,TRUE,TRUE,TRUE,FALSE,3.525,3.525e-4,480,7.34375e-5,cm2
Plot E,all,Plot E,2,June,2025-06-09,interval_end,1-1__35,Orbicella annularis,TRUE,TRUE,TRUE,FALSE,0.6225,6.225000000000001e-5,480,1.2968750000000002e-5,cm2
Plot E,all,Plot E,2,June,2025-06-09,interval_end,1-1__36,Orbicella annularis,TRUE,TRUE,TRUE,FALSE,1.625,1.625e-4,480,3.3854166666666665e-5,cm2
Plot E,all,Plot E,2,June,2025-06-09,interval_end,1-1__38,Orbicella franksi,TRUE,TRUE,TRUE,FALSE,6.04,6.04e-4,480,1.2583333333333335e-4,cm2
Plot E,all,Plot E,2,June,2025-06-09,interval_end,1-1__39,Orbicella franksi,TRUE,TRUE,TRUE,FALSE,5.4775,5.4775e-4,480,1.1411458333333332e-4,cm2
Plot E,all,Plot E,2,June,2025-06-09,interval_end,1-1__4,Orbicella franksi,TRUE,TRUE,TRUE,FALSE,5.025,5.025e-4,480,1.046875e-4,cm2
Plot E,all,Plot E,2,June,2025-06-09,interval_end,1-1__40,Orbicella franksi,TRUE,TRUE,TRUE,FALSE,5.73,5.73e-4,480,1.19375e-4,cm2
Plot E,all,Plot E,2,June,2025-06-09,interval_end,1-1__41,Orbicella franksi,TRUE,TRUE,TRUE,FALSE,5.45,5.45e-4,480,1.1354166666666667e-4,cm2
Plot E,all,Plot E,2,June,2025-06-09,interval_end,1-1__42,Orbicella franksi,TRUE,TRUE,TRUE,FALSE,6.2425,6.2425e-4,480,1.3005208333333334e-4,cm2
Plot E,all,Plot E,2,June,2025-06-09,interval_end,1-1__43,Orbicella franksi,TRUE,TRUE,TRUE,FALSE,6.1525,6.1525e-4,480,1.2817708333333333e-4,cm2
Plot E,all,Plot E,2,June,2025-06-09,interval_end,1-1__44,Orbicella franksi,TRUE,TRUE,TRUE,FALSE,4.745,4.745e-4,480,9.885416666666666e-5,cm2
Plot E,all,Plot E,2,June,2025-06-09,interval_end,1-1__45,Orbicella franksi,TRUE,TRUE,TRUE,FALSE,5.985,5.985000000000001e-4,480,1.2468750000000002e-4,cm2
Plot E,all,Plot E,2,June,2025-06-09,interval_end,1-1__46,Orbicella franksi,TRUE,TRUE,TRUE,FALSE,5.115,5.115e-4,480,1.0656250000000001e-4,cm2
Plot E,all,Plot E,2,June,2025-06-09,interval_end,1-1__47,Orbicella annularis,TRUE,TRUE,TRUE,FALSE,4.69,4.69e-4,480,9.770833333333334e-5,cm2
Plot E,all,Plot E,2,June,2025-06-09,interval_end,1-1__48,Orbicella annularis,TRUE,TRUE,TRUE,FALSE,2.3325,2.3325e-4,480,4.8593750000000005e-5,cm2
Plot E,all,Plot E,2,June,2025-06-09,interval_end,1-1__49,Orbicella annularis,TRUE,TRUE,TRUE,FALSE,5.37,5.37e-4,480,1.1187500000000001e-4,cm2
Plot E,all,Plot E,2,June,2025-06-09,interval_end,1-1__5,Orbicella franksi,TRUE,TRUE,TRUE,FALSE,4.9525,4.952499999999999e-4,480,1.0317708333333332e-4,cm2
Plot E,all,Plot E,2,June,2025-06-09,interval_end,1-1__50,Orbicella annularis,TRUE,TRUE,TRUE,FALSE,4.6675,4.6675000000000004e-4,480,9.723958333333333e-5,cm2
Plot E,all,Plot E,2,June,2025-06-09,interval_end,1-1__51,Orbicella annularis,TRUE,TRUE,TRUE,FALSE,6.32,6.320000000000001e-4,480,1.3166666666666668e-4,cm2
Plot E,all,Plot E,2,June,2025-06-09,interval_end,1-1__52,Orbicella annularis,TRUE,TRUE,TRUE,FALSE,16.25,0.001625,480,3.385416666666667e-4,cm2
Plot E,all,Plot E,2,June,2025-06-09,interval_end,1-1__53,Orbicella annularis,TRUE,TRUE,TRUE,FALSE,5.4325,5.4325e-4,480,1.1317708333333333e-4,cm2
Plot E,all,Plot E,2,June,2025-06-09,interval_end,1-1__54,Orbicella annularis,TRUE,TRUE,TRUE,FALSE,5.1175,5.117499999999999e-4,480,1.0661458333333332e-4,cm2
Plot E,all,Plot E,2,June,2025-06-09,interval_end,1-1__55,Orbicella faveolata,TRUE,TRUE,TRUE,FALSE,9.13,9.130000000000001e-4,480,1.9020833333333335e-4,cm2
Plot E,all,Plot E,2,June,2025-06-09,interval_end,1-1__56,Orbicella faveolata,TRUE,TRUE,TRUE,FALSE,5.18,5.18e-4,480,1.0791666666666667e-4,cm2
Plot E,all,Plot E,2,June,2025-06-09,interval_end,1-1__57,Orbicella faveolata,TRUE,TRUE,TRUE,FALSE,6.04,6.04e-4,480,1.2583333333333335e-4,cm2
Plot E,all,Plot E,2,June,2025-06-09,interval_end,1-1__58,Acropora palmata,TRUE,TRUE,TRUE,FALSE,16.9925,0.00169925,480,3.5401041666666664e-4,cm2
Plot E,all,Plot E,2,June,2025-06-09,interval_end,1-1__59,Acropora palmata,TRUE,TRUE,TRUE,FALSE,16.4075,0.0016407499999999998,480,3.418229166666666e-4,cm2
Plot E,all,Plot E,2,June,2025-06-09,interval_end,1-1__6,Orbicella franksi,TRUE,TRUE,TRUE,FALSE,3.975,3.975e-4,480,8.28125e-5,cm2
Plot E,all,Plot E,2,June,2025-06-09,interval_end,1-1__60,Acropora palmata,TRUE,TRUE,TRUE,FALSE,19.62,0.001962,480,4.0875000000000004e-4,cm2
Plot E,all,Plot E,2,June,2025-06-09,interval_end,1-1__61,Acropora palmata,TRUE,TRUE,TRUE,FALSE,9.985,9.985e-4,480,2.0802083333333336e-4,cm2
Plot E,all,Plot E,2,June,2025-06-09,interval_end,1-1__62,Acropora palmata,TRUE,TRUE,TRUE,FALSE,14.03,0.001403,480,2.9229166666666667e-4,cm2
Plot E,all,Plot E,2,June,2025-06-09,interval_end,1-1__7,Acropora palmata,TRUE,FALSE,FALSE,TRUE,0,0,480,0,cm2
Plot E,all,Plot E,2,June,2025-06-09,interval_end,1-1__8,Orbicella franksi,TRUE,TRUE,TRUE,FALSE,5.1375,5.1375e-4,480,1.0703124999999999e-4,cm2
Plot E,all,Plot E,2,June,2025-06-09,interval_end,1-1__9,Orbicella franksi,TRUE,TRUE,TRUE,FALSE,5.15,5.15e-4,480,1.0729166666666668e-4,cm2
Plot E,all,Plot E,3,July,2025-07-11,interval_end,1-0__10,Orbicella annularis,TRUE,TRUE,TRUE,FALSE,1.6375,1.6375e-4,480,3.411458333333334e-5,cm2
Plot E,all,Plot E,3,July,2025-07-11,NA,1-0__1022,Orbicella annularis,TRUE,FALSE,FALSE,TRUE,0,0,NA,NA,NA
Plot E,all,Plot E,3,July,2025-07-11,NA,1-0__1023,Orbicella annularis,TRUE,FALSE,FALSE,TRUE,0,0,NA,NA,NA
Plot E,all,Plot E,3,July,2025-07-11,interval_end,1-0__1037,Orbicella faveolata,TRUE,TRUE,TRUE,FALSE,6.2,6.2e-4,480,1.2916666666666667e-4,cm2
Plot E,all,Plot E,3,July,2025-07-11,interval_end,1-0__1040,Orbicella faveolata,TRUE,TRUE,TRUE,FALSE,9.0725,9.0725e-4,480,1.8901041666666667e-4,cm2
Plot E,all,Plot E,3,July,2025-07-11,interval_end,1-0__1041,Orbicella faveolata,TRUE,TRUE,TRUE,FALSE,6.2825,6.2825e-4,480,1.3088541666666668e-4,cm2
Plot E,all,Plot E,3,July,2025-07-11,interval_end,1-0__1087,Orbicella faveolata,TRUE,TRUE,TRUE,FALSE,13.72,0.001372,480,2.858333333333333e-4,cm2
Plot E,all,Plot E,3,July,2025-07-11,interval_end,1-0__1090,Orbicella faveolata,TRUE,TRUE,TRUE,FALSE,4.915,4.915e-4,480,1.0239583333333333e-4,cm2
Plot E,all,Plot E,3,July,2025-07-11,interval_end,1-0__1091,Orbicella faveolata,TRUE,TRUE,TRUE,FALSE,6.0025,6.002500000000001e-4,480,1.2505208333333335e-4,cm2
Plot E,all,Plot E,3,July,2025-07-11,interval_end,1-0__1092,Orbicella faveolata,TRUE,TRUE,TRUE,FALSE,6.625,6.625e-4,480,1.3802083333333334e-4,cm2
Plot E,all,Plot E,3,July,2025-07-11,NA,1-0__1109,Acropora palmata,TRUE,FALSE,FALSE,FALSE,0,0,NA,NA,NA
Plot E,all,Plot E,3,July,2025-07-11,NA,1-0__1111,Acropora palmata,TRUE,FALSE,FALSE,FALSE,0,0,NA,NA,NA
Plot E,all,Plot E,3,July,2025-07-11,interval_end,1-0__1114,Acropora palmata,TRUE,FALSE,FALSE,TRUE,0,0,480,0,cm2
Plot E,all,Plot E,3,July,2025-07-11,interval_end,1-0__1115,Acropora palmata,TRUE,FALSE,FALSE,TRUE,0,0,480,0,cm2
Plot E,all,Plot E,3,July,2025-07-11,NA,1-0__1117,Acropora palmata,TRUE,FALSE,FALSE,FALSE,0,0,NA,NA,NA
Plot E,all,Plot E,3,July,2025-07-11,interval_end,1-0__1118,Orbicella faveolata,TRUE,TRUE,TRUE,FALSE,3.9,3.9e-4,480,8.125e-5,cm2
Plot E,all,Plot E,3,July,2025-07-11,NA,1-0__1120,Acropora palmata,TRUE,FALSE,FALSE,FALSE,0,0,NA,NA,NA
Plot E,all,Plot E,3,July,2025-07-11,interval_end,1-0__1122,Orbicella faveolata,TRUE,TRUE,TRUE,FALSE,5.2825,5.2825e-4,480,1.1005208333333333e-4,cm2
Plot E,all,Plot E,3,July,2025-07-11,interval_end,1-0__1125,Acropora palmata,TRUE,FALSE,FALSE,TRUE,0,0,480,0,cm2
Plot E,all,Plot E,3,July,2025-07-11,interval_end,1-0__1126,Orbicella faveolata,TRUE,TRUE,TRUE,FALSE,3.225,3.2250000000000003e-4,480,6.71875e-5,cm2
Plot E,all,Plot E,3,July,2025-07-11,NA,1-0__1127,Acropora palmata,TRUE,FALSE,FALSE,FALSE,0,0,NA,NA,NA
Plot E,all,Plot E,3,July,2025-07-11,NA,1-0__1132,Acropora palmata,TRUE,FALSE,FALSE,FALSE,0,0,NA,NA,NA
Plot E,all,Plot E,3,July,2025-07-11,interval_end,1-0__1152,Orbicella faveolata,TRUE,TRUE,TRUE,FALSE,6.6675,6.6675e-4,480,1.3890625e-4,cm2
Plot E,all,Plot E,3,July,2025-07-11,interval_end,1-0__1153,Orbicella faveolata,TRUE,TRUE,TRUE,FALSE,5.2175,5.217500000000001e-4,480,1.0869791666666668e-4,cm2
Plot E,all,Plot E,3,July,2025-07-11,interval_end,1-0__1154,Orbicella faveolata,TRUE,TRUE,TRUE,FALSE,3.8825,3.8825e-4,480,8.088541666666666e-5,cm2
Plot E,all,Plot E,3,July,2025-07-11,interval_end,1-0__1158,Orbicella faveolata,TRUE,TRUE,TRUE,FALSE,4.6175,4.6175e-4,480,9.619791666666667e-5,cm2
Plot E,all,Plot E,3,July,2025-07-11,interval_end,1-0__1159,Orbicella faveolata,TRUE,TRUE,TRUE,FALSE,5.61,5.610000000000001e-4,480,1.1687500000000002e-4,cm2
Plot E,all,Plot E,3,July,2025-07-11,interval_end,1-0__1161,Orbicella faveolata,TRUE,TRUE,TRUE,FALSE,3.405,3.405e-4,480,7.09375e-5,cm2
Plot E,all,Plot E,3,July,2025-07-11,interval_end,1-0__1173,Orbicella annularis,TRUE,TRUE,TRUE,FALSE,5.05,5.05e-4,480,1.0520833333333333e-4,cm2
Plot E,all,Plot E,3,July,2025-07-11,interval_end,1-0__1174,Orbicella annularis,TRUE,TRUE,TRUE,FALSE,2.1575,2.1575e-4,480,4.494791666666667e-5,cm2
Plot E,all,Plot E,3,July,2025-07-11,interval_end,1-0__1176,Orbicella annularis,TRUE,TRUE,TRUE,FALSE,4.4725,4.4725e-4,480,9.317708333333334e-5,cm2
Plot E,all,Plot E,3,July,2025-07-11,interval_end,1-0__1177,Orbicella annularis,TRUE,TRUE,TRUE,FALSE,18.6575,0.0018657499999999998,480,3.8869791666666664e-4,cm2
Plot E,all,Plot E,3,July,2025-07-11,interval_end,1-0__1178,Orbicella annularis,TRUE,TRUE,TRUE,FALSE,2.5275,2.5275e-4,480,5.2656249999999996e-5,cm2
Plot E,all,Plot E,3,July,2025-07-11,interval_end,1-0__1179,Orbicella annularis,TRUE,TRUE,TRUE,FALSE,0.6275,6.275e-5,480,1.3072916666666665e-5,cm2
Plot E,all,Plot E,3,July,2025-07-11,interval_end,1-0__1180,Orbicella annularis,TRUE,TRUE,TRUE,FALSE,1.635,1.635e-4,480,3.40625e-5,cm2
Plot E,all,Plot E,3,July,2025-07-11,interval_end,1-0__1209,Acropora cervicornis,TRUE,TRUE,TRUE,FALSE,8.635,8.635e-4,480,1.798958333333333e-4,cm2
Plot E,all,Plot E,3,July,2025-07-11,interval_end,1-0__1210,Acropora cervicornis,TRUE,TRUE,TRUE,FALSE,14.6725,0.00146725,480,3.056770833333333e-4,cm2
Plot E,all,Plot E,3,July,2025-07-11,interval_end,1-0__1211,Acropora cervicornis,TRUE,TRUE,TRUE,FALSE,6.8575,6.857499999999999e-4,480,1.4286458333333333e-4,cm2
Plot E,all,Plot E,3,July,2025-07-11,interval_end,1-0__1212,Acropora cervicornis,TRUE,TRUE,TRUE,FALSE,13.0625,0.00130625,480,2.721354166666667e-4,cm2
Plot E,all,Plot E,3,July,2025-07-11,interval_end,1-0__1213,Acropora cervicornis,TRUE,TRUE,TRUE,FALSE,11.6275,0.00116275,480,2.4223958333333332e-4,cm2
Plot E,all,Plot E,3,July,2025-07-11,interval_end,1-0__1214,Acropora cervicornis,TRUE,TRUE,TRUE,FALSE,3.0725,3.0724999999999996e-4,480,6.401041666666666e-5,cm2
Plot E,all,Plot E,3,July,2025-07-11,interval_end,1-0__1217,Orbicella faveolata,TRUE,TRUE,TRUE,FALSE,7.615,7.615e-4,480,1.586458333333333e-4,cm2
Plot E,all,Plot E,3,July,2025-07-11,interval_end,1-0__1223,Orbicella faveolata,TRUE,TRUE,TRUE,FALSE,7.095,7.095e-4,480,1.478125e-4,cm2
Plot E,all,Plot E,3,July,2025-07-11,interval_end,1-0__1224,Orbicella faveolata,TRUE,TRUE,TRUE,FALSE,9.6125,9.612500000000001e-4,480,2.0026041666666667e-4,cm2
Plot E,all,Plot E,3,July,2025-07-11,interval_end,1-0__221,Orbicella annularis,TRUE,TRUE,TRUE,FALSE,28.5075,0.00285075,480,5.9390625e-4,cm2
Plot E,all,Plot E,3,July,2025-07-11,interval_end,1-0__224,Orbicella annularis,TRUE,TRUE,TRUE,FALSE,74.1475,0.0074147499999999995,480,0.0015447395833333333,cm2
Plot E,all,Plot E,3,July,2025-07-11,interval_end,1-0__261,Orbicella annularis,TRUE,TRUE,TRUE,FALSE,26.785,0.0026785,480,5.580208333333333e-4,cm2
Plot E,all,Plot E,3,July,2025-07-11,interval_end,1-0__262,Orbicella annularis,TRUE,FALSE,FALSE,TRUE,0,0,480,0,cm2
Plot E,all,Plot E,3,July,2025-07-11,interval_end,1-0__3366,Orbicella annularis,FALSE,TRUE,NA,FALSE,5.3875,5.387500000000001e-4,480,1.1223958333333335e-4,cm2
Plot E,all,Plot E,3,July,2025-07-11,interval_end,1-0__344,Orbicella annularis,TRUE,TRUE,TRUE,FALSE,46.3675,0.00463675,480,9.659895833333333e-4,cm2
Plot E,all,Plot E,3,July,2025-07-11,interval_end,1-0__349,Orbicella annularis,TRUE,FALSE,FALSE,TRUE,0,0,480,0,cm2
Plot E,all,Plot E,3,July,2025-07-11,interval_end,1-0__351,Orbicella annularis,TRUE,FALSE,FALSE,TRUE,0,0,480,0,cm2
Plot E,all,Plot E,3,July,2025-07-11,interval_end,1-0__354,Orbicella annularis,TRUE,FALSE,FALSE,TRUE,0,0,480,0,cm2
Plot E,all,Plot E,3,July,2025-07-11,interval_end,1-0__365,Orbicella annularis,TRUE,TRUE,TRUE,FALSE,1.2075,1.2075000000000001e-4,480,2.515625e-5,cm2
Plot E,all,Plot E,3,July,2025-07-11,interval_end,1-0__367,Orbicella annularis,TRUE,TRUE,TRUE,FALSE,22.6575,0.00226575,480,4.7203125e-4,cm2
Plot E,all,Plot E,3,July,2025-07-11,interval_end,1-0__368,Orbicella annularis,TRUE,TRUE,TRUE,FALSE,10.26,0.001026,480,2.1375e-4,cm2
Plot E,all,Plot E,3,July,2025-07-11,interval_end,1-0__373,Orbicella annularis,TRUE,TRUE,TRUE,FALSE,1.2575,1.2575e-4,480,2.6197916666666665e-5,cm2
Plot E,all,Plot E,3,July,2025-07-11,interval_end,1-0__375,Orbicella annularis,TRUE,TRUE,TRUE,FALSE,3.8475,3.8475e-4,480,8.015625e-5,cm2
Plot E,all,Plot E,3,July,2025-07-11,interval_end,1-0__382,Orbicella annularis,TRUE,TRUE,TRUE,FALSE,2.3175,2.3175e-4,480,4.8281250000000005e-5,cm2
Plot E,all,Plot E,3,July,2025-07-11,interval_end,1-0__4,Orbicella annularis,TRUE,TRUE,TRUE,FALSE,3.84,3.84e-4,480,8e-5,cm2
Plot E,all,Plot E,3,July,2025-07-11,interval_end,1-0__405,Orbicella franksi,TRUE,TRUE,TRUE,FALSE,41.0575,0.00410575,480,8.553645833333334e-4,cm2
Plot E,all,Plot E,3,July,2025-07-11,interval_end,1-0__409,Orbicella franksi,TRUE,TRUE,TRUE,FALSE,20.4075,0.00204075,480,4.2515625e-4,cm2
Plot E,all,Plot E,3,July,2025-07-11,interval_end,1-0__412,Orbicella franksi,TRUE,TRUE,TRUE,FALSE,13.6725,0.00136725,480,2.8484375e-4,cm2
Plot E,all,Plot E,3,July,2025-07-11,interval_end,1-0__413,Orbicella franksi,TRUE,TRUE,TRUE,FALSE,7.04,7.04e-4,480,1.4666666666666666e-4,cm2
Plot E,all,Plot E,3,July,2025-07-11,interval_end,1-0__449,Orbicella annularis,TRUE,TRUE,TRUE,FALSE,33.05,0.0033049999999999998,480,6.885416666666666e-4,cm2
Plot E,all,Plot E,3,July,2025-07-11,NA,1-0__458,Orbicella annularis,TRUE,FALSE,FALSE,FALSE,0,0,NA,NA,NA
Plot E,all,Plot E,3,July,2025-07-11,interval_end,1-0__47,Orbicella annularis,TRUE,TRUE,TRUE,FALSE,1.8475,1.8475e-4,480,3.848958333333333e-5,cm2
Plot E,all,Plot E,3,July,2025-07-11,interval_end,1-0__470,Orbicella franksi,TRUE,TRUE,TRUE,FALSE,5.105,5.105e-4,480,1.0635416666666667e-4,cm2
Plot E,all,Plot E,3,July,2025-07-11,interval_end,1-0__475,Orbicella franksi,TRUE,TRUE,TRUE,FALSE,4.705,4.705e-4,480,9.802083333333334e-5,cm2
Plot E,all,Plot E,3,July,2025-07-11,interval_end,1-0__476,Orbicella franksi,TRUE,TRUE,TRUE,FALSE,6.195,6.195e-4,480,1.290625e-4,cm2
Plot E,all,Plot E,3,July,2025-07-11,interval_end,1-0__478,Orbicella franksi,TRUE,TRUE,TRUE,FALSE,10.5675,0.0010567500000000002,480,2.2015625000000003e-4,cm2
Plot E,all,Plot E,3,July,2025-07-11,interval_end,1-0__481,Orbicella franksi,TRUE,TRUE,TRUE,FALSE,5.6575,5.6575e-4,480,1.1786458333333332e-4,cm2
Plot E,all,Plot E,3,July,2025-07-11,interval_end,1-0__483,Orbicella franksi,TRUE,TRUE,TRUE,FALSE,5.1575,5.157499999999999e-4,480,1.0744791666666666e-4,cm2
Plot E,all,Plot E,3,July,2025-07-11,interval_end,1-0__485,Orbicella franksi,TRUE,TRUE,TRUE,FALSE,6.9225,6.9225e-4,480,1.4421875e-4,cm2
Plot E,all,Plot E,3,July,2025-07-11,interval_end,1-0__488,Orbicella franksi,TRUE,TRUE,TRUE,FALSE,6.655,6.655000000000001e-4,480,1.3864583333333337e-4,cm2
Plot E,all,Plot E,3,July,2025-07-11,interval_end,1-0__489,Orbicella franksi,TRUE,TRUE,TRUE,FALSE,6.2575,6.2575e-4,480,1.3036458333333335e-4,cm2
Plot E,all,Plot E,3,July,2025-07-11,interval_end,1-0__5,Orbicella annularis,TRUE,TRUE,TRUE,FALSE,2.295,2.295e-4,480,4.78125e-5,cm2
Plot E,all,Plot E,3,July,2025-07-11,interval_end,1-0__50,Orbicella annularis,TRUE,TRUE,TRUE,FALSE,12.6225,0.0012622500000000001,480,2.6296875e-4,cm2
Plot E,all,Plot E,3,July,2025-07-11,interval_end,1-0__51,Orbicella annularis,TRUE,TRUE,TRUE,FALSE,2.9075,2.9075e-4,480,6.057291666666667e-5,cm2
Plot E,all,Plot E,3,July,2025-07-11,NA,1-0__515,Orbicella annularis,TRUE,FALSE,FALSE,TRUE,0,0,NA,NA,NA
Plot E,all,Plot E,3,July,2025-07-11,NA,1-0__517,Orbicella annularis,TRUE,FALSE,FALSE,TRUE,0,0,NA,NA,NA
Plot E,all,Plot E,3,July,2025-07-11,NA,1-0__519,Orbicella annularis,TRUE,FALSE,FALSE,TRUE,0,0,NA,NA,NA
Plot E,all,Plot E,3,July,2025-07-11,interval_end,1-0__52,Orbicella annularis,TRUE,TRUE,TRUE,FALSE,5.625,5.625e-4,480,1.1718749999999998e-4,cm2
Plot E,all,Plot E,3,July,2025-07-11,NA,1-0__520,Orbicella annularis,TRUE,FALSE,FALSE,TRUE,0,0,NA,NA,NA
Plot E,all,Plot E,3,July,2025-07-11,NA,1-0__523,Orbicella annularis,TRUE,FALSE,FALSE,FALSE,0,0,NA,NA,NA
Plot E,all,Plot E,3,July,2025-07-11,NA,1-0__524,Orbicella annularis,TRUE,FALSE,FALSE,TRUE,0,0,NA,NA,NA
Plot E,all,Plot E,3,July,2025-07-11,interval_end,1-0__53,Orbicella annularis,TRUE,TRUE,TRUE,FALSE,3.965,3.965e-4,480,8.260416666666666e-5,cm2
Plot E,all,Plot E,3,July,2025-07-11,interval_end,1-0__531,Orbicella annularis,TRUE,TRUE,TRUE,FALSE,1.325,1.325e-4,480,2.7604166666666666e-5,cm2
Plot E,all,Plot E,3,July,2025-07-11,interval_end,1-0__532,Orbicella annularis,TRUE,TRUE,TRUE,FALSE,37.94,0.0037939999999999996,480,7.904166666666666e-4,cm2
Plot E,all,Plot E,3,July,2025-07-11,interval_end,1-0__533,Orbicella annularis,TRUE,TRUE,TRUE,FALSE,2.9925,2.9925000000000004e-4,480,6.234375000000001e-5,cm2
Plot E,all,Plot E,3,July,2025-07-11,interval_end,1-0__535,Orbicella annularis,TRUE,TRUE,TRUE,FALSE,5.935,5.935e-4,480,1.2364583333333333e-4,cm2
Plot E,all,Plot E,3,July,2025-07-11,interval_end,1-0__54,Orbicella annularis,TRUE,TRUE,TRUE,FALSE,4.5,4.5e-4,480,9.375e-5,cm2
Plot E,all,Plot E,3,July,2025-07-11,interval_end,1-0__540,Orbicella annularis,TRUE,TRUE,TRUE,FALSE,4.4375,4.4375e-4,480,9.244791666666668e-5,cm2
Plot E,all,Plot E,3,July,2025-07-11,interval_end,1-0__55,Orbicella annularis,TRUE,TRUE,TRUE,FALSE,2.78,2.78e-4,480,5.791666666666666e-5,cm2
Plot E,all,Plot E,3,July,2025-07-11,interval_end,1-0__56,Orbicella annularis,TRUE,TRUE,TRUE,FALSE,0.3225,3.225e-5,480,6.718749999999999e-6,cm2
Plot E,all,Plot E,3,July,2025-07-11,interval_end,1-0__561,Orbicella annularis,TRUE,TRUE,TRUE,FALSE,0.365,3.65e-5,480,7.6041666666666666e-6,cm2
Plot E,all,Plot E,3,July,2025-07-11,interval_end,1-0__562,Orbicella annularis,TRUE,TRUE,TRUE,FALSE,1.0575,1.0575000000000001e-4,480,2.2031250000000004e-5,cm2
Plot E,all,Plot E,3,July,2025-07-11,NA,1-0__563,Orbicella annularis,TRUE,FALSE,FALSE,FALSE,0,0,NA,NA,NA
Plot E,all,Plot E,3,July,2025-07-11,interval_end,1-0__564,Orbicella annularis,TRUE,TRUE,TRUE,FALSE,0.6675,6.675e-5,480,1.390625e-5,cm2
Plot E,all,Plot E,3,July,2025-07-11,interval_end,1-0__565,Orbicella annularis,TRUE,TRUE,TRUE,FALSE,1.0925,1.0925e-4,480,2.2760416666666667e-5,cm2
Plot E,all,Plot E,3,July,2025-07-11,interval_end,1-0__566,Orbicella annularis,TRUE,TRUE,TRUE,FALSE,2.55,2.5499999999999996e-4,480,5.312499999999999e-5,cm2
Plot E,all,Plot E,3,July,2025-07-11,interval_end,1-0__567,Orbicella annularis,TRUE,TRUE,TRUE,FALSE,0.745,7.45e-5,480,1.5520833333333332e-5,cm2
Plot E,all,Plot E,3,July,2025-07-11,interval_end,1-0__568,Orbicella annularis,TRUE,TRUE,TRUE,FALSE,0.5575,5.575e-5,480,1.1614583333333334e-5,cm2
Plot E,all,Plot E,3,July,2025-07-11,interval_end,1-0__57,Orbicella annularis,TRUE,TRUE,TRUE,FALSE,0.88,8.8e-5,480,1.8333333333333333e-5,cm2
Plot E,all,Plot E,3,July,2025-07-11,interval_end,1-0__570,Orbicella annularis,TRUE,TRUE,TRUE,FALSE,0.525,5.25e-5,480,1.09375e-5,cm2
Plot E,all,Plot E,3,July,2025-07-11,interval_end,1-0__571,Orbicella annularis,TRUE,TRUE,TRUE,FALSE,1.505,1.505e-4,480,3.1354166666666665e-5,cm2
Plot E,all,Plot E,3,July,2025-07-11,interval_end,1-0__573,Orbicella annularis,TRUE,TRUE,TRUE,FALSE,0.675,6.75e-5,480,1.40625e-5,cm2
Plot E,all,Plot E,3,July,2025-07-11,interval_end,1-0__575,Orbicella annularis,TRUE,TRUE,TRUE,FALSE,0.985,9.85e-5,480,2.0520833333333332e-5,cm2
Plot E,all,Plot E,3,July,2025-07-11,interval_end,1-0__577,Orbicella annularis,TRUE,TRUE,TRUE,FALSE,1.6,1.6e-4,480,3.3333333333333335e-5,cm2
Plot E,all,Plot E,3,July,2025-07-11,interval_end,1-0__579,Orbicella annularis,TRUE,TRUE,TRUE,FALSE,1.4325,1.4325e-4,480,2.984375e-5,cm2
Plot E,all,Plot E,3,July,2025-07-11,interval_end,1-0__580,Orbicella annularis,TRUE,TRUE,TRUE,FALSE,1.2325,1.2325e-4,480,2.5677083333333332e-5,cm2
Plot E,all,Plot E,3,July,2025-07-11,interval_end,1-0__582,Orbicella annularis,TRUE,TRUE,TRUE,FALSE,6.3225,6.3225e-4,480,1.3171875e-4,cm2
Plot E,all,Plot E,3,July,2025-07-11,interval_end,1-0__583,Orbicella annularis,TRUE,TRUE,TRUE,FALSE,0.7875,7.875e-5,480,1.640625e-5,cm2
Plot E,all,Plot E,3,July,2025-07-11,interval_end,1-0__584,Orbicella annularis,TRUE,TRUE,TRUE,FALSE,1.1775,1.1775e-4,480,2.453125e-5,cm2
Plot E,all,Plot E,3,July,2025-07-11,interval_end,1-0__585,Orbicella annularis,TRUE,TRUE,TRUE,FALSE,5.6675,5.667500000000001e-4,480,1.1807291666666669e-4,cm2
Plot E,all,Plot E,3,July,2025-07-11,interval_end,1-0__586,Orbicella annularis,TRUE,TRUE,TRUE,FALSE,1.185,1.1850000000000001e-4,480,2.4687500000000004e-5,cm2
Plot E,all,Plot E,3,July,2025-07-11,interval_end,1-0__589,Orbicella franksi,TRUE,TRUE,TRUE,FALSE,35.432500000000005,0.0035432500000000004,480,7.381770833333334e-4,cm2
Plot E,all,Plot E,3,July,2025-07-11,interval_end,1-0__590,Orbicella annularis,TRUE,TRUE,TRUE,FALSE,1,1e-4,480,2.0833333333333333e-5,cm2
Plot E,all,Plot E,3,July,2025-07-11,interval_end,1-0__591,Orbicella franksi,TRUE,TRUE,TRUE,FALSE,9.4225,9.422499999999999e-4,480,1.9630208333333332e-4,cm2
Plot E,all,Plot E,3,July,2025-07-11,interval_end,1-0__593,Orbicella franksi,TRUE,TRUE,TRUE,FALSE,5.985,5.985000000000001e-4,480,1.2468750000000002e-4,cm2
Plot E,all,Plot E,3,July,2025-07-11,interval_end,1-0__595,Orbicella franksi,TRUE,TRUE,TRUE,FALSE,15.695,0.0015695,480,3.2697916666666666e-4,cm2
Plot E,all,Plot E,3,July,2025-07-11,interval_end,1-0__596,Orbicella franksi,TRUE,TRUE,TRUE,FALSE,6.63,6.63e-4,480,1.3812499999999998e-4,cm2
Plot E,all,Plot E,3,July,2025-07-11,interval_end,1-0__598,Orbicella franksi,TRUE,TRUE,TRUE,FALSE,7.32,7.32e-4,480,1.525e-4,cm2
Plot E,all,Plot E,3,July,2025-07-11,interval_end,1-0__6,Orbicella annularis,TRUE,TRUE,TRUE,FALSE,2.26,2.26e-4,480,4.708333333333333e-5,cm2
Plot E,all,Plot E,3,July,2025-07-11,interval_end,1-0__614,Orbicella annularis,TRUE,TRUE,TRUE,FALSE,72.935,0.0072935000000000005,480,0.0015194791666666668,cm2
Plot E,all,Plot E,3,July,2025-07-11,interval_end,1-0__617,Orbicella annularis,TRUE,TRUE,TRUE,FALSE,0.4,4e-5,480,8.333333333333334e-6,cm2
Plot E,all,Plot E,3,July,2025-07-11,interval_end,1-0__674,Acropora palmata,TRUE,TRUE,TRUE,FALSE,14.3075,0.00143075,480,2.980729166666667e-4,cm2
Plot E,all,Plot E,3,July,2025-07-11,interval_end,1-0__676,Acropora palmata,TRUE,TRUE,TRUE,FALSE,10.355,0.0010355,480,2.1572916666666667e-4,cm2
Plot E,all,Plot E,3,July,2025-07-11,interval_end,1-0__677,Acropora palmata,TRUE,TRUE,TRUE,FALSE,21.435,0.0021435,480,4.465625e-4,cm2
Plot E,all,Plot E,3,July,2025-07-11,interval_end,1-0__680,Acropora palmata,TRUE,TRUE,TRUE,FALSE,12.7,0.0012699999999999999,480,2.645833333333333e-4,cm2
Plot E,all,Plot E,3,July,2025-07-11,interval_end,1-0__683,Acropora palmata,TRUE,TRUE,TRUE,FALSE,13.795,0.0013795,480,2.8739583333333335e-4,cm2
Plot E,all,Plot E,3,July,2025-07-11,interval_end,1-0__685,Orbicella franksi,TRUE,TRUE,TRUE,FALSE,5.56,5.56e-4,480,1.1583333333333332e-4,cm2
Plot E,all,Plot E,3,July,2025-07-11,interval_end,1-0__686,Orbicella franksi,TRUE,TRUE,TRUE,FALSE,3.93,3.93e-4,480,8.1875e-5,cm2
Plot E,all,Plot E,3,July,2025-07-11,interval_end,1-0__687,Orbicella franksi,TRUE,TRUE,TRUE,FALSE,7.5975,7.5975e-4,480,1.5828125e-4,cm2
Plot E,all,Plot E,3,July,2025-07-11,interval_end,1-0__688,Orbicella franksi,TRUE,TRUE,TRUE,FALSE,25.7,0.00257,480,5.354166666666667e-4,cm2
Plot E,all,Plot E,3,July,2025-07-11,interval_end,1-0__689,Orbicella franksi,TRUE,TRUE,TRUE,FALSE,15.3525,0.00153525,480,3.1984375e-4,cm2
Plot E,all,Plot E,3,July,2025-07-11,interval_end,1-0__691,Orbicella franksi,TRUE,TRUE,TRUE,FALSE,18.7425,0.00187425,480,3.9046875000000003e-4,cm2
Plot E,all,Plot E,3,July,2025-07-11,interval_end,1-0__692,Orbicella franksi,TRUE,TRUE,TRUE,FALSE,4.665,4.665e-4,480,9.718750000000001e-5,cm2
Plot E,all,Plot E,3,July,2025-07-11,interval_end,1-0__693,Orbicella franksi,TRUE,TRUE,TRUE,FALSE,12.28,0.001228,480,2.5583333333333334e-4,cm2
Plot E,all,Plot E,3,July,2025-07-11,interval_end,1-0__694,Orbicella franksi,TRUE,TRUE,TRUE,FALSE,3.2,3.2e-4,480,6.666666666666667e-5,cm2
Plot E,all,Plot E,3,July,2025-07-11,interval_end,1-0__697,Orbicella franksi,TRUE,TRUE,TRUE,FALSE,5.9,5.9e-4,480,1.2291666666666668e-4,cm2
Plot E,all,Plot E,3,July,2025-07-11,interval_end,1-0__698,Orbicella franksi,TRUE,TRUE,TRUE,FALSE,3.8875,3.8875000000000004e-4,480,8.098958333333334e-5,cm2
Plot E,all,Plot E,3,July,2025-07-11,interval_end,1-0__699,Orbicella franksi,TRUE,TRUE,TRUE,FALSE,6.2625,6.262500000000001e-4,480,1.3046875000000002e-4,cm2
Plot E,all,Plot E,3,July,2025-07-11,interval_end,1-0__7,Orbicella annularis,TRUE,TRUE,TRUE,FALSE,2.265,2.265e-4,480,4.71875e-5,cm2
Plot E,all,Plot E,3,July,2025-07-11,interval_end,1-0__700,Orbicella franksi,TRUE,TRUE,TRUE,FALSE,9.1325,9.1325e-4,480,1.9026041666666668e-4,cm2
Plot E,all,Plot E,3,July,2025-07-11,NA,1-0__727,Acropora palmata,TRUE,FALSE,FALSE,FALSE,0,0,NA,NA,NA
Plot E,all,Plot E,3,July,2025-07-11,interval_end,1-0__730,Acropora palmata,TRUE,TRUE,TRUE,FALSE,21.6275,0.00216275,480,4.505729166666667e-4,cm2
Plot E,all,Plot E,3,July,2025-07-11,NA,1-0__732,Acropora palmata,TRUE,FALSE,FALSE,FALSE,0,0,NA,NA,NA
Plot E,all,Plot E,3,July,2025-07-11,NA,1-0__733,Acropora palmata,TRUE,FALSE,FALSE,FALSE,0,0,NA,NA,NA
Plot E,all,Plot E,3,July,2025-07-11,NA,1-0__737,Acropora palmata,TRUE,FALSE,FALSE,FALSE,0,0,NA,NA,NA
Plot E,all,Plot E,3,July,2025-07-11,interval_end,1-0__738,Acropora palmata,TRUE,TRUE,TRUE,FALSE,12.28,0.001228,480,2.5583333333333334e-4,cm2
Plot E,all,Plot E,3,July,2025-07-11,NA,1-0__740,Acropora palmata,TRUE,FALSE,FALSE,FALSE,0,0,NA,NA,NA
Plot E,all,Plot E,3,July,2025-07-11,NA,1-0__742,Acropora palmata,TRUE,FALSE,FALSE,FALSE,0,0,NA,NA,NA
Plot E,all,Plot E,3,July,2025-07-11,interval_end,1-0__745,Orbicella faveolata,TRUE,TRUE,TRUE,FALSE,4.135,4.1349999999999997e-4,480,8.614583333333332e-5,cm2
Plot E,all,Plot E,3,July,2025-07-11,interval_end,1-0__746,Orbicella faveolata,TRUE,TRUE,TRUE,FALSE,6.8,6.799999999999999e-4,480,1.4166666666666665e-4,cm2
Plot E,all,Plot E,3,July,2025-07-11,interval_end,1-0__748,Orbicella faveolata,TRUE,TRUE,TRUE,FALSE,7.7075,7.7075e-4,480,1.6057291666666664e-4,cm2
Plot E,all,Plot E,3,July,2025-07-11,NA,1-0__749,Acropora palmata,TRUE,FALSE,FALSE,FALSE,0,0,NA,NA,NA
Plot E,all,Plot E,3,July,2025-07-11,interval_end,1-0__753,Acropora palmata,TRUE,TRUE,TRUE,FALSE,15.2475,0.00152475,480,3.1765625e-4,cm2
Plot E,all,Plot E,3,July,2025-07-11,NA,1-0__754,Acropora palmata,TRUE,FALSE,FALSE,FALSE,0,0,NA,NA,NA
Plot E,all,Plot E,3,July,2025-07-11,interval_end,1-0__755,Orbicella faveolata,TRUE,TRUE,TRUE,FALSE,18.5675,0.00185675,480,3.868229166666666e-4,cm2
Plot E,all,Plot E,3,July,2025-07-11,interval_end,1-0__757,Orbicella faveolata,TRUE,TRUE,TRUE,FALSE,8.705,8.705e-4,480,1.8135416666666666e-4,cm2
Plot E,all,Plot E,3,July,2025-07-11,NA,1-0__759,Acropora palmata,TRUE,FALSE,FALSE,FALSE,0,0,NA,NA,NA
Plot E,all,Plot E,3,July,2025-07-11,NA,1-0__760,Acropora palmata,TRUE,FALSE,FALSE,FALSE,0,0,NA,NA,NA
Plot E,all,Plot E,3,July,2025-07-11,interval_end,1-0__762,Orbicella faveolata,TRUE,TRUE,TRUE,FALSE,26.5025,0.0026502500000000003,480,5.521354166666667e-4,cm2
Plot E,all,Plot E,3,July,2025-07-11,NA,1-0__764,Acropora palmata,TRUE,FALSE,FALSE,FALSE,0,0,NA,NA,NA
Plot E,all,Plot E,3,July,2025-07-11,interval_end,1-0__765,Orbicella faveolata,TRUE,TRUE,TRUE,FALSE,7.3475,7.3475e-4,480,1.5307291666666667e-4,cm2
Plot E,all,Plot E,3,July,2025-07-11,NA,1-0__767,Acropora palmata,TRUE,FALSE,FALSE,FALSE,0,0,NA,NA,NA
Plot E,all,Plot E,3,July,2025-07-11,NA,1-0__784,Acropora palmata,TRUE,FALSE,FALSE,FALSE,0,0,NA,NA,NA
Plot E,all,Plot E,3,July,2025-07-11,NA,1-0__792,Acropora palmata,TRUE,FALSE,FALSE,FALSE,0,0,NA,NA,NA
Plot E,all,Plot E,3,July,2025-07-11,NA,1-0__793,Acropora palmata,TRUE,FALSE,FALSE,FALSE,0,0,NA,NA,NA
Plot E,all,Plot E,3,July,2025-07-11,interval_end,1-0__796,Acropora palmata,TRUE,TRUE,TRUE,FALSE,11.4875,0.00114875,480,2.3932291666666668e-4,cm2
Plot E,all,Plot E,3,July,2025-07-11,interval_end,1-0__798,Acropora palmata,TRUE,FALSE,FALSE,TRUE,0,0,480,0,cm2
Plot E,all,Plot E,3,July,2025-07-11,interval_end,1-0__8,Orbicella annularis,TRUE,TRUE,TRUE,FALSE,22.695,0.0022695,480,4.728125e-4,cm2
Plot E,all,Plot E,3,July,2025-07-11,NA,1-0__801,Acropora palmata,TRUE,FALSE,FALSE,FALSE,0,0,NA,NA,NA
Plot E,all,Plot E,3,July,2025-07-11,interval_end,1-0__802,Acropora palmata,TRUE,TRUE,TRUE,FALSE,10.805,0.0010804999999999999,480,2.251041666666666e-4,cm2
Plot E,all,Plot E,3,July,2025-07-11,interval_end,1-0__804,Acropora palmata,TRUE,FALSE,FALSE,TRUE,0,0,480,0,cm2
Plot E,all,Plot E,3,July,2025-07-11,interval_end,1-0__805,Acropora palmata,TRUE,TRUE,TRUE,FALSE,37.3675,0.00373675,480,7.784895833333333e-4,cm2
Plot E,all,Plot E,3,July,2025-07-11,NA,1-0__806,Acropora palmata,TRUE,FALSE,FALSE,FALSE,0,0,NA,NA,NA
Plot E,all,Plot E,3,July,2025-07-11,interval_end,1-0__808,Acropora palmata,TRUE,FALSE,FALSE,TRUE,0,0,480,0,cm2
Plot E,all,Plot E,3,July,2025-07-11,NA,1-0__810,Acropora palmata,TRUE,FALSE,FALSE,FALSE,0,0,NA,NA,NA
Plot E,all,Plot E,3,July,2025-07-11,interval_end,1-0__811,Acropora palmata,TRUE,TRUE,TRUE,FALSE,12.5,0.00125,480,2.6041666666666666e-4,cm2
Plot E,all,Plot E,3,July,2025-07-11,interval_end,1-0__814,Acropora palmata,TRUE,TRUE,TRUE,FALSE,11.775,0.0011775,480,2.453125e-4,cm2
Plot E,all,Plot E,3,July,2025-07-11,interval_end,1-0__828,Orbicella franksi,TRUE,TRUE,TRUE,FALSE,30.005,0.0030004999999999997,480,6.251041666666666e-4,cm2
Plot E,all,Plot E,3,July,2025-07-11,interval_end,1-0__829,Orbicella franksi,TRUE,TRUE,TRUE,FALSE,4.515,4.5149999999999997e-4,480,9.406249999999999e-5,cm2
Plot E,all,Plot E,3,July,2025-07-11,interval_end,1-0__831,Orbicella franksi,TRUE,TRUE,TRUE,FALSE,6.25,6.25e-4,480,1.3020833333333333e-4,cm2
Plot E,all,Plot E,3,July,2025-07-11,interval_end,1-0__833,Orbicella franksi,TRUE,TRUE,TRUE,FALSE,14.77,0.001477,480,3.0770833333333334e-4,cm2
Plot E,all,Plot E,3,July,2025-07-11,interval_end,1-0__835,Orbicella franksi,TRUE,TRUE,TRUE,FALSE,9.385,9.385e-4,480,1.9552083333333333e-4,cm2
Plot E,all,Plot E,3,July,2025-07-11,interval_end,1-0__836,Orbicella franksi,TRUE,TRUE,TRUE,FALSE,3.995,3.995e-4,480,8.322916666666666e-5,cm2
Plot E,all,Plot E,3,July,2025-07-11,interval_end,1-0__841,Orbicella annularis,TRUE,TRUE,TRUE,FALSE,43.4775,0.00434775,480,9.0578125e-4,cm2
Plot E,all,Plot E,3,July,2025-07-11,interval_end,1-0__846,Orbicella annularis,TRUE,TRUE,TRUE,FALSE,2.1,2.1e-4,480,4.375e-5,cm2
Plot E,all,Plot E,3,July,2025-07-11,interval_end,1-0__85,Orbicella annularis,TRUE,TRUE,TRUE,FALSE,56.0425,0.00560425,480,0.0011675520833333332,cm2
Plot E,all,Plot E,3,July,2025-07-11,interval_end,1-0__850,Orbicella annularis,TRUE,FALSE,FALSE,TRUE,0,0,480,0,cm2
Plot E,all,Plot E,3,July,2025-07-11,interval_end,1-0__851,Orbicella annularis,TRUE,TRUE,TRUE,FALSE,1.3025,1.3025e-4,480,2.7135416666666668e-5,cm2
Plot E,all,Plot E,3,July,2025-07-11,interval_end,1-0__852,Orbicella annularis,TRUE,TRUE,TRUE,FALSE,0.2875,2.8749999999999997e-5,480,5.9895833333333335e-6,cm2
Plot E,all,Plot E,3,July,2025-07-11,interval_end,1-0__868,Orbicella annularis,TRUE,TRUE,TRUE,FALSE,69.3975,0.00693975,480,0.00144578125,cm2
Plot E,all,Plot E,3,July,2025-07-11,interval_end,1-0__9,Orbicella annularis,TRUE,TRUE,TRUE,FALSE,0.7625,7.625e-5,480,1.5885416666666665e-5,cm2
Plot E,all,Plot E,3,July,2025-07-11,interval_end,1-0__90,Orbicella annularis,TRUE,TRUE,TRUE,FALSE,2.8875,2.8875e-4,480,6.015625e-5,cm2
Plot E,all,Plot E,3,July,2025-07-11,interval_end,1-0__928,Orbicella franksi,TRUE,TRUE,TRUE,FALSE,7.7425,7.7425e-4,480,1.613020833333333e-4,cm2
Plot E,all,Plot E,3,July,2025-07-11,interval_end,1-0__930,Orbicella franksi,TRUE,TRUE,TRUE,FALSE,7.56,7.559999999999999e-4,480,1.575e-4,cm2
Plot E,all,Plot E,3,July,2025-07-11,interval_end,1-0__932,Orbicella franksi,TRUE,TRUE,TRUE,FALSE,20.425,0.0020425,480,4.2552083333333336e-4,cm2
Plot E,all,Plot E,3,July,2025-07-11,interval_end,1-0__933,Orbicella franksi,TRUE,TRUE,TRUE,FALSE,27.1075,0.00271075,480,5.647395833333333e-4,cm2
Plot E,all,Plot E,3,July,2025-07-11,interval_end,1-0__939,Orbicella franksi,TRUE,TRUE,TRUE,FALSE,6.2125,6.212500000000001e-4,480,1.2942708333333334e-4,cm2
Plot E,all,Plot E,3,July,2025-07-11,interval_end,1-0__942,Orbicella franksi,TRUE,TRUE,TRUE,FALSE,8.2575,8.2575e-4,480,1.7203124999999998e-4,cm2
Plot E,all,Plot E,3,July,2025-07-11,interval_end,1-0__969,Acropora cervicornis,TRUE,TRUE,TRUE,FALSE,12.01,0.001201,480,2.5020833333333335e-4,cm2
Plot E,all,Plot E,3,July,2025-07-11,interval_end,1-0__971,Acropora cervicornis,TRUE,TRUE,TRUE,FALSE,4.0075,4.0075e-4,480,8.348958333333334e-5,cm2
Plot E,all,Plot E,3,July,2025-07-11,interval_end,1-0__977,Acropora cervicornis,TRUE,TRUE,TRUE,FALSE,3.25,3.25e-4,480,6.770833333333333e-5,cm2
Plot E,all,Plot E,3,July,2025-07-11,interval_end,1-0__979,Acropora cervicornis,TRUE,TRUE,TRUE,FALSE,3.06,3.06e-4,480,6.375e-5,cm2
Plot E,all,Plot E,3,July,2025-07-11,interval_end,1-0__980,Acropora cervicornis,TRUE,TRUE,TRUE,FALSE,7.63,7.63e-4,480,1.5895833333333335e-4,cm2
Plot E,all,Plot E,3,July,2025-07-11,NA,1-0__982,Acropora cervicornis,TRUE,FALSE,FALSE,FALSE,0,0,NA,NA,NA
Plot E,all,Plot E,3,July,2025-07-11,NA,1-0__985,Acropora cervicornis,TRUE,FALSE,FALSE,FALSE,0,0,NA,NA,NA
Plot E,all,Plot E,3,July,2025-07-11,interval_end,1-0__986,Acropora cervicornis,TRUE,TRUE,TRUE,FALSE,8.1125,8.112500000000001e-4,480,1.690104166666667e-4,cm2
Plot E,all,Plot E,3,July,2025-07-11,interval_end,1-1__0,Orbicella annularis,TRUE,TRUE,TRUE,FALSE,0.4325,4.325e-5,480,9.010416666666666e-6,cm2
Plot E,all,Plot E,3,July,2025-07-11,NA,1-1__10,Acropora palmata,TRUE,FALSE,FALSE,FALSE,0,0,NA,NA,NA
Plot E,all,Plot E,3,July,2025-07-11,interval_end,1-1__11,Orbicella franksi,TRUE,TRUE,TRUE,FALSE,4.0925,4.0925e-4,480,8.526041666666667e-5,cm2
Plot E,all,Plot E,3,July,2025-07-11,NA,1-1__12,Acropora palmata,TRUE,FALSE,FALSE,FALSE,0,0,NA,NA,NA
Plot E,all,Plot E,3,July,2025-07-11,interval_end,1-1__13,Orbicella franksi,TRUE,TRUE,TRUE,FALSE,2.3,2.2999999999999998e-4,480,4.791666666666667e-5,cm2
Plot E,all,Plot E,3,July,2025-07-11,interval_end,1-1__14,Orbicella franksi,TRUE,TRUE,TRUE,FALSE,4.695,4.6950000000000003e-4,480,9.781250000000001e-5,cm2
Plot E,all,Plot E,3,July,2025-07-11,NA,1-1__15,Acropora palmata,TRUE,FALSE,FALSE,FALSE,0,0,NA,NA,NA
Plot E,all,Plot E,3,July,2025-07-11,interval_end,1-1__16,Orbicella annularis,TRUE,TRUE,TRUE,FALSE,8.3075,8.307499999999999e-4,480,1.7307291666666662e-4,cm2
Plot E,all,Plot E,3,July,2025-07-11,NA,1-1__17,Acropora palmata,TRUE,FALSE,FALSE,FALSE,0,0,NA,NA,NA
Plot E,all,Plot E,3,July,2025-07-11,interval_end,1-1__18,Orbicella annularis,TRUE,TRUE,TRUE,FALSE,2.83,2.83e-4,480,5.895833333333333e-5,cm2
Plot E,all,Plot E,3,July,2025-07-11,interval_end,1-1__19,Orbicella annularis,TRUE,TRUE,TRUE,FALSE,7.6525,7.652500000000001e-4,480,1.5942708333333336e-4,cm2
Plot E,all,Plot E,3,July,2025-07-11,interval_end,1-1__2,Orbicella franksi,TRUE,TRUE,TRUE,FALSE,4.9825,4.9825e-4,480,1.0380208333333334e-4,cm2
Plot E,all,Plot E,3,July,2025-07-11,interval_end,1-1__20,Orbicella annularis,TRUE,TRUE,TRUE,FALSE,5.025,5.025e-4,480,1.046875e-4,cm2
Plot E,all,Plot E,3,July,2025-07-11,interval_end,1-1__21,Orbicella annularis,TRUE,TRUE,TRUE,FALSE,28.8,0.00288,480,6.000000000000001e-4,cm2
Plot E,all,Plot E,3,July,2025-07-11,interval_end,1-1__22,Orbicella annularis,TRUE,TRUE,TRUE,FALSE,3.3275,3.3275000000000004e-4,480,6.932291666666668e-5,cm2
Plot E,all,Plot E,3,July,2025-07-11,NA,1-1__23,Acropora palmata,TRUE,FALSE,FALSE,FALSE,0,0,NA,NA,NA
Plot E,all,Plot E,3,July,2025-07-11,interval_end,1-1__24,Orbicella annularis,TRUE,TRUE,TRUE,FALSE,0.4925,4.925e-5,480,1.0260416666666666e-5,cm2
Plot E,all,Plot E,3,July,2025-07-11,interval_end,1-1__25,Orbicella annularis,TRUE,TRUE,TRUE,FALSE,8.8375,8.8375e-4,480,1.8411458333333333e-4,cm2
Plot E,all,Plot E,3,July,2025-07-11,interval_end,1-1__26,Orbicella annularis,TRUE,TRUE,TRUE,FALSE,2.76,2.76e-4,480,5.75e-5,cm2
Plot E,all,Plot E,3,July,2025-07-11,interval_end,1-1__27,Orbicella annularis,TRUE,TRUE,TRUE,FALSE,3.1025,3.1025e-4,480,6.463541666666666e-5,cm2
Plot E,all,Plot E,3,July,2025-07-11,interval_end,1-1__28,Orbicella annularis,TRUE,TRUE,TRUE,FALSE,8.0475,8.047499999999999e-4,480,1.6765624999999997e-4,cm2
Plot E,all,Plot E,3,July,2025-07-11,interval_end,1-1__29,Orbicella annularis,TRUE,TRUE,TRUE,FALSE,0.9975,9.975e-5,480,2.078125e-5,cm2
Plot E,all,Plot E,3,July,2025-07-11,interval_end,1-1__3,Orbicella franksi,TRUE,TRUE,TRUE,FALSE,4.4275,4.4275e-4,480,9.223958333333333e-5,cm2
Plot E,all,Plot E,3,July,2025-07-11,interval_end,1-1__30,Orbicella annularis,TRUE,FALSE,FALSE,TRUE,0,0,480,0,cm2
Plot E,all,Plot E,3,July,2025-07-11,interval_end,1-1__31,Orbicella annularis,TRUE,TRUE,TRUE,FALSE,9.1025,9.102499999999999e-4,480,1.8963541666666665e-4,cm2
Plot E,all,Plot E,3,July,2025-07-11,interval_end,1-1__32,Acropora palmata,TRUE,TRUE,TRUE,FALSE,227.19,0.022719,480,0.004733125,cm2
Plot E,all,Plot E,3,July,2025-07-11,interval_end,1-1__33,Orbicella annularis,TRUE,TRUE,TRUE,FALSE,2.8225,2.8225e-4,480,5.8802083333333334e-5,cm2
Plot E,all,Plot E,3,July,2025-07-11,interval_end,1-1__34,Orbicella annularis,TRUE,TRUE,TRUE,FALSE,3.0675,3.0675e-4,480,6.390625e-5,cm2
Plot E,all,Plot E,3,July,2025-07-11,interval_end,1-1__35,Orbicella annularis,TRUE,TRUE,TRUE,FALSE,0.54,5.4000000000000005e-5,480,1.125e-5,cm2
Plot E,all,Plot E,3,July,2025-07-11,interval_end,1-1__36,Orbicella annularis,TRUE,TRUE,TRUE,FALSE,1.735,1.7350000000000002e-4,480,3.6145833333333336e-5,cm2
Plot E,all,Plot E,3,July,2025-07-11,interval_end,1-1__38,Orbicella franksi,TRUE,TRUE,TRUE,FALSE,5.985,5.985000000000001e-4,480,1.2468750000000002e-4,cm2
Plot E,all,Plot E,3,July,2025-07-11,interval_end,1-1__39,Orbicella franksi,TRUE,TRUE,TRUE,FALSE,5.75,5.75e-4,480,1.1979166666666666e-4,cm2
Plot E,all,Plot E,3,July,2025-07-11,interval_end,1-1__4,Orbicella franksi,TRUE,TRUE,TRUE,FALSE,5.025,5.025e-4,480,1.046875e-4,cm2
Plot E,all,Plot E,3,July,2025-07-11,interval_end,1-1__40,Orbicella franksi,TRUE,TRUE,TRUE,FALSE,5.7025,5.7025e-4,480,1.1880208333333334e-4,cm2
Plot E,all,Plot E,3,July,2025-07-11,interval_end,1-1__41,Orbicella franksi,TRUE,TRUE,TRUE,FALSE,5.0125,5.012500000000001e-4,480,1.0442708333333335e-4,cm2
Plot E,all,Plot E,3,July,2025-07-11,interval_end,1-1__42,Orbicella franksi,TRUE,TRUE,TRUE,FALSE,6.3425,6.3425e-4,480,1.3213541666666669e-4,cm2
Plot E,all,Plot E,3,July,2025-07-11,interval_end,1-1__43,Orbicella franksi,TRUE,TRUE,TRUE,FALSE,6.0425,6.042500000000001e-4,480,1.2588541666666667e-4,cm2
Plot E,all,Plot E,3,July,2025-07-11,interval_end,1-1__44,Orbicella franksi,TRUE,TRUE,TRUE,FALSE,4.73,4.7300000000000006e-4,480,9.854166666666669e-5,cm2
Plot E,all,Plot E,3,July,2025-07-11,interval_end,1-1__45,Orbicella franksi,TRUE,TRUE,TRUE,FALSE,6.145,6.144999999999999e-4,480,1.280208333333333e-4,cm2
Plot E,all,Plot E,3,July,2025-07-11,interval_end,1-1__46,Orbicella franksi,TRUE,TRUE,TRUE,FALSE,5.09,5.09e-4,480,1.0604166666666666e-4,cm2
Plot E,all,Plot E,3,July,2025-07-11,interval_end,1-1__47,Orbicella annularis,TRUE,TRUE,TRUE,FALSE,5.77,5.769999999999999e-4,480,1.2020833333333332e-4,cm2
Plot E,all,Plot E,3,July,2025-07-11,interval_end,1-1__48,Orbicella annularis,TRUE,TRUE,TRUE,FALSE,2.3525,2.3525e-4,480,4.901041666666667e-5,cm2
Plot E,all,Plot E,3,July,2025-07-11,interval_end,1-1__49,Orbicella annularis,TRUE,TRUE,TRUE,FALSE,5.4275,5.4275e-4,480,1.1307291666666668e-4,cm2
Plot E,all,Plot E,3,July,2025-07-11,interval_end,1-1__5,Orbicella franksi,TRUE,TRUE,TRUE,FALSE,4.9525,4.952499999999999e-4,480,1.0317708333333332e-4,cm2
Plot E,all,Plot E,3,July,2025-07-11,interval_end,1-1__50,Orbicella annularis,TRUE,TRUE,TRUE,FALSE,4.755,4.755e-4,480,9.90625e-5,cm2
Plot E,all,Plot E,3,July,2025-07-11,interval_end,1-1__51,Orbicella annularis,TRUE,TRUE,TRUE,FALSE,6.975,6.975e-4,480,1.453125e-4,cm2
Plot E,all,Plot E,3,July,2025-07-11,interval_end,1-1__52,Orbicella annularis,TRUE,TRUE,TRUE,FALSE,16.8775,0.00168775,480,3.5161458333333334e-4,cm2
Plot E,all,Plot E,3,July,2025-07-11,interval_end,1-1__53,Orbicella annularis,TRUE,TRUE,TRUE,FALSE,6.7625,6.7625e-4,480,1.4088541666666668e-4,cm2
Plot E,all,Plot E,3,July,2025-07-11,interval_end,1-1__54,Orbicella annularis,TRUE,TRUE,TRUE,FALSE,5.33,5.33e-4,480,1.1104166666666668e-4,cm2
Plot E,all,Plot E,3,July,2025-07-11,interval_end,1-1__55,Orbicella faveolata,TRUE,TRUE,TRUE,FALSE,8.975,8.975e-4,480,1.8697916666666665e-4,cm2
Plot E,all,Plot E,3,July,2025-07-11,interval_end,1-1__56,Orbicella faveolata,TRUE,TRUE,TRUE,FALSE,4.1025,4.1025e-4,480,8.546875000000001e-5,cm2
Plot E,all,Plot E,3,July,2025-07-11,interval_end,1-1__57,Orbicella faveolata,TRUE,TRUE,TRUE,FALSE,4.27,4.2699999999999997e-4,480,8.895833333333332e-5,cm2
Plot E,all,Plot E,3,July,2025-07-11,interval_end,1-1__58,Acropora palmata,TRUE,TRUE,TRUE,FALSE,9,9e-4,480,1.875e-4,cm2
Plot E,all,Plot E,3,July,2025-07-11,interval_end,1-1__59,Acropora palmata,TRUE,TRUE,TRUE,FALSE,10.5825,0.00105825,480,2.2046875e-4,cm2
Plot E,all,Plot E,3,July,2025-07-11,interval_end,1-1__6,Orbicella franksi,TRUE,TRUE,TRUE,FALSE,3.975,3.975e-4,480,8.28125e-5,cm2
Plot E,all,Plot E,3,July,2025-07-11,interval_end,1-1__60,Acropora palmata,TRUE,TRUE,TRUE,FALSE,18.5625,0.00185625,480,3.8671875e-4,cm2
Plot E,all,Plot E,3,July,2025-07-11,interval_end,1-1__61,Acropora palmata,TRUE,TRUE,TRUE,FALSE,9.3575,9.3575e-4,480,1.9494791666666665e-4,cm2
Plot E,all,Plot E,3,July,2025-07-11,interval_end,1-1__62,Acropora palmata,TRUE,TRUE,TRUE,FALSE,12.1525,0.00121525,480,2.5317708333333334e-4,cm2
Plot E,all,Plot E,3,July,2025-07-11,NA,1-1__7,Acropora palmata,TRUE,FALSE,FALSE,FALSE,0,0,NA,NA,NA
Plot E,all,Plot E,3,July,2025-07-11,interval_end,1-1__8,Orbicella franksi,TRUE,TRUE,TRUE,FALSE,5.1375,5.1375e-4,480,1.0703124999999999e-4,cm2
Plot E,all,Plot E,3,July,2025-07-11,interval_end,1-1__9,Orbicella franksi,TRUE,TRUE,TRUE,FALSE,5.15,5.15e-4,480,1.0729166666666668e-4,cm2
Plot E,all,Plot E,4,August,2025-08-04,interval_end,1-0__10,Orbicella annularis,TRUE,TRUE,TRUE,FALSE,1.715,1.715e-4,480,3.572916666666666e-5,cm2
Plot E,all,Plot E,4,August,2025-08-04,NA,1-0__1022,Orbicella annularis,TRUE,FALSE,FALSE,FALSE,0,0,NA,NA,NA
Plot E,all,Plot E,4,August,2025-08-04,NA,1-0__1023,Orbicella annularis,TRUE,FALSE,FALSE,FALSE,0,0,NA,NA,NA
Plot E,all,Plot E,4,August,2025-08-04,interval_end,1-0__1037,Orbicella faveolata,TRUE,TRUE,TRUE,FALSE,7.595,7.595e-4,480,1.5822916666666668e-4,cm2
Plot E,all,Plot E,4,August,2025-08-04,interval_end,1-0__1040,Orbicella faveolata,TRUE,TRUE,TRUE,FALSE,10.1075,0.00101075,480,2.1057291666666666e-4,cm2
Plot E,all,Plot E,4,August,2025-08-04,interval_end,1-0__1041,Orbicella faveolata,TRUE,TRUE,TRUE,FALSE,6.555,6.554999999999999e-4,480,1.365625e-4,cm2
Plot E,all,Plot E,4,August,2025-08-04,interval_end,1-0__1087,Orbicella faveolata,TRUE,TRUE,TRUE,FALSE,13.7375,0.00137375,480,2.8619791666666664e-4,cm2
Plot E,all,Plot E,4,August,2025-08-04,interval_end,1-0__1090,Orbicella faveolata,TRUE,TRUE,TRUE,FALSE,5.175,5.175e-4,480,1.078125e-4,cm2
Plot E,all,Plot E,4,August,2025-08-04,interval_end,1-0__1091,Orbicella faveolata,TRUE,TRUE,TRUE,FALSE,6.175,6.175e-4,480,1.2864583333333334e-4,cm2
Plot E,all,Plot E,4,August,2025-08-04,interval_end,1-0__1092,Orbicella faveolata,TRUE,TRUE,TRUE,FALSE,6.26,6.259999999999999e-4,480,1.3041666666666665e-4,cm2
Plot E,all,Plot E,4,August,2025-08-04,NA,1-0__1109,Acropora palmata,TRUE,FALSE,FALSE,FALSE,0,0,NA,NA,NA
Plot E,all,Plot E,4,August,2025-08-04,NA,1-0__1111,Acropora palmata,TRUE,FALSE,FALSE,FALSE,0,0,NA,NA,NA
Plot E,all,Plot E,4,August,2025-08-04,NA,1-0__1114,Acropora palmata,TRUE,FALSE,FALSE,FALSE,0,0,NA,NA,NA
Plot E,all,Plot E,4,August,2025-08-04,NA,1-0__1115,Acropora palmata,TRUE,FALSE,FALSE,FALSE,0,0,NA,NA,NA
Plot E,all,Plot E,4,August,2025-08-04,NA,1-0__1117,Acropora palmata,TRUE,FALSE,FALSE,FALSE,0,0,NA,NA,NA
Plot E,all,Plot E,4,August,2025-08-04,interval_end,1-0__1118,Orbicella faveolata,TRUE,TRUE,TRUE,FALSE,4.0175,4.0175e-4,480,8.369791666666665e-5,cm2
Plot E,all,Plot E,4,August,2025-08-04,NA,1-0__1120,Acropora palmata,TRUE,FALSE,FALSE,FALSE,0,0,NA,NA,NA
Plot E,all,Plot E,4,August,2025-08-04,interval_end,1-0__1122,Orbicella faveolata,TRUE,TRUE,TRUE,FALSE,6.5125,6.5125e-4,480,1.3567708333333333e-4,cm2
Plot E,all,Plot E,4,August,2025-08-04,NA,1-0__1125,Acropora palmata,TRUE,FALSE,FALSE,FALSE,0,0,NA,NA,NA
Plot E,all,Plot E,4,August,2025-08-04,interval_end,1-0__1126,Orbicella faveolata,TRUE,TRUE,TRUE,FALSE,3.375,3.375e-4,480,7.031250000000001e-5,cm2
Plot E,all,Plot E,4,August,2025-08-04,NA,1-0__1127,Acropora palmata,TRUE,FALSE,FALSE,FALSE,0,0,NA,NA,NA
Plot E,all,Plot E,4,August,2025-08-04,NA,1-0__1132,Acropora palmata,TRUE,FALSE,FALSE,FALSE,0,0,NA,NA,NA
Plot E,all,Plot E,4,August,2025-08-04,interval_end,1-0__1152,Orbicella faveolata,TRUE,TRUE,TRUE,FALSE,7.88,7.88e-4,480,1.6416666666666665e-4,cm2
Plot E,all,Plot E,4,August,2025-08-04,interval_end,1-0__1153,Orbicella faveolata,TRUE,TRUE,TRUE,FALSE,5.0325,5.0325e-4,480,1.0484375e-4,cm2
Plot E,all,Plot E,4,August,2025-08-04,interval_end,1-0__1154,Orbicella faveolata,TRUE,TRUE,TRUE,FALSE,4.565,4.5650000000000004e-4,480,9.510416666666668e-5,cm2
Plot E,all,Plot E,4,August,2025-08-04,interval_end,1-0__1158,Orbicella faveolata,TRUE,TRUE,TRUE,FALSE,4.4825,4.4824999999999997e-4,480,9.338541666666667e-5,cm2
Plot E,all,Plot E,4,August,2025-08-04,interval_end,1-0__1159,Orbicella faveolata,TRUE,TRUE,TRUE,FALSE,5.8625,5.8625e-4,480,1.2213541666666666e-4,cm2
Plot E,all,Plot E,4,August,2025-08-04,interval_end,1-0__1161,Orbicella faveolata,TRUE,TRUE,TRUE,FALSE,2.5625,2.5625e-4,480,5.338541666666667e-5,cm2
Plot E,all,Plot E,4,August,2025-08-04,interval_end,1-0__1173,Orbicella annularis,TRUE,TRUE,TRUE,FALSE,5.365,5.365e-4,480,1.1177083333333332e-4,cm2
Plot E,all,Plot E,4,August,2025-08-04,interval_end,1-0__1174,Orbicella annularis,TRUE,TRUE,TRUE,FALSE,2.075,2.0750000000000003e-4,480,4.3229166666666676e-5,cm2
Plot E,all,Plot E,4,August,2025-08-04,interval_end,1-0__1176,Orbicella annularis,TRUE,TRUE,TRUE,FALSE,4.3975,4.3975e-4,480,9.161458333333333e-5,cm2
Plot E,all,Plot E,4,August,2025-08-04,interval_end,1-0__1177,Orbicella annularis,TRUE,TRUE,TRUE,FALSE,20.67,0.0020670000000000003,480,4.3062500000000007e-4,cm2
Plot E,all,Plot E,4,August,2025-08-04,interval_end,1-0__1178,Orbicella annularis,TRUE,TRUE,TRUE,FALSE,2.495,2.495e-4,480,5.1979166666666665e-5,cm2
Plot E,all,Plot E,4,August,2025-08-04,interval_end,1-0__1179,Orbicella annularis,TRUE,TRUE,TRUE,FALSE,1.05,1.05e-4,480,2.1875e-5,cm2
Plot E,all,Plot E,4,August,2025-08-04,interval_end,1-0__1180,Orbicella annularis,TRUE,TRUE,TRUE,FALSE,2.0825,2.0825e-4,480,4.338541666666666e-5,cm2
Plot E,all,Plot E,4,August,2025-08-04,interval_end,1-0__1209,Acropora cervicornis,TRUE,TRUE,TRUE,FALSE,6.015,6.014999999999999e-4,480,1.253125e-4,cm2
Plot E,all,Plot E,4,August,2025-08-04,interval_end,1-0__1210,Acropora cervicornis,TRUE,TRUE,TRUE,FALSE,6.965,6.965e-4,480,1.4510416666666665e-4,cm2
Plot E,all,Plot E,4,August,2025-08-04,interval_end,1-0__1211,Acropora cervicornis,TRUE,TRUE,TRUE,FALSE,3.87,3.8700000000000003e-4,480,8.062500000000001e-5,cm2
Plot E,all,Plot E,4,August,2025-08-04,interval_end,1-0__1212,Acropora cervicornis,TRUE,TRUE,TRUE,FALSE,6.0925,6.0925e-4,480,1.2692708333333333e-4,cm2
Plot E,all,Plot E,4,August,2025-08-04,interval_end,1-0__1213,Acropora cervicornis,TRUE,TRUE,TRUE,FALSE,8.39,8.39e-4,480,1.7479166666666668e-4,cm2
Plot E,all,Plot E,4,August,2025-08-04,interval_end,1-0__1214,Acropora cervicornis,TRUE,TRUE,TRUE,FALSE,5.0525,5.052500000000001e-4,480,1.0526041666666668e-4,cm2
Plot E,all,Plot E,4,August,2025-08-04,interval_end,1-0__1217,Orbicella faveolata,TRUE,TRUE,TRUE,FALSE,7.315,7.315e-4,480,1.5239583333333335e-4,cm2
Plot E,all,Plot E,4,August,2025-08-04,interval_end,1-0__1223,Orbicella faveolata,TRUE,TRUE,TRUE,FALSE,4.6675,4.6675000000000004e-4,480,9.723958333333333e-5,cm2
Plot E,all,Plot E,4,August,2025-08-04,interval_end,1-0__1224,Orbicella faveolata,TRUE,TRUE,TRUE,FALSE,4.3925,4.3925e-4,480,9.151041666666667e-5,cm2
Plot E,all,Plot E,4,August,2025-08-04,interval_end,1-0__221,Orbicella annularis,TRUE,TRUE,TRUE,FALSE,27.4525,0.00274525,480,0.00057192708333333325,cm2
Plot E,all,Plot E,4,August,2025-08-04,interval_end,1-0__224,Orbicella annularis,TRUE,TRUE,TRUE,FALSE,76.355,0.007635500000000001,480,0.0015907291666666667,cm2
Plot E,all,Plot E,4,August,2025-08-04,interval_end,1-0__261,Orbicella annularis,TRUE,TRUE,TRUE,FALSE,28.6525,0.00286525,480,5.969270833333334e-4,cm2
Plot E,all,Plot E,4,August,2025-08-04,NA,1-0__262,Orbicella annularis,TRUE,FALSE,FALSE,FALSE,0,0,NA,NA,NA
Plot E,all,Plot E,4,August,2025-08-04,interval_end,1-0__2796,Orbicella annularis,FALSE,TRUE,NA,FALSE,0.51,5.1e-5,480,1.0625e-5,cm2
Plot E,all,Plot E,4,August,2025-08-04,interval_end,1-0__3168,Orbicella annularis,FALSE,TRUE,NA,FALSE,8.8075,8.807499999999999e-4,480,1.834895833333333e-4,cm2
Plot E,all,Plot E,4,August,2025-08-04,interval_end,1-0__3169,Orbicella annularis,FALSE,TRUE,NA,FALSE,3.735,3.7349999999999997e-4,480,7.781249999999999e-5,cm2
Plot E,all,Plot E,4,August,2025-08-04,interval_end,1-0__3170,Orbicella annularis,FALSE,TRUE,NA,FALSE,2.18,2.18e-4,480,4.541666666666667e-5,cm2
Plot E,all,Plot E,4,August,2025-08-04,interval_end,1-0__3171,Orbicella annularis,FALSE,TRUE,NA,FALSE,1.375,1.375e-4,480,2.8645833333333333e-5,cm2
Plot E,all,Plot E,4,August,2025-08-04,interval_end,1-0__3173,Orbicella annularis,FALSE,TRUE,NA,FALSE,2.0425,2.0425e-4,480,4.255208333333333e-5,cm2
Plot E,all,Plot E,4,August,2025-08-04,interval_end,1-0__3366,Orbicella annularis,FALSE,TRUE,NA,FALSE,4.9225,4.922500000000001e-4,480,1.0255208333333335e-4,cm2
Plot E,all,Plot E,4,August,2025-08-04,interval_end,1-0__344,Orbicella annularis,TRUE,TRUE,TRUE,FALSE,47.685,0.0047685,480,9.934375e-4,cm2
Plot E,all,Plot E,4,August,2025-08-04,NA,1-0__349,Orbicella annularis,TRUE,FALSE,FALSE,FALSE,0,0,NA,NA,NA
Plot E,all,Plot E,4,August,2025-08-04,NA,1-0__351,Orbicella annularis,TRUE,FALSE,FALSE,FALSE,0,0,NA,NA,NA
Plot E,all,Plot E,4,August,2025-08-04,NA,1-0__354,Orbicella annularis,TRUE,FALSE,FALSE,FALSE,0,0,NA,NA,NA
Plot E,all,Plot E,4,August,2025-08-04,interval_end,1-0__365,Orbicella annularis,TRUE,TRUE,TRUE,FALSE,0.785,7.85e-5,480,1.6354166666666667e-5,cm2
Plot E,all,Plot E,4,August,2025-08-04,interval_end,1-0__367,Orbicella annularis,TRUE,TRUE,TRUE,FALSE,24.4825,0.0024482500000000003,480,5.100520833333334e-4,cm2
Plot E,all,Plot E,4,August,2025-08-04,interval_end,1-0__368,Orbicella annularis,TRUE,TRUE,TRUE,FALSE,10.0975,0.00100975,480,2.1036458333333332e-4,cm2
Plot E,all,Plot E,4,August,2025-08-04,interval_end,1-0__373,Orbicella annularis,TRUE,TRUE,TRUE,FALSE,0.42,4.2e-5,480,8.75e-6,cm2
Plot E,all,Plot E,4,August,2025-08-04,interval_end,1-0__375,Orbicella annularis,TRUE,TRUE,TRUE,FALSE,3.185,3.185e-4,480,6.635416666666666e-5,cm2
Plot E,all,Plot E,4,August,2025-08-04,interval_end,1-0__382,Orbicella annularis,TRUE,TRUE,TRUE,FALSE,2.5025,2.5025e-4,480,5.2135416666666666e-5,cm2
Plot E,all,Plot E,4,August,2025-08-04,interval_end,1-0__4,Orbicella annularis,TRUE,TRUE,TRUE,FALSE,4.555,4.5549999999999996e-4,480,9.489583333333332e-5,cm2
Plot E,all,Plot E,4,August,2025-08-04,interval_end,1-0__405,Orbicella franksi,TRUE,TRUE,TRUE,FALSE,38.4425,0.0038442500000000004,480,8.008854166666667e-4,cm2
Plot E,all,Plot E,4,August,2025-08-04,interval_end,1-0__409,Orbicella franksi,TRUE,TRUE,TRUE,FALSE,19.88,0.0019879999999999997,480,4.1416666666666663e-4,cm2
Plot E,all,Plot E,4,August,2025-08-04,interval_end,1-0__412,Orbicella franksi,TRUE,TRUE,TRUE,FALSE,13.845,0.0013845,480,2.884375e-4,cm2
Plot E,all,Plot E,4,August,2025-08-04,interval_end,1-0__413,Orbicella franksi,TRUE,TRUE,TRUE,FALSE,6.895,6.895e-4,480,1.4364583333333333e-4,cm2
Plot E,all,Plot E,4,August,2025-08-04,interval_end,1-0__449,Orbicella annularis,TRUE,TRUE,TRUE,FALSE,32.14,0.003214,480,6.695833333333332e-4,cm2
Plot E,all,Plot E,4,August,2025-08-04,NA,1-0__458,Orbicella annularis,TRUE,FALSE,FALSE,FALSE,0,0,NA,NA,NA
Plot E,all,Plot E,4,August,2025-08-04,interval_end,1-0__47,Orbicella annularis,TRUE,TRUE,TRUE,FALSE,1.81,1.81e-4,480,3.770833333333334e-5,cm2
Plot E,all,Plot E,4,August,2025-08-04,interval_end,1-0__470,Orbicella franksi,TRUE,TRUE,TRUE,FALSE,5.165,5.165e-4,480,1.0760416666666667e-4,cm2
Plot E,all,Plot E,4,August,2025-08-04,interval_end,1-0__475,Orbicella franksi,TRUE,TRUE,TRUE,FALSE,4.8125,4.8125e-4,480,1.0026041666666667e-4,cm2
Plot E,all,Plot E,4,August,2025-08-04,interval_end,1-0__476,Orbicella franksi,TRUE,TRUE,TRUE,FALSE,6.2475,6.2475e-4,480,1.3015624999999998e-4,cm2
Plot E,all,Plot E,4,August,2025-08-04,interval_end,1-0__478,Orbicella franksi,TRUE,TRUE,TRUE,FALSE,10.475,0.0010475,480,2.1822916666666667e-4,cm2
Plot E,all,Plot E,4,August,2025-08-04,interval_end,1-0__481,Orbicella franksi,TRUE,TRUE,TRUE,FALSE,5.9475,5.9475e-4,480,1.2390625e-4,cm2
Plot E,all,Plot E,4,August,2025-08-04,interval_end,1-0__483,Orbicella franksi,TRUE,TRUE,TRUE,FALSE,5.5125,5.5125e-4,480,1.1484375e-4,cm2
Plot E,all,Plot E,4,August,2025-08-04,interval_end,1-0__485,Orbicella franksi,TRUE,TRUE,TRUE,FALSE,6.71,6.71e-4,480,1.3979166666666667e-4,cm2
Plot E,all,Plot E,4,August,2025-08-04,interval_end,1-0__488,Orbicella franksi,TRUE,TRUE,TRUE,FALSE,6.5375,6.537499999999999e-4,480,1.3619791666666666e-4,cm2
Plot E,all,Plot E,4,August,2025-08-04,interval_end,1-0__489,Orbicella franksi,TRUE,TRUE,TRUE,FALSE,6.39,6.389999999999999e-4,480,1.33125e-4,cm2
Plot E,all,Plot E,4,August,2025-08-04,interval_end,1-0__5,Orbicella annularis,TRUE,TRUE,TRUE,FALSE,3.115,3.1150000000000004e-4,480,6.489583333333334e-5,cm2
Plot E,all,Plot E,4,August,2025-08-04,interval_end,1-0__50,Orbicella annularis,TRUE,TRUE,TRUE,FALSE,12.955,0.0012955,480,2.698958333333333e-4,cm2
Plot E,all,Plot E,4,August,2025-08-04,interval_end,1-0__51,Orbicella annularis,TRUE,TRUE,TRUE,FALSE,2.745,2.745e-4,480,5.718750000000001e-5,cm2
Plot E,all,Plot E,4,August,2025-08-04,NA,1-0__515,Orbicella annularis,TRUE,FALSE,FALSE,FALSE,0,0,NA,NA,NA
Plot E,all,Plot E,4,August,2025-08-04,NA,1-0__517,Orbicella annularis,TRUE,FALSE,FALSE,FALSE,0,0,NA,NA,NA
Plot E,all,Plot E,4,August,2025-08-04,NA,1-0__519,Orbicella annularis,TRUE,FALSE,FALSE,FALSE,0,0,NA,NA,NA
Plot E,all,Plot E,4,August,2025-08-04,interval_end,1-0__52,Orbicella annularis,TRUE,TRUE,TRUE,FALSE,5.95,5.95e-4,480,1.2395833333333334e-4,cm2
Plot E,all,Plot E,4,August,2025-08-04,NA,1-0__520,Orbicella annularis,TRUE,FALSE,FALSE,FALSE,0,0,NA,NA,NA
Plot E,all,Plot E,4,August,2025-08-04,NA,1-0__523,Orbicella annularis,TRUE,FALSE,FALSE,FALSE,0,0,NA,NA,NA
Plot E,all,Plot E,4,August,2025-08-04,NA,1-0__524,Orbicella annularis,TRUE,FALSE,FALSE,FALSE,0,0,NA,NA,NA
Plot E,all,Plot E,4,August,2025-08-04,interval_end,1-0__53,Orbicella annularis,TRUE,TRUE,TRUE,FALSE,3.5525,3.5525000000000004e-4,480,7.401041666666667e-5,cm2
Plot E,all,Plot E,4,August,2025-08-04,interval_end,1-0__531,Orbicella annularis,TRUE,TRUE,TRUE,FALSE,1.315,1.315e-4,480,2.7395833333333333e-5,cm2
Plot E,all,Plot E,4,August,2025-08-04,interval_end,1-0__532,Orbicella annularis,TRUE,TRUE,TRUE,FALSE,36.7575,0.00367575,480,7.657812500000001e-4,cm2
Plot E,all,Plot E,4,August,2025-08-04,interval_end,1-0__533,Orbicella annularis,TRUE,TRUE,TRUE,FALSE,2.6325,2.6325e-4,480,5.4843749999999995e-5,cm2
Plot E,all,Plot E,4,August,2025-08-04,interval_end,1-0__535,Orbicella annularis,TRUE,TRUE,TRUE,FALSE,6.36,6.360000000000001e-4,480,1.325e-4,cm2
Plot E,all,Plot E,4,August,2025-08-04,interval_end,1-0__54,Orbicella annularis,TRUE,TRUE,TRUE,FALSE,4.5175,4.5175e-4,480,9.411458333333334e-5,cm2
Plot E,all,Plot E,4,August,2025-08-04,interval_end,1-0__540,Orbicella annularis,TRUE,TRUE,TRUE,FALSE,4.5775,4.5775e-4,480,9.536458333333333e-5,cm2
Plot E,all,Plot E,4,August,2025-08-04,interval_end,1-0__55,Orbicella annularis,TRUE,TRUE,TRUE,FALSE,2.6075,2.6074999999999997e-4,480,5.4322916666666665e-5,cm2
Plot E,all,Plot E,4,August,2025-08-04,interval_end,1-0__56,Orbicella annularis,TRUE,TRUE,TRUE,FALSE,0.415,4.15e-5,480,8.645833333333333e-6,cm2
Plot E,all,Plot E,4,August,2025-08-04,interval_end,1-0__561,Orbicella annularis,TRUE,TRUE,TRUE,FALSE,0.5,5e-5,480,1.0416666666666666e-5,cm2
Plot E,all,Plot E,4,August,2025-08-04,interval_end,1-0__562,Orbicella annularis,TRUE,TRUE,TRUE,FALSE,0.9625,9.625000000000001e-5,480,2.0052083333333337e-5,cm2
Plot E,all,Plot E,4,August,2025-08-04,NA,1-0__563,Orbicella annularis,TRUE,FALSE,FALSE,FALSE,0,0,NA,NA,NA
Plot E,all,Plot E,4,August,2025-08-04,interval_end,1-0__564,Orbicella annularis,TRUE,TRUE,TRUE,FALSE,0.5775,5.775e-5,480,1.203125e-5,cm2
Plot E,all,Plot E,4,August,2025-08-04,interval_end,1-0__565,Orbicella annularis,TRUE,TRUE,TRUE,FALSE,0.965,9.65e-5,480,2.0104166666666666e-5,cm2
Plot E,all,Plot E,4,August,2025-08-04,interval_end,1-0__566,Orbicella annularis,TRUE,TRUE,TRUE,FALSE,2.5725,2.5725e-4,480,5.359375e-5,cm2
Plot E,all,Plot E,4,August,2025-08-04,interval_end,1-0__567,Orbicella annularis,TRUE,TRUE,TRUE,FALSE,0.78,7.8e-5,480,1.625e-5,cm2
Plot E,all,Plot E,4,August,2025-08-04,interval_end,1-0__568,Orbicella annularis,TRUE,TRUE,TRUE,FALSE,0.57,5.6999999999999996e-5,480,1.1874999999999999e-5,cm2
Plot E,all,Plot E,4,August,2025-08-04,interval_end,1-0__57,Orbicella annularis,TRUE,TRUE,TRUE,FALSE,0.8325,8.325e-5,480,1.734375e-5,cm2
Plot E,all,Plot E,4,August,2025-08-04,interval_end,1-0__570,Orbicella annularis,TRUE,TRUE,TRUE,FALSE,0.51,5.1e-5,480,1.0625e-5,cm2
Plot E,all,Plot E,4,August,2025-08-04,interval_end,1-0__571,Orbicella annularis,TRUE,TRUE,TRUE,FALSE,1.675,1.675e-4,480,3.489583333333333e-5,cm2
Plot E,all,Plot E,4,August,2025-08-04,interval_end,1-0__573,Orbicella annularis,TRUE,TRUE,TRUE,FALSE,0.715,7.15e-5,480,1.4895833333333334e-5,cm2
Plot E,all,Plot E,4,August,2025-08-04,interval_end,1-0__575,Orbicella annularis,TRUE,TRUE,TRUE,FALSE,0.735,7.35e-5,480,1.53125e-5,cm2
Plot E,all,Plot E,4,August,2025-08-04,interval_end,1-0__577,Orbicella annularis,TRUE,TRUE,TRUE,FALSE,1.3675,1.3675e-4,480,2.8489583333333332e-5,cm2
Plot E,all,Plot E,4,August,2025-08-04,interval_end,1-0__579,Orbicella annularis,TRUE,TRUE,TRUE,FALSE,1.3325,1.3325e-4,480,2.776041666666667e-5,cm2
Plot E,all,Plot E,4,August,2025-08-04,interval_end,1-0__580,Orbicella annularis,TRUE,TRUE,TRUE,FALSE,0.8825,8.824999999999999e-5,480,1.8385416666666665e-5,cm2
Plot E,all,Plot E,4,August,2025-08-04,interval_end,1-0__582,Orbicella annularis,TRUE,TRUE,TRUE,FALSE,5.8125,5.8125e-4,480,1.2109374999999999e-4,cm2
Plot E,all,Plot E,4,August,2025-08-04,interval_end,1-0__583,Orbicella annularis,TRUE,TRUE,TRUE,FALSE,0.6375,6.374999999999999e-5,480,1.3281249999999998e-5,cm2
Plot E,all,Plot E,4,August,2025-08-04,interval_end,1-0__584,Orbicella annularis,TRUE,TRUE,TRUE,FALSE,0.9975,9.975e-5,480,2.078125e-5,cm2
Plot E,all,Plot E,4,August,2025-08-04,interval_end,1-0__585,Orbicella annularis,TRUE,TRUE,TRUE,FALSE,4.7,4.7000000000000004e-4,480,9.791666666666668e-5,cm2
Plot E,all,Plot E,4,August,2025-08-04,interval_end,1-0__586,Orbicella annularis,TRUE,TRUE,TRUE,FALSE,1,1e-4,480,2.0833333333333333e-5,cm2
Plot E,all,Plot E,4,August,2025-08-04,interval_end,1-0__589,Orbicella franksi,TRUE,TRUE,TRUE,FALSE,35.23,0.0035229999999999997,480,7.339583333333332e-4,cm2
Plot E,all,Plot E,4,August,2025-08-04,interval_end,1-0__590,Orbicella annularis,TRUE,TRUE,TRUE,FALSE,0.74,7.4e-5,480,1.5416666666666664e-5,cm2
Plot E,all,Plot E,4,August,2025-08-04,interval_end,1-0__591,Orbicella franksi,TRUE,TRUE,TRUE,FALSE,9.11,9.109999999999999e-4,480,1.8979166666666664e-4,cm2
Plot E,all,Plot E,4,August,2025-08-04,interval_end,1-0__593,Orbicella franksi,TRUE,TRUE,TRUE,FALSE,5.835,5.835e-4,480,1.2156250000000001e-4,cm2
Plot E,all,Plot E,4,August,2025-08-04,interval_end,1-0__595,Orbicella franksi,TRUE,TRUE,TRUE,FALSE,14.9125,0.00149125,480,3.106770833333333e-4,cm2
Plot E,all,Plot E,4,August,2025-08-04,interval_end,1-0__596,Orbicella franksi,TRUE,TRUE,TRUE,FALSE,4.6,4.5999999999999996e-4,480,9.583333333333334e-5,cm2
Plot E,all,Plot E,4,August,2025-08-04,interval_end,1-0__598,Orbicella franksi,TRUE,TRUE,TRUE,FALSE,6.42,6.42e-4,480,1.3375e-4,cm2
Plot E,all,Plot E,4,August,2025-08-04,interval_end,1-0__6,Orbicella annularis,TRUE,TRUE,TRUE,FALSE,2.4875,2.4875e-4,480,5.182291666666667e-5,cm2
Plot E,all,Plot E,4,August,2025-08-04,interval_end,1-0__614,Orbicella annularis,TRUE,TRUE,TRUE,FALSE,75.3275,0.00753275,480,0.0015693229166666668,cm2
Plot E,all,Plot E,4,August,2025-08-04,interval_end,1-0__617,Orbicella annularis,TRUE,TRUE,TRUE,FALSE,0.4075,4.0749999999999994e-5,480,8.489583333333332e-6,cm2
Plot E,all,Plot E,4,August,2025-08-04,interval_end,1-0__674,Acropora palmata,TRUE,TRUE,TRUE,FALSE,14.3075,0.00143075,480,2.980729166666667e-4,cm2
Plot E,all,Plot E,4,August,2025-08-04,interval_end,1-0__676,Acropora palmata,TRUE,TRUE,TRUE,FALSE,10.355,0.0010355,480,2.1572916666666667e-4,cm2
Plot E,all,Plot E,4,August,2025-08-04,interval_end,1-0__677,Acropora palmata,TRUE,TRUE,TRUE,FALSE,21.435,0.0021435,480,4.465625e-4,cm2
Plot E,all,Plot E,4,August,2025-08-04,interval_end,1-0__680,Acropora palmata,TRUE,TRUE,TRUE,FALSE,12.7,0.0012699999999999999,480,2.645833333333333e-4,cm2
Plot E,all,Plot E,4,August,2025-08-04,interval_end,1-0__683,Acropora palmata,TRUE,TRUE,TRUE,FALSE,13.795,0.0013795,480,2.8739583333333335e-4,cm2
Plot E,all,Plot E,4,August,2025-08-04,interval_end,1-0__685,Orbicella franksi,TRUE,TRUE,TRUE,FALSE,5.585,5.585e-4,480,1.1635416666666666e-4,cm2
Plot E,all,Plot E,4,August,2025-08-04,interval_end,1-0__686,Orbicella franksi,TRUE,TRUE,TRUE,FALSE,3.8625,3.8625e-4,480,8.046875e-5,cm2
Plot E,all,Plot E,4,August,2025-08-04,interval_end,1-0__687,Orbicella franksi,TRUE,TRUE,TRUE,FALSE,6.84,6.84e-4,480,1.425e-4,cm2
Plot E,all,Plot E,4,August,2025-08-04,interval_end,1-0__688,Orbicella franksi,TRUE,TRUE,TRUE,FALSE,24.0925,0.00240925,480,5.019270833333333e-4,cm2
Plot E,all,Plot E,4,August,2025-08-04,interval_end,1-0__689,Orbicella franksi,TRUE,TRUE,TRUE,FALSE,16.9,0.0016899999999999999,480,3.520833333333333e-4,cm2
Plot E,all,Plot E,4,August,2025-08-04,interval_end,1-0__691,Orbicella franksi,TRUE,TRUE,TRUE,FALSE,21.0075,0.00210075,480,4.3765625e-4,cm2
Plot E,all,Plot E,4,August,2025-08-04,interval_end,1-0__692,Orbicella franksi,TRUE,TRUE,TRUE,FALSE,4.485,4.485e-4,480,9.34375e-5,cm2
Plot E,all,Plot E,4,August,2025-08-04,interval_end,1-0__693,Orbicella franksi,TRUE,TRUE,TRUE,FALSE,12.42,0.001242,480,2.5875000000000003e-4,cm2
Plot E,all,Plot E,4,August,2025-08-04,interval_end,1-0__694,Orbicella franksi,TRUE,TRUE,TRUE,FALSE,3.0875,3.0875e-4,480,6.432291666666667e-5,cm2
Plot E,all,Plot E,4,August,2025-08-04,interval_end,1-0__697,Orbicella franksi,TRUE,TRUE,TRUE,FALSE,5.7975,5.797500000000001e-4,480,1.2078125000000001e-4,cm2
Plot E,all,Plot E,4,August,2025-08-04,interval_end,1-0__698,Orbicella franksi,TRUE,TRUE,TRUE,FALSE,4.1075,4.1075e-4,480,8.557291666666667e-5,cm2
Plot E,all,Plot E,4,August,2025-08-04,interval_end,1-0__699,Orbicella franksi,TRUE,TRUE,TRUE,FALSE,6.14,6.14e-4,480,1.2791666666666667e-4,cm2
Plot E,all,Plot E,4,August,2025-08-04,interval_end,1-0__7,Orbicella annularis,TRUE,TRUE,TRUE,FALSE,2.2175,2.2174999999999997e-4,480,4.619791666666666e-5,cm2
Plot E,all,Plot E,4,August,2025-08-04,interval_end,1-0__700,Orbicella franksi,TRUE,TRUE,TRUE,FALSE,9.6025,9.6025e-4,480,2.0005208333333333e-4,cm2
Plot E,all,Plot E,4,August,2025-08-04,NA,1-0__727,Acropora palmata,TRUE,FALSE,FALSE,FALSE,0,0,NA,NA,NA
Plot E,all,Plot E,4,August,2025-08-04,interval_end,1-0__730,Acropora palmata,TRUE,TRUE,TRUE,FALSE,25.3375,0.00253375,480,5.278645833333334e-4,cm2
Plot E,all,Plot E,4,August,2025-08-04,NA,1-0__732,Acropora palmata,TRUE,FALSE,FALSE,FALSE,0,0,NA,NA,NA
Plot E,all,Plot E,4,August,2025-08-04,NA,1-0__733,Acropora palmata,TRUE,FALSE,FALSE,FALSE,0,0,NA,NA,NA
Plot E,all,Plot E,4,August,2025-08-04,NA,1-0__737,Acropora palmata,TRUE,FALSE,FALSE,FALSE,0,0,NA,NA,NA
Plot E,all,Plot E,4,August,2025-08-04,interval_end,1-0__738,Acropora palmata,TRUE,TRUE,TRUE,FALSE,13.915,0.0013915,480,2.898958333333333e-4,cm2
Plot E,all,Plot E,4,August,2025-08-04,NA,1-0__740,Acropora palmata,TRUE,FALSE,FALSE,FALSE,0,0,NA,NA,NA
Plot E,all,Plot E,4,August,2025-08-04,NA,1-0__742,Acropora palmata,TRUE,FALSE,FALSE,FALSE,0,0,NA,NA,NA
Plot E,all,Plot E,4,August,2025-08-04,interval_end,1-0__745,Orbicella faveolata,TRUE,TRUE,TRUE,FALSE,4.4475,4.4475e-4,480,9.265625e-5,cm2
Plot E,all,Plot E,4,August,2025-08-04,interval_end,1-0__746,Orbicella faveolata,TRUE,TRUE,TRUE,FALSE,6.6725,6.6725e-4,480,1.3901041666666665e-4,cm2
Plot E,all,Plot E,4,August,2025-08-04,interval_end,1-0__748,Orbicella faveolata,TRUE,TRUE,TRUE,FALSE,7.835,7.835e-4,480,1.6322916666666667e-4,cm2
Plot E,all,Plot E,4,August,2025-08-04,NA,1-0__749,Acropora palmata,TRUE,FALSE,FALSE,FALSE,0,0,NA,NA,NA
Plot E,all,Plot E,4,August,2025-08-04,interval_end,1-0__753,Acropora palmata,TRUE,TRUE,TRUE,FALSE,19.595,0.0019595,480,4.0822916666666666e-4,cm2
Plot E,all,Plot E,4,August,2025-08-04,NA,1-0__754,Acropora palmata,TRUE,FALSE,FALSE,FALSE,0,0,NA,NA,NA
Plot E,all,Plot E,4,August,2025-08-04,interval_end,1-0__755,Orbicella faveolata,TRUE,TRUE,TRUE,FALSE,18.5125,0.00185125,480,3.8567708333333336e-4,cm2
Plot E,all,Plot E,4,August,2025-08-04,interval_end,1-0__757,Orbicella faveolata,TRUE,TRUE,TRUE,FALSE,8.7725,8.772500000000001e-4,480,1.8276041666666668e-4,cm2
Plot E,all,Plot E,4,August,2025-08-04,NA,1-0__759,Acropora palmata,TRUE,FALSE,FALSE,FALSE,0,0,NA,NA,NA
Plot E,all,Plot E,4,August,2025-08-04,NA,1-0__760,Acropora palmata,TRUE,FALSE,FALSE,FALSE,0,0,NA,NA,NA
Plot E,all,Plot E,4,August,2025-08-04,interval_end,1-0__762,Orbicella faveolata,TRUE,TRUE,TRUE,FALSE,25.6875,0.00256875,480,5.351562499999999e-4,cm2
Plot E,all,Plot E,4,August,2025-08-04,NA,1-0__764,Acropora palmata,TRUE,FALSE,FALSE,FALSE,0,0,NA,NA,NA
Plot E,all,Plot E,4,August,2025-08-04,interval_end,1-0__765,Orbicella faveolata,TRUE,TRUE,TRUE,FALSE,7.1975,7.1975e-4,480,1.4994791666666666e-4,cm2
Plot E,all,Plot E,4,August,2025-08-04,NA,1-0__767,Acropora palmata,TRUE,FALSE,FALSE,FALSE,0,0,NA,NA,NA
Plot E,all,Plot E,4,August,2025-08-04,NA,1-0__784,Acropora palmata,TRUE,FALSE,FALSE,FALSE,0,0,NA,NA,NA
Plot E,all,Plot E,4,August,2025-08-04,NA,1-0__792,Acropora palmata,TRUE,FALSE,FALSE,FALSE,0,0,NA,NA,NA
Plot E,all,Plot E,4,August,2025-08-04,NA,1-0__793,Acropora palmata,TRUE,FALSE,FALSE,FALSE,0,0,NA,NA,NA
Plot E,all,Plot E,4,August,2025-08-04,interval_end,1-0__796,Acropora palmata,TRUE,FALSE,FALSE,TRUE,0,0,480,0,cm2
Plot E,all,Plot E,4,August,2025-08-04,NA,1-0__798,Acropora palmata,TRUE,FALSE,FALSE,FALSE,0,0,NA,NA,NA
Plot E,all,Plot E,4,August,2025-08-04,interval_end,1-0__8,Orbicella annularis,TRUE,TRUE,TRUE,FALSE,25.245,0.0025245000000000003,480,5.259375e-4,cm2
Plot E,all,Plot E,4,August,2025-08-04,NA,1-0__801,Acropora palmata,TRUE,FALSE,FALSE,FALSE,0,0,NA,NA,NA
Plot E,all,Plot E,4,August,2025-08-04,interval_end,1-0__802,Acropora palmata,TRUE,FALSE,FALSE,TRUE,0,0,480,0,cm2
Plot E,all,Plot E,4,August,2025-08-04,NA,1-0__804,Acropora palmata,TRUE,FALSE,FALSE,FALSE,0,0,NA,NA,NA
Plot E,all,Plot E,4,August,2025-08-04,interval_end,1-0__805,Acropora palmata,TRUE,TRUE,TRUE,FALSE,48.415,0.0048415,480,0.0010086458333333334,cm2
Plot E,all,Plot E,4,August,2025-08-04,NA,1-0__806,Acropora palmata,TRUE,FALSE,FALSE,FALSE,0,0,NA,NA,NA
Plot E,all,Plot E,4,August,2025-08-04,NA,1-0__808,Acropora palmata,TRUE,FALSE,FALSE,FALSE,0,0,NA,NA,NA
Plot E,all,Plot E,4,August,2025-08-04,NA,1-0__810,Acropora palmata,TRUE,FALSE,FALSE,FALSE,0,0,NA,NA,NA
Plot E,all,Plot E,4,August,2025-08-04,interval_end,1-0__811,Acropora palmata,TRUE,TRUE,TRUE,FALSE,24.4325,0.00244325,480,5.090104166666667e-4,cm2
Plot E,all,Plot E,4,August,2025-08-04,interval_end,1-0__814,Acropora palmata,TRUE,FALSE,FALSE,TRUE,0,0,480,0,cm2
Plot E,all,Plot E,4,August,2025-08-04,interval_end,1-0__828,Orbicella franksi,TRUE,TRUE,TRUE,FALSE,28.1475,0.00281475,480,5.864062499999999e-4,cm2
Plot E,all,Plot E,4,August,2025-08-04,interval_end,1-0__829,Orbicella franksi,TRUE,TRUE,TRUE,FALSE,4.475,4.475e-4,480,9.322916666666666e-5,cm2
Plot E,all,Plot E,4,August,2025-08-04,interval_end,1-0__831,Orbicella franksi,TRUE,TRUE,TRUE,FALSE,6.465,6.464999999999999e-4,480,1.346875e-4,cm2
Plot E,all,Plot E,4,August,2025-08-04,interval_end,1-0__833,Orbicella franksi,TRUE,TRUE,TRUE,FALSE,12.805,0.0012805,480,2.667708333333333e-4,cm2
Plot E,all,Plot E,4,August,2025-08-04,interval_end,1-0__835,Orbicella franksi,TRUE,TRUE,TRUE,FALSE,7.75,7.75e-4,480,1.6145833333333333e-4,cm2
Plot E,all,Plot E,4,August,2025-08-04,interval_end,1-0__836,Orbicella franksi,TRUE,TRUE,TRUE,FALSE,3.8875,3.8875000000000004e-4,480,8.098958333333334e-5,cm2
Plot E,all,Plot E,4,August,2025-08-04,interval_end,1-0__841,Orbicella annularis,TRUE,TRUE,TRUE,FALSE,48.085,0.0048085,480,0.0010017708333333332,cm2
Plot E,all,Plot E,4,August,2025-08-04,interval_end,1-0__846,Orbicella annularis,TRUE,TRUE,TRUE,FALSE,2.3875,2.3875000000000003e-4,480,4.9739583333333344e-5,cm2
Plot E,all,Plot E,4,August,2025-08-04,interval_end,1-0__85,Orbicella annularis,TRUE,TRUE,TRUE,FALSE,54.7125,0.0054712499999999996,480,0.00113984375,cm2
Plot E,all,Plot E,4,August,2025-08-04,NA,1-0__850,Orbicella annularis,TRUE,FALSE,FALSE,FALSE,0,0,NA,NA,NA
Plot E,all,Plot E,4,August,2025-08-04,interval_end,1-0__851,Orbicella annularis,TRUE,TRUE,TRUE,FALSE,1.4525,1.4524999999999998e-4,480,3.0260416666666662e-5,cm2
Plot E,all,Plot E,4,August,2025-08-04,interval_end,1-0__852,Orbicella annularis,TRUE,TRUE,TRUE,FALSE,0.335,3.35e-5,480,6.979166666666667e-6,cm2
Plot E,all,Plot E,4,August,2025-08-04,interval_end,1-0__868,Orbicella annularis,TRUE,TRUE,TRUE,FALSE,69.4875,0.00694875,480,0.00144765625,cm2
Plot E,all,Plot E,4,August,2025-08-04,interval_end,1-0__9,Orbicella annularis,TRUE,TRUE,TRUE,FALSE,0.8925,8.925e-5,480,1.859375e-5,cm2
Plot E,all,Plot E,4,August,2025-08-04,interval_end,1-0__90,Orbicella annularis,TRUE,TRUE,TRUE,FALSE,2.6825,2.6825e-4,480,5.588541666666666e-5,cm2
Plot E,all,Plot E,4,August,2025-08-04,interval_end,1-0__928,Orbicella franksi,TRUE,TRUE,TRUE,FALSE,7.9575,7.957499999999999e-4,480,1.6578125e-4,cm2
Plot E,all,Plot E,4,August,2025-08-04,interval_end,1-0__930,Orbicella franksi,TRUE,TRUE,TRUE,FALSE,8.1825,8.1825e-4,480,1.7046875e-4,cm2
Plot E,all,Plot E,4,August,2025-08-04,interval_end,1-0__932,Orbicella franksi,TRUE,TRUE,TRUE,FALSE,21.935,0.0021934999999999997,480,4.5697916666666657e-4,cm2
Plot E,all,Plot E,4,August,2025-08-04,interval_end,1-0__933,Orbicella franksi,TRUE,TRUE,TRUE,FALSE,29.5225,0.00295225,480,6.150520833333333e-4,cm2
Plot E,all,Plot E,4,August,2025-08-04,interval_end,1-0__939,Orbicella franksi,TRUE,TRUE,TRUE,FALSE,6.9075,6.9075e-4,480,1.4390625e-4,cm2
Plot E,all,Plot E,4,August,2025-08-04,interval_end,1-0__942,Orbicella franksi,TRUE,TRUE,TRUE,FALSE,8.7775,8.7775e-4,480,1.8286458333333333e-4,cm2
Plot E,all,Plot E,4,August,2025-08-04,interval_end,1-0__969,Acropora cervicornis,TRUE,TRUE,TRUE,FALSE,16.4875,0.00164875,480,3.4348958333333334e-4,cm2
Plot E,all,Plot E,4,August,2025-08-04,interval_end,1-0__971,Acropora cervicornis,TRUE,TRUE,TRUE,FALSE,4.0275,4.0275e-4,480,8.390625e-5,cm2
Plot E,all,Plot E,4,August,2025-08-04,interval_end,1-0__977,Acropora cervicornis,TRUE,TRUE,TRUE,FALSE,2.0525,2.0525000000000003e-4,480,4.276041666666667e-5,cm2
Plot E,all,Plot E,4,August,2025-08-04,interval_end,1-0__979,Acropora cervicornis,TRUE,TRUE,TRUE,FALSE,4,4e-4,480,8.333333333333333e-5,cm2
Plot E,all,Plot E,4,August,2025-08-04,interval_end,1-0__980,Acropora cervicornis,TRUE,TRUE,TRUE,FALSE,7.925,7.925e-4,480,1.6510416666666667e-4,cm2
Plot E,all,Plot E,4,August,2025-08-04,NA,1-0__982,Acropora cervicornis,TRUE,FALSE,FALSE,FALSE,0,0,NA,NA,NA
Plot E,all,Plot E,4,August,2025-08-04,NA,1-0__985,Acropora cervicornis,TRUE,FALSE,FALSE,FALSE,0,0,NA,NA,NA
Plot E,all,Plot E,4,August,2025-08-04,interval_end,1-0__986,Acropora cervicornis,TRUE,TRUE,TRUE,FALSE,8.1125,8.112500000000001e-4,480,1.690104166666667e-4,cm2
Plot E,all,Plot E,4,August,2025-08-04,interval_end,1-1__0,Orbicella annularis,TRUE,FALSE,FALSE,TRUE,0,0,480,0,cm2
Plot E,all,Plot E,4,August,2025-08-04,NA,1-1__10,Acropora palmata,TRUE,FALSE,FALSE,FALSE,0,0,NA,NA,NA
Plot E,all,Plot E,4,August,2025-08-04,interval_end,1-1__11,Orbicella franksi,TRUE,TRUE,TRUE,FALSE,4.435,4.4349999999999994e-4,480,9.239583333333331e-5,cm2
Plot E,all,Plot E,4,August,2025-08-04,NA,1-1__12,Acropora palmata,TRUE,FALSE,FALSE,FALSE,0,0,NA,NA,NA
Plot E,all,Plot E,4,August,2025-08-04,interval_end,1-1__13,Orbicella franksi,TRUE,TRUE,TRUE,FALSE,3.545,3.545e-4,480,7.385416666666668e-5,cm2
Plot E,all,Plot E,4,August,2025-08-04,interval_end,1-1__14,Orbicella franksi,TRUE,TRUE,TRUE,FALSE,2.9125,2.9125e-4,480,6.067708333333334e-5,cm2
Plot E,all,Plot E,4,August,2025-08-04,NA,1-1__15,Acropora palmata,TRUE,FALSE,FALSE,FALSE,0,0,NA,NA,NA
Plot E,all,Plot E,4,August,2025-08-04,interval_end,1-1__16,Orbicella annularis,TRUE,TRUE,TRUE,FALSE,9.0725,9.0725e-4,480,1.8901041666666667e-4,cm2
Plot E,all,Plot E,4,August,2025-08-04,NA,1-1__17,Acropora palmata,TRUE,FALSE,FALSE,FALSE,0,0,NA,NA,NA
Plot E,all,Plot E,4,August,2025-08-04,interval_end,1-1__18,Orbicella annularis,TRUE,TRUE,TRUE,FALSE,3.3275,3.3275000000000004e-4,480,6.932291666666668e-5,cm2
Plot E,all,Plot E,4,August,2025-08-04,interval_end,1-1__19,Orbicella annularis,TRUE,TRUE,TRUE,FALSE,9.6375,9.6375e-4,480,2.0078125e-4,cm2
Plot E,all,Plot E,4,August,2025-08-04,interval_end,1-1__2,Orbicella franksi,TRUE,TRUE,TRUE,FALSE,5.5075,5.5075e-4,480,1.1473958333333332e-4,cm2
Plot E,all,Plot E,4,August,2025-08-04,interval_end,1-1__20,Orbicella annularis,TRUE,TRUE,TRUE,FALSE,5.445,5.445000000000001e-4,480,1.1343750000000001e-4,cm2
Plot E,all,Plot E,4,August,2025-08-04,interval_end,1-1__21,Orbicella annularis,TRUE,TRUE,TRUE,FALSE,29.9525,0.0029952499999999996,480,6.240104166666666e-4,cm2
Plot E,all,Plot E,4,August,2025-08-04,interval_end,1-1__22,Orbicella annularis,TRUE,TRUE,TRUE,FALSE,3.35,3.35e-4,480,6.979166666666666e-5,cm2
Plot E,all,Plot E,4,August,2025-08-04,NA,1-1__23,Acropora palmata,TRUE,FALSE,FALSE,FALSE,0,0,NA,NA,NA
Plot E,all,Plot E,4,August,2025-08-04,interval_end,1-1__24,Orbicella annularis,TRUE,TRUE,TRUE,FALSE,0.7675,7.675e-5,480,1.5989583333333333e-5,cm2
Plot E,all,Plot E,4,August,2025-08-04,interval_end,1-1__25,Orbicella annularis,TRUE,TRUE,TRUE,FALSE,10.13,0.001013,480,2.1104166666666667e-4,cm2
Plot E,all,Plot E,4,August,2025-08-04,interval_end,1-1__26,Orbicella annularis,TRUE,TRUE,TRUE,FALSE,2.565,2.565e-4,480,5.34375e-5,cm2
Plot E,all,Plot E,4,August,2025-08-04,interval_end,1-1__27,Orbicella annularis,TRUE,TRUE,TRUE,FALSE,4.0175,4.0175e-4,480,8.369791666666665e-5,cm2
Plot E,all,Plot E,4,August,2025-08-04,interval_end,1-1__28,Orbicella annularis,TRUE,TRUE,TRUE,FALSE,8.615,8.615000000000001e-4,480,1.7947916666666668e-4,cm2
Plot E,all,Plot E,4,August,2025-08-04,interval_end,1-1__29,Orbicella annularis,TRUE,TRUE,TRUE,FALSE,1.185,1.1850000000000001e-4,480,2.4687500000000004e-5,cm2
Plot E,all,Plot E,4,August,2025-08-04,interval_end,1-1__3,Orbicella franksi,TRUE,TRUE,TRUE,FALSE,4.3675,4.3674999999999996e-4,480,9.098958333333333e-5,cm2
Plot E,all,Plot E,4,August,2025-08-04,NA,1-1__30,Orbicella annularis,TRUE,FALSE,FALSE,FALSE,0,0,NA,NA,NA
Plot E,all,Plot E,4,August,2025-08-04,interval_end,1-1__31,Orbicella annularis,TRUE,TRUE,TRUE,FALSE,10.51,0.001051,480,2.1895833333333335e-4,cm2
Plot E,all,Plot E,4,August,2025-08-04,interval_end,1-1__32,Acropora palmata,TRUE,TRUE,TRUE,FALSE,272.8425,0.027284249999999996,480,0.005684218749999999,cm2
Plot E,all,Plot E,4,August,2025-08-04,interval_end,1-1__33,Orbicella annularis,TRUE,TRUE,TRUE,FALSE,3.255,3.255e-4,480,6.78125e-5,cm2
Plot E,all,Plot E,4,August,2025-08-04,interval_end,1-1__34,Orbicella annularis,TRUE,TRUE,TRUE,FALSE,4.065,4.065e-4,480,8.468749999999999e-5,cm2
Plot E,all,Plot E,4,August,2025-08-04,interval_end,1-1__35,Orbicella annularis,TRUE,TRUE,TRUE,FALSE,0.6225,6.225000000000001e-5,480,1.2968750000000002e-5,cm2
Plot E,all,Plot E,4,August,2025-08-04,interval_end,1-1__36,Orbicella annularis,TRUE,TRUE,TRUE,FALSE,1.7125,1.7125e-4,480,3.567708333333333e-5,cm2
Plot E,all,Plot E,4,August,2025-08-04,interval_end,1-1__38,Orbicella franksi,TRUE,TRUE,TRUE,FALSE,5.8125,5.8125e-4,480,1.2109374999999999e-4,cm2
Plot E,all,Plot E,4,August,2025-08-04,interval_end,1-1__39,Orbicella franksi,TRUE,TRUE,TRUE,FALSE,5.825,5.825e-4,480,1.2135416666666668e-4,cm2
Plot E,all,Plot E,4,August,2025-08-04,interval_end,1-1__4,Orbicella franksi,TRUE,TRUE,TRUE,FALSE,5.385,5.385e-4,480,1.1218750000000001e-4,cm2
Plot E,all,Plot E,4,August,2025-08-04,interval_end,1-1__40,Orbicella franksi,TRUE,TRUE,TRUE,FALSE,5.2375,5.2375e-4,480,1.0911458333333334e-4,cm2
Plot E,all,Plot E,4,August,2025-08-04,interval_end,1-1__41,Orbicella franksi,TRUE,TRUE,TRUE,FALSE,5.435,5.434999999999999e-4,480,1.1322916666666666e-4,cm2
Plot E,all,Plot E,4,August,2025-08-04,interval_end,1-1__42,Orbicella franksi,TRUE,TRUE,TRUE,FALSE,6.49,0.00064900000000000005,480,1.3520833333333334e-4,cm2
Plot E,all,Plot E,4,August,2025-08-04,interval_end,1-1__43,Orbicella franksi,TRUE,TRUE,TRUE,FALSE,6.1875,6.1875e-4,480,1.2890625e-4,cm2
Plot E,all,Plot E,4,August,2025-08-04,interval_end,1-1__44,Orbicella franksi,TRUE,TRUE,TRUE,FALSE,4.4675,4.4675000000000004e-4,480,9.307291666666668e-5,cm2
Plot E,all,Plot E,4,August,2025-08-04,interval_end,1-1__45,Orbicella franksi,TRUE,TRUE,TRUE,FALSE,5.915,5.915e-4,480,1.2322916666666667e-4,cm2
Plot E,all,Plot E,4,August,2025-08-04,interval_end,1-1__46,Orbicella franksi,TRUE,TRUE,TRUE,FALSE,4.5025,4.5025e-4,480,9.380208333333334e-5,cm2
Plot E,all,Plot E,4,August,2025-08-04,interval_end,1-1__47,Orbicella annularis,TRUE,TRUE,TRUE,FALSE,5.5475,5.5475e-4,480,1.1557291666666667e-4,cm2
Plot E,all,Plot E,4,August,2025-08-04,interval_end,1-1__48,Orbicella annularis,TRUE,TRUE,TRUE,FALSE,2.22,2.2200000000000003e-4,480,4.6250000000000006e-5,cm2
Plot E,all,Plot E,4,August,2025-08-04,interval_end,1-1__49,Orbicella annularis,TRUE,TRUE,TRUE,FALSE,6.345,6.345e-4,480,1.3218749999999998e-4,cm2
Plot E,all,Plot E,4,August,2025-08-04,interval_end,1-1__5,Orbicella franksi,TRUE,TRUE,TRUE,FALSE,4.795,4.795e-4,480,9.989583333333333e-5,cm2
Plot E,all,Plot E,4,August,2025-08-04,interval_end,1-1__50,Orbicella annularis,TRUE,TRUE,TRUE,FALSE,5.3025,5.3025e-4,480,1.1046875000000001e-4,cm2
Plot E,all,Plot E,4,August,2025-08-04,interval_end,1-1__51,Orbicella annularis,TRUE,TRUE,TRUE,FALSE,6.9875,6.987499999999999e-4,480,1.4557291666666665e-4,cm2
Plot E,all,Plot E,4,August,2025-08-04,interval_end,1-1__52,Orbicella annularis,TRUE,TRUE,TRUE,FALSE,17.565,0.0017565000000000002,480,3.6593750000000005e-4,cm2
Plot E,all,Plot E,4,August,2025-08-04,interval_end,1-1__53,Orbicella annularis,TRUE,TRUE,TRUE,FALSE,6.5525,6.5525e-4,480,1.3651041666666667e-4,cm2
Plot E,all,Plot E,4,August,2025-08-04,interval_end,1-1__54,Orbicella annularis,TRUE,TRUE,TRUE,FALSE,5.9875,5.9875e-4,480,1.2473958333333334e-4,cm2
Plot E,all,Plot E,4,August,2025-08-04,interval_end,1-1__55,Orbicella faveolata,TRUE,TRUE,TRUE,FALSE,9.1725,9.1725e-4,480,1.9109375e-4,cm2
Plot E,all,Plot E,4,August,2025-08-04,interval_end,1-1__56,Orbicella faveolata,TRUE,TRUE,TRUE,FALSE,5.2875,5.287499999999999e-4,480,1.1015624999999998e-4,cm2
Plot E,all,Plot E,4,August,2025-08-04,interval_end,1-1__57,Orbicella faveolata,TRUE,TRUE,TRUE,FALSE,6.4775,6.4775e-4,480,1.3494791666666665e-4,cm2
Plot E,all,Plot E,4,August,2025-08-04,interval_end,1-1__58,Acropora palmata,TRUE,TRUE,TRUE,FALSE,20.9375,0.00209375,480,4.3619791666666666e-4,cm2
Plot E,all,Plot E,4,August,2025-08-04,interval_end,1-1__59,Acropora palmata,TRUE,TRUE,TRUE,FALSE,22.0525,0.0022052499999999997,480,4.594270833333333e-4,cm2
Plot E,all,Plot E,4,August,2025-08-04,interval_end,1-1__6,Orbicella franksi,TRUE,TRUE,TRUE,FALSE,3.69,3.6899999999999997e-4,480,7.687499999999998e-5,cm2
Plot E,all,Plot E,4,August,2025-08-04,interval_end,1-1__60,Acropora palmata,TRUE,TRUE,TRUE,FALSE,26.4,0.00264,480,5.5e-4,cm2
Plot E,all,Plot E,4,August,2025-08-04,interval_end,1-1__61,Acropora palmata,TRUE,TRUE,TRUE,FALSE,13.925,0.0013925,480,2.901041666666667e-4,cm2
Plot E,all,Plot E,4,August,2025-08-04,interval_end,1-1__62,Acropora palmata,TRUE,TRUE,TRUE,FALSE,15.55,0.0015550000000000002,480,3.239583333333334e-4,cm2
Plot E,all,Plot E,4,August,2025-08-04,interval_end,1-1__63,Orbicella sp.,FALSE,TRUE,NA,FALSE,4.255,4.255e-4,480,8.864583333333333e-5,cm2
Plot E,all,Plot E,4,August,2025-08-04,interval_end,1-1__64,Orbicella sp.,FALSE,TRUE,NA,FALSE,2.92,2.92e-4,480,6.083333333333333e-5,cm2
Plot E,all,Plot E,4,August,2025-08-04,NA,1-1__7,Acropora palmata,TRUE,FALSE,FALSE,FALSE,0,0,NA,NA,NA
Plot E,all,Plot E,4,August,2025-08-04,interval_end,1-1__8,Orbicella franksi,TRUE,TRUE,TRUE,FALSE,5.435,5.434999999999999e-4,480,1.1322916666666666e-4,cm2
Plot E,all,Plot E,4,August,2025-08-04,interval_end,1-1__9,Orbicella franksi,TRUE,TRUE,TRUE,FALSE,5.7575,5.7575e-4,480,1.1994791666666667e-4,cm2
Plot E,all,Plot E,5,September,2025-09-08,NA,1-0__10,Orbicella annularis,TRUE,FALSE,FALSE,TRUE,0,0,NA,NA,NA
Plot E,all,Plot E,5,September,2025-09-08,NA,1-0__1022,Orbicella annularis,TRUE,FALSE,FALSE,FALSE,0,0,NA,NA,NA
Plot E,all,Plot E,5,September,2025-09-08,NA,1-0__1023,Orbicella annularis,TRUE,FALSE,FALSE,FALSE,0,0,NA,NA,NA
Plot E,all,Plot E,5,September,2025-09-08,NA,1-0__1037,Orbicella faveolata,TRUE,FALSE,FALSE,TRUE,0,0,NA,NA,NA
Plot E,all,Plot E,5,September,2025-09-08,NA,1-0__1040,Orbicella faveolata,TRUE,FALSE,FALSE,TRUE,0,0,NA,NA,NA
Plot E,all,Plot E,5,September,2025-09-08,NA,1-0__1041,Orbicella faveolata,TRUE,FALSE,FALSE,TRUE,0,0,NA,NA,NA
Plot E,all,Plot E,5,September,2025-09-08,NA,1-0__1087,Orbicella faveolata,TRUE,FALSE,FALSE,TRUE,0,0,NA,NA,NA
Plot E,all,Plot E,5,September,2025-09-08,NA,1-0__1090,Orbicella faveolata,TRUE,FALSE,FALSE,TRUE,0,0,NA,NA,NA
Plot E,all,Plot E,5,September,2025-09-08,NA,1-0__1091,Orbicella faveolata,TRUE,FALSE,FALSE,TRUE,0,0,NA,NA,NA
Plot E,all,Plot E,5,September,2025-09-08,NA,1-0__1092,Orbicella faveolata,TRUE,FALSE,FALSE,TRUE,0,0,NA,NA,NA
Plot E,all,Plot E,5,September,2025-09-08,NA,1-0__1109,Acropora palmata,TRUE,FALSE,FALSE,FALSE,0,0,NA,NA,NA
Plot E,all,Plot E,5,September,2025-09-08,NA,1-0__1111,Acropora palmata,TRUE,FALSE,FALSE,FALSE,0,0,NA,NA,NA
Plot E,all,Plot E,5,September,2025-09-08,NA,1-0__1114,Acropora palmata,TRUE,FALSE,FALSE,FALSE,0,0,NA,NA,NA
Plot E,all,Plot E,5,September,2025-09-08,NA,1-0__1115,Acropora palmata,TRUE,FALSE,FALSE,FALSE,0,0,NA,NA,NA
Plot E,all,Plot E,5,September,2025-09-08,NA,1-0__1117,Acropora palmata,TRUE,FALSE,FALSE,FALSE,0,0,NA,NA,NA
Plot E,all,Plot E,5,September,2025-09-08,NA,1-0__1118,Orbicella faveolata,TRUE,FALSE,FALSE,TRUE,0,0,NA,NA,NA
Plot E,all,Plot E,5,September,2025-09-08,NA,1-0__1120,Acropora palmata,TRUE,FALSE,FALSE,FALSE,0,0,NA,NA,NA
Plot E,all,Plot E,5,September,2025-09-08,NA,1-0__1122,Orbicella faveolata,TRUE,FALSE,FALSE,TRUE,0,0,NA,NA,NA
Plot E,all,Plot E,5,September,2025-09-08,NA,1-0__1125,Acropora palmata,TRUE,FALSE,FALSE,FALSE,0,0,NA,NA,NA
Plot E,all,Plot E,5,September,2025-09-08,NA,1-0__1126,Orbicella faveolata,TRUE,FALSE,FALSE,TRUE,0,0,NA,NA,NA
Plot E,all,Plot E,5,September,2025-09-08,NA,1-0__1127,Acropora palmata,TRUE,FALSE,FALSE,FALSE,0,0,NA,NA,NA
Plot E,all,Plot E,5,September,2025-09-08,NA,1-0__1132,Acropora palmata,TRUE,FALSE,FALSE,FALSE,0,0,NA,NA,NA
Plot E,all,Plot E,5,September,2025-09-08,NA,1-0__1152,Orbicella faveolata,TRUE,FALSE,FALSE,TRUE,0,0,NA,NA,NA
Plot E,all,Plot E,5,September,2025-09-08,NA,1-0__1153,Orbicella faveolata,TRUE,FALSE,FALSE,TRUE,0,0,NA,NA,NA
Plot E,all,Plot E,5,September,2025-09-08,NA,1-0__1154,Orbicella faveolata,TRUE,FALSE,FALSE,TRUE,0,0,NA,NA,NA
Plot E,all,Plot E,5,September,2025-09-08,NA,1-0__1158,Orbicella faveolata,TRUE,FALSE,FALSE,TRUE,0,0,NA,NA,NA
Plot E,all,Plot E,5,September,2025-09-08,NA,1-0__1159,Orbicella faveolata,TRUE,FALSE,FALSE,TRUE,0,0,NA,NA,NA
Plot E,all,Plot E,5,September,2025-09-08,NA,1-0__1161,Orbicella faveolata,TRUE,FALSE,FALSE,TRUE,0,0,NA,NA,NA
Plot E,all,Plot E,5,September,2025-09-08,NA,1-0__1173,Orbicella annularis,TRUE,FALSE,FALSE,TRUE,0,0,NA,NA,NA
Plot E,all,Plot E,5,September,2025-09-08,NA,1-0__1174,Orbicella annularis,TRUE,FALSE,FALSE,TRUE,0,0,NA,NA,NA
Plot E,all,Plot E,5,September,2025-09-08,NA,1-0__1176,Orbicella annularis,TRUE,FALSE,FALSE,TRUE,0,0,NA,NA,NA
Plot E,all,Plot E,5,September,2025-09-08,NA,1-0__1177,Orbicella annularis,TRUE,FALSE,FALSE,TRUE,0,0,NA,NA,NA
Plot E,all,Plot E,5,September,2025-09-08,NA,1-0__1178,Orbicella annularis,TRUE,FALSE,FALSE,TRUE,0,0,NA,NA,NA
Plot E,all,Plot E,5,September,2025-09-08,NA,1-0__1179,Orbicella annularis,TRUE,FALSE,FALSE,TRUE,0,0,NA,NA,NA
Plot E,all,Plot E,5,September,2025-09-08,NA,1-0__1180,Orbicella annularis,TRUE,FALSE,FALSE,TRUE,0,0,NA,NA,NA
Plot E,all,Plot E,5,September,2025-09-08,NA,1-0__1209,Acropora cervicornis,TRUE,FALSE,FALSE,TRUE,0,0,NA,NA,NA
Plot E,all,Plot E,5,September,2025-09-08,NA,1-0__1210,Acropora cervicornis,TRUE,FALSE,FALSE,TRUE,0,0,NA,NA,NA
Plot E,all,Plot E,5,September,2025-09-08,NA,1-0__1211,Acropora cervicornis,TRUE,FALSE,FALSE,TRUE,0,0,NA,NA,NA
Plot E,all,Plot E,5,September,2025-09-08,NA,1-0__1212,Acropora cervicornis,TRUE,FALSE,FALSE,TRUE,0,0,NA,NA,NA
Plot E,all,Plot E,5,September,2025-09-08,NA,1-0__1213,Acropora cervicornis,TRUE,FALSE,FALSE,TRUE,0,0,NA,NA,NA
Plot E,all,Plot E,5,September,2025-09-08,NA,1-0__1214,Acropora cervicornis,TRUE,FALSE,FALSE,TRUE,0,0,NA,NA,NA
Plot E,all,Plot E,5,September,2025-09-08,NA,1-0__1217,Orbicella faveolata,TRUE,FALSE,FALSE,TRUE,0,0,NA,NA,NA
Plot E,all,Plot E,5,September,2025-09-08,NA,1-0__1223,Orbicella faveolata,TRUE,FALSE,FALSE,TRUE,0,0,NA,NA,NA
Plot E,all,Plot E,5,September,2025-09-08,NA,1-0__1224,Orbicella faveolata,TRUE,FALSE,FALSE,TRUE,0,0,NA,NA,NA
Plot E,all,Plot E,5,September,2025-09-08,NA,1-0__221,Orbicella annularis,TRUE,FALSE,FALSE,TRUE,0,0,NA,NA,NA
Plot E,all,Plot E,5,September,2025-09-08,NA,1-0__224,Orbicella annularis,TRUE,FALSE,FALSE,TRUE,0,0,NA,NA,NA
Plot E,all,Plot E,5,September,2025-09-08,NA,1-0__261,Orbicella annularis,TRUE,FALSE,FALSE,TRUE,0,0,NA,NA,NA
Plot E,all,Plot E,5,September,2025-09-08,NA,1-0__262,Orbicella annularis,TRUE,FALSE,FALSE,FALSE,0,0,NA,NA,NA
Plot E,all,Plot E,5,September,2025-09-08,NA,1-0__344,Orbicella annularis,TRUE,FALSE,FALSE,TRUE,0,0,NA,NA,NA
Plot E,all,Plot E,5,September,2025-09-08,NA,1-0__349,Orbicella annularis,TRUE,FALSE,FALSE,FALSE,0,0,NA,NA,NA
Plot E,all,Plot E,5,September,2025-09-08,NA,1-0__351,Orbicella annularis,TRUE,FALSE,FALSE,FALSE,0,0,NA,NA,NA
Plot E,all,Plot E,5,September,2025-09-08,NA,1-0__354,Orbicella annularis,TRUE,FALSE,FALSE,FALSE,0,0,NA,NA,NA
Plot E,all,Plot E,5,September,2025-09-08,NA,1-0__365,Orbicella annularis,TRUE,FALSE,FALSE,TRUE,0,0,NA,NA,NA
Plot E,all,Plot E,5,September,2025-09-08,NA,1-0__367,Orbicella annularis,TRUE,FALSE,FALSE,TRUE,0,0,NA,NA,NA
Plot E,all,Plot E,5,September,2025-09-08,NA,1-0__368,Orbicella annularis,TRUE,FALSE,FALSE,TRUE,0,0,NA,NA,NA
Plot E,all,Plot E,5,September,2025-09-08,NA,1-0__373,Orbicella annularis,TRUE,FALSE,FALSE,TRUE,0,0,NA,NA,NA
Plot E,all,Plot E,5,September,2025-09-08,NA,1-0__375,Orbicella annularis,TRUE,FALSE,FALSE,TRUE,0,0,NA,NA,NA
Plot E,all,Plot E,5,September,2025-09-08,NA,1-0__382,Orbicella annularis,TRUE,FALSE,FALSE,TRUE,0,0,NA,NA,NA
Plot E,all,Plot E,5,September,2025-09-08,NA,1-0__4,Orbicella annularis,TRUE,FALSE,FALSE,TRUE,0,0,NA,NA,NA
Plot E,all,Plot E,5,September,2025-09-08,NA,1-0__405,Orbicella franksi,TRUE,FALSE,FALSE,TRUE,0,0,NA,NA,NA
Plot E,all,Plot E,5,September,2025-09-08,NA,1-0__409,Orbicella franksi,TRUE,FALSE,FALSE,TRUE,0,0,NA,NA,NA
Plot E,all,Plot E,5,September,2025-09-08,NA,1-0__412,Orbicella franksi,TRUE,FALSE,FALSE,TRUE,0,0,NA,NA,NA
Plot E,all,Plot E,5,September,2025-09-08,NA,1-0__413,Orbicella franksi,TRUE,FALSE,FALSE,TRUE,0,0,NA,NA,NA
Plot E,all,Plot E,5,September,2025-09-08,NA,1-0__449,Orbicella annularis,TRUE,FALSE,FALSE,TRUE,0,0,NA,NA,NA
Plot E,all,Plot E,5,September,2025-09-08,NA,1-0__458,Orbicella annularis,TRUE,FALSE,FALSE,FALSE,0,0,NA,NA,NA
Plot E,all,Plot E,5,September,2025-09-08,NA,1-0__47,Orbicella annularis,TRUE,FALSE,FALSE,TRUE,0,0,NA,NA,NA
Plot E,all,Plot E,5,September,2025-09-08,NA,1-0__470,Orbicella franksi,TRUE,FALSE,FALSE,TRUE,0,0,NA,NA,NA
Plot E,all,Plot E,5,September,2025-09-08,NA,1-0__475,Orbicella franksi,TRUE,FALSE,FALSE,TRUE,0,0,NA,NA,NA
Plot E,all,Plot E,5,September,2025-09-08,NA,1-0__476,Orbicella franksi,TRUE,FALSE,FALSE,TRUE,0,0,NA,NA,NA
Plot E,all,Plot E,5,September,2025-09-08,NA,1-0__478,Orbicella franksi,TRUE,FALSE,FALSE,TRUE,0,0,NA,NA,NA
Plot E,all,Plot E,5,September,2025-09-08,NA,1-0__481,Orbicella franksi,TRUE,FALSE,FALSE,TRUE,0,0,NA,NA,NA
Plot E,all,Plot E,5,September,2025-09-08,NA,1-0__483,Orbicella franksi,TRUE,FALSE,FALSE,TRUE,0,0,NA,NA,NA
Plot E,all,Plot E,5,September,2025-09-08,NA,1-0__485,Orbicella franksi,TRUE,FALSE,FALSE,TRUE,0,0,NA,NA,NA
Plot E,all,Plot E,5,September,2025-09-08,NA,1-0__488,Orbicella franksi,TRUE,FALSE,FALSE,TRUE,0,0,NA,NA,NA
Plot E,all,Plot E,5,September,2025-09-08,NA,1-0__489,Orbicella franksi,TRUE,FALSE,FALSE,TRUE,0,0,NA,NA,NA
Plot E,all,Plot E,5,September,2025-09-08,NA,1-0__5,Orbicella annularis,TRUE,FALSE,FALSE,TRUE,0,0,NA,NA,NA
Plot E,all,Plot E,5,September,2025-09-08,NA,1-0__50,Orbicella annularis,TRUE,FALSE,FALSE,TRUE,0,0,NA,NA,NA
Plot E,all,Plot E,5,September,2025-09-08,NA,1-0__51,Orbicella annularis,TRUE,FALSE,FALSE,TRUE,0,0,NA,NA,NA
Plot E,all,Plot E,5,September,2025-09-08,NA,1-0__515,Orbicella annularis,TRUE,FALSE,FALSE,FALSE,0,0,NA,NA,NA
Plot E,all,Plot E,5,September,2025-09-08,NA,1-0__517,Orbicella annularis,TRUE,FALSE,FALSE,FALSE,0,0,NA,NA,NA
Plot E,all,Plot E,5,September,2025-09-08,NA,1-0__519,Orbicella annularis,TRUE,FALSE,FALSE,FALSE,0,0,NA,NA,NA
Plot E,all,Plot E,5,September,2025-09-08,NA,1-0__52,Orbicella annularis,TRUE,FALSE,FALSE,TRUE,0,0,NA,NA,NA
Plot E,all,Plot E,5,September,2025-09-08,NA,1-0__520,Orbicella annularis,TRUE,FALSE,FALSE,FALSE,0,0,NA,NA,NA
Plot E,all,Plot E,5,September,2025-09-08,NA,1-0__523,Orbicella annularis,TRUE,FALSE,FALSE,FALSE,0,0,NA,NA,NA
Plot E,all,Plot E,5,September,2025-09-08,NA,1-0__524,Orbicella annularis,TRUE,FALSE,FALSE,FALSE,0,0,NA,NA,NA
Plot E,all,Plot E,5,September,2025-09-08,NA,1-0__53,Orbicella annularis,TRUE,FALSE,FALSE,TRUE,0,0,NA,NA,NA
Plot E,all,Plot E,5,September,2025-09-08,NA,1-0__531,Orbicella annularis,TRUE,FALSE,FALSE,TRUE,0,0,NA,NA,NA
Plot E,all,Plot E,5,September,2025-09-08,NA,1-0__532,Orbicella annularis,TRUE,FALSE,FALSE,TRUE,0,0,NA,NA,NA
Plot E,all,Plot E,5,September,2025-09-08,NA,1-0__533,Orbicella annularis,TRUE,FALSE,FALSE,TRUE,0,0,NA,NA,NA
Plot E,all,Plot E,5,September,2025-09-08,NA,1-0__535,Orbicella annularis,TRUE,FALSE,FALSE,TRUE,0,0,NA,NA,NA
Plot E,all,Plot E,5,September,2025-09-08,NA,1-0__54,Orbicella annularis,TRUE,FALSE,FALSE,TRUE,0,0,NA,NA,NA
Plot E,all,Plot E,5,September,2025-09-08,NA,1-0__540,Orbicella annularis,TRUE,FALSE,FALSE,TRUE,0,0,NA,NA,NA
Plot E,all,Plot E,5,September,2025-09-08,NA,1-0__55,Orbicella annularis,TRUE,FALSE,FALSE,TRUE,0,0,NA,NA,NA
Plot E,all,Plot E,5,September,2025-09-08,NA,1-0__56,Orbicella annularis,TRUE,FALSE,FALSE,TRUE,0,0,NA,NA,NA
Plot E,all,Plot E,5,September,2025-09-08,NA,1-0__561,Orbicella annularis,TRUE,FALSE,FALSE,TRUE,0,0,NA,NA,NA
Plot E,all,Plot E,5,September,2025-09-08,NA,1-0__562,Orbicella annularis,TRUE,FALSE,FALSE,TRUE,0,0,NA,NA,NA
Plot E,all,Plot E,5,September,2025-09-08,NA,1-0__563,Orbicella annularis,TRUE,FALSE,FALSE,FALSE,0,0,NA,NA,NA
Plot E,all,Plot E,5,September,2025-09-08,NA,1-0__564,Orbicella annularis,TRUE,FALSE,FALSE,TRUE,0,0,NA,NA,NA
Plot E,all,Plot E,5,September,2025-09-08,NA,1-0__565,Orbicella annularis,TRUE,FALSE,FALSE,TRUE,0,0,NA,NA,NA
Plot E,all,Plot E,5,September,2025-09-08,NA,1-0__566,Orbicella annularis,TRUE,FALSE,FALSE,TRUE,0,0,NA,NA,NA
Plot E,all,Plot E,5,September,2025-09-08,NA,1-0__567,Orbicella annularis,TRUE,FALSE,FALSE,TRUE,0,0,NA,NA,NA
Plot E,all,Plot E,5,September,2025-09-08,NA,1-0__568,Orbicella annularis,TRUE,FALSE,FALSE,TRUE,0,0,NA,NA,NA
Plot E,all,Plot E,5,September,2025-09-08,NA,1-0__57,Orbicella annularis,TRUE,FALSE,FALSE,TRUE,0,0,NA,NA,NA
Plot E,all,Plot E,5,September,2025-09-08,NA,1-0__570,Orbicella annularis,TRUE,FALSE,FALSE,TRUE,0,0,NA,NA,NA
Plot E,all,Plot E,5,September,2025-09-08,NA,1-0__571,Orbicella annularis,TRUE,FALSE,FALSE,TRUE,0,0,NA,NA,NA
Plot E,all,Plot E,5,September,2025-09-08,NA,1-0__573,Orbicella annularis,TRUE,FALSE,FALSE,TRUE,0,0,NA,NA,NA
Plot E,all,Plot E,5,September,2025-09-08,NA,1-0__575,Orbicella annularis,TRUE,FALSE,FALSE,TRUE,0,0,NA,NA,NA
Plot E,all,Plot E,5,September,2025-09-08,NA,1-0__577,Orbicella annularis,TRUE,FALSE,FALSE,TRUE,0,0,NA,NA,NA
Plot E,all,Plot E,5,September,2025-09-08,NA,1-0__579,Orbicella annularis,TRUE,FALSE,FALSE,TRUE,0,0,NA,NA,NA
Plot E,all,Plot E,5,September,2025-09-08,NA,1-0__580,Orbicella annularis,TRUE,FALSE,FALSE,TRUE,0,0,NA,NA,NA
Plot E,all,Plot E,5,September,2025-09-08,NA,1-0__582,Orbicella annularis,TRUE,FALSE,FALSE,TRUE,0,0,NA,NA,NA
Plot E,all,Plot E,5,September,2025-09-08,NA,1-0__583,Orbicella annularis,TRUE,FALSE,FALSE,TRUE,0,0,NA,NA,NA
Plot E,all,Plot E,5,September,2025-09-08,NA,1-0__584,Orbicella annularis,TRUE,FALSE,FALSE,TRUE,0,0,NA,NA,NA
Plot E,all,Plot E,5,September,2025-09-08,NA,1-0__585,Orbicella annularis,TRUE,FALSE,FALSE,TRUE,0,0,NA,NA,NA
Plot E,all,Plot E,5,September,2025-09-08,NA,1-0__586,Orbicella annularis,TRUE,FALSE,FALSE,TRUE,0,0,NA,NA,NA
Plot E,all,Plot E,5,September,2025-09-08,NA,1-0__589,Orbicella franksi,TRUE,FALSE,FALSE,TRUE,0,0,NA,NA,NA
Plot E,all,Plot E,5,September,2025-09-08,NA,1-0__590,Orbicella annularis,TRUE,FALSE,FALSE,TRUE,0,0,NA,NA,NA
Plot E,all,Plot E,5,September,2025-09-08,NA,1-0__591,Orbicella franksi,TRUE,FALSE,FALSE,TRUE,0,0,NA,NA,NA
Plot E,all,Plot E,5,September,2025-09-08,NA,1-0__593,Orbicella franksi,TRUE,FALSE,FALSE,TRUE,0,0,NA,NA,NA
Plot E,all,Plot E,5,September,2025-09-08,NA,1-0__595,Orbicella franksi,TRUE,FALSE,FALSE,TRUE,0,0,NA,NA,NA
Plot E,all,Plot E,5,September,2025-09-08,NA,1-0__596,Orbicella franksi,TRUE,FALSE,FALSE,TRUE,0,0,NA,NA,NA
Plot E,all,Plot E,5,September,2025-09-08,NA,1-0__598,Orbicella franksi,TRUE,FALSE,FALSE,TRUE,0,0,NA,NA,NA
Plot E,all,Plot E,5,September,2025-09-08,NA,1-0__6,Orbicella annularis,TRUE,FALSE,FALSE,TRUE,0,0,NA,NA,NA
Plot E,all,Plot E,5,September,2025-09-08,NA,1-0__614,Orbicella annularis,TRUE,FALSE,FALSE,TRUE,0,0,NA,NA,NA
Plot E,all,Plot E,5,September,2025-09-08,NA,1-0__617,Orbicella annularis,TRUE,FALSE,FALSE,TRUE,0,0,NA,NA,NA
Plot E,all,Plot E,5,September,2025-09-08,NA,1-0__674,Acropora palmata,TRUE,FALSE,FALSE,TRUE,0,0,NA,NA,NA
Plot E,all,Plot E,5,September,2025-09-08,NA,1-0__676,Acropora palmata,TRUE,FALSE,FALSE,TRUE,0,0,NA,NA,NA
Plot E,all,Plot E,5,September,2025-09-08,NA,1-0__677,Acropora palmata,TRUE,FALSE,FALSE,TRUE,0,0,NA,NA,NA
Plot E,all,Plot E,5,September,2025-09-08,NA,1-0__680,Acropora palmata,TRUE,FALSE,FALSE,TRUE,0,0,NA,NA,NA
Plot E,all,Plot E,5,September,2025-09-08,NA,1-0__683,Acropora palmata,TRUE,FALSE,FALSE,TRUE,0,0,NA,NA,NA
Plot E,all,Plot E,5,September,2025-09-08,NA,1-0__685,Orbicella franksi,TRUE,FALSE,FALSE,TRUE,0,0,NA,NA,NA
Plot E,all,Plot E,5,September,2025-09-08,NA,1-0__686,Orbicella franksi,TRUE,FALSE,FALSE,TRUE,0,0,NA,NA,NA
Plot E,all,Plot E,5,September,2025-09-08,NA,1-0__687,Orbicella franksi,TRUE,FALSE,FALSE,TRUE,0,0,NA,NA,NA
Plot E,all,Plot E,5,September,2025-09-08,NA,1-0__688,Orbicella franksi,TRUE,FALSE,FALSE,TRUE,0,0,NA,NA,NA
Plot E,all,Plot E,5,September,2025-09-08,NA,1-0__689,Orbicella franksi,TRUE,FALSE,FALSE,TRUE,0,0,NA,NA,NA
Plot E,all,Plot E,5,September,2025-09-08,NA,1-0__691,Orbicella franksi,TRUE,FALSE,FALSE,TRUE,0,0,NA,NA,NA
Plot E,all,Plot E,5,September,2025-09-08,NA,1-0__692,Orbicella franksi,TRUE,FALSE,FALSE,TRUE,0,0,NA,NA,NA
Plot E,all,Plot E,5,September,2025-09-08,NA,1-0__693,Orbicella franksi,TRUE,FALSE,FALSE,TRUE,0,0,NA,NA,NA
Plot E,all,Plot E,5,September,2025-09-08,NA,1-0__694,Orbicella franksi,TRUE,FALSE,FALSE,TRUE,0,0,NA,NA,NA
Plot E,all,Plot E,5,September,2025-09-08,NA,1-0__697,Orbicella franksi,TRUE,FALSE,FALSE,TRUE,0,0,NA,NA,NA
Plot E,all,Plot E,5,September,2025-09-08,NA,1-0__698,Orbicella franksi,TRUE,FALSE,FALSE,TRUE,0,0,NA,NA,NA
Plot E,all,Plot E,5,September,2025-09-08,NA,1-0__699,Orbicella franksi,TRUE,FALSE,FALSE,TRUE,0,0,NA,NA,NA
Plot E,all,Plot E,5,September,2025-09-08,NA,1-0__7,Orbicella annularis,TRUE,FALSE,FALSE,TRUE,0,0,NA,NA,NA
Plot E,all,Plot E,5,September,2025-09-08,NA,1-0__700,Orbicella franksi,TRUE,FALSE,FALSE,TRUE,0,0,NA,NA,NA
Plot E,all,Plot E,5,September,2025-09-08,NA,1-0__727,Acropora palmata,TRUE,FALSE,FALSE,FALSE,0,0,NA,NA,NA
Plot E,all,Plot E,5,September,2025-09-08,NA,1-0__730,Acropora palmata,TRUE,FALSE,FALSE,TRUE,0,0,NA,NA,NA
Plot E,all,Plot E,5,September,2025-09-08,NA,1-0__732,Acropora palmata,TRUE,FALSE,FALSE,FALSE,0,0,NA,NA,NA
Plot E,all,Plot E,5,September,2025-09-08,NA,1-0__733,Acropora palmata,TRUE,FALSE,FALSE,FALSE,0,0,NA,NA,NA
Plot E,all,Plot E,5,September,2025-09-08,NA,1-0__737,Acropora palmata,TRUE,FALSE,FALSE,FALSE,0,0,NA,NA,NA
Plot E,all,Plot E,5,September,2025-09-08,NA,1-0__738,Acropora palmata,TRUE,FALSE,FALSE,TRUE,0,0,NA,NA,NA
Plot E,all,Plot E,5,September,2025-09-08,NA,1-0__740,Acropora palmata,TRUE,FALSE,FALSE,FALSE,0,0,NA,NA,NA
Plot E,all,Plot E,5,September,2025-09-08,NA,1-0__742,Acropora palmata,TRUE,FALSE,FALSE,FALSE,0,0,NA,NA,NA
Plot E,all,Plot E,5,September,2025-09-08,NA,1-0__745,Orbicella faveolata,TRUE,FALSE,FALSE,TRUE,0,0,NA,NA,NA
Plot E,all,Plot E,5,September,2025-09-08,NA,1-0__746,Orbicella faveolata,TRUE,FALSE,FALSE,TRUE,0,0,NA,NA,NA
Plot E,all,Plot E,5,September,2025-09-08,NA,1-0__748,Orbicella faveolata,TRUE,FALSE,FALSE,TRUE,0,0,NA,NA,NA
Plot E,all,Plot E,5,September,2025-09-08,NA,1-0__749,Acropora palmata,TRUE,FALSE,FALSE,FALSE,0,0,NA,NA,NA
Plot E,all,Plot E,5,September,2025-09-08,NA,1-0__753,Acropora palmata,TRUE,FALSE,FALSE,TRUE,0,0,NA,NA,NA
Plot E,all,Plot E,5,September,2025-09-08,NA,1-0__754,Acropora palmata,TRUE,FALSE,FALSE,FALSE,0,0,NA,NA,NA
Plot E,all,Plot E,5,September,2025-09-08,NA,1-0__755,Orbicella faveolata,TRUE,FALSE,FALSE,TRUE,0,0,NA,NA,NA
Plot E,all,Plot E,5,September,2025-09-08,NA,1-0__757,Orbicella faveolata,TRUE,FALSE,FALSE,TRUE,0,0,NA,NA,NA
Plot E,all,Plot E,5,September,2025-09-08,NA,1-0__759,Acropora palmata,TRUE,FALSE,FALSE,FALSE,0,0,NA,NA,NA
Plot E,all,Plot E,5,September,2025-09-08,NA,1-0__760,Acropora palmata,TRUE,FALSE,FALSE,FALSE,0,0,NA,NA,NA
Plot E,all,Plot E,5,September,2025-09-08,NA,1-0__762,Orbicella faveolata,TRUE,FALSE,FALSE,TRUE,0,0,NA,NA,NA
Plot E,all,Plot E,5,September,2025-09-08,NA,1-0__764,Acropora palmata,TRUE,FALSE,FALSE,FALSE,0,0,NA,NA,NA
Plot E,all,Plot E,5,September,2025-09-08,NA,1-0__765,Orbicella faveolata,TRUE,FALSE,FALSE,TRUE,0,0,NA,NA,NA
Plot E,all,Plot E,5,September,2025-09-08,NA,1-0__767,Acropora palmata,TRUE,FALSE,FALSE,FALSE,0,0,NA,NA,NA
Plot E,all,Plot E,5,September,2025-09-08,NA,1-0__784,Acropora palmata,TRUE,FALSE,FALSE,FALSE,0,0,NA,NA,NA
Plot E,all,Plot E,5,September,2025-09-08,NA,1-0__792,Acropora palmata,TRUE,FALSE,FALSE,FALSE,0,0,NA,NA,NA
Plot E,all,Plot E,5,September,2025-09-08,NA,1-0__793,Acropora palmata,TRUE,FALSE,FALSE,FALSE,0,0,NA,NA,NA
Plot E,all,Plot E,5,September,2025-09-08,NA,1-0__796,Acropora palmata,TRUE,FALSE,FALSE,FALSE,0,0,NA,NA,NA
Plot E,all,Plot E,5,September,2025-09-08,NA,1-0__798,Acropora palmata,TRUE,FALSE,FALSE,FALSE,0,0,NA,NA,NA
Plot E,all,Plot E,5,September,2025-09-08,NA,1-0__8,Orbicella annularis,TRUE,FALSE,FALSE,TRUE,0,0,NA,NA,NA
Plot E,all,Plot E,5,September,2025-09-08,NA,1-0__801,Acropora palmata,TRUE,FALSE,FALSE,FALSE,0,0,NA,NA,NA
Plot E,all,Plot E,5,September,2025-09-08,NA,1-0__802,Acropora palmata,TRUE,FALSE,FALSE,FALSE,0,0,NA,NA,NA
Plot E,all,Plot E,5,September,2025-09-08,NA,1-0__804,Acropora palmata,TRUE,FALSE,FALSE,FALSE,0,0,NA,NA,NA
Plot E,all,Plot E,5,September,2025-09-08,NA,1-0__805,Acropora palmata,TRUE,FALSE,FALSE,TRUE,0,0,NA,NA,NA
Plot E,all,Plot E,5,September,2025-09-08,NA,1-0__806,Acropora palmata,TRUE,FALSE,FALSE,FALSE,0,0,NA,NA,NA
Plot E,all,Plot E,5,September,2025-09-08,NA,1-0__808,Acropora palmata,TRUE,FALSE,FALSE,FALSE,0,0,NA,NA,NA
Plot E,all,Plot E,5,September,2025-09-08,NA,1-0__810,Acropora palmata,TRUE,FALSE,FALSE,FALSE,0,0,NA,NA,NA
Plot E,all,Plot E,5,September,2025-09-08,NA,1-0__811,Acropora palmata,TRUE,FALSE,FALSE,TRUE,0,0,NA,NA,NA
Plot E,all,Plot E,5,September,2025-09-08,NA,1-0__814,Acropora palmata,TRUE,FALSE,FALSE,FALSE,0,0,NA,NA,NA
Plot E,all,Plot E,5,September,2025-09-08,NA,1-0__828,Orbicella franksi,TRUE,FALSE,FALSE,TRUE,0,0,NA,NA,NA
Plot E,all,Plot E,5,September,2025-09-08,NA,1-0__829,Orbicella franksi,TRUE,FALSE,FALSE,TRUE,0,0,NA,NA,NA
Plot E,all,Plot E,5,September,2025-09-08,NA,1-0__831,Orbicella franksi,TRUE,FALSE,FALSE,TRUE,0,0,NA,NA,NA
Plot E,all,Plot E,5,September,2025-09-08,NA,1-0__833,Orbicella franksi,TRUE,FALSE,FALSE,TRUE,0,0,NA,NA,NA
Plot E,all,Plot E,5,September,2025-09-08,NA,1-0__835,Orbicella franksi,TRUE,FALSE,FALSE,TRUE,0,0,NA,NA,NA
Plot E,all,Plot E,5,September,2025-09-08,NA,1-0__836,Orbicella franksi,TRUE,FALSE,FALSE,TRUE,0,0,NA,NA,NA
Plot E,all,Plot E,5,September,2025-09-08,NA,1-0__841,Orbicella annularis,TRUE,FALSE,FALSE,TRUE,0,0,NA,NA,NA
Plot E,all,Plot E,5,September,2025-09-08,NA,1-0__846,Orbicella annularis,TRUE,FALSE,FALSE,TRUE,0,0,NA,NA,NA
Plot E,all,Plot E,5,September,2025-09-08,NA,1-0__85,Orbicella annularis,TRUE,FALSE,FALSE,TRUE,0,0,NA,NA,NA
Plot E,all,Plot E,5,September,2025-09-08,NA,1-0__850,Orbicella annularis,TRUE,FALSE,FALSE,FALSE,0,0,NA,NA,NA
Plot E,all,Plot E,5,September,2025-09-08,NA,1-0__851,Orbicella annularis,TRUE,FALSE,FALSE,TRUE,0,0,NA,NA,NA
Plot E,all,Plot E,5,September,2025-09-08,NA,1-0__852,Orbicella annularis,TRUE,FALSE,FALSE,TRUE,0,0,NA,NA,NA
Plot E,all,Plot E,5,September,2025-09-08,NA,1-0__868,Orbicella annularis,TRUE,FALSE,FALSE,TRUE,0,0,NA,NA,NA
Plot E,all,Plot E,5,September,2025-09-08,NA,1-0__9,Orbicella annularis,TRUE,FALSE,FALSE,TRUE,0,0,NA,NA,NA
Plot E,all,Plot E,5,September,2025-09-08,NA,1-0__90,Orbicella annularis,TRUE,FALSE,FALSE,TRUE,0,0,NA,NA,NA
Plot E,all,Plot E,5,September,2025-09-08,NA,1-0__928,Orbicella franksi,TRUE,FALSE,FALSE,TRUE,0,0,NA,NA,NA
Plot E,all,Plot E,5,September,2025-09-08,NA,1-0__930,Orbicella franksi,TRUE,FALSE,FALSE,TRUE,0,0,NA,NA,NA
Plot E,all,Plot E,5,September,2025-09-08,NA,1-0__932,Orbicella franksi,TRUE,FALSE,FALSE,TRUE,0,0,NA,NA,NA
Plot E,all,Plot E,5,September,2025-09-08,NA,1-0__933,Orbicella franksi,TRUE,FALSE,FALSE,TRUE,0,0,NA,NA,NA
Plot E,all,Plot E,5,September,2025-09-08,NA,1-0__939,Orbicella franksi,TRUE,FALSE,FALSE,TRUE,0,0,NA,NA,NA
Plot E,all,Plot E,5,September,2025-09-08,NA,1-0__942,Orbicella franksi,TRUE,FALSE,FALSE,TRUE,0,0,NA,NA,NA
Plot E,all,Plot E,5,September,2025-09-08,NA,1-0__969,Acropora cervicornis,TRUE,FALSE,FALSE,TRUE,0,0,NA,NA,NA
Plot E,all,Plot E,5,September,2025-09-08,NA,1-0__971,Acropora cervicornis,TRUE,FALSE,FALSE,TRUE,0,0,NA,NA,NA
Plot E,all,Plot E,5,September,2025-09-08,NA,1-0__977,Acropora cervicornis,TRUE,FALSE,FALSE,TRUE,0,0,NA,NA,NA
Plot E,all,Plot E,5,September,2025-09-08,NA,1-0__979,Acropora cervicornis,TRUE,FALSE,FALSE,TRUE,0,0,NA,NA,NA
Plot E,all,Plot E,5,September,2025-09-08,NA,1-0__980,Acropora cervicornis,TRUE,FALSE,FALSE,TRUE,0,0,NA,NA,NA
Plot E,all,Plot E,5,September,2025-09-08,NA,1-0__982,Acropora cervicornis,TRUE,FALSE,FALSE,FALSE,0,0,NA,NA,NA
Plot E,all,Plot E,5,September,2025-09-08,NA,1-0__985,Acropora cervicornis,TRUE,FALSE,FALSE,FALSE,0,0,NA,NA,NA
Plot E,all,Plot E,5,September,2025-09-08,NA,1-0__986,Acropora cervicornis,TRUE,FALSE,FALSE,TRUE,0,0,NA,NA,NA
Plot E,all,Plot E,5,September,2025-09-08,NA,1-1__0,Orbicella annularis,TRUE,FALSE,FALSE,FALSE,0,0,NA,NA,NA
Plot E,all,Plot E,5,September,2025-09-08,NA,1-1__10,Acropora palmata,TRUE,FALSE,FALSE,FALSE,0,0,NA,NA,NA
Plot E,all,Plot E,5,September,2025-09-08,interval_end,1-1__11,Orbicella franksi,TRUE,TRUE,TRUE,FALSE,4.375,4.375e-4,480,9.114583333333334e-5,cm2
Plot E,all,Plot E,5,September,2025-09-08,NA,1-1__12,Acropora palmata,TRUE,FALSE,FALSE,FALSE,0,0,NA,NA,NA
Plot E,all,Plot E,5,September,2025-09-08,interval_end,1-1__13,Orbicella franksi,TRUE,TRUE,TRUE,FALSE,3.44,3.44e-4,480,7.166666666666667e-5,cm2
Plot E,all,Plot E,5,September,2025-09-08,interval_end,1-1__14,Orbicella franksi,TRUE,TRUE,TRUE,FALSE,4.4375,4.4375e-4,480,9.244791666666668e-5,cm2
Plot E,all,Plot E,5,September,2025-09-08,NA,1-1__15,Acropora palmata,TRUE,FALSE,FALSE,FALSE,0,0,NA,NA,NA
Plot E,all,Plot E,5,September,2025-09-08,interval_end,1-1__16,Orbicella annularis,TRUE,TRUE,TRUE,FALSE,8.9725,8.9725e-4,480,1.8692708333333332e-4,cm2
Plot E,all,Plot E,5,September,2025-09-08,NA,1-1__17,Acropora palmata,TRUE,FALSE,FALSE,FALSE,0,0,NA,NA,NA
Plot E,all,Plot E,5,September,2025-09-08,interval_end,1-1__18,Orbicella annularis,TRUE,TRUE,TRUE,FALSE,3.5775,3.5775e-4,480,7.453125e-5,cm2
Plot E,all,Plot E,5,September,2025-09-08,interval_end,1-1__19,Orbicella annularis,TRUE,TRUE,TRUE,FALSE,9.555,9.555000000000001e-4,480,1.9906250000000002e-4,cm2
Plot E,all,Plot E,5,September,2025-09-08,interval_end,1-1__2,Orbicella franksi,TRUE,TRUE,TRUE,FALSE,5.26,5.26e-4,480,1.0958333333333333e-4,cm2
Plot E,all,Plot E,5,September,2025-09-08,interval_end,1-1__20,Orbicella annularis,TRUE,TRUE,TRUE,FALSE,5.6525,5.6525e-4,480,1.1776041666666666e-4,cm2
Plot E,all,Plot E,5,September,2025-09-08,interval_end,1-1__21,Orbicella annularis,TRUE,TRUE,TRUE,FALSE,33.28,0.003328,480,6.933333333333333e-4,cm2
Plot E,all,Plot E,5,September,2025-09-08,interval_end,1-1__22,Orbicella annularis,TRUE,TRUE,TRUE,FALSE,3.9625,3.9625e-4,480,8.255208333333334e-5,cm2
Plot E,all,Plot E,5,September,2025-09-08,NA,1-1__23,Acropora palmata,TRUE,FALSE,FALSE,FALSE,0,0,NA,NA,NA
Plot E,all,Plot E,5,September,2025-09-08,interval_end,1-1__24,Orbicella annularis,TRUE,TRUE,TRUE,FALSE,0.6125,6.125e-5,480,1.2760416666666667e-5,cm2
Plot E,all,Plot E,5,September,2025-09-08,interval_end,1-1__25,Orbicella annularis,TRUE,TRUE,TRUE,FALSE,10.495,0.0010494999999999999,480,2.186458333333333e-4,cm2
Plot E,all,Plot E,5,September,2025-09-08,interval_end,1-1__26,Orbicella annularis,TRUE,TRUE,TRUE,FALSE,2.7175,2.7174999999999996e-4,480,5.661458333333333e-5,cm2
Plot E,all,Plot E,5,September,2025-09-08,interval_end,1-1__27,Orbicella annularis,TRUE,TRUE,TRUE,FALSE,4.5225,4.5225e-4,480,9.421875e-5,cm2
Plot E,all,Plot E,5,September,2025-09-08,interval_end,1-1__28,Orbicella annularis,TRUE,TRUE,TRUE,FALSE,9.315,9.314999999999999e-4,480,1.9406249999999998e-4,cm2
Plot E,all,Plot E,5,September,2025-09-08,interval_end,1-1__29,Orbicella annularis,TRUE,TRUE,TRUE,FALSE,1.2625,1.2625e-4,480,2.6302083333333333e-5,cm2
Plot E,all,Plot E,5,September,2025-09-08,interval_end,1-1__3,Orbicella franksi,TRUE,TRUE,TRUE,FALSE,4.6625,4.6625e-4,480,9.713541666666666e-5,cm2
Plot E,all,Plot E,5,September,2025-09-08,NA,1-1__30,Orbicella annularis,TRUE,FALSE,FALSE,FALSE,0,0,NA,NA,NA
Plot E,all,Plot E,5,September,2025-09-08,interval_end,1-1__31,Orbicella annularis,TRUE,TRUE,TRUE,FALSE,11.1625,0.00111625,480,2.3255208333333334e-4,cm2
Plot E,all,Plot E,5,September,2025-09-08,interval_end,1-1__32,Acropora palmata,TRUE,TRUE,TRUE,FALSE,304.465,0.030446499999999998,480,0.006343020833333333,cm2
Plot E,all,Plot E,5,September,2025-09-08,interval_end,1-1__33,Orbicella annularis,TRUE,TRUE,TRUE,FALSE,3.6275,3.6275e-4,480,7.557291666666667e-5,cm2
Plot E,all,Plot E,5,September,2025-09-08,interval_end,1-1__34,Orbicella annularis,TRUE,TRUE,TRUE,FALSE,4.4875,4.4875e-4,480,9.348958333333332e-5,cm2
Plot E,all,Plot E,5,September,2025-09-08,interval_end,1-1__35,Orbicella annularis,TRUE,TRUE,TRUE,FALSE,0.645,6.45e-5,480,1.3437499999999998e-5,cm2
Plot E,all,Plot E,5,September,2025-09-08,interval_end,1-1__36,Orbicella annularis,TRUE,TRUE,TRUE,FALSE,1.9775,1.9775e-4,480,4.119791666666667e-5,cm2
Plot E,all,Plot E,5,September,2025-09-08,interval_end,1-1__38,Orbicella franksi,TRUE,TRUE,TRUE,FALSE,4.39,4.39e-4,480,9.145833333333334e-5,cm2
Plot E,all,Plot E,5,September,2025-09-08,interval_end,1-1__39,Orbicella franksi,TRUE,TRUE,TRUE,FALSE,6.0425,6.042500000000001e-4,480,1.2588541666666667e-4,cm2
Plot E,all,Plot E,5,September,2025-09-08,interval_end,1-1__4,Orbicella franksi,TRUE,TRUE,TRUE,FALSE,5.3725,5.3725e-4,480,1.1192708333333332e-4,cm2
Plot E,all,Plot E,5,September,2025-09-08,interval_end,1-1__40,Orbicella franksi,TRUE,TRUE,TRUE,FALSE,5.7525,5.7525e-4,480,1.1984375e-4,cm2
Plot E,all,Plot E,5,September,2025-09-08,interval_end,1-1__41,Orbicella franksi,TRUE,TRUE,TRUE,FALSE,6.105,6.105e-4,480,1.2718750000000002e-4,cm2
Plot E,all,Plot E,5,September,2025-09-08,interval_end,1-1__42,Orbicella franksi,TRUE,TRUE,TRUE,FALSE,6.6775,6.6775e-4,480,1.3911458333333335e-4,cm2
Plot E,all,Plot E,5,September,2025-09-08,interval_end,1-1__43,Orbicella franksi,TRUE,TRUE,TRUE,FALSE,5.65,5.650000000000001e-4,480,1.1770833333333335e-4,cm2
Plot E,all,Plot E,5,September,2025-09-08,interval_end,1-1__44,Orbicella franksi,TRUE,TRUE,TRUE,FALSE,5.0525,5.052500000000001e-4,480,1.0526041666666668e-4,cm2
Plot E,all,Plot E,5,September,2025-09-08,interval_end,1-1__45,Orbicella franksi,TRUE,TRUE,TRUE,FALSE,6.565,6.565000000000001e-4,480,1.3677083333333336e-4,cm2
Plot E,all,Plot E,5,September,2025-09-08,interval_end,1-1__46,Orbicella franksi,TRUE,TRUE,TRUE,FALSE,5.2675,5.2675e-4,480,1.0973958333333334e-4,cm2
Plot E,all,Plot E,5,September,2025-09-08,interval_end,1-1__47,Orbicella annularis,TRUE,TRUE,TRUE,FALSE,6.1125,6.1125e-4,480,1.2734375000000002e-4,cm2
Plot E,all,Plot E,5,September,2025-09-08,interval_end,1-1__48,Orbicella annularis,TRUE,TRUE,TRUE,FALSE,2.1775,2.1775000000000003e-4,480,4.536458333333334e-5,cm2
Plot E,all,Plot E,5,September,2025-09-08,interval_end,1-1__49,Orbicella annularis,TRUE,TRUE,TRUE,FALSE,6.13,6.129999999999999e-4,480,1.2770833333333332e-4,cm2
Plot E,all,Plot E,5,September,2025-09-08,interval_end,1-1__5,Orbicella franksi,TRUE,TRUE,TRUE,FALSE,4.575,4.575e-4,480,9.531249999999999e-5,cm2
Plot E,all,Plot E,5,September,2025-09-08,interval_end,1-1__50,Orbicella annularis,TRUE,TRUE,TRUE,FALSE,4.335,4.335e-4,480,9.031249999999999e-5,cm2
Plot E,all,Plot E,5,September,2025-09-08,interval_end,1-1__51,Orbicella annularis,TRUE,TRUE,TRUE,FALSE,7.0425,7.0425e-4,480,1.4671875e-4,cm2
Plot E,all,Plot E,5,September,2025-09-08,interval_end,1-1__52,Orbicella annularis,TRUE,TRUE,TRUE,FALSE,19.705000000000002,0.0019705,480,4.105208333333333e-4,cm2
Plot E,all,Plot E,5,September,2025-09-08,interval_end,1-1__53,Orbicella annularis,TRUE,TRUE,TRUE,FALSE,7.725,7.725e-4,480,1.609375e-4,cm2
Plot E,all,Plot E,5,September,2025-09-08,interval_end,1-1__54,Orbicella annularis,TRUE,TRUE,TRUE,FALSE,7.3075,7.307500000000001e-4,480,1.5223958333333333e-4,cm2
Plot E,all,Plot E,5,September,2025-09-08,interval_end,1-1__55,Orbicella faveolata,TRUE,TRUE,TRUE,FALSE,9.9625,9.9625e-4,480,2.0755208333333332e-4,cm2
Plot E,all,Plot E,5,September,2025-09-08,interval_end,1-1__56,Orbicella faveolata,TRUE,TRUE,TRUE,FALSE,5.9225,5.9225e-4,480,1.2338541666666666e-4,cm2
Plot E,all,Plot E,5,September,2025-09-08,interval_end,1-1__57,Orbicella faveolata,TRUE,TRUE,TRUE,FALSE,7.2125,7.2125e-4,480,1.5026041666666665e-4,cm2
Plot E,all,Plot E,5,September,2025-09-08,interval_end,1-1__58,Acropora palmata,TRUE,TRUE,TRUE,FALSE,18.3825,0.00183825,480,3.8296875e-4,cm2
Plot E,all,Plot E,5,September,2025-09-08,interval_end,1-1__59,Acropora palmata,TRUE,TRUE,TRUE,FALSE,23.5825,0.00235825,480,4.913020833333334e-4,cm2
Plot E,all,Plot E,5,September,2025-09-08,interval_end,1-1__6,Orbicella franksi,TRUE,TRUE,TRUE,FALSE,4.105,4.1050000000000006e-4,480,8.552083333333334e-5,cm2
Plot E,all,Plot E,5,September,2025-09-08,interval_end,1-1__60,Acropora palmata,TRUE,TRUE,TRUE,FALSE,27.7475,0.00277475,480,5.780729166666666e-4,cm2
Plot E,all,Plot E,5,September,2025-09-08,interval_end,1-1__61,Acropora palmata,TRUE,TRUE,TRUE,FALSE,16.77,0.0016769999999999999,480,3.4937499999999997e-4,cm2
Plot E,all,Plot E,5,September,2025-09-08,interval_end,1-1__62,Acropora palmata,TRUE,TRUE,TRUE,FALSE,17.1675,0.00171675,480,3.5765625e-4,cm2
Plot E,all,Plot E,5,September,2025-09-08,interval_end,1-1__63,Orbicella sp.,FALSE,TRUE,NA,FALSE,4.7325,4.7325e-4,480,9.859375e-5,cm2
Plot E,all,Plot E,5,September,2025-09-08,interval_end,1-1__64,Orbicella sp.,FALSE,TRUE,NA,FALSE,3.1825,3.1825e-4,480,6.630208333333333e-5,cm2
Plot E,all,Plot E,5,September,2025-09-08,NA,1-1__7,Acropora palmata,TRUE,FALSE,FALSE,FALSE,0,0,NA,NA,NA
Plot E,all,Plot E,5,September,2025-09-08,interval_end,1-1__8,Orbicella franksi,TRUE,TRUE,TRUE,FALSE,5.6775,5.6775e-4,480,1.1828124999999999e-4,cm2
Plot E,all,Plot E,5,September,2025-09-08,interval_end,1-1__9,Orbicella franksi,TRUE,TRUE,TRUE,FALSE,6.5925,6.5925e-4,480,1.3734375e-4,cm2
Plot E,all,Plot E,6,October,2025-10-14,NA,1-0__10,Orbicella annularis,TRUE,FALSE,FALSE,FALSE,0,0,NA,NA,NA
Plot E,all,Plot E,6,October,2025-10-14,NA,1-0__1022,Orbicella annularis,TRUE,FALSE,FALSE,FALSE,0,0,NA,NA,NA
Plot E,all,Plot E,6,October,2025-10-14,NA,1-0__1023,Orbicella annularis,TRUE,FALSE,FALSE,FALSE,0,0,NA,NA,NA
Plot E,all,Plot E,6,October,2025-10-14,NA,1-0__1037,Orbicella faveolata,TRUE,FALSE,FALSE,FALSE,0,0,NA,NA,NA
Plot E,all,Plot E,6,October,2025-10-14,NA,1-0__1040,Orbicella faveolata,TRUE,FALSE,FALSE,FALSE,0,0,NA,NA,NA
Plot E,all,Plot E,6,October,2025-10-14,NA,1-0__1041,Orbicella faveolata,TRUE,FALSE,FALSE,FALSE,0,0,NA,NA,NA
Plot E,all,Plot E,6,October,2025-10-14,NA,1-0__1087,Orbicella faveolata,TRUE,FALSE,FALSE,FALSE,0,0,NA,NA,NA
Plot E,all,Plot E,6,October,2025-10-14,NA,1-0__1090,Orbicella faveolata,TRUE,FALSE,FALSE,FALSE,0,0,NA,NA,NA
Plot E,all,Plot E,6,October,2025-10-14,NA,1-0__1091,Orbicella faveolata,TRUE,FALSE,FALSE,FALSE,0,0,NA,NA,NA
Plot E,all,Plot E,6,October,2025-10-14,NA,1-0__1092,Orbicella faveolata,TRUE,FALSE,FALSE,FALSE,0,0,NA,NA,NA
Plot E,all,Plot E,6,October,2025-10-14,NA,1-0__1109,Acropora palmata,TRUE,FALSE,FALSE,FALSE,0,0,NA,NA,NA
Plot E,all,Plot E,6,October,2025-10-14,NA,1-0__1111,Acropora palmata,TRUE,FALSE,FALSE,FALSE,0,0,NA,NA,NA
Plot E,all,Plot E,6,October,2025-10-14,NA,1-0__1114,Acropora palmata,TRUE,FALSE,FALSE,FALSE,0,0,NA,NA,NA
Plot E,all,Plot E,6,October,2025-10-14,NA,1-0__1115,Acropora palmata,TRUE,FALSE,FALSE,FALSE,0,0,NA,NA,NA
Plot E,all,Plot E,6,October,2025-10-14,NA,1-0__1117,Acropora palmata,TRUE,FALSE,FALSE,FALSE,0,0,NA,NA,NA
Plot E,all,Plot E,6,October,2025-10-14,NA,1-0__1118,Orbicella faveolata,TRUE,FALSE,FALSE,FALSE,0,0,NA,NA,NA
Plot E,all,Plot E,6,October,2025-10-14,NA,1-0__1120,Acropora palmata,TRUE,FALSE,FALSE,FALSE,0,0,NA,NA,NA
Plot E,all,Plot E,6,October,2025-10-14,NA,1-0__1122,Orbicella faveolata,TRUE,FALSE,FALSE,FALSE,0,0,NA,NA,NA
Plot E,all,Plot E,6,October,2025-10-14,NA,1-0__1125,Acropora palmata,TRUE,FALSE,FALSE,FALSE,0,0,NA,NA,NA
Plot E,all,Plot E,6,October,2025-10-14,NA,1-0__1126,Orbicella faveolata,TRUE,FALSE,FALSE,FALSE,0,0,NA,NA,NA
Plot E,all,Plot E,6,October,2025-10-14,NA,1-0__1127,Acropora palmata,TRUE,FALSE,FALSE,FALSE,0,0,NA,NA,NA
Plot E,all,Plot E,6,October,2025-10-14,NA,1-0__1132,Acropora palmata,TRUE,FALSE,FALSE,FALSE,0,0,NA,NA,NA
Plot E,all,Plot E,6,October,2025-10-14,NA,1-0__1152,Orbicella faveolata,TRUE,FALSE,FALSE,FALSE,0,0,NA,NA,NA
Plot E,all,Plot E,6,October,2025-10-14,NA,1-0__1153,Orbicella faveolata,TRUE,FALSE,FALSE,FALSE,0,0,NA,NA,NA
Plot E,all,Plot E,6,October,2025-10-14,NA,1-0__1154,Orbicella faveolata,TRUE,FALSE,FALSE,FALSE,0,0,NA,NA,NA
Plot E,all,Plot E,6,October,2025-10-14,NA,1-0__1158,Orbicella faveolata,TRUE,FALSE,FALSE,FALSE,0,0,NA,NA,NA
Plot E,all,Plot E,6,October,2025-10-14,NA,1-0__1159,Orbicella faveolata,TRUE,FALSE,FALSE,FALSE,0,0,NA,NA,NA
Plot E,all,Plot E,6,October,2025-10-14,NA,1-0__1161,Orbicella faveolata,TRUE,FALSE,FALSE,FALSE,0,0,NA,NA,NA
Plot E,all,Plot E,6,October,2025-10-14,NA,1-0__1173,Orbicella annularis,TRUE,FALSE,FALSE,FALSE,0,0,NA,NA,NA
Plot E,all,Plot E,6,October,2025-10-14,NA,1-0__1174,Orbicella annularis,TRUE,FALSE,FALSE,FALSE,0,0,NA,NA,NA
Plot E,all,Plot E,6,October,2025-10-14,NA,1-0__1176,Orbicella annularis,TRUE,FALSE,FALSE,FALSE,0,0,NA,NA,NA
Plot E,all,Plot E,6,October,2025-10-14,NA,1-0__1177,Orbicella annularis,TRUE,FALSE,FALSE,FALSE,0,0,NA,NA,NA
Plot E,all,Plot E,6,October,2025-10-14,NA,1-0__1178,Orbicella annularis,TRUE,FALSE,FALSE,FALSE,0,0,NA,NA,NA
Plot E,all,Plot E,6,October,2025-10-14,NA,1-0__1179,Orbicella annularis,TRUE,FALSE,FALSE,FALSE,0,0,NA,NA,NA
Plot E,all,Plot E,6,October,2025-10-14,NA,1-0__1180,Orbicella annularis,TRUE,FALSE,FALSE,FALSE,0,0,NA,NA,NA
Plot E,all,Plot E,6,October,2025-10-14,NA,1-0__1209,Acropora cervicornis,TRUE,FALSE,FALSE,FALSE,0,0,NA,NA,NA
Plot E,all,Plot E,6,October,2025-10-14,NA,1-0__1210,Acropora cervicornis,TRUE,FALSE,FALSE,FALSE,0,0,NA,NA,NA
Plot E,all,Plot E,6,October,2025-10-14,NA,1-0__1211,Acropora cervicornis,TRUE,FALSE,FALSE,FALSE,0,0,NA,NA,NA
Plot E,all,Plot E,6,October,2025-10-14,NA,1-0__1212,Acropora cervicornis,TRUE,FALSE,FALSE,FALSE,0,0,NA,NA,NA
Plot E,all,Plot E,6,October,2025-10-14,NA,1-0__1213,Acropora cervicornis,TRUE,FALSE,FALSE,FALSE,0,0,NA,NA,NA
Plot E,all,Plot E,6,October,2025-10-14,NA,1-0__1214,Acropora cervicornis,TRUE,FALSE,FALSE,FALSE,0,0,NA,NA,NA
Plot E,all,Plot E,6,October,2025-10-14,NA,1-0__1217,Orbicella faveolata,TRUE,FALSE,FALSE,FALSE,0,0,NA,NA,NA
Plot E,all,Plot E,6,October,2025-10-14,NA,1-0__1223,Orbicella faveolata,TRUE,FALSE,FALSE,FALSE,0,0,NA,NA,NA
Plot E,all,Plot E,6,October,2025-10-14,NA,1-0__1224,Orbicella faveolata,TRUE,FALSE,FALSE,FALSE,0,0,NA,NA,NA
Plot E,all,Plot E,6,October,2025-10-14,NA,1-0__221,Orbicella annularis,TRUE,FALSE,FALSE,FALSE,0,0,NA,NA,NA
Plot E,all,Plot E,6,October,2025-10-14,NA,1-0__224,Orbicella annularis,TRUE,FALSE,FALSE,FALSE,0,0,NA,NA,NA
Plot E,all,Plot E,6,October,2025-10-14,NA,1-0__261,Orbicella annularis,TRUE,FALSE,FALSE,FALSE,0,0,NA,NA,NA
Plot E,all,Plot E,6,October,2025-10-14,NA,1-0__262,Orbicella annularis,TRUE,FALSE,FALSE,FALSE,0,0,NA,NA,NA
Plot E,all,Plot E,6,October,2025-10-14,NA,1-0__344,Orbicella annularis,TRUE,FALSE,FALSE,FALSE,0,0,NA,NA,NA
Plot E,all,Plot E,6,October,2025-10-14,NA,1-0__349,Orbicella annularis,TRUE,FALSE,FALSE,FALSE,0,0,NA,NA,NA
Plot E,all,Plot E,6,October,2025-10-14,NA,1-0__351,Orbicella annularis,TRUE,FALSE,FALSE,FALSE,0,0,NA,NA,NA
Plot E,all,Plot E,6,October,2025-10-14,NA,1-0__354,Orbicella annularis,TRUE,FALSE,FALSE,FALSE,0,0,NA,NA,NA
Plot E,all,Plot E,6,October,2025-10-14,NA,1-0__365,Orbicella annularis,TRUE,FALSE,FALSE,FALSE,0,0,NA,NA,NA
Plot E,all,Plot E,6,October,2025-10-14,NA,1-0__367,Orbicella annularis,TRUE,FALSE,FALSE,FALSE,0,0,NA,NA,NA
Plot E,all,Plot E,6,October,2025-10-14,NA,1-0__368,Orbicella annularis,TRUE,FALSE,FALSE,FALSE,0,0,NA,NA,NA
Plot E,all,Plot E,6,October,2025-10-14,NA,1-0__373,Orbicella annularis,TRUE,FALSE,FALSE,FALSE,0,0,NA,NA,NA
Plot E,all,Plot E,6,October,2025-10-14,NA,1-0__375,Orbicella annularis,TRUE,FALSE,FALSE,FALSE,0,0,NA,NA,NA
Plot E,all,Plot E,6,October,2025-10-14,NA,1-0__382,Orbicella annularis,TRUE,FALSE,FALSE,FALSE,0,0,NA,NA,NA
Plot E,all,Plot E,6,October,2025-10-14,NA,1-0__4,Orbicella annularis,TRUE,FALSE,FALSE,FALSE,0,0,NA,NA,NA
Plot E,all,Plot E,6,October,2025-10-14,NA,1-0__405,Orbicella franksi,TRUE,FALSE,FALSE,FALSE,0,0,NA,NA,NA
Plot E,all,Plot E,6,October,2025-10-14,NA,1-0__409,Orbicella franksi,TRUE,FALSE,FALSE,FALSE,0,0,NA,NA,NA
Plot E,all,Plot E,6,October,2025-10-14,NA,1-0__412,Orbicella franksi,TRUE,FALSE,FALSE,FALSE,0,0,NA,NA,NA
Plot E,all,Plot E,6,October,2025-10-14,NA,1-0__413,Orbicella franksi,TRUE,FALSE,FALSE,FALSE,0,0,NA,NA,NA
Plot E,all,Plot E,6,October,2025-10-14,NA,1-0__449,Orbicella annularis,TRUE,FALSE,FALSE,FALSE,0,0,NA,NA,NA
Plot E,all,Plot E,6,October,2025-10-14,NA,1-0__458,Orbicella annularis,TRUE,FALSE,FALSE,FALSE,0,0,NA,NA,NA
Plot E,all,Plot E,6,October,2025-10-14,NA,1-0__47,Orbicella annularis,TRUE,FALSE,FALSE,FALSE,0,0,NA,NA,NA
Plot E,all,Plot E,6,October,2025-10-14,NA,1-0__470,Orbicella franksi,TRUE,FALSE,FALSE,FALSE,0,0,NA,NA,NA
Plot E,all,Plot E,6,October,2025-10-14,NA,1-0__475,Orbicella franksi,TRUE,FALSE,FALSE,FALSE,0,0,NA,NA,NA
Plot E,all,Plot E,6,October,2025-10-14,NA,1-0__476,Orbicella franksi,TRUE,FALSE,FALSE,FALSE,0,0,NA,NA,NA
Plot E,all,Plot E,6,October,2025-10-14,NA,1-0__478,Orbicella franksi,TRUE,FALSE,FALSE,FALSE,0,0,NA,NA,NA
Plot E,all,Plot E,6,October,2025-10-14,NA,1-0__481,Orbicella franksi,TRUE,FALSE,FALSE,FALSE,0,0,NA,NA,NA
Plot E,all,Plot E,6,October,2025-10-14,NA,1-0__483,Orbicella franksi,TRUE,FALSE,FALSE,FALSE,0,0,NA,NA,NA
Plot E,all,Plot E,6,October,2025-10-14,NA,1-0__485,Orbicella franksi,TRUE,FALSE,FALSE,FALSE,0,0,NA,NA,NA
Plot E,all,Plot E,6,October,2025-10-14,NA,1-0__488,Orbicella franksi,TRUE,FALSE,FALSE,FALSE,0,0,NA,NA,NA
Plot E,all,Plot E,6,October,2025-10-14,NA,1-0__489,Orbicella franksi,TRUE,FALSE,FALSE,FALSE,0,0,NA,NA,NA
Plot E,all,Plot E,6,October,2025-10-14,NA,1-0__5,Orbicella annularis,TRUE,FALSE,FALSE,FALSE,0,0,NA,NA,NA
Plot E,all,Plot E,6,October,2025-10-14,NA,1-0__50,Orbicella annularis,TRUE,FALSE,FALSE,FALSE,0,0,NA,NA,NA
Plot E,all,Plot E,6,October,2025-10-14,NA,1-0__51,Orbicella annularis,TRUE,FALSE,FALSE,FALSE,0,0,NA,NA,NA
Plot E,all,Plot E,6,October,2025-10-14,NA,1-0__515,Orbicella annularis,TRUE,FALSE,FALSE,FALSE,0,0,NA,NA,NA
Plot E,all,Plot E,6,October,2025-10-14,NA,1-0__517,Orbicella annularis,TRUE,FALSE,FALSE,FALSE,0,0,NA,NA,NA
Plot E,all,Plot E,6,October,2025-10-14,NA,1-0__519,Orbicella annularis,TRUE,FALSE,FALSE,FALSE,0,0,NA,NA,NA
Plot E,all,Plot E,6,October,2025-10-14,NA,1-0__52,Orbicella annularis,TRUE,FALSE,FALSE,FALSE,0,0,NA,NA,NA
Plot E,all,Plot E,6,October,2025-10-14,NA,1-0__520,Orbicella annularis,TRUE,FALSE,FALSE,FALSE,0,0,NA,NA,NA
Plot E,all,Plot E,6,October,2025-10-14,NA,1-0__523,Orbicella annularis,TRUE,FALSE,FALSE,FALSE,0,0,NA,NA,NA
Plot E,all,Plot E,6,October,2025-10-14,NA,1-0__524,Orbicella annularis,TRUE,FALSE,FALSE,FALSE,0,0,NA,NA,NA
Plot E,all,Plot E,6,October,2025-10-14,NA,1-0__53,Orbicella annularis,TRUE,FALSE,FALSE,FALSE,0,0,NA,NA,NA
Plot E,all,Plot E,6,October,2025-10-14,NA,1-0__531,Orbicella annularis,TRUE,FALSE,FALSE,FALSE,0,0,NA,NA,NA
Plot E,all,Plot E,6,October,2025-10-14,NA,1-0__532,Orbicella annularis,TRUE,FALSE,FALSE,FALSE,0,0,NA,NA,NA
Plot E,all,Plot E,6,October,2025-10-14,NA,1-0__533,Orbicella annularis,TRUE,FALSE,FALSE,FALSE,0,0,NA,NA,NA
Plot E,all,Plot E,6,October,2025-10-14,NA,1-0__535,Orbicella annularis,TRUE,FALSE,FALSE,FALSE,0,0,NA,NA,NA
Plot E,all,Plot E,6,October,2025-10-14,NA,1-0__54,Orbicella annularis,TRUE,FALSE,FALSE,FALSE,0,0,NA,NA,NA
Plot E,all,Plot E,6,October,2025-10-14,NA,1-0__540,Orbicella annularis,TRUE,FALSE,FALSE,FALSE,0,0,NA,NA,NA
Plot E,all,Plot E,6,October,2025-10-14,NA,1-0__55,Orbicella annularis,TRUE,FALSE,FALSE,FALSE,0,0,NA,NA,NA
Plot E,all,Plot E,6,October,2025-10-14,NA,1-0__56,Orbicella annularis,TRUE,FALSE,FALSE,FALSE,0,0,NA,NA,NA
Plot E,all,Plot E,6,October,2025-10-14,NA,1-0__561,Orbicella annularis,TRUE,FALSE,FALSE,FALSE,0,0,NA,NA,NA
Plot E,all,Plot E,6,October,2025-10-14,NA,1-0__562,Orbicella annularis,TRUE,FALSE,FALSE,FALSE,0,0,NA,NA,NA
Plot E,all,Plot E,6,October,2025-10-14,NA,1-0__563,Orbicella annularis,TRUE,FALSE,FALSE,FALSE,0,0,NA,NA,NA
Plot E,all,Plot E,6,October,2025-10-14,NA,1-0__564,Orbicella annularis,TRUE,FALSE,FALSE,FALSE,0,0,NA,NA,NA
Plot E,all,Plot E,6,October,2025-10-14,NA,1-0__565,Orbicella annularis,TRUE,FALSE,FALSE,FALSE,0,0,NA,NA,NA
Plot E,all,Plot E,6,October,2025-10-14,NA,1-0__566,Orbicella annularis,TRUE,FALSE,FALSE,FALSE,0,0,NA,NA,NA
Plot E,all,Plot E,6,October,2025-10-14,NA,1-0__567,Orbicella annularis,TRUE,FALSE,FALSE,FALSE,0,0,NA,NA,NA
Plot E,all,Plot E,6,October,2025-10-14,NA,1-0__568,Orbicella annularis,TRUE,FALSE,FALSE,FALSE,0,0,NA,NA,NA
Plot E,all,Plot E,6,October,2025-10-14,NA,1-0__57,Orbicella annularis,TRUE,FALSE,FALSE,FALSE,0,0,NA,NA,NA
Plot E,all,Plot E,6,October,2025-10-14,NA,1-0__570,Orbicella annularis,TRUE,FALSE,FALSE,FALSE,0,0,NA,NA,NA
Plot E,all,Plot E,6,October,2025-10-14,NA,1-0__571,Orbicella annularis,TRUE,FALSE,FALSE,FALSE,0,0,NA,NA,NA
Plot E,all,Plot E,6,October,2025-10-14,NA,1-0__573,Orbicella annularis,TRUE,FALSE,FALSE,FALSE,0,0,NA,NA,NA
Plot E,all,Plot E,6,October,2025-10-14,NA,1-0__575,Orbicella annularis,TRUE,FALSE,FALSE,FALSE,0,0,NA,NA,NA
Plot E,all,Plot E,6,October,2025-10-14,NA,1-0__577,Orbicella annularis,TRUE,FALSE,FALSE,FALSE,0,0,NA,NA,NA
Plot E,all,Plot E,6,October,2025-10-14,NA,1-0__579,Orbicella annularis,TRUE,FALSE,FALSE,FALSE,0,0,NA,NA,NA
Plot E,all,Plot E,6,October,2025-10-14,NA,1-0__580,Orbicella annularis,TRUE,FALSE,FALSE,FALSE,0,0,NA,NA,NA
Plot E,all,Plot E,6,October,2025-10-14,NA,1-0__582,Orbicella annularis,TRUE,FALSE,FALSE,FALSE,0,0,NA,NA,NA
Plot E,all,Plot E,6,October,2025-10-14,NA,1-0__583,Orbicella annularis,TRUE,FALSE,FALSE,FALSE,0,0,NA,NA,NA
Plot E,all,Plot E,6,October,2025-10-14,NA,1-0__584,Orbicella annularis,TRUE,FALSE,FALSE,FALSE,0,0,NA,NA,NA
Plot E,all,Plot E,6,October,2025-10-14,NA,1-0__585,Orbicella annularis,TRUE,FALSE,FALSE,FALSE,0,0,NA,NA,NA
Plot E,all,Plot E,6,October,2025-10-14,NA,1-0__586,Orbicella annularis,TRUE,FALSE,FALSE,FALSE,0,0,NA,NA,NA
Plot E,all,Plot E,6,October,2025-10-14,NA,1-0__589,Orbicella franksi,TRUE,FALSE,FALSE,FALSE,0,0,NA,NA,NA
Plot E,all,Plot E,6,October,2025-10-14,NA,1-0__590,Orbicella annularis,TRUE,FALSE,FALSE,FALSE,0,0,NA,NA,NA
Plot E,all,Plot E,6,October,2025-10-14,NA,1-0__591,Orbicella franksi,TRUE,FALSE,FALSE,FALSE,0,0,NA,NA,NA
Plot E,all,Plot E,6,October,2025-10-14,NA,1-0__593,Orbicella franksi,TRUE,FALSE,FALSE,FALSE,0,0,NA,NA,NA
Plot E,all,Plot E,6,October,2025-10-14,NA,1-0__595,Orbicella franksi,TRUE,FALSE,FALSE,FALSE,0,0,NA,NA,NA
Plot E,all,Plot E,6,October,2025-10-14,NA,1-0__596,Orbicella franksi,TRUE,FALSE,FALSE,FALSE,0,0,NA,NA,NA
Plot E,all,Plot E,6,October,2025-10-14,NA,1-0__598,Orbicella franksi,TRUE,FALSE,FALSE,FALSE,0,0,NA,NA,NA
Plot E,all,Plot E,6,October,2025-10-14,NA,1-0__6,Orbicella annularis,TRUE,FALSE,FALSE,FALSE,0,0,NA,NA,NA
Plot E,all,Plot E,6,October,2025-10-14,NA,1-0__614,Orbicella annularis,TRUE,FALSE,FALSE,FALSE,0,0,NA,NA,NA
Plot E,all,Plot E,6,October,2025-10-14,NA,1-0__617,Orbicella annularis,TRUE,FALSE,FALSE,FALSE,0,0,NA,NA,NA
Plot E,all,Plot E,6,October,2025-10-14,NA,1-0__674,Acropora palmata,TRUE,FALSE,FALSE,FALSE,0,0,NA,NA,NA
Plot E,all,Plot E,6,October,2025-10-14,NA,1-0__676,Acropora palmata,TRUE,FALSE,FALSE,FALSE,0,0,NA,NA,NA
Plot E,all,Plot E,6,October,2025-10-14,NA,1-0__677,Acropora palmata,TRUE,FALSE,FALSE,FALSE,0,0,NA,NA,NA
Plot E,all,Plot E,6,October,2025-10-14,NA,1-0__680,Acropora palmata,TRUE,FALSE,FALSE,FALSE,0,0,NA,NA,NA
Plot E,all,Plot E,6,October,2025-10-14,NA,1-0__683,Acropora palmata,TRUE,FALSE,FALSE,FALSE,0,0,NA,NA,NA
Plot E,all,Plot E,6,October,2025-10-14,NA,1-0__685,Orbicella franksi,TRUE,FALSE,FALSE,FALSE,0,0,NA,NA,NA
Plot E,all,Plot E,6,October,2025-10-14,NA,1-0__686,Orbicella franksi,TRUE,FALSE,FALSE,FALSE,0,0,NA,NA,NA
Plot E,all,Plot E,6,October,2025-10-14,NA,1-0__687,Orbicella franksi,TRUE,FALSE,FALSE,FALSE,0,0,NA,NA,NA
Plot E,all,Plot E,6,October,2025-10-14,NA,1-0__688,Orbicella franksi,TRUE,FALSE,FALSE,FALSE,0,0,NA,NA,NA
Plot E,all,Plot E,6,October,2025-10-14,NA,1-0__689,Orbicella franksi,TRUE,FALSE,FALSE,FALSE,0,0,NA,NA,NA
Plot E,all,Plot E,6,October,2025-10-14,NA,1-0__691,Orbicella franksi,TRUE,FALSE,FALSE,FALSE,0,0,NA,NA,NA
Plot E,all,Plot E,6,October,2025-10-14,NA,1-0__692,Orbicella franksi,TRUE,FALSE,FALSE,FALSE,0,0,NA,NA,NA
Plot E,all,Plot E,6,October,2025-10-14,NA,1-0__693,Orbicella franksi,TRUE,FALSE,FALSE,FALSE,0,0,NA,NA,NA
Plot E,all,Plot E,6,October,2025-10-14,NA,1-0__694,Orbicella franksi,TRUE,FALSE,FALSE,FALSE,0,0,NA,NA,NA
Plot E,all,Plot E,6,October,2025-10-14,NA,1-0__697,Orbicella franksi,TRUE,FALSE,FALSE,FALSE,0,0,NA,NA,NA
Plot E,all,Plot E,6,October,2025-10-14,NA,1-0__698,Orbicella franksi,TRUE,FALSE,FALSE,FALSE,0,0,NA,NA,NA
Plot E,all,Plot E,6,October,2025-10-14,NA,1-0__699,Orbicella franksi,TRUE,FALSE,FALSE,FALSE,0,0,NA,NA,NA
Plot E,all,Plot E,6,October,2025-10-14,NA,1-0__7,Orbicella annularis,TRUE,FALSE,FALSE,FALSE,0,0,NA,NA,NA
Plot E,all,Plot E,6,October,2025-10-14,NA,1-0__700,Orbicella franksi,TRUE,FALSE,FALSE,FALSE,0,0,NA,NA,NA
Plot E,all,Plot E,6,October,2025-10-14,NA,1-0__727,Acropora palmata,TRUE,FALSE,FALSE,FALSE,0,0,NA,NA,NA
Plot E,all,Plot E,6,October,2025-10-14,NA,1-0__730,Acropora palmata,TRUE,FALSE,FALSE,FALSE,0,0,NA,NA,NA
Plot E,all,Plot E,6,October,2025-10-14,NA,1-0__732,Acropora palmata,TRUE,FALSE,FALSE,FALSE,0,0,NA,NA,NA
Plot E,all,Plot E,6,October,2025-10-14,NA,1-0__733,Acropora palmata,TRUE,FALSE,FALSE,FALSE,0,0,NA,NA,NA
Plot E,all,Plot E,6,October,2025-10-14,NA,1-0__737,Acropora palmata,TRUE,FALSE,FALSE,FALSE,0,0,NA,NA,NA
Plot E,all,Plot E,6,October,2025-10-14,NA,1-0__738,Acropora palmata,TRUE,FALSE,FALSE,FALSE,0,0,NA,NA,NA
Plot E,all,Plot E,6,October,2025-10-14,NA,1-0__740,Acropora palmata,TRUE,FALSE,FALSE,FALSE,0,0,NA,NA,NA
Plot E,all,Plot E,6,October,2025-10-14,NA,1-0__742,Acropora palmata,TRUE,FALSE,FALSE,FALSE,0,0,NA,NA,NA
Plot E,all,Plot E,6,October,2025-10-14,NA,1-0__745,Orbicella faveolata,TRUE,FALSE,FALSE,FALSE,0,0,NA,NA,NA
Plot E,all,Plot E,6,October,2025-10-14,NA,1-0__746,Orbicella faveolata,TRUE,FALSE,FALSE,FALSE,0,0,NA,NA,NA
Plot E,all,Plot E,6,October,2025-10-14,NA,1-0__748,Orbicella faveolata,TRUE,FALSE,FALSE,FALSE,0,0,NA,NA,NA
Plot E,all,Plot E,6,October,2025-10-14,NA,1-0__749,Acropora palmata,TRUE,FALSE,FALSE,FALSE,0,0,NA,NA,NA
Plot E,all,Plot E,6,October,2025-10-14,NA,1-0__753,Acropora palmata,TRUE,FALSE,FALSE,FALSE,0,0,NA,NA,NA
Plot E,all,Plot E,6,October,2025-10-14,NA,1-0__754,Acropora palmata,TRUE,FALSE,FALSE,FALSE,0,0,NA,NA,NA
Plot E,all,Plot E,6,October,2025-10-14,NA,1-0__755,Orbicella faveolata,TRUE,FALSE,FALSE,FALSE,0,0,NA,NA,NA
Plot E,all,Plot E,6,October,2025-10-14,NA,1-0__757,Orbicella faveolata,TRUE,FALSE,FALSE,FALSE,0,0,NA,NA,NA
Plot E,all,Plot E,6,October,2025-10-14,NA,1-0__759,Acropora palmata,TRUE,FALSE,FALSE,FALSE,0,0,NA,NA,NA
Plot E,all,Plot E,6,October,2025-10-14,NA,1-0__760,Acropora palmata,TRUE,FALSE,FALSE,FALSE,0,0,NA,NA,NA
Plot E,all,Plot E,6,October,2025-10-14,NA,1-0__762,Orbicella faveolata,TRUE,FALSE,FALSE,FALSE,0,0,NA,NA,NA
Plot E,all,Plot E,6,October,2025-10-14,NA,1-0__764,Acropora palmata,TRUE,FALSE,FALSE,FALSE,0,0,NA,NA,NA
Plot E,all,Plot E,6,October,2025-10-14,NA,1-0__765,Orbicella faveolata,TRUE,FALSE,FALSE,FALSE,0,0,NA,NA,NA
Plot E,all,Plot E,6,October,2025-10-14,NA,1-0__767,Acropora palmata,TRUE,FALSE,FALSE,FALSE,0,0,NA,NA,NA
Plot E,all,Plot E,6,October,2025-10-14,NA,1-0__784,Acropora palmata,TRUE,FALSE,FALSE,FALSE,0,0,NA,NA,NA
Plot E,all,Plot E,6,October,2025-10-14,NA,1-0__792,Acropora palmata,TRUE,FALSE,FALSE,FALSE,0,0,NA,NA,NA
Plot E,all,Plot E,6,October,2025-10-14,NA,1-0__793,Acropora palmata,TRUE,FALSE,FALSE,FALSE,0,0,NA,NA,NA
Plot E,all,Plot E,6,October,2025-10-14,NA,1-0__796,Acropora palmata,TRUE,FALSE,FALSE,FALSE,0,0,NA,NA,NA
Plot E,all,Plot E,6,October,2025-10-14,NA,1-0__798,Acropora palmata,TRUE,FALSE,FALSE,FALSE,0,0,NA,NA,NA
Plot E,all,Plot E,6,October,2025-10-14,NA,1-0__8,Orbicella annularis,TRUE,FALSE,FALSE,FALSE,0,0,NA,NA,NA
Plot E,all,Plot E,6,October,2025-10-14,NA,1-0__801,Acropora palmata,TRUE,FALSE,FALSE,FALSE,0,0,NA,NA,NA
Plot E,all,Plot E,6,October,2025-10-14,NA,1-0__802,Acropora palmata,TRUE,FALSE,FALSE,FALSE,0,0,NA,NA,NA
Plot E,all,Plot E,6,October,2025-10-14,NA,1-0__804,Acropora palmata,TRUE,FALSE,FALSE,FALSE,0,0,NA,NA,NA
Plot E,all,Plot E,6,October,2025-10-14,NA,1-0__805,Acropora palmata,TRUE,FALSE,FALSE,FALSE,0,0,NA,NA,NA
Plot E,all,Plot E,6,October,2025-10-14,NA,1-0__806,Acropora palmata,TRUE,FALSE,FALSE,FALSE,0,0,NA,NA,NA
Plot E,all,Plot E,6,October,2025-10-14,NA,1-0__808,Acropora palmata,TRUE,FALSE,FALSE,FALSE,0,0,NA,NA,NA
Plot E,all,Plot E,6,October,2025-10-14,NA,1-0__810,Acropora palmata,TRUE,FALSE,FALSE,FALSE,0,0,NA,NA,NA
Plot E,all,Plot E,6,October,2025-10-14,NA,1-0__811,Acropora palmata,TRUE,FALSE,FALSE,FALSE,0,0,NA,NA,NA
Plot E,all,Plot E,6,October,2025-10-14,NA,1-0__814,Acropora palmata,TRUE,FALSE,FALSE,FALSE,0,0,NA,NA,NA
Plot E,all,Plot E,6,October,2025-10-14,NA,1-0__828,Orbicella franksi,TRUE,FALSE,FALSE,FALSE,0,0,NA,NA,NA
Plot E,all,Plot E,6,October,2025-10-14,NA,1-0__829,Orbicella franksi,TRUE,FALSE,FALSE,FALSE,0,0,NA,NA,NA
Plot E,all,Plot E,6,October,2025-10-14,NA,1-0__831,Orbicella franksi,TRUE,FALSE,FALSE,FALSE,0,0,NA,NA,NA
Plot E,all,Plot E,6,October,2025-10-14,NA,1-0__833,Orbicella franksi,TRUE,FALSE,FALSE,FALSE,0,0,NA,NA,NA
Plot E,all,Plot E,6,October,2025-10-14,NA,1-0__835,Orbicella franksi,TRUE,FALSE,FALSE,FALSE,0,0,NA,NA,NA
Plot E,all,Plot E,6,October,2025-10-14,NA,1-0__836,Orbicella franksi,TRUE,FALSE,FALSE,FALSE,0,0,NA,NA,NA
Plot E,all,Plot E,6,October,2025-10-14,NA,1-0__841,Orbicella annularis,TRUE,FALSE,FALSE,FALSE,0,0,NA,NA,NA
Plot E,all,Plot E,6,October,2025-10-14,NA,1-0__846,Orbicella annularis,TRUE,FALSE,FALSE,FALSE,0,0,NA,NA,NA
Plot E,all,Plot E,6,October,2025-10-14,NA,1-0__85,Orbicella annularis,TRUE,FALSE,FALSE,FALSE,0,0,NA,NA,NA
Plot E,all,Plot E,6,October,2025-10-14,NA,1-0__850,Orbicella annularis,TRUE,FALSE,FALSE,FALSE,0,0,NA,NA,NA
Plot E,all,Plot E,6,October,2025-10-14,NA,1-0__851,Orbicella annularis,TRUE,FALSE,FALSE,FALSE,0,0,NA,NA,NA
Plot E,all,Plot E,6,October,2025-10-14,NA,1-0__852,Orbicella annularis,TRUE,FALSE,FALSE,FALSE,0,0,NA,NA,NA
Plot E,all,Plot E,6,October,2025-10-14,NA,1-0__868,Orbicella annularis,TRUE,FALSE,FALSE,FALSE,0,0,NA,NA,NA
Plot E,all,Plot E,6,October,2025-10-14,NA,1-0__9,Orbicella annularis,TRUE,FALSE,FALSE,FALSE,0,0,NA,NA,NA
Plot E,all,Plot E,6,October,2025-10-14,NA,1-0__90,Orbicella annularis,TRUE,FALSE,FALSE,FALSE,0,0,NA,NA,NA
Plot E,all,Plot E,6,October,2025-10-14,NA,1-0__928,Orbicella franksi,TRUE,FALSE,FALSE,FALSE,0,0,NA,NA,NA
Plot E,all,Plot E,6,October,2025-10-14,NA,1-0__930,Orbicella franksi,TRUE,FALSE,FALSE,FALSE,0,0,NA,NA,NA
Plot E,all,Plot E,6,October,2025-10-14,NA,1-0__932,Orbicella franksi,TRUE,FALSE,FALSE,FALSE,0,0,NA,NA,NA
Plot E,all,Plot E,6,October,2025-10-14,NA,1-0__933,Orbicella franksi,TRUE,FALSE,FALSE,FALSE,0,0,NA,NA,NA
Plot E,all,Plot E,6,October,2025-10-14,NA,1-0__939,Orbicella franksi,TRUE,FALSE,FALSE,FALSE,0,0,NA,NA,NA
Plot E,all,Plot E,6,October,2025-10-14,NA,1-0__942,Orbicella franksi,TRUE,FALSE,FALSE,FALSE,0,0,NA,NA,NA
Plot E,all,Plot E,6,October,2025-10-14,NA,1-0__969,Acropora cervicornis,TRUE,FALSE,FALSE,FALSE,0,0,NA,NA,NA
Plot E,all,Plot E,6,October,2025-10-14,NA,1-0__971,Acropora cervicornis,TRUE,FALSE,FALSE,FALSE,0,0,NA,NA,NA
Plot E,all,Plot E,6,October,2025-10-14,NA,1-0__977,Acropora cervicornis,TRUE,FALSE,FALSE,FALSE,0,0,NA,NA,NA
Plot E,all,Plot E,6,October,2025-10-14,NA,1-0__979,Acropora cervicornis,TRUE,FALSE,FALSE,FALSE,0,0,NA,NA,NA
Plot E,all,Plot E,6,October,2025-10-14,NA,1-0__980,Acropora cervicornis,TRUE,FALSE,FALSE,FALSE,0,0,NA,NA,NA
Plot E,all,Plot E,6,October,2025-10-14,NA,1-0__982,Acropora cervicornis,TRUE,FALSE,FALSE,FALSE,0,0,NA,NA,NA
Plot E,all,Plot E,6,October,2025-10-14,NA,1-0__985,Acropora cervicornis,TRUE,FALSE,FALSE,FALSE,0,0,NA,NA,NA
Plot E,all,Plot E,6,October,2025-10-14,NA,1-0__986,Acropora cervicornis,TRUE,FALSE,FALSE,FALSE,0,0,NA,NA,NA
Plot E,all,Plot E,6,October,2025-10-14,NA,1-1__0,Orbicella annularis,TRUE,FALSE,FALSE,FALSE,0,0,NA,NA,NA
Plot E,all,Plot E,6,October,2025-10-14,NA,1-1__10,Acropora palmata,TRUE,FALSE,FALSE,FALSE,0,0,NA,NA,NA
Plot E,all,Plot E,6,October,2025-10-14,interval_end,1-1__11,Orbicella franksi,TRUE,TRUE,TRUE,FALSE,4.0575,4.0575e-4,480,8.453125e-5,cm2
Plot E,all,Plot E,6,October,2025-10-14,NA,1-1__12,Acropora palmata,TRUE,FALSE,FALSE,FALSE,0,0,NA,NA,NA
Plot E,all,Plot E,6,October,2025-10-14,interval_end,1-1__13,Orbicella franksi,TRUE,TRUE,TRUE,FALSE,2.92,2.92e-4,480,6.083333333333333e-5,cm2
Plot E,all,Plot E,6,October,2025-10-14,interval_end,1-1__14,Orbicella franksi,TRUE,TRUE,TRUE,FALSE,3.39,3.39e-4,480,7.0625e-5,cm2
Plot E,all,Plot E,6,October,2025-10-14,NA,1-1__15,Acropora palmata,TRUE,FALSE,FALSE,FALSE,0,0,NA,NA,NA
Plot E,all,Plot E,6,October,2025-10-14,interval_end,1-1__16,Orbicella annularis,TRUE,TRUE,TRUE,FALSE,8.965,8.964999999999999e-4,480,1.8677083333333333e-4,cm2
Plot E,all,Plot E,6,October,2025-10-14,NA,1-1__17,Acropora palmata,TRUE,FALSE,FALSE,FALSE,0,0,NA,NA,NA
Plot E,all,Plot E,6,October,2025-10-14,interval_end,1-1__18,Orbicella annularis,TRUE,TRUE,TRUE,FALSE,4.0925,4.0925e-4,480,8.526041666666667e-5,cm2
Plot E,all,Plot E,6,October,2025-10-14,interval_end,1-1__19,Orbicella annularis,TRUE,TRUE,TRUE,FALSE,11.2625,0.0011262499999999999,480,2.3463541666666666e-4,cm2
Plot E,all,Plot E,6,October,2025-10-14,interval_end,1-1__2,Orbicella franksi,TRUE,TRUE,TRUE,FALSE,5.09,5.09e-4,480,1.0604166666666666e-4,cm2
Plot E,all,Plot E,6,October,2025-10-14,interval_end,1-1__20,Orbicella annularis,TRUE,TRUE,TRUE,FALSE,5.8925,5.8925e-4,480,1.227604166666667e-4,cm2
Plot E,all,Plot E,6,October,2025-10-14,interval_end,1-1__21,Orbicella annularis,TRUE,TRUE,TRUE,FALSE,34.745,0.0034744999999999997,480,7.238541666666666e-4,cm2
Plot E,all,Plot E,6,October,2025-10-14,interval_end,1-1__22,Orbicella annularis,TRUE,TRUE,TRUE,FALSE,4.5275,4.5275e-4,480,9.432291666666665e-5,cm2
Plot E,all,Plot E,6,October,2025-10-14,NA,1-1__23,Acropora palmata,TRUE,FALSE,FALSE,FALSE,0,0,NA,NA,NA
Plot E,all,Plot E,6,October,2025-10-14,interval_end,1-1__24,Orbicella annularis,TRUE,TRUE,TRUE,FALSE,0.675,6.75e-5,480,1.40625e-5,cm2
Plot E,all,Plot E,6,October,2025-10-14,interval_end,1-1__25,Orbicella annularis,TRUE,TRUE,TRUE,FALSE,10.955,0.0010955,480,2.2822916666666665e-4,cm2
Plot E,all,Plot E,6,October,2025-10-14,interval_end,1-1__26,Orbicella annularis,TRUE,TRUE,TRUE,FALSE,2.82,2.8199999999999997e-4,480,5.874999999999999e-5,cm2
Plot E,all,Plot E,6,October,2025-10-14,interval_end,1-1__27,Orbicella annularis,TRUE,TRUE,TRUE,FALSE,4.945,4.945e-4,480,1.0302083333333334e-4,cm2
Plot E,all,Plot E,6,October,2025-10-14,interval_end,1-1__28,Orbicella annularis,TRUE,TRUE,TRUE,FALSE,9.805,9.805e-4,480,2.0427083333333332e-4,cm2
Plot E,all,Plot E,6,October,2025-10-14,interval_end,1-1__29,Orbicella annularis,TRUE,TRUE,TRUE,FALSE,1.2925,1.2925e-4,480,2.692708333333333e-5,cm2
Plot E,all,Plot E,6,October,2025-10-14,interval_end,1-1__3,Orbicella franksi,TRUE,TRUE,TRUE,FALSE,4.27,4.2699999999999997e-4,480,8.895833333333332e-5,cm2
Plot E,all,Plot E,6,October,2025-10-14,NA,1-1__30,Orbicella annularis,TRUE,FALSE,FALSE,FALSE,0,0,NA,NA,NA
Plot E,all,Plot E,6,October,2025-10-14,interval_end,1-1__31,Orbicella annularis,TRUE,TRUE,TRUE,FALSE,12.1575,0.00121575,480,2.5328125e-4,cm2
Plot E,all,Plot E,6,October,2025-10-14,interval_end,1-1__32,Acropora palmata,TRUE,TRUE,TRUE,FALSE,303.265,0.0303265,480,0.006318020833333333,cm2
Plot E,all,Plot E,6,October,2025-10-14,interval_end,1-1__33,Orbicella annularis,TRUE,TRUE,TRUE,FALSE,3.9225,3.9224999999999997e-4,480,8.171874999999999e-5,cm2
Plot E,all,Plot E,6,October,2025-10-14,interval_end,1-1__34,Orbicella annularis,TRUE,TRUE,TRUE,FALSE,5.4925,5.492499999999999e-4,480,1.1442708333333332e-4,cm2
Plot E,all,Plot E,6,October,2025-10-14,interval_end,1-1__35,Orbicella annularis,TRUE,TRUE,TRUE,FALSE,0.695,6.95e-5,480,1.4479166666666665e-5,cm2
Plot E,all,Plot E,6,October,2025-10-14,interval_end,1-1__36,Orbicella annularis,TRUE,TRUE,TRUE,FALSE,2.05,2.05e-4,480,4.270833333333333e-5,cm2
Plot E,all,Plot E,6,October,2025-10-14,interval_end,1-1__38,Orbicella franksi,TRUE,TRUE,TRUE,FALSE,6.51,6.51e-4,480,1.35625e-4,cm2
Plot E,all,Plot E,6,October,2025-10-14,interval_end,1-1__39,Orbicella franksi,TRUE,TRUE,TRUE,FALSE,6.02,6.02e-4,480,1.2541666666666666e-4,cm2
Plot E,all,Plot E,6,October,2025-10-14,interval_end,1-1__4,Orbicella franksi,TRUE,TRUE,TRUE,FALSE,5.4025,5.402499999999999e-4,480,1.125520833333333e-4,cm2
Plot E,all,Plot E,6,October,2025-10-14,interval_end,1-1__40,Orbicella franksi,TRUE,TRUE,TRUE,FALSE,5.4225,5.4225e-4,480,1.1296874999999999e-4,cm2
Plot E,all,Plot E,6,October,2025-10-14,interval_end,1-1__41,Orbicella franksi,TRUE,TRUE,TRUE,FALSE,5.9425,5.942499999999999e-4,480,1.2380208333333332e-4,cm2
Plot E,all,Plot E,6,October,2025-10-14,interval_end,1-1__42,Orbicella franksi,TRUE,TRUE,TRUE,FALSE,6.745,6.745e-4,480,1.4052083333333332e-4,cm2
Plot E,all,Plot E,6,October,2025-10-14,interval_end,1-1__43,Orbicella franksi,TRUE,TRUE,TRUE,FALSE,6.39,6.389999999999999e-4,480,1.33125e-4,cm2
Plot E,all,Plot E,6,October,2025-10-14,interval_end,1-1__44,Orbicella franksi,TRUE,TRUE,TRUE,FALSE,4.77,4.7699999999999994e-4,480,9.937499999999999e-5,cm2
Plot E,all,Plot E,6,October,2025-10-14,interval_end,1-1__45,Orbicella franksi,TRUE,TRUE,TRUE,FALSE,6.4625,6.4625e-4,480,1.3463541666666667e-4,cm2
Plot E,all,Plot E,6,October,2025-10-14,interval_end,1-1__46,Orbicella franksi,TRUE,TRUE,TRUE,FALSE,5.215,5.214999999999999e-4,480,1.0864583333333333e-4,cm2
Plot E,all,Plot E,6,October,2025-10-14,interval_end,1-1__47,Orbicella annularis,TRUE,TRUE,TRUE,FALSE,6.3,6.3e-4,480,1.3125e-4,cm2
Plot E,all,Plot E,6,October,2025-10-14,interval_end,1-1__48,Orbicella annularis,TRUE,TRUE,TRUE,FALSE,2.555,2.5550000000000003e-4,480,5.3229166666666675e-5,cm2
Plot E,all,Plot E,6,October,2025-10-14,interval_end,1-1__49,Orbicella annularis,TRUE,TRUE,TRUE,FALSE,6.3575,6.3575e-4,480,1.3244791666666667e-4,cm2
Plot E,all,Plot E,6,October,2025-10-14,interval_end,1-1__5,Orbicella franksi,TRUE,TRUE,TRUE,FALSE,5.15,5.15e-4,480,1.0729166666666668e-4,cm2
Plot E,all,Plot E,6,October,2025-10-14,interval_end,1-1__50,Orbicella annularis,TRUE,TRUE,TRUE,FALSE,5.4575,5.4575e-4,480,1.1369791666666666e-4,cm2
Plot E,all,Plot E,6,October,2025-10-14,interval_end,1-1__51,Orbicella annularis,TRUE,TRUE,TRUE,FALSE,7.78,7.78e-4,480,1.6208333333333336e-4,cm2
Plot E,all,Plot E,6,October,2025-10-14,interval_end,1-1__52,Orbicella annularis,TRUE,TRUE,TRUE,FALSE,21.375,0.0021375,480,4.453125e-4,cm2
Plot E,all,Plot E,6,October,2025-10-14,interval_end,1-1__53,Orbicella annularis,TRUE,TRUE,TRUE,FALSE,8.0175,8.0175e-4,480,1.6703125000000002e-4,cm2
Plot E,all,Plot E,6,October,2025-10-14,interval_end,1-1__54,Orbicella annularis,TRUE,TRUE,TRUE,FALSE,8.2725,8.272500000000001e-4,480,1.7234375000000003e-4,cm2
Plot E,all,Plot E,6,October,2025-10-14,interval_end,1-1__55,Orbicella faveolata,TRUE,TRUE,TRUE,FALSE,10.6525,0.00106525,480,2.2192708333333333e-4,cm2
Plot E,all,Plot E,6,October,2025-10-14,interval_end,1-1__56,Orbicella faveolata,TRUE,TRUE,TRUE,FALSE,7.57,7.570000000000001e-4,480,1.5770833333333335e-4,cm2
Plot E,all,Plot E,6,October,2025-10-14,interval_end,1-1__57,Orbicella faveolata,TRUE,TRUE,TRUE,FALSE,7.315,7.315e-4,480,1.5239583333333335e-4,cm2
Plot E,all,Plot E,6,October,2025-10-14,interval_end,1-1__58,Acropora palmata,TRUE,TRUE,TRUE,FALSE,15.405,0.0015405,480,3.209375e-4,cm2
Plot E,all,Plot E,6,October,2025-10-14,interval_end,1-1__59,Acropora palmata,TRUE,TRUE,TRUE,FALSE,21.28,0.002128,480,4.433333333333334e-4,cm2
Plot E,all,Plot E,6,October,2025-10-14,interval_end,1-1__6,Orbicella franksi,TRUE,TRUE,TRUE,FALSE,4.035,4.035e-4,480,8.406249999999999e-5,cm2
Plot E,all,Plot E,6,October,2025-10-14,interval_end,1-1__60,Acropora palmata,TRUE,TRUE,TRUE,FALSE,28.375,0.0028375,480,5.911458333333334e-4,cm2
Plot E,all,Plot E,6,October,2025-10-14,interval_end,1-1__61,Acropora palmata,TRUE,TRUE,TRUE,FALSE,11.9325,0.0011932499999999999,480,2.4859374999999995e-4,cm2
Plot E,all,Plot E,6,October,2025-10-14,interval_end,1-1__62,Acropora palmata,TRUE,TRUE,TRUE,FALSE,17.06,0.0017059999999999998,480,3.554166666666666e-4,cm2
Plot E,all,Plot E,6,October,2025-10-14,interval_end,1-1__63,Orbicella sp.,FALSE,FALSE,NA,FALSE,0,0,480,0,cm2
Plot E,all,Plot E,6,October,2025-10-14,interval_end,1-1__64,Orbicella sp.,FALSE,TRUE,NA,FALSE,3.1825,3.1825e-4,480,6.630208333333333e-5,cm2
Plot E,all,Plot E,6,October,2025-10-14,NA,1-1__7,Acropora palmata,TRUE,FALSE,FALSE,FALSE,0,0,NA,NA,NA
Plot E,all,Plot E,6,October,2025-10-14,interval_end,1-1__8,Orbicella franksi,TRUE,TRUE,TRUE,FALSE,5.515,5.515e-4,480,1.1489583333333335e-4,cm2
Plot E,all,Plot E,6,October,2025-10-14,interval_end,1-1__9,Orbicella franksi,TRUE,TRUE,TRUE,FALSE,6.815,6.815e-4,480,1.4197916666666666e-4,cm2
Plot E,all,Plot E,7,November,2025-11-06,NA,1-0__10,Orbicella annularis,TRUE,FALSE,FALSE,FALSE,0,0,NA,NA,NA
Plot E,all,Plot E,7,November,2025-11-06,NA,1-0__1022,Orbicella annularis,TRUE,FALSE,FALSE,FALSE,0,0,NA,NA,NA
Plot E,all,Plot E,7,November,2025-11-06,NA,1-0__1023,Orbicella annularis,TRUE,FALSE,FALSE,FALSE,0,0,NA,NA,NA
Plot E,all,Plot E,7,November,2025-11-06,NA,1-0__1037,Orbicella faveolata,TRUE,FALSE,FALSE,FALSE,0,0,NA,NA,NA
Plot E,all,Plot E,7,November,2025-11-06,NA,1-0__1040,Orbicella faveolata,TRUE,FALSE,FALSE,FALSE,0,0,NA,NA,NA
Plot E,all,Plot E,7,November,2025-11-06,NA,1-0__1041,Orbicella faveolata,TRUE,FALSE,FALSE,FALSE,0,0,NA,NA,NA
Plot E,all,Plot E,7,November,2025-11-06,NA,1-0__1087,Orbicella faveolata,TRUE,FALSE,FALSE,FALSE,0,0,NA,NA,NA
Plot E,all,Plot E,7,November,2025-11-06,NA,1-0__1090,Orbicella faveolata,TRUE,FALSE,FALSE,FALSE,0,0,NA,NA,NA
Plot E,all,Plot E,7,November,2025-11-06,NA,1-0__1091,Orbicella faveolata,TRUE,FALSE,FALSE,FALSE,0,0,NA,NA,NA
Plot E,all,Plot E,7,November,2025-11-06,NA,1-0__1092,Orbicella faveolata,TRUE,FALSE,FALSE,FALSE,0,0,NA,NA,NA
Plot E,all,Plot E,7,November,2025-11-06,NA,1-0__1109,Acropora palmata,TRUE,FALSE,FALSE,FALSE,0,0,NA,NA,NA
Plot E,all,Plot E,7,November,2025-11-06,NA,1-0__1111,Acropora palmata,TRUE,FALSE,FALSE,FALSE,0,0,NA,NA,NA
Plot E,all,Plot E,7,November,2025-11-06,NA,1-0__1114,Acropora palmata,TRUE,FALSE,FALSE,FALSE,0,0,NA,NA,NA
Plot E,all,Plot E,7,November,2025-11-06,NA,1-0__1115,Acropora palmata,TRUE,FALSE,FALSE,FALSE,0,0,NA,NA,NA
Plot E,all,Plot E,7,November,2025-11-06,NA,1-0__1117,Acropora palmata,TRUE,FALSE,FALSE,FALSE,0,0,NA,NA,NA
Plot E,all,Plot E,7,November,2025-11-06,NA,1-0__1118,Orbicella faveolata,TRUE,FALSE,FALSE,FALSE,0,0,NA,NA,NA
Plot E,all,Plot E,7,November,2025-11-06,NA,1-0__1120,Acropora palmata,TRUE,FALSE,FALSE,FALSE,0,0,NA,NA,NA
Plot E,all,Plot E,7,November,2025-11-06,NA,1-0__1122,Orbicella faveolata,TRUE,FALSE,FALSE,FALSE,0,0,NA,NA,NA
Plot E,all,Plot E,7,November,2025-11-06,NA,1-0__1125,Acropora palmata,TRUE,FALSE,FALSE,FALSE,0,0,NA,NA,NA
Plot E,all,Plot E,7,November,2025-11-06,NA,1-0__1126,Orbicella faveolata,TRUE,FALSE,FALSE,FALSE,0,0,NA,NA,NA
Plot E,all,Plot E,7,November,2025-11-06,NA,1-0__1127,Acropora palmata,TRUE,FALSE,FALSE,FALSE,0,0,NA,NA,NA
Plot E,all,Plot E,7,November,2025-11-06,NA,1-0__1132,Acropora palmata,TRUE,FALSE,FALSE,FALSE,0,0,NA,NA,NA
Plot E,all,Plot E,7,November,2025-11-06,NA,1-0__1152,Orbicella faveolata,TRUE,FALSE,FALSE,FALSE,0,0,NA,NA,NA
Plot E,all,Plot E,7,November,2025-11-06,NA,1-0__1153,Orbicella faveolata,TRUE,FALSE,FALSE,FALSE,0,0,NA,NA,NA
Plot E,all,Plot E,7,November,2025-11-06,NA,1-0__1154,Orbicella faveolata,TRUE,FALSE,FALSE,FALSE,0,0,NA,NA,NA
Plot E,all,Plot E,7,November,2025-11-06,NA,1-0__1158,Orbicella faveolata,TRUE,FALSE,FALSE,FALSE,0,0,NA,NA,NA
Plot E,all,Plot E,7,November,2025-11-06,NA,1-0__1159,Orbicella faveolata,TRUE,FALSE,FALSE,FALSE,0,0,NA,NA,NA
Plot E,all,Plot E,7,November,2025-11-06,NA,1-0__1161,Orbicella faveolata,TRUE,FALSE,FALSE,FALSE,0,0,NA,NA,NA
Plot E,all,Plot E,7,November,2025-11-06,NA,1-0__1173,Orbicella annularis,TRUE,FALSE,FALSE,FALSE,0,0,NA,NA,NA
Plot E,all,Plot E,7,November,2025-11-06,NA,1-0__1174,Orbicella annularis,TRUE,FALSE,FALSE,FALSE,0,0,NA,NA,NA
Plot E,all,Plot E,7,November,2025-11-06,NA,1-0__1176,Orbicella annularis,TRUE,FALSE,FALSE,FALSE,0,0,NA,NA,NA
Plot E,all,Plot E,7,November,2025-11-06,NA,1-0__1177,Orbicella annularis,TRUE,FALSE,FALSE,FALSE,0,0,NA,NA,NA
Plot E,all,Plot E,7,November,2025-11-06,NA,1-0__1178,Orbicella annularis,TRUE,FALSE,FALSE,FALSE,0,0,NA,NA,NA
Plot E,all,Plot E,7,November,2025-11-06,NA,1-0__1179,Orbicella annularis,TRUE,FALSE,FALSE,FALSE,0,0,NA,NA,NA
Plot E,all,Plot E,7,November,2025-11-06,NA,1-0__1180,Orbicella annularis,TRUE,FALSE,FALSE,FALSE,0,0,NA,NA,NA
Plot E,all,Plot E,7,November,2025-11-06,NA,1-0__1209,Acropora cervicornis,TRUE,FALSE,FALSE,FALSE,0,0,NA,NA,NA
Plot E,all,Plot E,7,November,2025-11-06,NA,1-0__1210,Acropora cervicornis,TRUE,FALSE,FALSE,FALSE,0,0,NA,NA,NA
Plot E,all,Plot E,7,November,2025-11-06,NA,1-0__1211,Acropora cervicornis,TRUE,FALSE,FALSE,FALSE,0,0,NA,NA,NA
Plot E,all,Plot E,7,November,2025-11-06,NA,1-0__1212,Acropora cervicornis,TRUE,FALSE,FALSE,FALSE,0,0,NA,NA,NA
Plot E,all,Plot E,7,November,2025-11-06,NA,1-0__1213,Acropora cervicornis,TRUE,FALSE,FALSE,FALSE,0,0,NA,NA,NA
Plot E,all,Plot E,7,November,2025-11-06,NA,1-0__1214,Acropora cervicornis,TRUE,FALSE,FALSE,FALSE,0,0,NA,NA,NA
Plot E,all,Plot E,7,November,2025-11-06,NA,1-0__1217,Orbicella faveolata,TRUE,FALSE,FALSE,FALSE,0,0,NA,NA,NA
Plot E,all,Plot E,7,November,2025-11-06,NA,1-0__1223,Orbicella faveolata,TRUE,FALSE,FALSE,FALSE,0,0,NA,NA,NA
Plot E,all,Plot E,7,November,2025-11-06,NA,1-0__1224,Orbicella faveolata,TRUE,FALSE,FALSE,FALSE,0,0,NA,NA,NA
Plot E,all,Plot E,7,November,2025-11-06,NA,1-0__221,Orbicella annularis,TRUE,FALSE,FALSE,FALSE,0,0,NA,NA,NA
Plot E,all,Plot E,7,November,2025-11-06,NA,1-0__224,Orbicella annularis,TRUE,FALSE,FALSE,FALSE,0,0,NA,NA,NA
Plot E,all,Plot E,7,November,2025-11-06,NA,1-0__261,Orbicella annularis,TRUE,FALSE,FALSE,FALSE,0,0,NA,NA,NA
Plot E,all,Plot E,7,November,2025-11-06,NA,1-0__262,Orbicella annularis,TRUE,FALSE,FALSE,FALSE,0,0,NA,NA,NA
Plot E,all,Plot E,7,November,2025-11-06,NA,1-0__344,Orbicella annularis,TRUE,FALSE,FALSE,FALSE,0,0,NA,NA,NA
Plot E,all,Plot E,7,November,2025-11-06,NA,1-0__349,Orbicella annularis,TRUE,FALSE,FALSE,FALSE,0,0,NA,NA,NA
Plot E,all,Plot E,7,November,2025-11-06,NA,1-0__351,Orbicella annularis,TRUE,FALSE,FALSE,FALSE,0,0,NA,NA,NA
Plot E,all,Plot E,7,November,2025-11-06,NA,1-0__354,Orbicella annularis,TRUE,FALSE,FALSE,FALSE,0,0,NA,NA,NA
Plot E,all,Plot E,7,November,2025-11-06,NA,1-0__365,Orbicella annularis,TRUE,FALSE,FALSE,FALSE,0,0,NA,NA,NA
Plot E,all,Plot E,7,November,2025-11-06,NA,1-0__367,Orbicella annularis,TRUE,FALSE,FALSE,FALSE,0,0,NA,NA,NA
Plot E,all,Plot E,7,November,2025-11-06,NA,1-0__368,Orbicella annularis,TRUE,FALSE,FALSE,FALSE,0,0,NA,NA,NA
Plot E,all,Plot E,7,November,2025-11-06,NA,1-0__373,Orbicella annularis,TRUE,FALSE,FALSE,FALSE,0,0,NA,NA,NA
Plot E,all,Plot E,7,November,2025-11-06,NA,1-0__375,Orbicella annularis,TRUE,FALSE,FALSE,FALSE,0,0,NA,NA,NA
Plot E,all,Plot E,7,November,2025-11-06,NA,1-0__382,Orbicella annularis,TRUE,FALSE,FALSE,FALSE,0,0,NA,NA,NA
Plot E,all,Plot E,7,November,2025-11-06,NA,1-0__4,Orbicella annularis,TRUE,FALSE,FALSE,FALSE,0,0,NA,NA,NA
Plot E,all,Plot E,7,November,2025-11-06,NA,1-0__405,Orbicella franksi,TRUE,FALSE,FALSE,FALSE,0,0,NA,NA,NA
Plot E,all,Plot E,7,November,2025-11-06,NA,1-0__409,Orbicella franksi,TRUE,FALSE,FALSE,FALSE,0,0,NA,NA,NA
Plot E,all,Plot E,7,November,2025-11-06,NA,1-0__412,Orbicella franksi,TRUE,FALSE,FALSE,FALSE,0,0,NA,NA,NA
Plot E,all,Plot E,7,November,2025-11-06,NA,1-0__413,Orbicella franksi,TRUE,FALSE,FALSE,FALSE,0,0,NA,NA,NA
Plot E,all,Plot E,7,November,2025-11-06,NA,1-0__449,Orbicella annularis,TRUE,FALSE,FALSE,FALSE,0,0,NA,NA,NA
Plot E,all,Plot E,7,November,2025-11-06,NA,1-0__458,Orbicella annularis,TRUE,FALSE,FALSE,FALSE,0,0,NA,NA,NA
Plot E,all,Plot E,7,November,2025-11-06,NA,1-0__47,Orbicella annularis,TRUE,FALSE,FALSE,FALSE,0,0,NA,NA,NA
Plot E,all,Plot E,7,November,2025-11-06,NA,1-0__470,Orbicella franksi,TRUE,FALSE,FALSE,FALSE,0,0,NA,NA,NA
Plot E,all,Plot E,7,November,2025-11-06,NA,1-0__475,Orbicella franksi,TRUE,FALSE,FALSE,FALSE,0,0,NA,NA,NA
Plot E,all,Plot E,7,November,2025-11-06,NA,1-0__476,Orbicella franksi,TRUE,FALSE,FALSE,FALSE,0,0,NA,NA,NA
Plot E,all,Plot E,7,November,2025-11-06,NA,1-0__478,Orbicella franksi,TRUE,FALSE,FALSE,FALSE,0,0,NA,NA,NA
Plot E,all,Plot E,7,November,2025-11-06,NA,1-0__481,Orbicella franksi,TRUE,FALSE,FALSE,FALSE,0,0,NA,NA,NA
Plot E,all,Plot E,7,November,2025-11-06,NA,1-0__483,Orbicella franksi,TRUE,FALSE,FALSE,FALSE,0,0,NA,NA,NA
Plot E,all,Plot E,7,November,2025-11-06,NA,1-0__485,Orbicella franksi,TRUE,FALSE,FALSE,FALSE,0,0,NA,NA,NA
Plot E,all,Plot E,7,November,2025-11-06,NA,1-0__488,Orbicella franksi,TRUE,FALSE,FALSE,FALSE,0,0,NA,NA,NA
Plot E,all,Plot E,7,November,2025-11-06,NA,1-0__489,Orbicella franksi,TRUE,FALSE,FALSE,FALSE,0,0,NA,NA,NA
Plot E,all,Plot E,7,November,2025-11-06,NA,1-0__5,Orbicella annularis,TRUE,FALSE,FALSE,FALSE,0,0,NA,NA,NA
Plot E,all,Plot E,7,November,2025-11-06,NA,1-0__50,Orbicella annularis,TRUE,FALSE,FALSE,FALSE,0,0,NA,NA,NA
Plot E,all,Plot E,7,November,2025-11-06,NA,1-0__51,Orbicella annularis,TRUE,FALSE,FALSE,FALSE,0,0,NA,NA,NA
Plot E,all,Plot E,7,November,2025-11-06,NA,1-0__515,Orbicella annularis,TRUE,FALSE,FALSE,FALSE,0,0,NA,NA,NA
Plot E,all,Plot E,7,November,2025-11-06,NA,1-0__517,Orbicella annularis,TRUE,FALSE,FALSE,FALSE,0,0,NA,NA,NA
Plot E,all,Plot E,7,November,2025-11-06,NA,1-0__519,Orbicella annularis,TRUE,FALSE,FALSE,FALSE,0,0,NA,NA,NA
Plot E,all,Plot E,7,November,2025-11-06,NA,1-0__52,Orbicella annularis,TRUE,FALSE,FALSE,FALSE,0,0,NA,NA,NA
Plot E,all,Plot E,7,November,2025-11-06,NA,1-0__520,Orbicella annularis,TRUE,FALSE,FALSE,FALSE,0,0,NA,NA,NA
Plot E,all,Plot E,7,November,2025-11-06,NA,1-0__523,Orbicella annularis,TRUE,FALSE,FALSE,FALSE,0,0,NA,NA,NA
Plot E,all,Plot E,7,November,2025-11-06,NA,1-0__524,Orbicella annularis,TRUE,FALSE,FALSE,FALSE,0,0,NA,NA,NA
Plot E,all,Plot E,7,November,2025-11-06,NA,1-0__53,Orbicella annularis,TRUE,FALSE,FALSE,FALSE,0,0,NA,NA,NA
Plot E,all,Plot E,7,November,2025-11-06,NA,1-0__531,Orbicella annularis,TRUE,FALSE,FALSE,FALSE,0,0,NA,NA,NA
Plot E,all,Plot E,7,November,2025-11-06,NA,1-0__532,Orbicella annularis,TRUE,FALSE,FALSE,FALSE,0,0,NA,NA,NA
Plot E,all,Plot E,7,November,2025-11-06,NA,1-0__533,Orbicella annularis,TRUE,FALSE,FALSE,FALSE,0,0,NA,NA,NA
Plot E,all,Plot E,7,November,2025-11-06,NA,1-0__535,Orbicella annularis,TRUE,FALSE,FALSE,FALSE,0,0,NA,NA,NA
Plot E,all,Plot E,7,November,2025-11-06,NA,1-0__54,Orbicella annularis,TRUE,FALSE,FALSE,FALSE,0,0,NA,NA,NA
Plot E,all,Plot E,7,November,2025-11-06,NA,1-0__540,Orbicella annularis,TRUE,FALSE,FALSE,FALSE,0,0,NA,NA,NA
Plot E,all,Plot E,7,November,2025-11-06,NA,1-0__55,Orbicella annularis,TRUE,FALSE,FALSE,FALSE,0,0,NA,NA,NA
Plot E,all,Plot E,7,November,2025-11-06,NA,1-0__56,Orbicella annularis,TRUE,FALSE,FALSE,FALSE,0,0,NA,NA,NA
Plot E,all,Plot E,7,November,2025-11-06,NA,1-0__561,Orbicella annularis,TRUE,FALSE,FALSE,FALSE,0,0,NA,NA,NA
Plot E,all,Plot E,7,November,2025-11-06,NA,1-0__562,Orbicella annularis,TRUE,FALSE,FALSE,FALSE,0,0,NA,NA,NA
Plot E,all,Plot E,7,November,2025-11-06,NA,1-0__563,Orbicella annularis,TRUE,FALSE,FALSE,FALSE,0,0,NA,NA,NA
Plot E,all,Plot E,7,November,2025-11-06,NA,1-0__564,Orbicella annularis,TRUE,FALSE,FALSE,FALSE,0,0,NA,NA,NA
Plot E,all,Plot E,7,November,2025-11-06,NA,1-0__565,Orbicella annularis,TRUE,FALSE,FALSE,FALSE,0,0,NA,NA,NA
Plot E,all,Plot E,7,November,2025-11-06,NA,1-0__566,Orbicella annularis,TRUE,FALSE,FALSE,FALSE,0,0,NA,NA,NA
Plot E,all,Plot E,7,November,2025-11-06,NA,1-0__567,Orbicella annularis,TRUE,FALSE,FALSE,FALSE,0,0,NA,NA,NA
Plot E,all,Plot E,7,November,2025-11-06,NA,1-0__568,Orbicella annularis,TRUE,FALSE,FALSE,FALSE,0,0,NA,NA,NA
Plot E,all,Plot E,7,November,2025-11-06,NA,1-0__57,Orbicella annularis,TRUE,FALSE,FALSE,FALSE,0,0,NA,NA,NA
Plot E,all,Plot E,7,November,2025-11-06,NA,1-0__570,Orbicella annularis,TRUE,FALSE,FALSE,FALSE,0,0,NA,NA,NA
Plot E,all,Plot E,7,November,2025-11-06,NA,1-0__571,Orbicella annularis,TRUE,FALSE,FALSE,FALSE,0,0,NA,NA,NA
Plot E,all,Plot E,7,November,2025-11-06,NA,1-0__573,Orbicella annularis,TRUE,FALSE,FALSE,FALSE,0,0,NA,NA,NA
Plot E,all,Plot E,7,November,2025-11-06,NA,1-0__575,Orbicella annularis,TRUE,FALSE,FALSE,FALSE,0,0,NA,NA,NA
Plot E,all,Plot E,7,November,2025-11-06,NA,1-0__577,Orbicella annularis,TRUE,FALSE,FALSE,FALSE,0,0,NA,NA,NA
Plot E,all,Plot E,7,November,2025-11-06,NA,1-0__579,Orbicella annularis,TRUE,FALSE,FALSE,FALSE,0,0,NA,NA,NA
Plot E,all,Plot E,7,November,2025-11-06,NA,1-0__580,Orbicella annularis,TRUE,FALSE,FALSE,FALSE,0,0,NA,NA,NA
Plot E,all,Plot E,7,November,2025-11-06,NA,1-0__582,Orbicella annularis,TRUE,FALSE,FALSE,FALSE,0,0,NA,NA,NA
Plot E,all,Plot E,7,November,2025-11-06,NA,1-0__583,Orbicella annularis,TRUE,FALSE,FALSE,FALSE,0,0,NA,NA,NA
Plot E,all,Plot E,7,November,2025-11-06,NA,1-0__584,Orbicella annularis,TRUE,FALSE,FALSE,FALSE,0,0,NA,NA,NA
Plot E,all,Plot E,7,November,2025-11-06,NA,1-0__585,Orbicella annularis,TRUE,FALSE,FALSE,FALSE,0,0,NA,NA,NA
Plot E,all,Plot E,7,November,2025-11-06,NA,1-0__586,Orbicella annularis,TRUE,FALSE,FALSE,FALSE,0,0,NA,NA,NA
Plot E,all,Plot E,7,November,2025-11-06,NA,1-0__589,Orbicella franksi,TRUE,FALSE,FALSE,FALSE,0,0,NA,NA,NA
Plot E,all,Plot E,7,November,2025-11-06,NA,1-0__590,Orbicella annularis,TRUE,FALSE,FALSE,FALSE,0,0,NA,NA,NA
Plot E,all,Plot E,7,November,2025-11-06,NA,1-0__591,Orbicella franksi,TRUE,FALSE,FALSE,FALSE,0,0,NA,NA,NA
Plot E,all,Plot E,7,November,2025-11-06,NA,1-0__593,Orbicella franksi,TRUE,FALSE,FALSE,FALSE,0,0,NA,NA,NA
Plot E,all,Plot E,7,November,2025-11-06,NA,1-0__595,Orbicella franksi,TRUE,FALSE,FALSE,FALSE,0,0,NA,NA,NA
Plot E,all,Plot E,7,November,2025-11-06,NA,1-0__596,Orbicella franksi,TRUE,FALSE,FALSE,FALSE,0,0,NA,NA,NA
Plot E,all,Plot E,7,November,2025-11-06,NA,1-0__598,Orbicella franksi,TRUE,FALSE,FALSE,FALSE,0,0,NA,NA,NA
Plot E,all,Plot E,7,November,2025-11-06,NA,1-0__6,Orbicella annularis,TRUE,FALSE,FALSE,FALSE,0,0,NA,NA,NA
Plot E,all,Plot E,7,November,2025-11-06,NA,1-0__614,Orbicella annularis,TRUE,FALSE,FALSE,FALSE,0,0,NA,NA,NA
Plot E,all,Plot E,7,November,2025-11-06,NA,1-0__617,Orbicella annularis,TRUE,FALSE,FALSE,FALSE,0,0,NA,NA,NA
Plot E,all,Plot E,7,November,2025-11-06,NA,1-0__674,Acropora palmata,TRUE,FALSE,FALSE,FALSE,0,0,NA,NA,NA
Plot E,all,Plot E,7,November,2025-11-06,NA,1-0__676,Acropora palmata,TRUE,FALSE,FALSE,FALSE,0,0,NA,NA,NA
Plot E,all,Plot E,7,November,2025-11-06,NA,1-0__677,Acropora palmata,TRUE,FALSE,FALSE,FALSE,0,0,NA,NA,NA
Plot E,all,Plot E,7,November,2025-11-06,NA,1-0__680,Acropora palmata,TRUE,FALSE,FALSE,FALSE,0,0,NA,NA,NA
Plot E,all,Plot E,7,November,2025-11-06,NA,1-0__683,Acropora palmata,TRUE,FALSE,FALSE,FALSE,0,0,NA,NA,NA
Plot E,all,Plot E,7,November,2025-11-06,NA,1-0__685,Orbicella franksi,TRUE,FALSE,FALSE,FALSE,0,0,NA,NA,NA
Plot E,all,Plot E,7,November,2025-11-06,NA,1-0__686,Orbicella franksi,TRUE,FALSE,FALSE,FALSE,0,0,NA,NA,NA
Plot E,all,Plot E,7,November,2025-11-06,NA,1-0__687,Orbicella franksi,TRUE,FALSE,FALSE,FALSE,0,0,NA,NA,NA
Plot E,all,Plot E,7,November,2025-11-06,NA,1-0__688,Orbicella franksi,TRUE,FALSE,FALSE,FALSE,0,0,NA,NA,NA
Plot E,all,Plot E,7,November,2025-11-06,NA,1-0__689,Orbicella franksi,TRUE,FALSE,FALSE,FALSE,0,0,NA,NA,NA
Plot E,all,Plot E,7,November,2025-11-06,NA,1-0__691,Orbicella franksi,TRUE,FALSE,FALSE,FALSE,0,0,NA,NA,NA
Plot E,all,Plot E,7,November,2025-11-06,NA,1-0__692,Orbicella franksi,TRUE,FALSE,FALSE,FALSE,0,0,NA,NA,NA
Plot E,all,Plot E,7,November,2025-11-06,NA,1-0__693,Orbicella franksi,TRUE,FALSE,FALSE,FALSE,0,0,NA,NA,NA
Plot E,all,Plot E,7,November,2025-11-06,NA,1-0__694,Orbicella franksi,TRUE,FALSE,FALSE,FALSE,0,0,NA,NA,NA
Plot E,all,Plot E,7,November,2025-11-06,NA,1-0__697,Orbicella franksi,TRUE,FALSE,FALSE,FALSE,0,0,NA,NA,NA
Plot E,all,Plot E,7,November,2025-11-06,NA,1-0__698,Orbicella franksi,TRUE,FALSE,FALSE,FALSE,0,0,NA,NA,NA
Plot E,all,Plot E,7,November,2025-11-06,NA,1-0__699,Orbicella franksi,TRUE,FALSE,FALSE,FALSE,0,0,NA,NA,NA
Plot E,all,Plot E,7,November,2025-11-06,NA,1-0__7,Orbicella annularis,TRUE,FALSE,FALSE,FALSE,0,0,NA,NA,NA
Plot E,all,Plot E,7,November,2025-11-06,NA,1-0__700,Orbicella franksi,TRUE,FALSE,FALSE,FALSE,0,0,NA,NA,NA
Plot E,all,Plot E,7,November,2025-11-06,NA,1-0__727,Acropora palmata,TRUE,FALSE,FALSE,FALSE,0,0,NA,NA,NA
Plot E,all,Plot E,7,November,2025-11-06,NA,1-0__730,Acropora palmata,TRUE,FALSE,FALSE,FALSE,0,0,NA,NA,NA
Plot E,all,Plot E,7,November,2025-11-06,NA,1-0__732,Acropora palmata,TRUE,FALSE,FALSE,FALSE,0,0,NA,NA,NA
Plot E,all,Plot E,7,November,2025-11-06,NA,1-0__733,Acropora palmata,TRUE,FALSE,FALSE,FALSE,0,0,NA,NA,NA
Plot E,all,Plot E,7,November,2025-11-06,NA,1-0__737,Acropora palmata,TRUE,FALSE,FALSE,FALSE,0,0,NA,NA,NA
Plot E,all,Plot E,7,November,2025-11-06,NA,1-0__738,Acropora palmata,TRUE,FALSE,FALSE,FALSE,0,0,NA,NA,NA
Plot E,all,Plot E,7,November,2025-11-06,NA,1-0__740,Acropora palmata,TRUE,FALSE,FALSE,FALSE,0,0,NA,NA,NA
Plot E,all,Plot E,7,November,2025-11-06,NA,1-0__742,Acropora palmata,TRUE,FALSE,FALSE,FALSE,0,0,NA,NA,NA
Plot E,all,Plot E,7,November,2025-11-06,NA,1-0__745,Orbicella faveolata,TRUE,FALSE,FALSE,FALSE,0,0,NA,NA,NA
Plot E,all,Plot E,7,November,2025-11-06,NA,1-0__746,Orbicella faveolata,TRUE,FALSE,FALSE,FALSE,0,0,NA,NA,NA
Plot E,all,Plot E,7,November,2025-11-06,NA,1-0__748,Orbicella faveolata,TRUE,FALSE,FALSE,FALSE,0,0,NA,NA,NA
Plot E,all,Plot E,7,November,2025-11-06,NA,1-0__749,Acropora palmata,TRUE,FALSE,FALSE,FALSE,0,0,NA,NA,NA
Plot E,all,Plot E,7,November,2025-11-06,NA,1-0__753,Acropora palmata,TRUE,FALSE,FALSE,FALSE,0,0,NA,NA,NA
Plot E,all,Plot E,7,November,2025-11-06,NA,1-0__754,Acropora palmata,TRUE,FALSE,FALSE,FALSE,0,0,NA,NA,NA
Plot E,all,Plot E,7,November,2025-11-06,NA,1-0__755,Orbicella faveolata,TRUE,FALSE,FALSE,FALSE,0,0,NA,NA,NA
Plot E,all,Plot E,7,November,2025-11-06,NA,1-0__757,Orbicella faveolata,TRUE,FALSE,FALSE,FALSE,0,0,NA,NA,NA
Plot E,all,Plot E,7,November,2025-11-06,NA,1-0__759,Acropora palmata,TRUE,FALSE,FALSE,FALSE,0,0,NA,NA,NA
Plot E,all,Plot E,7,November,2025-11-06,NA,1-0__760,Acropora palmata,TRUE,FALSE,FALSE,FALSE,0,0,NA,NA,NA
Plot E,all,Plot E,7,November,2025-11-06,NA,1-0__762,Orbicella faveolata,TRUE,FALSE,FALSE,FALSE,0,0,NA,NA,NA
Plot E,all,Plot E,7,November,2025-11-06,NA,1-0__764,Acropora palmata,TRUE,FALSE,FALSE,FALSE,0,0,NA,NA,NA
Plot E,all,Plot E,7,November,2025-11-06,NA,1-0__765,Orbicella faveolata,TRUE,FALSE,FALSE,FALSE,0,0,NA,NA,NA
Plot E,all,Plot E,7,November,2025-11-06,NA,1-0__767,Acropora palmata,TRUE,FALSE,FALSE,FALSE,0,0,NA,NA,NA
Plot E,all,Plot E,7,November,2025-11-06,NA,1-0__784,Acropora palmata,TRUE,FALSE,FALSE,FALSE,0,0,NA,NA,NA
Plot E,all,Plot E,7,November,2025-11-06,NA,1-0__792,Acropora palmata,TRUE,FALSE,FALSE,FALSE,0,0,NA,NA,NA
Plot E,all,Plot E,7,November,2025-11-06,NA,1-0__793,Acropora palmata,TRUE,FALSE,FALSE,FALSE,0,0,NA,NA,NA
Plot E,all,Plot E,7,November,2025-11-06,NA,1-0__796,Acropora palmata,TRUE,FALSE,FALSE,FALSE,0,0,NA,NA,NA
Plot E,all,Plot E,7,November,2025-11-06,NA,1-0__798,Acropora palmata,TRUE,FALSE,FALSE,FALSE,0,0,NA,NA,NA
Plot E,all,Plot E,7,November,2025-11-06,NA,1-0__8,Orbicella annularis,TRUE,FALSE,FALSE,FALSE,0,0,NA,NA,NA
Plot E,all,Plot E,7,November,2025-11-06,NA,1-0__801,Acropora palmata,TRUE,FALSE,FALSE,FALSE,0,0,NA,NA,NA
Plot E,all,Plot E,7,November,2025-11-06,NA,1-0__802,Acropora palmata,TRUE,FALSE,FALSE,FALSE,0,0,NA,NA,NA
Plot E,all,Plot E,7,November,2025-11-06,NA,1-0__804,Acropora palmata,TRUE,FALSE,FALSE,FALSE,0,0,NA,NA,NA
Plot E,all,Plot E,7,November,2025-11-06,NA,1-0__805,Acropora palmata,TRUE,FALSE,FALSE,FALSE,0,0,NA,NA,NA
Plot E,all,Plot E,7,November,2025-11-06,NA,1-0__806,Acropora palmata,TRUE,FALSE,FALSE,FALSE,0,0,NA,NA,NA
Plot E,all,Plot E,7,November,2025-11-06,NA,1-0__808,Acropora palmata,TRUE,FALSE,FALSE,FALSE,0,0,NA,NA,NA
Plot E,all,Plot E,7,November,2025-11-06,NA,1-0__810,Acropora palmata,TRUE,FALSE,FALSE,FALSE,0,0,NA,NA,NA
Plot E,all,Plot E,7,November,2025-11-06,NA,1-0__811,Acropora palmata,TRUE,FALSE,FALSE,FALSE,0,0,NA,NA,NA
Plot E,all,Plot E,7,November,2025-11-06,NA,1-0__814,Acropora palmata,TRUE,FALSE,FALSE,FALSE,0,0,NA,NA,NA
Plot E,all,Plot E,7,November,2025-11-06,NA,1-0__828,Orbicella franksi,TRUE,FALSE,FALSE,FALSE,0,0,NA,NA,NA
Plot E,all,Plot E,7,November,2025-11-06,NA,1-0__829,Orbicella franksi,TRUE,FALSE,FALSE,FALSE,0,0,NA,NA,NA
Plot E,all,Plot E,7,November,2025-11-06,NA,1-0__831,Orbicella franksi,TRUE,FALSE,FALSE,FALSE,0,0,NA,NA,NA
Plot E,all,Plot E,7,November,2025-11-06,NA,1-0__833,Orbicella franksi,TRUE,FALSE,FALSE,FALSE,0,0,NA,NA,NA
Plot E,all,Plot E,7,November,2025-11-06,NA,1-0__835,Orbicella franksi,TRUE,FALSE,FALSE,FALSE,0,0,NA,NA,NA
Plot E,all,Plot E,7,November,2025-11-06,NA,1-0__836,Orbicella franksi,TRUE,FALSE,FALSE,FALSE,0,0,NA,NA,NA
Plot E,all,Plot E,7,November,2025-11-06,NA,1-0__841,Orbicella annularis,TRUE,FALSE,FALSE,FALSE,0,0,NA,NA,NA
Plot E,all,Plot E,7,November,2025-11-06,NA,1-0__846,Orbicella annularis,TRUE,FALSE,FALSE,FALSE,0,0,NA,NA,NA
Plot E,all,Plot E,7,November,2025-11-06,NA,1-0__85,Orbicella annularis,TRUE,FALSE,FALSE,FALSE,0,0,NA,NA,NA
Plot E,all,Plot E,7,November,2025-11-06,NA,1-0__850,Orbicella annularis,TRUE,FALSE,FALSE,FALSE,0,0,NA,NA,NA
Plot E,all,Plot E,7,November,2025-11-06,NA,1-0__851,Orbicella annularis,TRUE,FALSE,FALSE,FALSE,0,0,NA,NA,NA
Plot E,all,Plot E,7,November,2025-11-06,NA,1-0__852,Orbicella annularis,TRUE,FALSE,FALSE,FALSE,0,0,NA,NA,NA
Plot E,all,Plot E,7,November,2025-11-06,NA,1-0__868,Orbicella annularis,TRUE,FALSE,FALSE,FALSE,0,0,NA,NA,NA
Plot E,all,Plot E,7,November,2025-11-06,NA,1-0__9,Orbicella annularis,TRUE,FALSE,FALSE,FALSE,0,0,NA,NA,NA
Plot E,all,Plot E,7,November,2025-11-06,NA,1-0__90,Orbicella annularis,TRUE,FALSE,FALSE,FALSE,0,0,NA,NA,NA
Plot E,all,Plot E,7,November,2025-11-06,NA,1-0__928,Orbicella franksi,TRUE,FALSE,FALSE,FALSE,0,0,NA,NA,NA
Plot E,all,Plot E,7,November,2025-11-06,NA,1-0__930,Orbicella franksi,TRUE,FALSE,FALSE,FALSE,0,0,NA,NA,NA
Plot E,all,Plot E,7,November,2025-11-06,NA,1-0__932,Orbicella franksi,TRUE,FALSE,FALSE,FALSE,0,0,NA,NA,NA
Plot E,all,Plot E,7,November,2025-11-06,NA,1-0__933,Orbicella franksi,TRUE,FALSE,FALSE,FALSE,0,0,NA,NA,NA
Plot E,all,Plot E,7,November,2025-11-06,NA,1-0__939,Orbicella franksi,TRUE,FALSE,FALSE,FALSE,0,0,NA,NA,NA
Plot E,all,Plot E,7,November,2025-11-06,NA,1-0__942,Orbicella franksi,TRUE,FALSE,FALSE,FALSE,0,0,NA,NA,NA
Plot E,all,Plot E,7,November,2025-11-06,NA,1-0__969,Acropora cervicornis,TRUE,FALSE,FALSE,FALSE,0,0,NA,NA,NA
Plot E,all,Plot E,7,November,2025-11-06,NA,1-0__971,Acropora cervicornis,TRUE,FALSE,FALSE,FALSE,0,0,NA,NA,NA
Plot E,all,Plot E,7,November,2025-11-06,NA,1-0__977,Acropora cervicornis,TRUE,FALSE,FALSE,FALSE,0,0,NA,NA,NA
Plot E,all,Plot E,7,November,2025-11-06,NA,1-0__979,Acropora cervicornis,TRUE,FALSE,FALSE,FALSE,0,0,NA,NA,NA
Plot E,all,Plot E,7,November,2025-11-06,NA,1-0__980,Acropora cervicornis,TRUE,FALSE,FALSE,FALSE,0,0,NA,NA,NA
Plot E,all,Plot E,7,November,2025-11-06,NA,1-0__982,Acropora cervicornis,TRUE,FALSE,FALSE,FALSE,0,0,NA,NA,NA
Plot E,all,Plot E,7,November,2025-11-06,NA,1-0__985,Acropora cervicornis,TRUE,FALSE,FALSE,FALSE,0,0,NA,NA,NA
Plot E,all,Plot E,7,November,2025-11-06,NA,1-0__986,Acropora cervicornis,TRUE,FALSE,FALSE,FALSE,0,0,NA,NA,NA
Plot E,all,Plot E,7,November,2025-11-06,NA,1-1__0,Orbicella annularis,TRUE,FALSE,FALSE,FALSE,0,0,NA,NA,NA
Plot E,all,Plot E,7,November,2025-11-06,NA,1-1__10,Acropora palmata,TRUE,FALSE,FALSE,FALSE,0,0,NA,NA,NA
Plot E,all,Plot E,7,November,2025-11-06,interval_end,1-1__11,Orbicella franksi,TRUE,TRUE,TRUE,FALSE,4.755,4.755e-4,480,9.90625e-5,cm2
Plot E,all,Plot E,7,November,2025-11-06,NA,1-1__12,Acropora palmata,TRUE,FALSE,FALSE,FALSE,0,0,NA,NA,NA
Plot E,all,Plot E,7,November,2025-11-06,interval_end,1-1__13,Orbicella franksi,TRUE,TRUE,TRUE,FALSE,3.83,3.83e-4,480,7.979166666666666e-5,cm2
Plot E,all,Plot E,7,November,2025-11-06,interval_end,1-1__14,Orbicella franksi,TRUE,TRUE,TRUE,FALSE,3.39,3.39e-4,480,7.0625e-5,cm2
Plot E,all,Plot E,7,November,2025-11-06,NA,1-1__15,Acropora palmata,TRUE,FALSE,FALSE,FALSE,0,0,NA,NA,NA
Plot E,all,Plot E,7,November,2025-11-06,interval_end,1-1__16,Orbicella annularis,TRUE,TRUE,TRUE,FALSE,9.71,9.710000000000001e-4,480,2.0229166666666667e-4,cm2
Plot E,all,Plot E,7,November,2025-11-06,NA,1-1__17,Acropora palmata,TRUE,FALSE,FALSE,FALSE,0,0,NA,NA,NA
Plot E,all,Plot E,7,November,2025-11-06,interval_end,1-1__18,Orbicella annularis,TRUE,TRUE,TRUE,FALSE,3.4425,3.4425e-4,480,7.171874999999999e-5,cm2
Plot E,all,Plot E,7,November,2025-11-06,interval_end,1-1__19,Orbicella annularis,TRUE,TRUE,TRUE,FALSE,11.9625,0.00119625,480,2.4921875000000004e-4,cm2
Plot E,all,Plot E,7,November,2025-11-06,interval_end,1-1__2,Orbicella franksi,TRUE,TRUE,TRUE,FALSE,5.05,5.05e-4,480,1.0520833333333333e-4,cm2
Plot E,all,Plot E,7,November,2025-11-06,interval_end,1-1__20,Orbicella annularis,TRUE,TRUE,TRUE,FALSE,5.66,5.66e-4,480,1.1791666666666666e-4,cm2
Plot E,all,Plot E,7,November,2025-11-06,interval_end,1-1__21,Orbicella annularis,TRUE,TRUE,TRUE,FALSE,35.2,0.00352,480,7.333333333333334e-4,cm2
Plot E,all,Plot E,7,November,2025-11-06,interval_end,1-1__22,Orbicella annularis,TRUE,TRUE,TRUE,FALSE,3.8425,3.8425e-4,480,8.005208333333333e-5,cm2
Plot E,all,Plot E,7,November,2025-11-06,NA,1-1__23,Acropora palmata,TRUE,FALSE,FALSE,FALSE,0,0,NA,NA,NA
Plot E,all,Plot E,7,November,2025-11-06,interval_end,1-1__24,Orbicella annularis,TRUE,TRUE,TRUE,FALSE,0.725,7.25e-5,480,1.5104166666666667e-5,cm2
Plot E,all,Plot E,7,November,2025-11-06,interval_end,1-1__25,Orbicella annularis,TRUE,TRUE,TRUE,FALSE,11.145,0.0011145,480,2.3218750000000003e-4,cm2
Plot E,all,Plot E,7,November,2025-11-06,interval_end,1-1__26,Orbicella annularis,TRUE,TRUE,TRUE,FALSE,2.525,2.525e-4,480,5.260416666666667e-5,cm2
Plot E,all,Plot E,7,November,2025-11-06,interval_end,1-1__27,Orbicella annularis,TRUE,TRUE,TRUE,FALSE,4.045,4.0449999999999997e-4,480,8.427083333333333e-5,cm2
Plot E,all,Plot E,7,November,2025-11-06,interval_end,1-1__28,Orbicella annularis,TRUE,TRUE,TRUE,FALSE,8.73,8.730000000000001e-4,480,1.8187500000000002e-4,cm2
Plot E,all,Plot E,7,November,2025-11-06,interval_end,1-1__29,Orbicella annularis,TRUE,TRUE,TRUE,FALSE,1.225,1.225e-4,480,2.5520833333333335e-5,cm2
Plot E,all,Plot E,7,November,2025-11-06,interval_end,1-1__3,Orbicella franksi,TRUE,TRUE,TRUE,FALSE,4.9425,4.9425e-4,480,1.0296875e-4,cm2
Plot E,all,Plot E,7,November,2025-11-06,NA,1-1__30,Orbicella annularis,TRUE,FALSE,FALSE,FALSE,0,0,NA,NA,NA
Plot E,all,Plot E,7,November,2025-11-06,interval_end,1-1__31,Orbicella annularis,TRUE,TRUE,TRUE,FALSE,12.58,0.001258,480,2.620833333333333e-4,cm2
Plot E,all,Plot E,7,November,2025-11-06,interval_end,1-1__32,Acropora palmata,TRUE,TRUE,TRUE,FALSE,328.705,0.0328705,480,0.006848020833333333,cm2
Plot E,all,Plot E,7,November,2025-11-06,interval_end,1-1__33,Orbicella annularis,TRUE,TRUE,TRUE,FALSE,4.185,4.185e-4,480,8.71875e-5,cm2
Plot E,all,Plot E,7,November,2025-11-06,interval_end,1-1__34,Orbicella annularis,TRUE,TRUE,TRUE,FALSE,5.24,5.24e-4,480,1.0916666666666667e-4,cm2
Plot E,all,Plot E,7,November,2025-11-06,interval_end,1-1__35,Orbicella annularis,TRUE,TRUE,TRUE,FALSE,0.6,5.9999999999999995e-5,480,1.2499999999999999e-5,cm2
Plot E,all,Plot E,7,November,2025-11-06,interval_end,1-1__36,Orbicella annularis,TRUE,TRUE,TRUE,FALSE,1.98,1.98e-4,480,4.124999999999999e-5,cm2
Plot E,all,Plot E,7,November,2025-11-06,interval_end,1-1__38,Orbicella franksi,TRUE,TRUE,TRUE,FALSE,6.185,6.184999999999999e-4,480,1.2885416666666663e-4,cm2
Plot E,all,Plot E,7,November,2025-11-06,interval_end,1-1__39,Orbicella franksi,TRUE,TRUE,TRUE,FALSE,6.215,6.215e-4,480,1.2947916666666666e-4,cm2
Plot E,all,Plot E,7,November,2025-11-06,interval_end,1-1__4,Orbicella franksi,TRUE,TRUE,TRUE,FALSE,9.005,9.005e-4,480,1.8760416666666668e-4,cm2
Plot E,all,Plot E,7,November,2025-11-06,interval_end,1-1__40,Orbicella franksi,TRUE,TRUE,TRUE,FALSE,5.6025,5.6025e-4,480,1.1671875e-4,cm2
Plot E,all,Plot E,7,November,2025-11-06,interval_end,1-1__41,Orbicella franksi,TRUE,TRUE,TRUE,FALSE,5.5725,5.5725e-4,480,1.1609375000000001e-4,cm2
Plot E,all,Plot E,7,November,2025-11-06,interval_end,1-1__42,Orbicella franksi,TRUE,TRUE,TRUE,FALSE,6.51,6.51e-4,480,1.35625e-4,cm2
Plot E,all,Plot E,7,November,2025-11-06,interval_end,1-1__43,Orbicella franksi,TRUE,TRUE,TRUE,FALSE,6.4325,6.4325e-4,480,1.340104166666667e-4,cm2
Plot E,all,Plot E,7,November,2025-11-06,interval_end,1-1__44,Orbicella franksi,TRUE,TRUE,TRUE,FALSE,4.8075,4.8075e-4,480,1.0015625e-4,cm2
Plot E,all,Plot E,7,November,2025-11-06,interval_end,1-1__45,Orbicella franksi,TRUE,TRUE,TRUE,FALSE,6.3525,6.3525e-4,480,1.3234375e-4,cm2
Plot E,all,Plot E,7,November,2025-11-06,interval_end,1-1__46,Orbicella franksi,TRUE,TRUE,TRUE,FALSE,4.9975,4.9975e-4,480,1.0411458333333332e-4,cm2
Plot E,all,Plot E,7,November,2025-11-06,interval_end,1-1__47,Orbicella annularis,TRUE,TRUE,TRUE,FALSE,6.075,6.075e-4,480,1.265625e-4,cm2
Plot E,all,Plot E,7,November,2025-11-06,interval_end,1-1__48,Orbicella annularis,TRUE,TRUE,TRUE,FALSE,2.5725,2.5725e-4,480,5.359375e-5,cm2
Plot E,all,Plot E,7,November,2025-11-06,interval_end,1-1__49,Orbicella annularis,TRUE,TRUE,TRUE,FALSE,5.3125,5.3125e-4,480,1.1067708333333334e-4,cm2
Plot E,all,Plot E,7,November,2025-11-06,interval_end,1-1__5,Orbicella franksi,TRUE,TRUE,TRUE,FALSE,7.2675,7.2675e-4,480,1.5140624999999998e-4,cm2
Plot E,all,Plot E,7,November,2025-11-06,interval_end,1-1__50,Orbicella annularis,TRUE,TRUE,TRUE,FALSE,5.5325,5.532499999999999e-4,480,1.1526041666666666e-4,cm2
Plot E,all,Plot E,7,November,2025-11-06,interval_end,1-1__51,Orbicella annularis,TRUE,TRUE,TRUE,FALSE,6.2625,6.262500000000001e-4,480,1.3046875000000002e-4,cm2
Plot E,all,Plot E,7,November,2025-11-06,interval_end,1-1__52,Orbicella annularis,TRUE,TRUE,TRUE,FALSE,20.1625,0.0020162500000000002,480,4.2005208333333337e-4,cm2
Plot E,all,Plot E,7,November,2025-11-06,interval_end,1-1__53,Orbicella annularis,TRUE,TRUE,TRUE,FALSE,8.0675,8.067500000000001e-4,480,1.6807291666666669e-4,cm2
Plot E,all,Plot E,7,November,2025-11-06,interval_end,1-1__54,Orbicella annularis,TRUE,TRUE,TRUE,FALSE,7.1,7.099999999999999e-4,480,1.4791666666666667e-4,cm2
Plot E,all,Plot E,7,November,2025-11-06,interval_end,1-1__55,Orbicella faveolata,TRUE,TRUE,TRUE,FALSE,10.1575,0.0010157500000000002,480,2.1161458333333335e-4,cm2
Plot E,all,Plot E,7,November,2025-11-06,interval_end,1-1__56,Orbicella faveolata,TRUE,TRUE,TRUE,FALSE,6.48,6.48e-4,480,1.35e-4,cm2
Plot E,all,Plot E,7,November,2025-11-06,interval_end,1-1__57,Orbicella faveolata,TRUE,TRUE,TRUE,FALSE,7.2775,7.2775e-4,480,1.5161458333333333e-4,cm2
Plot E,all,Plot E,7,November,2025-11-06,interval_end,1-1__58,Acropora palmata,TRUE,TRUE,TRUE,FALSE,15.395,0.0015394999999999999,480,3.207291666666666e-4,cm2
Plot E,all,Plot E,7,November,2025-11-06,interval_end,1-1__59,Acropora palmata,TRUE,TRUE,TRUE,FALSE,21.14,0.002114,480,4.404166666666667e-4,cm2
Plot E,all,Plot E,7,November,2025-11-06,interval_end,1-1__6,Orbicella franksi,TRUE,TRUE,TRUE,FALSE,5.48,5.480000000000001e-4,480,1.1416666666666669e-4,cm2
Plot E,all,Plot E,7,November,2025-11-06,interval_end,1-1__60,Acropora palmata,TRUE,TRUE,TRUE,FALSE,26.4475,0.00264475,480,5.509895833333333e-4,cm2
Plot E,all,Plot E,7,November,2025-11-06,interval_end,1-1__61,Acropora palmata,TRUE,TRUE,TRUE,FALSE,18.6825,0.0018682500000000001,480,3.8921875e-4,cm2
Plot E,all,Plot E,7,November,2025-11-06,interval_end,1-1__62,Acropora palmata,TRUE,TRUE,TRUE,FALSE,16.8625,0.00168625,480,3.5130208333333335e-4,cm2
Plot E,all,Plot E,7,November,2025-11-06,interval_end,1-1__64,Orbicella sp.,FALSE,TRUE,NA,FALSE,3.27,3.27e-4,480,6.8125e-5,cm2
Plot E,all,Plot E,7,November,2025-11-06,interval_end,1-1__69,Orbicella sp.,FALSE,TRUE,NA,FALSE,3.9825,3.9825e-4,480,8.296875e-5,cm2
Plot E,all,Plot E,7,November,2025-11-06,NA,1-1__7,Acropora palmata,TRUE,FALSE,FALSE,FALSE,0,0,NA,NA,NA
Plot E,all,Plot E,7,November,2025-11-06,interval_end,1-1__70,Orbicella sp.,FALSE,TRUE,NA,FALSE,2.3075,2.3075e-4,480,4.807291666666666e-5,cm2
Plot E,all,Plot E,7,November,2025-11-06,interval_end,1-1__8,Orbicella franksi,TRUE,TRUE,TRUE,FALSE,4.0575,4.0575e-4,480,8.453125e-5,cm2
Plot E,all,Plot E,7,November,2025-11-06,interval_end,1-1__9,Orbicella franksi,TRUE,TRUE,TRUE,FALSE,2.92,2.92e-4,480,6.083333333333333e-5,cm2
Plot G,all,Plot G,2,April,2026-04-24,interval_end,0-0__0,Orbicella annularis,TRUE,TRUE,TRUE,FALSE,21.6825,0.00216825,480,4.5171874999999997e-4,cm2
Plot G,all,Plot G,2,April,2026-04-24,interval_end,0-0__1,Orbicella annularis,TRUE,TRUE,TRUE,FALSE,11.925,0.0011925,480,2.484375e-4,cm2
Plot G,all,Plot G,2,April,2026-04-24,interval_end,0-0__10,Porites porites,TRUE,TRUE,TRUE,FALSE,8.535,8.535e-4,480,1.778125e-4,cm2
Plot G,all,Plot G,2,April,2026-04-24,interval_end,0-0__11,Porites porites,TRUE,TRUE,TRUE,FALSE,9.1475,9.147500000000001e-4,480,1.905729166666667e-4,cm2
Plot G,all,Plot G,2,April,2026-04-24,interval_end,0-0__12,Porites porites,TRUE,TRUE,TRUE,FALSE,13.575,0.0013575,480,2.828125e-4,cm2
Plot G,all,Plot G,2,April,2026-04-24,interval_end,0-0__13,Orbicella annularis,TRUE,TRUE,TRUE,FALSE,14.3325,0.00143325,480,2.9859375000000003e-4,cm2
Plot G,all,Plot G,2,April,2026-04-24,interval_end,0-0__14,Porites porites,TRUE,TRUE,TRUE,FALSE,11.0075,0.00110075,480,2.2932291666666666e-4,cm2
Plot G,all,Plot G,2,April,2026-04-24,interval_end,0-0__15,Porites porites,TRUE,TRUE,TRUE,FALSE,11.11,0.001111,480,2.3145833333333335e-4,cm2
Plot G,all,Plot G,2,April,2026-04-24,interval_end,0-0__16,Orbicella annularis,TRUE,TRUE,TRUE,FALSE,25.25,0.002525,480,5.260416666666666e-4,cm2
Plot G,all,Plot G,2,April,2026-04-24,interval_end,0-0__17,Porites porites,TRUE,TRUE,TRUE,FALSE,10.06,0.001006,480,2.0958333333333332e-4,cm2
Plot G,all,Plot G,2,April,2026-04-24,interval_end,0-0__18,Porites porites,TRUE,TRUE,TRUE,FALSE,13.2475,0.00132475,480,2.7598958333333333e-4,cm2
Plot G,all,Plot G,2,April,2026-04-24,interval_end,0-0__19,Orbicella annularis,TRUE,TRUE,TRUE,FALSE,18.795,0.0018795,480,3.9156250000000004e-4,cm2
Plot G,all,Plot G,2,April,2026-04-24,interval_end,0-0__2,Porites porites,TRUE,TRUE,TRUE,FALSE,8.34,8.34e-4,480,1.7375e-4,cm2
Plot G,all,Plot G,2,April,2026-04-24,interval_end,0-0__20,Orbicella annularis,TRUE,TRUE,TRUE,FALSE,13.7175,0.00137175,480,2.8578124999999996e-4,cm2
Plot G,all,Plot G,2,April,2026-04-24,interval_end,0-0__3,Porites porites,TRUE,TRUE,TRUE,FALSE,10.2125,0.00102125,480,2.1276041666666668e-4,cm2
Plot G,all,Plot G,2,April,2026-04-24,interval_end,0-0__4,Orbicella annularis,TRUE,TRUE,TRUE,FALSE,22.4125,0.00224125,480,4.6692708333333335e-4,cm2
Plot G,all,Plot G,2,April,2026-04-24,interval_end,0-0__5,Porites porites,TRUE,TRUE,TRUE,FALSE,10.4125,0.0010412499999999999,480,2.169270833333333e-4,cm2
Plot G,all,Plot G,2,April,2026-04-24,interval_end,0-0__6,Porites porites,TRUE,TRUE,TRUE,FALSE,12.225,0.0012225,480,2.5468750000000003e-4,cm2
Plot G,all,Plot G,2,April,2026-04-24,interval_end,0-0__7,Porites porites,TRUE,TRUE,TRUE,FALSE,13.0025,0.00130025,480,2.7088541666666667e-4,cm2
Plot G,all,Plot G,2,April,2026-04-24,interval_end,0-0__8,Porites porites,TRUE,TRUE,TRUE,FALSE,14.35,0.0014349999999999999,480,2.989583333333333e-4,cm2
Plot G,all,Plot G,2,April,2026-04-24,interval_end,0-0__9,Porites porites,TRUE,TRUE,TRUE,FALSE,10.075,0.0010075,480,2.098958333333333e-4,cm2
Plot G,all,Plot G,2,April,2026-04-24,interval_end,0-1__0,Porites porites,TRUE,TRUE,TRUE,FALSE,8.3125,8.3125e-4,480,1.7317708333333332e-4,cm2
Plot G,all,Plot G,2,April,2026-04-24,interval_end,0-1__1,Porites porites,TRUE,TRUE,TRUE,FALSE,12.5125,0.00125125,480,2.606770833333333e-4,cm2
Plot G,all,Plot G,2,April,2026-04-24,interval_end,0-1__2,Orbicella annularis,TRUE,TRUE,TRUE,FALSE,21.8875,0.0021887499999999997,480,4.559895833333333e-4,cm2
Plot G,all,Plot G,2,April,2026-04-24,interval_end,1-0__0,Porites porites,TRUE,TRUE,TRUE,FALSE,10.4225,0.00104225,480,2.1713541666666666e-4,cm2
Plot G,all,Plot G,2,April,2026-04-24,interval_end,1-0__1,Porites porites,TRUE,TRUE,TRUE,FALSE,11.2575,0.00112575,480,2.3453125e-4,cm2
Plot G,all,Plot G,2,April,2026-04-24,interval_end,1-0__10,Orbicella annularis,TRUE,TRUE,TRUE,FALSE,23.17,0.002317,480,4.8270833333333336e-4,cm2
Plot G,all,Plot G,2,April,2026-04-24,interval_end,1-0__11,Orbicella annularis,TRUE,TRUE,TRUE,FALSE,13.2075,0.0013207499999999999,480,2.7515625e-4,cm2
Plot G,all,Plot G,2,April,2026-04-24,interval_end,1-0__12,Porites porites,TRUE,TRUE,TRUE,FALSE,10.5575,0.0010557499999999998,480,2.1994791666666663e-4,cm2
Plot G,all,Plot G,2,April,2026-04-24,interval_end,1-0__13,Porites porites,TRUE,TRUE,TRUE,FALSE,9.4675,9.467499999999999e-4,480,1.972395833333333e-4,cm2
Plot G,all,Plot G,2,April,2026-04-24,interval_end,1-0__14,Porites porites,TRUE,TRUE,TRUE,FALSE,9.8475,9.8475e-4,480,2.0515625e-4,cm2
Plot G,all,Plot G,2,April,2026-04-24,interval_end,1-0__15,Porites porites,TRUE,TRUE,TRUE,FALSE,9.27,9.27e-4,480,1.9312500000000002e-4,cm2
Plot G,all,Plot G,2,April,2026-04-24,interval_end,1-0__16,Orbicella annularis,TRUE,TRUE,TRUE,FALSE,17.4,0.0017399999999999998,480,3.625e-4,cm2
Plot G,all,Plot G,2,April,2026-04-24,interval_end,1-0__17,Orbicella annularis,TRUE,TRUE,TRUE,FALSE,16.3725,0.0016372499999999998,480,3.4109375e-4,cm2
Plot G,all,Plot G,2,April,2026-04-24,interval_end,1-0__18,Orbicella annularis,TRUE,TRUE,TRUE,FALSE,12.2975,0.00122975,480,2.5619791666666667e-4,cm2
Plot G,all,Plot G,2,April,2026-04-24,interval_end,1-0__19,Orbicella annularis,TRUE,TRUE,TRUE,FALSE,11.4075,0.00114075,480,2.3765625000000002e-4,cm2
Plot G,all,Plot G,2,April,2026-04-24,interval_end,1-0__2,Orbicella annularis,TRUE,TRUE,TRUE,FALSE,13.065,0.0013065,480,2.7218749999999997e-4,cm2
Plot G,all,Plot G,2,April,2026-04-24,interval_end,1-0__20,Orbicella annularis,TRUE,TRUE,TRUE,FALSE,21.12,0.002112,480,4.4000000000000007e-4,cm2
Plot G,all,Plot G,2,April,2026-04-24,interval_end,1-0__3,Porites porites,TRUE,TRUE,TRUE,FALSE,11.8425,0.00118425,480,2.4671875000000003e-4,cm2
Plot G,all,Plot G,2,April,2026-04-24,interval_end,1-0__4,Porites porites,TRUE,TRUE,TRUE,FALSE,11.145,0.0011145,480,2.3218750000000003e-4,cm2
Plot G,all,Plot G,2,April,2026-04-24,interval_end,1-0__5,Porites porites,TRUE,TRUE,TRUE,FALSE,6.9225,6.9225e-4,480,1.4421875e-4,cm2
Plot G,all,Plot G,2,April,2026-04-24,interval_end,1-0__6,Porites porites,TRUE,TRUE,TRUE,FALSE,8.35,8.349999999999999e-4,480,1.739583333333333e-4,cm2
Plot G,all,Plot G,2,April,2026-04-24,interval_end,1-0__7,Orbicella annularis,TRUE,TRUE,TRUE,FALSE,16.155,0.0016155000000000002,480,3.3656250000000006e-4,cm2
Plot G,all,Plot G,2,April,2026-04-24,interval_end,1-0__8,Porites porites,TRUE,TRUE,TRUE,FALSE,10.4875,0.00104875,480,2.184895833333333e-4,cm2
Plot G,all,Plot G,2,April,2026-04-24,interval_end,1-0__9,Porites porites,TRUE,TRUE,TRUE,FALSE,10.1575,0.0010157500000000002,480,2.1161458333333335e-4,cm2
Plot G,all,Plot G,3,May,2026-05-26,interval_end,0-0__0,Orbicella annularis,TRUE,TRUE,TRUE,FALSE,20.78,0.002078,480,4.3291666666666663e-4,cm2
Plot G,all,Plot G,3,May,2026-05-26,interval_end,0-0__1,Orbicella annularis,TRUE,TRUE,TRUE,FALSE,11.145,0.0011145,480,2.3218750000000003e-4,cm2
Plot G,all,Plot G,3,May,2026-05-26,interval_end,0-0__10,Porites porites,TRUE,TRUE,TRUE,FALSE,5.06,5.059999999999999e-4,480,1.0541666666666665e-4,cm2
Plot G,all,Plot G,3,May,2026-05-26,interval_end,0-0__11,Porites porites,TRUE,TRUE,TRUE,FALSE,8.87,8.869999999999999e-4,480,1.8479166666666663e-4,cm2
Plot G,all,Plot G,3,May,2026-05-26,interval_end,0-0__12,Porites porites,TRUE,TRUE,TRUE,FALSE,12.04,0.001204,480,2.508333333333333e-4,cm2
Plot G,all,Plot G,3,May,2026-05-26,interval_end,0-0__13,Orbicella annularis,TRUE,TRUE,TRUE,FALSE,14.7225,0.00147225,480,3.0671874999999997e-4,cm2
Plot G,all,Plot G,3,May,2026-05-26,interval_end,0-0__14,Porites porites,TRUE,TRUE,TRUE,FALSE,12.01,0.001201,480,2.5020833333333335e-4,cm2
Plot G,all,Plot G,3,May,2026-05-26,interval_end,0-0__15,Porites porites,TRUE,TRUE,TRUE,FALSE,11.8025,0.00118025,480,2.4588541666666666e-4,cm2
Plot G,all,Plot G,3,May,2026-05-26,interval_end,0-0__16,Orbicella annularis,TRUE,TRUE,TRUE,FALSE,27.4775,0.0027477499999999998,480,5.724479166666666e-4,cm2
Plot G,all,Plot G,3,May,2026-05-26,interval_end,0-0__17,Porites porites,TRUE,TRUE,TRUE,FALSE,10.8575,0.00108575,480,2.2619791666666665e-4,cm2
Plot G,all,Plot G,3,May,2026-05-26,interval_end,0-0__18,Porites porites,TRUE,TRUE,TRUE,FALSE,10.115,0.0010115,480,2.1072916666666668e-4,cm2
Plot G,all,Plot G,3,May,2026-05-26,interval_end,0-0__19,Orbicella annularis,TRUE,TRUE,TRUE,FALSE,19.025,0.0019025,480,3.9635416666666665e-4,cm2
Plot G,all,Plot G,3,May,2026-05-26,interval_end,0-0__2,Porites porites,TRUE,TRUE,TRUE,FALSE,7.39,7.39e-4,480,1.539583333333333e-4,cm2
Plot G,all,Plot G,3,May,2026-05-26,interval_end,0-0__20,Orbicella annularis,TRUE,TRUE,TRUE,FALSE,13.935,0.0013935,480,2.903125e-4,cm2
Plot G,all,Plot G,3,May,2026-05-26,interval_end,0-0__3,Porites porites,TRUE,TRUE,TRUE,FALSE,9.575,9.574999999999999e-4,480,1.9947916666666665e-4,cm2
Plot G,all,Plot G,3,May,2026-05-26,interval_end,0-0__4,Orbicella annularis,TRUE,TRUE,TRUE,FALSE,24.2075,0.00242075,480,5.043229166666667e-4,cm2
Plot G,all,Plot G,3,May,2026-05-26,interval_end,0-0__5,Porites porites,TRUE,TRUE,TRUE,FALSE,10.39,0.001039,480,2.1645833333333331e-4,cm2
Plot G,all,Plot G,3,May,2026-05-26,interval_end,0-0__6,Porites porites,TRUE,TRUE,TRUE,FALSE,13.28,0.001328,480,2.7666666666666665e-4,cm2
Plot G,all,Plot G,3,May,2026-05-26,interval_end,0-0__7,Porites porites,TRUE,TRUE,TRUE,FALSE,13.46,0.0013460000000000002,480,2.804166666666667e-4,cm2
Plot G,all,Plot G,3,May,2026-05-26,interval_end,0-0__8,Porites porites,TRUE,TRUE,TRUE,FALSE,14.86,0.001486,480,3.095833333333333e-4,cm2
Plot G,all,Plot G,3,May,2026-05-26,interval_end,0-0__9,Porites porites,TRUE,TRUE,TRUE,FALSE,10.2725,0.0010272500000000002,480,2.1401041666666668e-4,cm2
Plot G,all,Plot G,3,May,2026-05-26,interval_end,0-1__0,Porites porites,TRUE,TRUE,TRUE,FALSE,8.3,8.300000000000001e-4,480,1.729166666666667e-4,cm2
Plot G,all,Plot G,3,May,2026-05-26,interval_end,0-1__1,Porites porites,TRUE,TRUE,TRUE,FALSE,9.1375,9.1375e-4,480,1.9036458333333332e-4,cm2
Plot G,all,Plot G,3,May,2026-05-26,interval_end,0-1__2,Orbicella annularis,TRUE,TRUE,TRUE,FALSE,24.4575,0.00244575,480,5.0953125e-4,cm2
Plot G,all,Plot G,3,May,2026-05-26,interval_end,1-0__0,Porites porites,TRUE,TRUE,TRUE,FALSE,10.0425,0.00100425,480,2.0921874999999996e-4,cm2
Plot G,all,Plot G,3,May,2026-05-26,interval_end,1-0__1,Porites porites,TRUE,TRUE,TRUE,FALSE,10.2225,0.00102225,480,2.1296875e-4,cm2
Plot G,all,Plot G,3,May,2026-05-26,interval_end,1-0__10,Orbicella annularis,TRUE,TRUE,TRUE,FALSE,23.1125,0.00231125,480,4.8151041666666665e-4,cm2
Plot G,all,Plot G,3,May,2026-05-26,interval_end,1-0__11,Orbicella annularis,TRUE,TRUE,TRUE,FALSE,11.29,0.001129,480,2.3520833333333334e-4,cm2
Plot G,all,Plot G,3,May,2026-05-26,interval_end,1-0__12,Porites porites,TRUE,TRUE,TRUE,FALSE,9.5075,9.5075e-4,480,1.9807291666666666e-4,cm2
Plot G,all,Plot G,3,May,2026-05-26,interval_end,1-0__13,Porites porites,TRUE,TRUE,TRUE,FALSE,10.745,0.0010745,480,2.2385416666666663e-4,cm2
Plot G,all,Plot G,3,May,2026-05-26,interval_end,1-0__14,Porites porites,TRUE,TRUE,TRUE,FALSE,11.085,0.0011085000000000001,480,2.309375e-4,cm2
Plot G,all,Plot G,3,May,2026-05-26,interval_end,1-0__15,Porites porites,TRUE,TRUE,TRUE,FALSE,10.045,0.0010045,480,2.0927083333333334e-4,cm2
Plot G,all,Plot G,3,May,2026-05-26,interval_end,1-0__16,Orbicella annularis,TRUE,TRUE,TRUE,FALSE,17.7775,0.00177775,480,3.703645833333334e-4,cm2
Plot G,all,Plot G,3,May,2026-05-26,interval_end,1-0__17,Orbicella annularis,TRUE,TRUE,TRUE,FALSE,16.89,0.001689,480,3.51875e-4,cm2
Plot G,all,Plot G,3,May,2026-05-26,interval_end,1-0__18,Orbicella annularis,TRUE,TRUE,TRUE,FALSE,14.57,0.001457,480,3.0354166666666664e-4,cm2
Plot G,all,Plot G,3,May,2026-05-26,interval_end,1-0__19,Orbicella annularis,TRUE,TRUE,TRUE,FALSE,10.67,0.001067,480,2.2229166666666667e-4,cm2
Plot G,all,Plot G,3,May,2026-05-26,interval_end,1-0__2,Orbicella annularis,TRUE,TRUE,TRUE,FALSE,13.1675,0.00131675,480,2.7432291666666664e-4,cm2
Plot G,all,Plot G,3,May,2026-05-26,interval_end,1-0__20,Orbicella annularis,TRUE,TRUE,TRUE,FALSE,20.0225,0.00200225,480,4.171354166666667e-4,cm2
Plot G,all,Plot G,3,May,2026-05-26,interval_end,1-0__3,Porites porites,TRUE,TRUE,TRUE,FALSE,12.1575,0.00121575,480,2.5328125e-4,cm2
Plot G,all,Plot G,3,May,2026-05-26,interval_end,1-0__4,Porites porites,TRUE,TRUE,TRUE,FALSE,11.0675,0.00110675,480,2.3057291666666669e-4,cm2
Plot G,all,Plot G,3,May,2026-05-26,interval_end,1-0__5,Porites porites,TRUE,TRUE,TRUE,FALSE,9.7675,9.7675e-4,480,2.0348958333333333e-4,cm2
Plot G,all,Plot G,3,May,2026-05-26,interval_end,1-0__6,Porites porites,TRUE,TRUE,TRUE,FALSE,9.3025,9.3025e-4,480,1.9380208333333332e-4,cm2
Plot G,all,Plot G,3,May,2026-05-26,interval_end,1-0__7,Orbicella annularis,TRUE,TRUE,TRUE,FALSE,17.885,0.0017885000000000002,480,3.726041666666667e-4,cm2
Plot G,all,Plot G,3,May,2026-05-26,interval_end,1-0__8,Porites porites,TRUE,TRUE,TRUE,FALSE,8.7775,8.7775e-4,480,1.8286458333333333e-4,cm2
Plot G,all,Plot G,3,May,2026-05-26,interval_end,1-0__9,Porites porites,TRUE,TRUE,TRUE,FALSE,11.2575,0.00112575,480,2.3453125e-4,cm2
